sggCd,gu,contract_month,avg_sale_price,med_sale_price,avg_sale_price_per_m2,med_sale_price_per_m2,sale_count,avg_jeonse_deposit,med_jeonse_deposit,avg_jeonse_deposit_per_m2,med_jeonse_deposit_per_m2,jeonse_count,total_rent_count,monthly_count,monthly_ratio,jeonse_rate,gap_rate,sale_growth_1m,jeonse_growth_1m,growth_gap_1m,sale_volume_growth_1m,rent_volume_growth_1m,gap_score,sale_growth_score,growth_gap_score,monthly_ratio_score,jeonse_growth_score,sale_volume_change_score,rent_volume_change_score,user_risk_score,investor_risk_score,total_risk_score,user_risk_grade,investor_risk_grade,risk_grade,risk_target,warning_flag,resident_risk_index,investor_risk_index,resident_risk_grade,monthly_ratio_diff,monthly_shift_abs,sale_stagnation_flag,jeonse_stagnation_flag,volume_drop_flag,high_gap_flag,rent_shift_flag,stagnation_score,stagnation_level,kmeans_cluster,logistic_regression_pred,logistic_regression_risk_proba,random_forest_pred,random_forest_risk_proba
11680,강남구,2023-06,228844.3223443223,219000.0,2663.4218038225954,2751.59085552675,273,82748.70833333333,70000.0,988.4261791201932,855.1674304856135,1152,2265,1113,0.4913907284768212,0.3711113942604151,0.6288886057395848,0.0519548911399525,0.027492912177043,0.0244619789629094,0.011111111111111,0.0207300585849481,0.9657142857142856,0.808,0.6537142857142857,0.76,0.7325714285714285,0.0228571428571428,0.104,0.8097142857142856,0.7413142857142856,0.7755142857142856,높음,높음,높음,1,1,0.8097142857142856,0.7413142857142856,높음,0.0,0.0,0,0,0,1,0,0.2,1단계_활발관찰,4,1,0.9987510221502067,1,0.9966666666666667
11680,강남구,2023-07,231213.47154471543,214000.0,2623.7942485500907,2696.871985484988,246,86057.53900087642,73000.0,1023.5492468890948,887.7284595300262,1141,2045,904,0.4420537897310513,0.3901027100180238,0.6098972899819761,-0.014878437660768,0.0355343358066102,-0.0504127734673782,-0.0989010989010988,-0.0971302428256071,0.9302857142857144,0.3314285714285714,0.2125714285714285,0.5417142857142857,0.7908571428571428,0.2354285714285714,0.4365714285714285,0.5648,0.5227428571428572,0.5437714285714286,주의,보통,보통,0,0,0.5648,0.5227428571428572,주의,-0.0493369387457698,0.0493369387457698,0,0,1,1,0,0.45,3단계_안정정체,4,0,0.24247080019344514,0,0.05333333333333334
11680,강남구,2023-08,232705.5160142349,212000.0,2612.9974725301104,2722.987222428979,281,85542.61219081272,73000.0,1034.1612982511565,916.573138795361,1132,2041,909,0.4453699167074963,0.395775850961616,0.604224149038384,-0.004114947666322,0.0103678952373957,-0.0144828429037178,0.1422764227642277,-0.0019559902200488,0.9222857142857144,0.4102857142857143,0.3988571428571428,0.5508571428571428,0.5577142857142857,0.32,0.0114285714285714,0.5974285714285714,0.5916571428571429,0.5945428571428572,주의,주의,주의,0,0,0.5974285714285714,0.5916571428571429,주의,0.003316126976445,0.003316126976445,1,0,0,1,0,0.45,3단계_안정정체,4,1,0.6210072195302184,0,0.2633333333333333
11680,강남구,2023-09,213373.78640776695,200000.0,2538.890571684745,2544.3028572528856,206,90637.70837166514,80000.0,1080.6872770347356,949.7102262105066,1087,1984,897,0.4521169354838709,0.4256533499660123,0.5743466500339878,-0.0283608773542399,0.0449890929608933,-0.0733499703151333,-0.2669039145907473,-0.0279274865262126,0.8685714285714285,0.2388571428571428,0.1382857142857143,0.5782857142857143,0.8457142857142858,0.5291428571428571,0.1428571428571428,0.5192571428571429,0.4970857142857143,0.5081714285714286,보통,보통,보통,0,0,0.5192571428571429,0.4970857142857143,보통,0.0067470187763745,0.0067470187763745,0,0,1,1,0,0.45,3단계_안정정체,4,0,0.017628870547820776,0,0.0
11680,강남구,2023-10,252927.24489795917,220000.0,2709.602322018062,2745.6218462451766,147,90321.6753144654,80000.0,1105.4108641739272,965.3873322345185,1272,2244,972,0.4331550802139037,0.4079605539128109,0.5920394460871891,0.0672387192410726,0.0228776517171829,0.0443610675238896,-0.2864077669902912,0.1310483870967742,0.8971428571428571,0.8685714285714285,0.7554285714285714,0.4994285714285714,0.688,0.5485714285714286,0.5588571428571428,0.7810857142857143,0.7813714285714286,0.7812285714285714,높음,높음,높음,1,1,0.7810857142857143,0.7813714285714286,높음,-0.0189618552699671,0.0189618552699671,0,0,1,1,0,0.45,3단계_안정정체,4,1,0.9950301479844837,1,0.9933333333333333
11680,강남구,2023-11,207916.38655462183,190000.0,2401.8463586448424,2343.106087366066,119,95791.6944,85000.0,1121.9609473320238,988.8170744672184,1250,2366,1116,0.4716821639898563,0.4671243617618618,0.5328756382381382,-0.1135797533359096,0.0149718839342731,-0.1285516372701828,-0.1904761904761904,0.054367201426025,0.7702857142857142,0.032,0.0628571428571428,0.6765714285714286,0.6068571428571429,0.412,0.2445714285714285,0.4138285714285714,0.4005714285714286,0.4072,안정,안정,안정,0,0,0.4138285714285714,0.4005714285714286,안정,0.0385270837759526,0.0385270837759526,0,0,1,1,0,0.45,3단계_안정정체,4,0,5.310288945438441e-06,0,0.0033333333333333335
11680,강남구,2023-12,220948.51485148515,192500.0,2446.4982282640526,2527.075812274368,101,93423.27992277993,85000.0,1097.0361118262097,976.5879425746044,1554,3089,1535,0.496924571058595,0.4484107526227914,0.5515892473772086,0.0185906435932077,-0.0222154216375216,0.0408060652307293,-0.1512605042016807,0.3055790363482671,0.8217142857142857,0.5988571428571429,0.7382857142857143,0.7817142857142857,0.2285714285714285,0.3417142857142857,0.9154285714285716,0.684,0.7042857142857142,0.6941428571428572,높음,높음,높음,1,0,0.684,0.7042857142857142,높음,0.0252424070687387,0.0252424070687387,0,0,1,1,0,0.45,3단계_안정정체,4,1,0.8283820929735393,1,0.96
11680,강남구,2024-01,224470.7539267016,190000.0,2537.5572564750987,2522.635683257445,191,85224.13646368305,75000.0,1046.2994566431414,949.893137022085,1363,2354,991,0.4209855564995752,0.4123254574742278,0.5876745425257722,0.0372201488474643,-0.0462488469031417,0.0834689957506061,0.891089108910891,-0.2379410812560699,0.8891428571428571,0.7222857142857143,0.8822857142857143,0.424,0.1051428571428571,0.9462857142857144,0.8537142857142858,0.6978857142857142,0.8132571428571428,0.7555714285714286,높음,높음,높음,1,1,0.6978857142857142,0.8132571428571428,높음,-0.0759390145590198,0.0759390145590198,0,0,0,1,1,0.30000000000000004,2단계_완만정체,3,1,0.9933203884034074,1,0.9766666666666667
11680,강남구,2024-02,242224.0804597701,211000.0,2638.261956660537,2707.581227436823,174,86050.65538461538,75000.0,1072.866916134738,955.253896430367,975,1884,909,0.482484076433121,0.4066567057248375,0.5933432942751625,0.0396856858809666,0.025391831490416,0.0142938543905506,-0.0890052356020942,-0.199660152931181,0.8994285714285715,0.7405714285714285,0.5908571428571429,0.7222857142857143,0.7108571428571429,0.2102857142857143,0.776,0.7525714285714287,0.7038857142857142,0.7282285714285714,높음,높음,높음,1,0,0.7525714285714287,0.7038857142857142,높음,0.0614985199335458,0.0614985199335458,0,0,1,1,1,0.55,3단계_안정정체,4,1,0.9773533272137486,1,0.9266666666666666
11680,강남구,2024-03,230100.91286307055,207000.0,2529.7759363996884,2589.3656868333196,241,84569.90179514255,74000.0,1067.9449855907878,953.614315987756,947,1872,925,0.4941239316239316,0.4221500292672795,0.5778499707327205,-0.0411202610062908,-0.0045876431362824,-0.0365326178700083,0.3850574712643677,-0.0063694267515923,0.8731428571428571,0.1725714285714285,0.2765714285714286,0.7714285714285715,0.3954285714285714,0.6548571428571428,0.032,0.5156571428571428,0.5518857142857143,0.5337714285714286,보통,주의,보통,0,0,0.5156571428571428,0.5518857142857143,보통,0.0116398551908105,0.0116398551908105,0,1,0,1,0,0.4,2단계_완만정체,4,0,0.07970100343537229,0,0.06333333333333334
11680,강남구,2024-04,241885.15358361776,225000.0,2714.1340751185426,2835.505251592018,293,95478.78219013238,84450.0,1133.3116365151543,1035.9627053426077,831,1572,741,0.4713740458015267,0.4175591938897329,0.582440806110267,0.0728752835641357,0.061207882247048,0.0116674013170876,0.2157676348547716,-0.1602564102564102,0.88,0.8857142857142857,0.5691428571428572,0.6742857142857143,0.9017142857142856,0.4548571428571428,0.6514285714285715,0.7905714285714286,0.7403428571428571,0.7654571428571428,높음,높음,높음,1,1,0.7905714285714286,0.7403428571428571,높음,-0.0227498858224048,0.0227498858224048,0,0,0,1,0,0.2,1단계_활발관찰,4,1,0.9966694042013399,1,0.97
11680,강남구,2024-05,237864.17682926828,211000.0,2664.0305414417967,2693.64330112036,328,76741.2239624119,65000.0,931.2559848364382,916.6302924487125,1277,2356,1079,0.4579796264855688,0.3495665572709366,0.6504334427290633,-0.0184602279364395,-0.1782878117267211,0.1598275837902816,0.1194539249146757,0.4987277353689567,0.9897142857142858,0.3097142857142857,0.9737142857142858,0.6182857142857143,0.0091428571428571,0.2834285714285714,0.9897142857142858,0.6627428571428573,0.7419428571428571,0.7023428571428572,높음,높음,높음,1,0,0.6627428571428573,0.7419428571428571,높음,-0.0133944193159579,0.0133944193159579,0,0,0,1,0,0.2,1단계_활발관찰,3,1,0.9959842316885897,1,0.8866666666666667
11680,강남구,2024-06,230921.25748502993,207000.0,2735.455542160067,2804.314329738059,501,92426.6294736842,82000.0,1106.961730605537,1007.8737398927992,950,1950,1000,0.5128205128205128,0.4046718045841164,0.5953281954158836,0.0268108790823451,0.188676098333971,-0.1618652192516259,0.5274390243902438,-0.1723259762308998,0.9051428571428572,0.6605714285714286,0.0388571428571428,0.8388571428571429,0.9862857142857144,0.7805714285714286,0.6914285714285714,0.6689142857142857,0.6205714285714286,0.6447428571428571,높음,주의,높음,1,0,0.6689142857142857,0.6205714285714286,높음,0.0548408863349439,0.0548408863349439,0,0,0,1,0,0.2,1단계_활발관찰,4,1,0.6581337504320413,1,0.8533333333333334
11680,강남구,2024-07,242758.93959731545,219500.0,2730.912021379559,2620.985662195358,596,98153.06370875996,85000.0,1146.4681088491404,1024.9839846252405,879,1570,691,0.4401273885350318,0.4198114402345286,0.5801885597654715,-0.0016609740902314,0.0356890190070007,-0.0373499930972321,0.1896207584830338,-0.1948717948717948,0.8754285714285714,0.4342857142857143,0.2708571428571428,0.5314285714285715,0.7931428571428571,0.4091428571428571,0.7645714285714286,0.5844,0.5550285714285714,0.5697142857142857,주의,주의,주의,0,0,0.5844,0.5550285714285714,주의,-0.0726931242854809,0.0726931242854809,1,0,0,1,1,0.55,3단계_안정정체,4,0,0.2779433993350601,0,0.15333333333333332
11680,강남구,2024-08,269747.37387387385,247500.0,2856.793229929789,2797.239686293257,444,92080.80048076923,84000.0,1142.524777736185,1018.5700584959372,832,1528,696,0.4554973821989528,0.3999326117712286,0.6000673882287714,0.0460949336942166,-0.0034395471470324,0.0495344808412491,-0.2550335570469798,-0.0267515923566878,0.9188571428571428,0.7851428571428571,0.776,0.6011428571428571,0.4045714285714286,0.512,0.1394285714285714,0.7577714285714285,0.783942857142857,0.7708571428571428,높음,높음,높음,1,1,0.7577714285714285,0.783942857142857,높음,0.015369993663921,0.015369993663921,0,1,1,1,0,0.65,4단계_신중정체,4,1,0.990487445666552,1,0.9866666666666667
11680,강남구,2024-09,252588.54464285713,242500.0,2878.7038650258537,2792.8163824369785,224,87452.90297339593,78000.0,1102.020121059562,1002.8078620136382,639,1286,647,0.5031104199066874,0.3828181614817351,0.6171818385182649,0.0076696608163704,-0.0354518846907452,0.0431215455071156,-0.4954954954954955,-0.1583769633507853,0.952,0.5108571428571429,0.7508571428571429,0.8068571428571428,0.136,0.7474285714285714,0.6457142857142857,0.6981142857142857,0.7785142857142856,0.7383142857142857,높음,높음,높음,1,1,0.6981142857142857,0.7785142857142856,높음,0.0476130377077345,0.0476130377077345,1,0,1,1,0,0.7,4단계_신중정체,4,1,0.9552405740776816,1,0.8166666666666667
11680,강남구,2024-10,270089.7573770492,245000.0,3024.182049696378,3059.071729957806,305,96537.35294117648,86000.0,1163.8464284440995,1053.6963668549272,884,1656,772,0.466183574879227,0.3848466822825523,0.6151533177174476,0.0505360021355365,0.0561027028481959,-0.0055667007126594,0.3616071428571428,0.2877138413685847,0.9451428571428572,0.8022857142857143,0.4514285714285714,0.6491428571428571,0.8822857142857143,0.632,0.9005714285714286,0.76,0.7322285714285715,0.7461142857142857,높음,높음,높음,1,1,0.76,0.7322285714285715,높음,-0.0369268450274603,0.0369268450274603,0,0,0,1,0,0.2,1단계_활발관찰,4,1,0.9962155525187542,1,0.9
11680,강남구,2024-11,269868.7626459144,232500.0,3031.684126310657,2917.198703467243,257,94589.20338983052,84000.0,1162.121161256946,1052.3750487171374,826,1617,791,0.4891774891774891,0.3833252782410298,0.6166747217589702,0.0024806960993082,-0.0014823838824339,0.0039630799817421,-0.1573770491803279,-0.0235507246376811,0.9485714285714286,0.464,0.5211428571428571,0.7497142857142857,0.4205714285714286,0.3497142857142857,0.1257142857142857,0.6593142857142857,0.6650285714285714,0.6621714285714286,높음,높음,높음,1,0,0.6593142857142857,0.6650285714285714,높음,0.022993914298262,0.022993914298262,1,1,1,1,0,0.8999999999999999,5단계_거래위축정체,4,1,0.8967638004819738,1,0.8133333333333334
11680,강남구,2024-12,300522.0416666667,257500.0,2922.791918438082,2884.3677736515356,192,99131.12026515152,89625.0,1182.2393009341183,1081.4459537210764,1056,2004,948,0.4730538922155688,0.4044897255518273,0.5955102744481727,-0.0359180585231645,0.0173115681461413,-0.0532296266693058,-0.2529182879377432,0.2393320964749536,0.9062857142857144,0.1988571428571428,0.2011428571428571,0.6845714285714286,0.6297142857142857,0.5085714285714286,0.8571428571428571,0.5274857142857143,0.5265714285714286,0.5270285714285714,보통,보통,보통,0,0,0.5274857142857143,0.5265714285714286,보통,-0.0161235969619202,0.0161235969619202,0,0,1,1,0,0.45,3단계_안정정체,4,0,0.062013273129914795,0,0.02
11680,강남구,2025-01,268796.45248868776,244000.0,3018.7196668550982,3004.3873987881475,221,87245.95066185319,75000.0,1096.5115463239836,1001.5022533800702,831,1591,760,0.4776869893148963,0.3632372884317307,0.6367627115682692,0.0328205876757312,-0.0725130306042095,0.1053336182799408,0.1510416666666667,-0.2060878243512973,0.9794285714285714,0.696,0.9211428571428572,0.704,0.0537142857142857,0.3394285714285714,0.7897142857142857,0.7630285714285715,0.8166285714285715,0.7898285714285715,높음,높음,높음,1,1,0.7630285714285715,0.8166285714285715,높음,0.0046330970993274,0.0046330970993274,0,0,0,1,0,0.2,1단계_활발관찰,4,1,0.9992737401106322,1,0.9866666666666667
11680,강남구,2025-02,270047.3322683706,250000.0,3100.390848175401,3050.9058401883035,626,88977.1017257039,79800.0,1107.3005377094184,1012.4019235636548,1101,2197,1096,0.4988620846609012,0.3571486925143878,0.6428513074856121,0.0270549074884411,0.0098393778174106,0.0172155296710305,1.832579185520362,0.380892520427404,0.9851428571428572,0.6628571428571428,0.6114285714285714,0.7897142857142857,0.552,0.9954285714285714,0.9691428571428572,0.7572,0.8087428571428571,0.7829714285714285,높음,높음,높음,1,1,0.7572,0.8087428571428571,높음,0.0211750953460049,0.0211750953460049,0,1,0,1,0,0.4,2단계_완만정체,3,1,0.9996916397007434,1,0.9533333333333334
11680,강남구,2025-03,266316.39344262297,247000.0,3065.2461649540196,3026.9772711180344,915,89892.87852865698,79000.0,1113.642069519262,1003.684111090119,1169,1964,795,0.4047861507128309,0.3633124419995701,0.6366875580004299,-0.0113355653988155,0.0057270195343368,-0.0170625849331523,0.4616613418530351,-0.1060537096040055,0.9782857142857144,0.3554285714285714,0.3828571428571428,0.3268571428571428,0.5051428571428571,0.7314285714285714,0.464,0.5584571428571429,0.6150285714285715,0.5867428571428572,주의,주의,주의,0,0,0.5584571428571429,0.6150285714285715,주의,-0.0940759339480702,0.0940759339480702,0,1,0,1,1,0.5,3단계_안정정체,4,1,0.7328002116211746,0,0.10333333333333333
11680,강남구,2025-04,470417.1875,413750.0,3904.951816244225,4020.1458333914024,128,77996.08500477555,70000.0,986.2198493103118,936.0754102350486,1047,1814,767,0.4228224917309812,0.2525562147035289,0.747443785296471,0.2739439529819301,-0.114419366595908,0.3883633195778381,-0.8601092896174863,-0.0763747454175153,1.0,0.9965714285714286,0.9988571428571428,0.4377142857142857,0.0274285714285714,0.9417142857142856,0.3451428571428571,0.8173142857142858,0.9369714285714286,0.8771428571428572,높음,높음,높음,1,1,0.8173142857142858,0.9369714285714286,높음,0.0180363410181502,0.0180363410181502,0,0,1,1,0,0.45,3단계_안정정체,3,1,0.9999999999999836,1,0.9766666666666667
11680,강남구,2025-05,293838.68512110726,270000.0,3305.697317830107,3299.2378660248696,289,89380.56782945736,78750.0,1070.3272595183537,976.7525098637188,1032,1980,948,0.4787878787878787,0.323782596109231,0.676217403890769,-0.1534601517799213,0.0852826175287997,-0.238742769308721,1.2578125,0.091510474090408,0.9977142857142856,0.0182857142857142,0.0148571428571428,0.7097142857142857,0.9405714285714286,0.9828571428571428,0.4102857142857143,0.5073714285714286,0.5258285714285714,0.5166,보통,보통,보통,0,0,0.5073714285714286,0.5258285714285714,보통,0.0559653870568975,0.0559653870568975,0,0,0,1,0,0.2,1단계_활발관찰,4,0,0.00011406078190198211,0,0.14
11680,강남구,2025-06,322708.5460526316,290000.0,3485.0834411897513,3343.6593496732103,608,96538.71083070451,84000.0,1154.7929095811442,1030.3030303030305,951,1790,839,0.4687150837988826,0.3313530160950512,0.6686469839049487,0.0542657436880504,0.0789157234963817,-0.0246499798083312,1.1038062283737022,-0.0959595959595959,0.9942857142857144,0.8217142857142857,0.3302857142857143,0.6582857142857143,0.9337142857142856,0.9657142857142856,0.432,0.7618857142857142,0.7573142857142857,0.7595999999999999,높음,높음,높음,1,1,0.7618857142857142,0.7573142857142857,높음,-0.0100727949889961,0.0100727949889961,0,0,0,1,0,0.2,1단계_활발관찰,4,1,0.999786835848061,1,0.9533333333333334
11680,강남구,2025-07,300480.9304812834,258250.0,3375.2463257675213,3163.19767237384,374,91668.06783369803,84000.0,1108.773022353244,1007.9657199888056,914,1745,831,0.4762177650429799,0.328501364148915,0.671498635851085,-0.0315163516959391,-0.0398512034894569,0.0083348517935177,-0.3848684210526315,-0.0251396648044692,0.9965714285714286,0.2205714285714285,0.544,0.696,0.1188571428571428,0.6537142857142857,0.1302857142857142,0.5791999999999999,0.6638857142857142,0.6215428571428571,주의,높음,주의,1,0,0.5791999999999999,0.6638857142857142,주의,0.0075026812440973,0.0075026812440973,0,0,1,1,0,0.45,3단계_안정정체,4,1,0.8558411261779738,1,0.6833333333333333
11680,강남구,2025-08,250291.40625,188250.0,2882.2994528270274,2735.8220341478964,128,85229.81472957422,75000.0,1055.7809076604972,958.1881533101046,869,1776,907,0.5106981981981982,0.3662981327720693,0.6337018672279306,-0.146047673373409,-0.0477934740694512,-0.0982541993039578,-0.6577540106951871,0.0177650429799427,0.9737142857142858,0.0205714285714285,0.0948571428571428,0.832,0.0971428571428571,0.864,0.0868571428571428,0.4507428571428571,0.5382285714285715,0.4944857142857143,안정,보통,보통,0,0,0.4507428571428571,0.5382285714285715,안정,0.0344804331552182,0.0344804331552182,0,0,1,1,0,0.45,3단계_안정정체,4,0,8.02410475745267e-05,0,0.08
11680,강남구,2025-09,253150.64377682403,220000.0,3244.4243643891364,3118.6868686868684,233,95421.36191536748,80000.0,1166.3225002218935,1024.5208158190117,898,1701,803,0.4720752498530276,0.3594851872718845,0.6405148127281155,0.1256375048772009,0.1047012611795996,0.0209362436976012,0.8203125,-0.0422297297297297,0.9828571428571428,0.9748571428571428,0.6365714285714286,0.6788571428571428,0.9565714285714284,0.9268571428571428,0.2022857142857143,0.8633714285714286,0.8586857142857143,0.8610285714285715,높음,높음,높음,1,1,0.8633714285714286,0.8586857142857143,높음,-0.0386229483451705,0.0386229483451705,0,0,0,1,0,0.2,1단계_활발관찰,3,1,0.9999969826332726,1,0.9733333333333334
11680,강남구,2025-10,268760.6451612903,231500.0,3237.755378216187,3093.803580662945,310,100409.99171597631,89250.0,1209.2288173692884,1071.9754977029097,845,1679,834,0.4967242406194163,0.3734775102236112,0.6265224897763888,-0.002055522158614,0.0367876956324102,-0.0388432177910242,0.3304721030042918,-0.012933568489124,0.9645714285714284,0.4308571428571429,0.2617142857142857,0.7782857142857142,0.7988571428571428,0.5988571428571429,0.0628571428571428,0.6460571428571429,0.6269142857142858,0.6364857142857143,높음,주의,주의,1,0,0.6460571428571429,0.6269142857142858,높음,0.0246489907663886,0.0246489907663886,1,0,0,1,0,0.45,3단계_안정정체,4,1,0.8946862633769544,1,0.75
11680,강남구,2025-11,271290.1754385965,242000.0,3193.4589412370824,2980.953055299866,285,104769.2162162162,94500.0,1230.9957387181669,1113.3483358995618,1073,2227,1154,0.5181859003143242,0.3854741085981533,0.6145258914018467,-0.0136812179441145,0.018000663758769,-0.0316818817028836,-0.0806451612903226,0.3263847528290649,0.944,0.3394285714285714,0.3017142857142857,0.8491428571428571,0.6354285714285715,0.1908571428571428,0.9371428571428572,0.6193142857142856,0.5777142857142857,0.5985142857142857,주의,주의,주의,0,0,0.6193142857142856,0.5777142857142857,주의,0.0214616596949079,0.0214616596949079,0,0,1,1,0,0.45,3단계_안정정체,4,1,0.7346699743629538,0,0.16
11680,강남구,2025-12,242735.83422459892,197000.0,3063.0798405730043,2867.662677901296,187,96503.57947019867,85000.0,1166.5496572034083,1058.684625222127,1208,2369,1161,0.490080202617138,0.3808420667824264,0.6191579332175736,-0.0408269224884951,-0.0523528063402284,0.0115258838517332,-0.343859649122807,0.0637629097440501,0.9531428571428572,0.176,0.5668571428571428,0.7542857142857143,0.0822857142857142,0.616,0.2777142857142857,0.5646857142857143,0.6475428571428571,0.6061142857142857,주의,주의,주의,0,0,0.5646857142857143,0.6475428571428571,주의,-0.0281056976971861,0.0281056976971861,0,0,1,1,0,0.45,3단계_안정정체,4,0,0.3425252669264188,0,0.09333333333333334
11680,강남구,2026-01,267668.07511737087,232000.0,3249.939465388629,3148.6146095717886,213,94408.97511961724,80000.0,1143.374065915443,1035.1317440401506,1045,1973,928,0.4703497212366954,0.3518139577958932,0.6481860422041068,0.0610038374907879,-0.0198667850484175,0.0808706225392055,0.1390374331550801,-0.1671591388771633,0.9874285714285714,0.8502857142857143,0.8765714285714286,0.6685714285714286,0.2468571428571428,0.3165714285714285,0.672,0.8090857142857143,0.8333142857142857,0.8211999999999999,높음,높음,높음,1,1,0.8090857142857143,0.8333142857142857,높음,-0.0197304813804426,0.0197304813804426,0,0,0,1,0,0.2,1단계_활발관찰,4,1,0.9998738675077673,1,0.9933333333333333
11680,강남구,2026-02,261900.6289308176,235000.0,3243.910929444843,3050.7485387356637,159,98900.38532110093,85000.0,1188.1800366281088,1063.570442273918,654,1400,746,0.5328571428571428,0.3662801052405751,0.6337198947594249,-0.0018549686872597,0.0391874995667247,-0.0410424682539845,-0.2535211267605634,-0.2904206791687785,0.9748571428571428,0.4331428571428571,0.2537142857142857,0.8811428571428571,0.8137142857142857,0.5097142857142857,0.9028571428571428,0.6650285714285714,0.6303428571428572,0.6476857142857143,높음,주의,높음,1,0,0.6650285714285714,0.6303428571428572,높음,0.0625074216204474,0.0625074216204474,1,0,1,1,1,0.7999999999999999,4단계_신중정체,4,1,0.891646612978395,1,0.7933333333333333
11680,강남구,2026-03,243211.56647398844,210000.0,3128.6229032341193,3130.671506352087,173,91396.38383838384,80000.0,1147.4072704021132,1073.2414793328498,693,1551,858,0.5531914893617021,0.3667451482299179,0.633254851770082,-0.0355398248343563,-0.0343153099438559,-0.0012245148905004,0.0880503144654087,0.1078571428571428,0.9725714285714284,0.2045714285714285,0.4914285714285714,0.9137142857142856,0.1428571428571428,0.2091428571428571,0.4708571428571428,0.5925428571428571,0.6164571428571427,0.6044999999999999,주의,주의,주의,0,0,0.5925428571428571,0.6164571428571427,주의,0.0203343465045593,0.0203343465045593,0,0,0,1,0,0.2,1단계_활발관찰,4,1,0.8367811922371247,0,0.11333333333333333
11680,강남구,2026-04,255578.47533632288,225000.0,3262.4269237316985,3511.252503829386,223,96018.41176470587,84000.0,1201.917208184734,1092.3451810772203,527,1082,555,0.5129390018484289,0.368411993979602,0.631588006020398,0.0427677047173895,0.0475070528039425,-0.0047393480865529,0.2890173410404624,-0.3023855577047066,0.9702857142857144,0.7645714285714286,0.4605714285714286,0.84,0.8594285714285714,0.5542857142857143,0.9131428571428571,0.7862857142857143,0.7470857142857142,0.7666857142857142,높음,높음,높음,1,1,0.7862857142857143,0.7470857142857142,높음,-0.0402524875132732,0.0402524875132732,0,0,0,1,0,0.2,1단계_활발관찰,4,1,0.9977819593790828,1,0.9733333333333334
11740,강동구,2023-06,108700.19834710743,113000.0,1511.3470597428,1509.1846821056683,242,43918.740196078434,45000.0,631.5791891905573,629.9608592168631,816,1432,616,0.4301675977653631,0.4178915657519716,0.5821084342480284,0.0874418656345361,0.0548643793480128,0.0325774862865233,0.0852017937219731,0.128447596532703,0.8788571428571429,0.9188571428571428,0.6902857142857143,0.4845714285714286,0.8788571428571429,0.2,0.5462857142857143,0.792,0.7324,0.7622,높음,높음,높음,1,1,0.792,0.7324,높음,0.0,0.0,0,0,0,1,0,0.2,1단계_활발관찰,4,1,0.998362625201377,1,0.9866666666666667
11740,강동구,2023-07,103876.35514018692,109350.0,1431.255961803699,1438.6629144341596,214,49886.376790830946,50000.0,707.8851236784886,705.9020791415157,698,1216,518,0.4259868421052631,0.4945901659591321,0.5054098340408679,-0.0529931873839294,0.1208176833466068,-0.1738108707305362,-0.1157024793388429,-0.1508379888268156,0.672,0.1188571428571428,0.0331428571428571,0.456,0.9702857142857144,0.2708571428571428,0.6228571428571429,0.4033714285714286,0.3399428571428571,0.3716571428571428,안정,안정,안정,0,0,0.4033714285714286,0.3399428571428571,안정,-0.0041807556601,0.0041807556601,0,0,1,0,0,0.25,2단계_완만정체,1,0,1.7760363391611015e-05,0,0.01
11740,강동구,2023-08,102046.27705627706,104000.0,1441.236667523268,1457.0552147239264,231,48328.67335243553,49000.0,698.602714941992,695.8930207112605,698,1354,656,0.4844903988183161,0.4847244943764334,0.5152755056235665,0.006973389796044,-0.0131128744283551,0.0200862642243991,0.0794392523364486,0.113486842105263,0.7097142857142857,0.4982857142857143,0.6297142857142857,0.7302857142857143,0.3131428571428571,0.1862857142857142,0.4948571428571429,0.6042857142857143,0.5971428571428572,0.6007142857142858,주의,주의,주의,0,0,0.6042857142857143,0.5971428571428572,주의,0.058503556713053,0.058503556713053,1,0,0,0,0,0.25,2단계_완만정체,4,0,0.2362338454495384,0,0.22666666666666666
11740,강동구,2023-09,101036.63101604278,101300.0,1403.7463610030086,1411.6166157165978,187,50356.01935483871,50700.0,717.7052724350997,675.9816059426954,775,1527,752,0.4924688932547478,0.5112784562606332,0.4887215437393668,-0.0260125955473263,0.0273439496934877,-0.0533565452408141,-0.1904761904761904,0.1277695716395863,0.6091428571428571,0.264,0.2,0.7645714285714286,0.7302857142857143,0.412,0.544,0.4764571428571428,0.4336571428571428,0.4550571428571428,보통,안정,안정,0,0,0.4764571428571428,0.4336571428571428,보통,0.0079784944364316,0.0079784944364316,0,0,1,0,0,0.25,2단계_완만정체,4,0,0.001996932066159798,0,0.0
11740,강동구,2023-10,100707.31707317074,99000.0,1366.9139376699632,1346.2404322377306,123,52531.62600690449,51000.0,751.0324885322016,713.7954701441319,869,1455,586,0.4027491408934708,0.5494365576609812,0.4505634423390188,-0.02623865988634,0.046435796666264,-0.072674456552604,-0.3422459893048128,-0.0471512770137524,0.4582857142857143,0.2594285714285714,0.1417142857142857,0.3108571428571428,0.8514285714285714,0.6114285714285714,0.2171428571428571,0.3624571428571428,0.3399428571428571,0.3511999999999999,안정,안정,안정,0,0,0.3624571428571428,0.3399428571428571,안정,-0.089719752361277,0.089719752361277,0,0,1,0,1,0.35,2단계_완만정체,1,0,4.611303303946022e-05,0,0.0
11740,강동구,2023-11,92445.63218390803,87500.0,1279.136280848139,1275.6224157649335,87,52644.76720901126,53000.0,721.16904645617,702.4586051179127,799,1284,485,0.3777258566978193,0.5637937546247962,0.4362062453752038,-0.0642159351827589,-0.0397631827278149,-0.0244527524549439,-0.2926829268292683,-0.1175257731958763,0.3817142857142857,0.0845714285714285,0.3337142857142857,0.1897142857142857,0.12,0.5651428571428572,0.5085714285714286,0.2428571428571428,0.3094285714285714,0.2761428571428571,낮음,낮음,낮음,0,0,0.2428571428571428,0.3094285714285714,낮음,-0.0250232841956515,0.0250232841956515,0,0,1,0,0,0.25,2단계_완만정체,2,0,3.6387613735967726e-06,0,0.0033333333333333335
11740,강동구,2023-12,104459.02678571428,108250.0,1412.660792809485,1469.7985625669114,112,53650.17562724014,55000.0,735.7047013058071,720.4116638078902,837,1521,684,0.4497041420118343,0.5207936010191415,0.4792063989808585,0.1043864629285722,0.0201556832216598,0.0842307797069124,0.2873563218390804,0.1845794392523365,0.5771428571428572,0.9565714285714284,0.8857142857142857,0.5702857142857143,0.6525714285714286,0.5508571428571428,0.7314285714285714,0.7402285714285715,0.7268571428571429,0.7335428571428572,높음,높음,높음,1,1,0.7402285714285715,0.7268571428571429,높음,0.071978285314015,0.071978285314015,0,0,0,0,1,0.1,1단계_활발관찰,3,1,0.9925054743387408,1,0.9766666666666667
11740,강동구,2024-01,101877.14285714286,109750.0,1413.8223051485709,1466.0339366249427,140,52826.969696969696,52000.0,740.1377937904319,718.3598282411087,858,1472,614,0.4171195652173913,0.5235012852005153,0.4764987147994847,0.0008222160231232,0.0060256410986045,-0.0052034250754813,0.25,-0.0322156476002629,0.5657142857142857,0.4491428571428571,0.4548571428571428,0.4,0.5085714285714286,0.4994285714285714,0.1657142857142857,0.4838285714285714,0.4914857142857143,0.4876571428571429,보통,보통,보통,0,0,0.4838285714285714,0.4914857142857143,보통,-0.0325845767944429,0.0325845767944429,1,1,0,0,0,0.45,3단계_안정정체,2,0,0.009014052878762443,0,0.006666666666666667
11740,강동구,2024-02,99620.51829268291,100000.0,1388.967551903033,1415.1175257093537,164,53725.63826606876,54000.0,728.0148691291919,710.0591715976332,669,1167,498,0.4267352185089974,0.524141019804051,0.4758589801959489,-0.0175798282111032,-0.0163792806730697,-0.0012005475380335,0.1714285714285714,-0.2072010869565217,0.5645714285714286,0.3154285714285714,0.4937142857142857,0.4651428571428571,0.28,0.3771428571428571,0.7908571428571428,0.4447428571428572,0.4683428571428571,0.4565428571428572,안정,보통,안정,0,0,0.4447428571428572,0.4683428571428571,안정,0.0096156532916061,0.0096156532916061,0,0,0,0,0,0.0,1단계_활발관찰,2,0,0.00269039750863662,0,0.006666666666666667
11740,강동구,2024-03,106147.74590163934,108750.0,1480.3593918687593,1453.330127598661,244,52118.544715447155,52000.0,722.2340859587857,706.8803016022621,861,1506,645,0.4282868525896414,0.4878775315817465,0.5121224684182535,0.0657983981270908,-0.0079404740418568,0.0737388721689477,0.4878048780487805,0.2904884318766068,0.696,0.8662857142857143,0.8525714285714285,0.4731428571428571,0.3634285714285714,0.7405714285714285,0.904,0.7032,0.7513714285714286,0.7272857142857143,높음,높음,높음,1,0,0.7032,0.7513714285714286,높음,0.0015516340806439,0.0015516340806439,0,1,0,0,0,0.2,1단계_활발관찰,3,1,0.9687511241106083,1,0.9966666666666667
11740,강동구,2024-04,103249.37238493725,105000.0,1464.866606146188,1452.9058116232463,239,50391.00541271989,50000.0,705.9474603022363,677.2673733804476,739,1155,416,0.3601731601731602,0.4819192801175682,0.5180807198824318,-0.0104655570854409,-0.0225503420195524,0.0120847849341114,-0.0204918032786884,-0.2330677290836653,0.7211428571428572,0.3611428571428571,0.5714285714285714,0.104,0.2262857142857142,0.0434285714285714,0.848,0.4591428571428571,0.4822285714285714,0.4706857142857142,보통,보통,보통,0,0,0.4591428571428571,0.4822285714285714,보통,-0.0681136924164811,0.0681136924164811,0,0,1,0,1,0.35,2단계_완만정체,2,0,0.008724658515154759,0,0.02666666666666667
11740,강동구,2024-05,109012.8125,112000.0,1517.9533473469446,1526.0092238917828,320,51626.689801699715,51000.0,737.0761018830758,727.8362825480867,706,1301,595,0.4573405073020753,0.4855723024500891,0.5144276975499109,0.0362399832025788,0.0440948417995759,-0.007854858596997,0.3389121338912133,0.1264069264069263,0.7074285714285714,0.72,0.4354285714285714,0.6114285714285714,0.8388571428571429,0.6045714285714285,0.5371428571428571,0.6549142857142858,0.6220571428571429,0.6384857142857143,높음,주의,주의,1,0,0.6549142857142858,0.6220571428571429,높음,0.0971673471289151,0.0971673471289151,0,0,0,0,1,0.1,1단계_활발관찰,4,1,0.5172637886329009,1,0.7866666666666666
11740,강동구,2024-06,115234.92462311558,119950.0,1571.040508353587,1583.7876664743355,597,50929.4295154185,50000.0,725.6010481162173,713.0124777183601,908,1453,545,0.3750860289057123,0.4618601775434994,0.5381398224565006,0.0349728541390468,-0.0155683432654269,0.0505411974044738,0.8656250000000001,0.1168332052267486,0.7851428571428571,0.7085714285714285,0.7805714285714286,0.176,0.2914285714285714,0.9428571428571428,0.5074285714285715,0.6243428571428571,0.723542857142857,0.6739428571428571,주의,높음,높음,1,0,0.6243428571428571,0.723542857142857,주의,-0.082254478396363,0.082254478396363,0,0,0,1,1,0.30000000000000004,2단계_완만정체,3,1,0.8180630155609561,1,0.7233333333333334
11740,강동구,2024-07,107763.0241935484,108500.0,1499.8853717940112,1467.4506841696095,496,52852.19521410579,50300.0,747.5499925370997,713.9130867321874,794,1211,417,0.3443435177539223,0.4984047491862368,0.5015952508137632,-0.0452917262038932,0.0302493284400091,-0.0755410546439023,-0.169179229480737,-0.1665519614590502,0.6617142857142857,0.1508571428571428,0.1325714285714285,0.0594285714285714,0.7508571428571429,0.3702857142857143,0.6685714285714286,0.3467428571428571,0.3378857142857142,0.3423142857142857,낮음,낮음,낮음,0,0,0.3467428571428571,0.3378857142857142,낮음,-0.0307425111517899,0.0307425111517899,0,0,1,0,0,0.25,2단계_완만정체,2,0,4.673547286786787e-05,0,0.0
11740,강동구,2024-08,108962.29261363635,108000.0,1479.3366917831006,1454.6407173949974,352,55236.60551948052,53000.0,778.6168095490225,752.4805535618574,616,1031,415,0.4025218234723569,0.5263283293612667,0.4736716706387333,-0.0137001669576471,0.0415581798168247,-0.0552583467744719,-0.2903225806451612,-0.1486374896779521,0.5508571428571428,0.3382857142857143,0.1942857142857142,0.3074285714285714,0.8251428571428572,0.56,0.616,0.4173142857142857,0.3957714285714285,0.4065428571428571,안정,안정,안정,0,0,0.4173142857142857,0.3957714285714285,안정,0.0581783057184345,0.0581783057184345,0,0,1,0,0,0.25,2단계_완만정체,2,0,0.00040639751810291606,0,0.006666666666666667
11740,강동구,2024-09,100273.31125827816,91000.0,1337.4297256746938,1255.4688986113754,151,53985.55789473684,50000.0,745.0900730559708,695.6104053662486,570,894,324,0.3624161073825503,0.5571059613469372,0.4428940386530627,-0.0959260774755481,-0.0430593535637516,-0.0528667239117964,-0.5710227272727273,-0.1328806983511153,0.416,0.0434285714285714,0.2034285714285714,0.1131428571428571,0.1131428571428571,0.8194285714285714,0.5702857142857143,0.2046285714285714,0.2984,0.2515142857142857,낮음,낮음,낮음,0,0,0.2046285714285714,0.2984,낮음,-0.0401057160898065,0.0401057160898065,0,0,1,0,0,0.25,2단계_완만정체,1,0,1.745019127295745e-07,0,0.0
11740,강동구,2024-10,103186.80952380953,98500.0,1382.460098658609,1360.0184397411435,210,58337.38035264484,55550.0,809.7269702216726,776.6012434667756,794,1227,433,0.3528932355338223,0.5857145323813285,0.4142854676186714,0.033669337625346,0.0867504473661753,-0.0530811097408292,0.390728476821192,0.3724832214765101,0.2914285714285714,0.7005714285714286,0.2022857142857143,0.0822857142857142,0.9417142857142856,0.664,0.9657142857142856,0.4095428571428571,0.3673142857142857,0.3884285714285714,안정,안정,안정,0,0,0.4095428571428571,0.3673142857142857,안정,-0.009522871848728,0.009522871848728,0,0,0,0,0,0.0,1단계_활발관찰,2,0,0.0011689219930836388,0,0.023333333333333334
11740,강동구,2024-11,107976.05325443788,103800.0,1506.1225196171229,1463.8828893688503,169,58975.7075,58000.0,802.463848606651,782.2630886865963,800,1257,457,0.3635640413683373,0.5328011753058765,0.4671988246941235,0.0894509874668372,-0.0089698403068297,0.098420827773667,-0.1952380952380952,0.0244498777506112,0.5234285714285715,0.9257142857142856,0.9154285714285716,0.1154285714285714,0.3451428571428571,0.4217142857142857,0.1268571428571428,0.6233714285714286,0.6509142857142858,0.6371428571428572,주의,높음,주의,1,0,0.6233714285714286,0.6509142857142858,주의,0.010670805834515,0.010670805834515,0,1,1,0,0,0.45,3단계_안정정체,2,1,0.8274056776920552,0,0.42333333333333334
11740,강동구,2024-12,91136.53603603604,87500.0,1494.6688429430014,1295.3509414401824,222,60680.02406159769,58000.0,851.4792846428095,804.8289738430583,1039,1738,699,0.4021864211737629,0.569677550089455,0.430322449910545,-0.0076047443185651,0.0610811765804351,-0.0686859208990002,0.3136094674556213,0.3826571201272872,0.3565714285714286,0.384,0.1497142857142857,0.3051428571428571,0.9005714285714286,0.5885714285714285,0.9702857142857144,0.3687428571428571,0.3284,0.3485714285714286,안정,낮음,안정,0,0,0.3687428571428571,0.3284,안정,0.0386223798054256,0.0386223798054256,1,0,0,0,0,0.25,2단계_완만정체,2,0,0.00021420907059827764,0,0.01
11740,강동구,2025-01,110162.62376237624,111500.0,1540.5180586185493,1534.8430016844516,202,56872.96523754345,53500.0,782.5991179810782,745.975657636435,863,1333,470,0.3525881470367591,0.5080103498967545,0.4919896501032454,0.0306751665374056,-0.0808947063117644,0.11156987284917,-0.09009009009009,-0.2330264672036823,0.6171428571428571,0.6822857142857143,0.9302857142857144,0.08,0.0434285714285714,0.2125714285714285,0.8468571428571429,0.5581142857142857,0.6142857142857142,0.5861999999999999,주의,주의,주의,0,0,0.5581142857142857,0.6142857142857142,주의,-0.0495982741370037,0.0495982741370037,0,0,1,0,0,0.25,2단계_완만정체,2,0,0.22412379103275407,0,0.13
11740,강동구,2025-02,121001.51904761903,124250.0,1633.8122010159773,1565.0677559274163,420,48329.40302491103,45147.5,678.1867983978768,628.0843427545984,1124,2549,1425,0.559042761867399,0.415094707932864,0.584905292067136,0.0605602393788806,-0.1334173744695248,0.1939776138484055,1.0792079207920793,0.9122280570142536,0.8834285714285715,0.8457142857142858,0.9828571428571428,0.92,0.0182857142857142,0.9645714285714284,0.9988571428571428,0.812857142857143,0.9125142857142856,0.8626857142857143,높음,높음,높음,1,1,0.812857142857143,0.9125142857142856,높음,0.2064546148306398,0.2064546148306398,0,0,0,1,1,0.30000000000000004,2단계_완만정체,3,1,0.9999928081451562,1,0.9733333333333334
11740,강동구,2025-03,120166.86342943854,125100.0,1620.8079103152031,1587.4874539979926,659,42660.48201989289,40000.0,589.1820680887176,565.0449092985203,1307,2099,792,0.3773225345402572,0.3635113478525272,0.6364886521474727,-0.0079594770394585,-0.1312392552013996,0.1232797781619411,0.569047619047619,-0.1765398195370733,0.9771428571428572,0.3828571428571428,0.9417142857142856,0.1885714285714285,0.0194285714285714,0.816,0.7062857142857143,0.6074285714285713,0.7544571428571428,0.6809428571428571,주의,높음,높음,1,0,0.6074285714285713,0.7544571428571428,주의,-0.1817202273271417,0.1817202273271417,1,0,0,1,1,0.55,3단계_안정정체,3,1,0.9772943033469658,1,0.51
11740,강동구,2025-04,114534.20245398772,116800.0,1569.283037573878,1509.1938468280568,326,52336.82763157895,50000.0,727.3920671723832,678.9561459716716,760,1381,621,0.4496741491672701,0.4635187214518907,0.5364812785481092,-0.0317896231955736,0.234579439140117,-0.2663690623356907,-0.5053110773899848,-0.3420676512625059,0.7828571428571428,0.2194285714285714,0.0102857142857142,0.5668571428571428,0.9908571428571428,0.7531428571428571,0.944,0.4758857142857143,0.4524571428571428,0.4641714285714285,보통,안정,보통,0,0,0.4758857142857143,0.4524571428571428,보통,0.0723516146270129,0.0723516146270129,0,0,1,1,1,0.55,3단계_안정정체,1,0,3.2734255000904305e-05,0,0.03666666666666667
11740,강동구,2025-05,126484.54513888888,130000.0,1723.7673525259413,1731.0852241390503,576,49307.70916334661,50000.0,679.0337313323853,687.2437906920666,753,1330,577,0.4338345864661654,0.3939242324884247,0.6060757675115753,0.0984426080274831,-0.0664818026239728,0.164924410651456,0.7668711656441718,-0.0369297610427227,0.9245714285714286,0.9451428571428572,0.976,0.5051428571428571,0.0605714285714285,0.9051428571428572,0.184,0.7906857142857143,0.8976571428571429,0.8441714285714286,높음,높음,높음,1,1,0.7906857142857143,0.8976571428571429,높음,-0.0158395627011047,0.0158395627011047,0,0,0,1,0,0.2,1단계_활발관찰,3,1,0.9999918162828834,1,0.9933333333333333
11740,강동구,2025-06,130154.138071066,132500.0,1715.8120411348027,1620.9434593509534,985,50632.61538461538,50000.0,719.8494855341786,718.3427998663549,793,1419,626,0.4411557434813248,0.4195386605738499,0.5804613394261501,-0.0046150725499477,0.0601085812360242,-0.064723653785972,0.7100694444444444,0.0669172932330826,0.8765714285714286,0.408,0.1634285714285714,0.5371428571428571,0.8982857142857142,0.888,0.3005714285714285,0.5680571428571428,0.5717714285714286,0.5699142857142857,주의,주의,주의,0,0,0.5680571428571428,0.5717714285714286,주의,0.0073211570151593,0.0073211570151593,1,0,0,1,0,0.45,3단계_안정정체,4,0,0.2923753225819752,0,0.043333333333333335
11740,강동구,2025-07,111181.17289719626,104500.0,1496.88991322655,1418.2159576921836,214,55084.37925696594,54500.0,767.8283179756768,765.2911076147393,646,1194,548,0.4589614740368509,0.5129490894361235,0.4870509105638765,-0.1275909730552199,0.0666512005713173,-0.1942421736265372,-0.782741116751269,-0.1585623678646934,0.6045714285714285,0.0251428571428571,0.0251428571428571,0.6274285714285714,0.9177142857142856,0.9131428571428571,0.6468571428571429,0.3785714285714285,0.3769714285714285,0.3777714285714285,안정,안정,안정,0,0,0.3785714285714285,0.3769714285714285,안정,0.017805730555526,0.017805730555526,0,0,1,0,0,0.25,2단계_완만정체,1,0,2.6707101411101606e-08,0,0.0
11740,강동구,2025-08,115188.23955431757,110000.0,1615.1503728706705,1541.549578482537,359,54237.66185897436,54000.0,761.1722314447976,765.4975308413354,624,1135,511,0.4502202643171806,0.4712701951657517,0.5287298048342483,0.0790041128603837,-0.0086687171794177,0.0876728300398015,0.6775700934579438,-0.0494137353433835,0.7588571428571429,0.904,0.8982857142857142,0.5714285714285714,0.352,0.8742857142857143,0.2262857142857142,0.7542285714285715,0.8155428571428571,0.7848857142857143,높음,높음,높음,1,1,0.7542285714285715,0.8155428571428571,높음,-0.0087412097196702,0.0087412097196702,0,1,0,1,0,0.4,2단계_완만정체,3,1,0.9967175166940068,1,0.9966666666666667
11740,강동구,2025-09,140073.66946107784,141000.0,1856.9141625657992,1816.9672678690713,835,57807.02164502165,60000.0,801.492660061788,788.0910683012258,693,1400,707,0.505,0.4316261226390357,0.5683738773609642,0.1496850037965396,0.0529714918008206,0.0967135119957189,1.3259052924791086,0.2334801762114537,0.856,0.9828571428571428,0.9131428571428571,0.8148571428571428,0.8708571428571429,0.9897142857142858,0.8491428571428571,0.894457142857143,0.9049142857142858,0.8996857142857144,높음,높음,높음,1,1,0.894457142857143,0.9049142857142858,높음,0.0547797356828194,0.0547797356828194,0,0,0,1,0,0.2,1단계_활발관찰,3,1,0.999999301078558,1,0.9966666666666667
11740,강동구,2025-10,132021.92176870749,130000.0,1761.060405859736,1658.7087885404308,588,61317.16124260355,63000.0,852.8239293493983,843.7735993903366,676,1311,635,0.4843630816170862,0.4842672781193194,0.5157327218806805,-0.0516199179468893,0.0640445906062985,-0.1156645085531878,-0.295808383233533,-0.0635714285714286,0.7131428571428572,0.1268571428571428,0.0765714285714285,0.7291428571428571,0.9131428571428571,0.5691428571428572,0.2765714285714286,0.4616571428571429,0.423942857142857,0.4427999999999999,보통,안정,안정,0,0,0.4616571428571429,0.423942857142857,보통,-0.0206369183829138,0.0206369183829138,0,0,1,0,0,0.25,2단계_완만정체,4,0,0.00021505450680666134,0,0.0033333333333333335
11740,강동구,2025-11,117839.1304347826,116000.0,1558.1037020410024,1525.254209034839,115,63166.70141570141,64995.0,848.7096489459999,842.4262847514743,777,1321,544,0.4118092354277063,0.5447067790380397,0.4552932209619603,-0.1152468723636153,-0.0048243022525612,-0.110422570111054,-0.804421768707483,0.0076277650648359,0.4788571428571428,0.0308571428571428,0.0845714285714285,0.3668571428571429,0.3897142857142857,0.9177142857142856,0.04,0.2622857142857142,0.3233714285714286,0.2928285714285714,낮음,낮음,낮음,0,0,0.2622857142857142,0.3233714285714286,낮음,-0.0725538461893798,0.0725538461893798,0,1,1,0,1,0.55,3단계_안정정체,1,0,4.440067026639051e-08,0,0.0
11740,강동구,2025-12,119645.99069767442,117000.0,1566.653270161749,1430.5898975626983,215,59881.64391691395,60348.5,818.6232469051583,802.7866047302019,674,1359,685,0.5040470934510669,0.522529944880937,0.477470055119063,0.0054871624459573,-0.0354495817011217,0.0409367441470791,0.8695652173913044,0.0287660862982588,0.568,0.4845714285714286,0.7417142857142857,0.8102857142857143,0.1371428571428571,0.944,0.1451428571428571,0.5751428571428571,0.6565714285714286,0.6158571428571429,주의,높음,주의,1,0,0.5751428571428571,0.6565714285714286,주의,0.0922378580233606,0.0922378580233606,1,0,0,0,1,0.35,2단계_완만정체,3,0,0.23859057025060068,1,0.68
11740,강동구,2026-01,122000.29285714286,125000.0,1666.3404110377446,1641.768837782913,280,61635.073781291176,60000.0,855.5421032973697,833.6112037345782,759,1400,641,0.4578571428571428,0.5134257668062944,0.4865742331937056,0.0636306340238916,0.0450987148627708,0.0185319191611208,0.3023255813953489,0.0301692420897718,0.6011428571428571,0.8582857142857143,0.6205714285714286,0.616,0.8468571428571429,0.5771428571428572,0.1565714285714285,0.6961142857142857,0.6565142857142857,0.6763142857142856,높음,높음,높음,1,0,0.6961142857142857,0.6565142857142857,높음,-0.0461899505939241,0.0461899505939241,0,0,0,0,0,0.0,1단계_활발관찰,2,1,0.7655268749725682,1,0.7333333333333333
11740,강동구,2026-02,124928.74074074074,127000.0,1698.5022919631988,1717.849158724556,297,62101.24590163935,62000.0,851.5431017493686,828.1439451906438,549,949,400,0.4214963119072708,0.5013493981012649,0.4986506018987351,0.0193009067729592,-0.0046742311484011,0.0239751379213604,0.0607142857142857,-0.3221428571428572,0.6502857142857142,0.6045714285714285,0.6525714285714286,0.4291428571428571,0.392,0.1382857142857143,0.9314285714285714,0.5803142857142857,0.5683999999999999,0.5743571428571428,주의,주의,주의,0,0,0.5803142857142857,0.5683999999999999,주의,-0.0363608309498719,0.0363608309498719,0,1,0,0,0,0.2,1단계_활발관찰,2,0,0.09467468999252629,0,0.3333333333333333
11740,강동구,2026-03,115612.44541484716,110000.0,1714.073193971513,1710.6057556852486,229,61086.273703041144,60000.0,830.2142150458895,793.6507936507937,559,1146,587,0.512216404886562,0.4843516706088148,0.5156483293911852,0.0091674306722995,-0.0250473366053486,0.0342147672776481,-0.2289562289562289,0.2075869336143307,0.7108571428571429,0.5268571428571428,0.6971428571428572,0.8365714285714285,0.2011428571428571,0.4708571428571428,0.792,0.63,0.6592,0.6446000000000001,주의,높음,높음,1,0,0.63,0.6592,주의,0.0907200929792911,0.0907200929792911,1,0,1,0,1,0.6,3단계_안정정체,4,0,0.3526753336763944,1,0.7833333333333333
11740,강동구,2026-04,128284.140969163,130000.0,1876.8177565803203,1770.2791376144191,227,58633.17016806723,57750.0,808.5021224424477,768.9577664734413,476,922,446,0.4837310195227766,0.4307835002134619,0.5692164997865381,0.0949460986737256,-0.0261523980316835,0.1210984967054091,-0.0087336244541484,-0.1954624781849913,0.8582857142857143,0.9382857142857144,0.9405714285714286,0.7268571428571429,0.1988571428571428,0.0182857142857142,0.768,0.8090857142857144,0.7977142857142856,0.8034,높음,높음,높음,1,1,0.8090857142857144,0.7977142857142856,높음,-0.0284853853637853,0.0284853853637853,0,0,1,1,0,0.45,3단계_안정정체,3,1,0.999844848878092,1,0.9933333333333333
11305,강북구,2023-06,53853.22580645161,52500.0,889.7201060850299,859.375,93,35332.201257861634,37000.0,491.4633620369668,472.22714125494366,159,308,149,0.4837662337662338,0.5523797413093393,0.4476202586906607,0.0282168168870222,0.0194950775978068,0.0087217392892153,0.631578947368421,-0.0032362459546925,0.4457142857142857,0.6708571428571428,0.5451428571428572,0.728,0.6445714285714286,0.8531428571428571,0.0171428571428571,0.5841142857142857,0.5845714285714285,0.584342857142857,주의,주의,주의,0,0,0.5841142857142857,0.5845714285714285,주의,0.0,0.0,0,0,0,0,0,0.0,1단계_활발관찰,0,0,0.09911788413379792,0,0.07
11305,강북구,2023-07,59763.07692307692,63000.0,844.8594344335464,829.5625942684766,65,35759.28021978022,36000.0,484.99227312487704,470.36688617121354,182,307,125,0.4071661237785016,0.5740508460440525,0.4259491539559474,-0.050421105856403,-0.0131669813295318,-0.0372541245268711,-0.3010752688172042,-0.0032467532467532,0.336,0.1314285714285714,0.272,0.3417142857142857,0.3097142857142857,0.576,0.0182857142857142,0.2702857142857143,0.3036571428571428,0.2869714285714285,낮음,낮음,낮음,0,0,0.2702857142857143,0.3036571428571428,낮음,-0.0766001099877322,0.0766001099877322,0,0,1,0,1,0.35,2단계_완만정체,2,0,7.790458407721985e-06,0,0.0033333333333333335
11305,강북구,2023-08,41093.706293706295,42500.0,903.9811256224503,972.644376899696,143,36856.67484662577,37000.0,506.5329376487171,486.2508383635144,163,257,94,0.3657587548638132,0.560335745173812,0.439664254826188,0.0699781392966787,0.0444144488840005,0.0255636904126781,1.2000000000000002,-0.1628664495114006,0.3954285714285714,0.8777142857142857,0.664,0.1291428571428571,0.8411428571428572,0.9794285714285714,0.6594285714285715,0.5743428571428572,0.5908,0.5825714285714285,주의,주의,주의,0,0,0.5743428571428572,0.5908,주의,-0.0414073689146883,0.0414073689146883,0,0,0,0,0,0.0,1단계_활발관찰,2,0,0.3337301827924892,0,0.22666666666666666
11305,강북구,2023-09,64137.5,65150.0,889.4993017996708,858.0741147145985,52,35827.86394557823,37000.0,532.6101954118087,519.449855380438,147,280,133,0.475,0.5987752821550397,0.4012247178449603,-0.0160200510965401,0.051481859963816,-0.0675019110603561,-0.6363636363636364,0.0894941634241244,0.2251428571428571,0.3245714285714285,0.1542857142857142,0.6902857142857143,0.8662857142857143,0.8548571428571429,0.4034285714285714,0.3697142857142857,0.3368,0.3532571428571428,안정,낮음,안정,0,0,0.3697142857142857,0.3368,안정,0.1092412451361867,0.1092412451361867,0,0,1,0,1,0.35,2단계_완만정체,1,0,3.0774143852897585e-05,0,0.0
11305,강북구,2023-10,46339.08045977011,34900.0,878.9020333543755,893.953708077468,87,35089.28571428572,35000.0,500.890099549383,480.57669203043656,147,243,96,0.3950617283950617,0.5699043585525793,0.4300956414474207,-0.0119137456587705,-0.059555930651872,0.0476421849931014,0.6730769230769231,-0.1321428571428571,0.3531428571428571,0.352,0.7634285714285715,0.2685714285714285,0.0685714285714285,0.872,0.5668571428571428,0.3937714285714286,0.4989142857142857,0.4463428571428571,안정,보통,안정,0,0,0.3937714285714286,0.4989142857142857,안정,-0.0799382716049382,0.0799382716049382,0,0,0,0,1,0.1,1단계_활발관찰,2,0,0.0018389742485513253,0,0.013333333333333334
11305,강북구,2023-11,59923.68421052631,59900.0,834.6989062606059,829.060253388441,38,36334.258278145695,39000.0,530.2337664235774,501.72467858262775,151,245,94,0.3836734693877551,0.6352395605727921,0.3647604394272079,-0.0502935770043289,0.0585830442657839,-0.1088766212701128,-0.5632183908045977,0.008230452674897,0.0971428571428571,0.1325714285714285,0.0857142857142857,0.2091428571428571,0.8891428571428571,0.8114285714285714,0.0434285714285714,0.1997142857142857,0.184,0.1918571428571428,낮음,낮음,낮음,0,0,0.1997142857142857,0.184,낮음,-0.0113882590073066,0.0113882590073066,0,0,1,0,0,0.25,2단계_완만정체,1,0,6.750874901536374e-08,0,0.0
11305,강북구,2023-12,55501.25,61500.0,852.2894832266038,839.8043405396346,40,36692.81451612903,37000.0,515.5405838009141,500.51523670649806,124,276,152,0.5507246376811594,0.6048890593477426,0.3951109406522574,0.0210741583989877,-0.0277107637293052,0.0487849221282929,0.0526315789473683,0.1265306122448979,0.2011428571428571,0.6171428571428571,0.7702857142857142,0.9085714285714286,0.1908571428571428,0.1182857142857142,0.5382857142857143,0.5240571428571429,0.4890857142857143,0.5065714285714286,보통,보통,보통,0,0,0.5240571428571429,0.4890857142857143,보통,0.1670511682934043,0.1670511682934043,0,0,0,0,1,0.1,1단계_활발관찰,0,0,0.025551483686041723,0,0.01
11305,강북구,2024-01,56932.92682926829,59700.0,840.6737718812469,823.5429760019578,41,37092.15757575758,40000.0,577.058067679188,547.9213776308923,165,282,117,0.4148936170212766,0.6864233035221929,0.313576696477807,-0.0136288333646709,0.1193261710353146,-0.1329550043999855,0.0249999999999999,0.0217391304347827,0.024,0.3417142857142857,0.0548571428571428,0.3862857142857143,0.9691428571428572,0.0554285714285714,0.1108571428571428,0.2584571428571429,0.1346285714285714,0.1965428571428571,낮음,낮음,낮음,0,0,0.2584571428571429,0.1346285714285714,낮음,-0.1358310206598828,0.1358310206598828,0,0,0,0,1,0.1,1단계_활발관찰,1,0,1.9661164497195683e-07,0,0.0
11305,강북구,2024-02,59175.555555555555,61000.0,825.4431363451812,814.5918186647777,45,34992.91366906475,36000.0,550.1960413141669,530.2039517867873,139,260,121,0.4653846153846154,0.6665462671968814,0.3334537328031186,-0.0181171770138407,-0.0465499537560487,0.028432776742208,0.0975609756097561,-0.0780141843971631,0.0377142857142857,0.312,0.6777142857142857,0.6468571428571429,0.1028571428571428,0.2308571428571428,0.3508571428571428,0.3321714285714286,0.3328,0.3324857142857143,낮음,낮음,낮음,0,0,0.3321714285714286,0.3328,낮음,0.0504909983633388,0.0504909983633388,0,0,0,0,0,0.0,1단계_활발관찰,0,0,2.1965269920188266e-05,0,0.006666666666666667
11305,강북구,2024-03,58310.6125,59450.0,820.784614253331,800.2431651893721,80,36359.28846153846,38500.0,572.7481275384295,540.3815708370563,156,310,154,0.4967741935483871,0.6978056332835372,0.3021943667164628,-0.0056436620364629,0.0409891830017459,-0.0466328450382088,0.7777777777777777,0.1923076923076923,0.0194285714285714,0.3977142857142857,0.2308571428571428,0.7794285714285715,0.8228571428571428,0.9108571428571428,0.7554285714285714,0.3506285714285714,0.3130857142857142,0.3318571428571428,낮음,낮음,낮음,0,0,0.3506285714285714,0.3130857142857142,낮음,0.0313895781637716,0.0313895781637716,1,0,0,0,0,0.25,2단계_완만정체,0,0,1.3309070717707027e-05,0,0.006666666666666667
11305,강북구,2024-04,57156.06060606061,58950.0,859.698965092556,892.7311135280547,66,32770.43065693431,34500.0,560.5695501795255,500.30018010806486,137,242,105,0.4338842975206611,0.6520533034713775,0.3479466965286225,0.0474111602038562,-0.0212634084222069,0.0686745686260632,-0.175,-0.2193548387096774,0.0594285714285714,0.7908571428571428,0.8354285714285714,0.5074285714285715,0.2354285714285714,0.3851428571428571,0.8182857142857143,0.4822857142857142,0.4770857142857143,0.4796857142857142,보통,보통,보통,0,0,0.4822857142857142,0.4770857142857143,보통,-0.0628898960277259,0.0628898960277259,0,0,1,0,1,0.35,2단계_완만정체,2,0,0.002907077603858372,0,0.0
11305,강북구,2024-05,57599.375,59750.0,812.7005560725447,783.2391788890724,80,37952.64383561643,40000.0,595.1713680852835,558.4063140446593,146,281,135,0.4804270462633452,0.7323378378889115,0.2676621621110885,-0.0546684489901083,0.0617261816926668,-0.1163946306827752,0.2121212121212121,0.1611570247933884,0.008,0.1142857142857142,0.0742857142857142,0.7131428571428572,0.9028571428571428,0.4474285714285714,0.6525714285714286,0.2430857142857143,0.1602857142857143,0.2016857142857143,낮음,낮음,낮음,0,0,0.2430857142857143,0.1602857142857143,낮음,0.0465427487426841,0.0465427487426841,0,0,0,0,0,0.0,1단계_활발관찰,1,0,1.0223948129571715e-08,0,0.0033333333333333335
11305,강북구,2024-06,62668.3962264151,63750.0,869.566366278919,878.6967238680969,106,36092.453237410075,37000.0,569.21523178954,545.4223481494599,139,241,102,0.4232365145228215,0.6545966516912874,0.3454033483087125,0.0699714178629136,-0.0436111978626366,0.1135826157255502,0.3249999999999999,-0.1423487544483985,0.0548571428571428,0.8765714285714286,0.9325714285714286,0.4405714285714285,0.1108571428571428,0.5965714285714285,0.6011428571428571,0.4992857142857144,0.5313714285714286,0.5153285714285715,보통,보통,보통,0,0,0.4992857142857144,0.5313714285714286,보통,-0.0571905317405236,0.0571905317405236,0,0,0,0,0,0.0,1단계_활발관찰,2,0,0.04706242153940407,0,0.10333333333333333
11305,강북구,2024-07,63257.08955223881,63500.0,908.1333387510138,923.7590799031476,134,35371.14201183432,40000.0,544.8916350073595,531.2555339118115,169,295,126,0.4271186440677966,0.6000128084238898,0.3999871915761102,0.0443519597441792,-0.0427318093820332,0.0870837691262125,0.2641509433962263,0.2240663900414938,0.2194285714285714,0.7737142857142857,0.8948571428571429,0.4685714285714286,0.1154285714285714,0.5211428571428571,0.8308571428571428,0.5200571428571429,0.5542285714285714,0.5371428571428571,보통,주의,보통,0,0,0.5200571428571429,0.5542285714285714,보통,0.003882129544975,0.003882129544975,0,0,0,0,0,0.0,1단계_활발관찰,2,0,0.05814548913625653,0,0.06
11305,강북구,2024-08,66361.86440677966,67250.0,908.611552959064,919.320328998555,118,39177.56028368794,41000.0,596.9687175173856,542.208875542209,141,253,112,0.4426877470355731,0.6570120262869704,0.3429879737130296,0.000526590300834,0.0955732831342195,-0.0950466928333855,-0.1194029850746268,-0.1423728813559321,0.0525714285714285,0.4457142857142857,0.0982857142857142,0.544,0.9508571428571428,0.2822857142857143,0.6022857142857143,0.3235428571428571,0.2147428571428571,0.2691428571428571,낮음,낮음,낮음,0,0,0.3235428571428571,0.2147428571428571,낮음,0.0155691029677765,0.0155691029677765,1,0,1,0,0,0.5,3단계_안정정체,1,0,4.5675562875521076e-06,0,0.0
11305,강북구,2024-09,56296.0,58900.0,860.5249126942128,832.3364026895307,50,39523.142857142855,42250.0,580.41347550339,548.2616472013382,112,216,104,0.4814814814814814,0.6744877073763926,0.3255122926236073,-0.0529232102632285,-0.0277321767928541,-0.0251910334703744,-0.576271186440678,-0.1462450592885376,0.0285714285714285,0.12,0.3268571428571428,0.72,0.1897142857142857,0.8205714285714286,0.6125714285714285,0.2309142857142857,0.2697714285714286,0.2503428571428572,낮음,낮음,낮음,0,0,0.2309142857142857,0.2697714285714286,낮음,0.0387937344459082,0.0387937344459082,0,0,1,0,0,0.25,2단계_완만정체,1,0,2.705702931945895e-07,0,0.0
11305,강북구,2024-10,60522.94117647059,64500.0,882.8643270840564,836.5440128191533,85,38183.10317460317,39500.0,576.260750526399,552.0898063935974,126,235,109,0.4638297872340425,0.6527172214893828,0.3472827785106172,0.0259602180718989,-0.0071547700945251,0.0331149881664241,0.7,0.087962962962963,0.0582857142857142,0.6571428571428571,0.6914285714285714,0.6428571428571429,0.3702857142857143,0.8822857142857143,0.3965714285714286,0.4535142857142857,0.4771999999999999,0.4653571428571428,안정,보통,보통,0,0,0.4535142857142857,0.4771999999999999,안정,-0.0176516942474388,0.0176516942474388,0,1,0,0,0,0.2,1단계_활발관찰,0,0,0.0018944611433120808,0,0.02666666666666667
11305,강북구,2024-11,58590.38461538462,59950.0,889.3810491369447,865.4392587514412,52,38601.480769230766,39000.0,559.1228214324833,559.3860559930083,104,199,95,0.4773869346733668,0.6286650946465028,0.3713349053534972,0.0073813403180666,-0.0297398861162426,0.0371212264343093,-0.388235294117647,-0.1531914893617021,0.1154285714285714,0.504,0.7154285714285714,0.7017142857142857,0.1725714285714285,0.6582857142857143,0.6331428571428571,0.4262285714285714,0.4560571428571428,0.4411428571428571,안정,안정,안정,0,0,0.4262285714285714,0.4560571428571428,안정,0.0135571474393242,0.0135571474393242,1,0,1,0,0,0.5,3단계_안정정체,0,0,0.0004493441466268399,0,0.006666666666666667
11305,강북구,2024-12,60998.88888888889,59500.0,916.2872965184026,966.9889963321108,45,38111.47863247863,40000.0,543.5817093985625,529.723366686286,117,255,138,0.5411764705882353,0.5932437473093847,0.4067562526906153,0.0302527779376091,-0.0277955244146612,0.0580483023522704,-0.1346153846153845,0.2814070351758795,0.2617142857142857,0.6788571428571428,0.8034285714285714,0.8925714285714286,0.1885714285714285,0.3074285714285714,0.896,0.5616571428571429,0.5482285714285714,0.5549428571428572,주의,주의,주의,0,0,0.5616571428571429,0.5482285714285714,주의,0.0637895359148684,0.0637895359148684,0,0,1,0,1,0.35,2단계_완만정체,0,0,0.06571928945076817,0,0.056666666666666664
11305,강북구,2025-01,58833.96226415094,61000.0,865.3233867871963,893.2461873638345,53,36994.47321428572,39500.0,604.9419874722413,594.2211660988122,112,293,181,0.6177474402730375,0.699093537409513,0.300906462590487,-0.0556200112397637,0.1128814252075736,-0.1685014364473374,0.1777777777777778,0.1490196078431371,0.0182857142857142,0.1074285714285714,0.0377142857142857,0.9794285714285714,0.9634285714285714,0.392,0.6171428571428571,0.2831428571428571,0.1744571428571428,0.2288,낮음,낮음,낮음,0,0,0.2831428571428571,0.1744571428571428,낮음,0.0765709696848022,0.0765709696848022,0,0,0,0,1,0.1,1단계_활발관찰,1,0,1.1894986425917997e-07,0,0.006666666666666667
11305,강북구,2025-02,58731.9587628866,60000.0,861.7814461841166,848.2774893817838,97,36596.29530201342,38000.0,560.6172998914482,531.2555339118115,149,284,135,0.4753521126760563,0.6505330352304594,0.3494669647695406,-0.0040931987476154,-0.073270972256372,0.0691777735087565,0.8301886792452831,-0.030716723549488,0.0617142857142857,0.4114285714285714,0.8365714285714285,0.6914285714285714,0.0514285714285714,0.9314285714285714,0.1622857142857142,0.3975428571428572,0.4753142857142857,0.4364285714285714,안정,보통,안정,0,0,0.3975428571428572,0.4753142857142857,안정,-0.1423953275969812,0.1423953275969812,1,0,0,0,1,0.35,2단계_완만정체,0,0,0.0007781621274443741,0,0.023333333333333334
11305,강북구,2025-03,64363.84615384616,69900.0,900.9359429435124,875.2132950901037,104,38538.89189189189,39000.0,558.1290461643398,520.6185517760911,148,248,100,0.4032258064516129,0.6194991447902904,0.3805008552097095,0.0454343696220984,-0.0044384176649385,0.049872787287037,0.0721649484536082,-0.1267605633802817,0.1485714285714285,0.7805714285714286,0.7771428571428571,0.3148571428571428,0.3988571428571428,0.1634285714285714,0.5394285714285715,0.4822571428571428,0.4502285714285714,0.4662428571428571,보통,안정,보통,0,0,0.4822571428571428,0.4502285714285714,보통,-0.0721263062244434,0.0721263062244434,0,1,0,0,1,0.30000000000000004,2단계_완만정체,2,0,0.005922109100947084,0,0.0033333333333333335
11305,강북구,2025-04,68539.10891089108,70500.0,936.9878708496188,934.9452078622368,101,35302.40666666667,38825.0,508.6006716922045,488.7593252969874,150,286,136,0.4755244755244755,0.5428039012191568,0.4571960987808432,0.0400160834834923,-0.0887400052237233,0.1287560887072157,-0.0288461538461538,0.153225806451613,0.4868571428571429,0.7428571428571429,0.9462857142857144,0.6925714285714286,0.04,0.0651428571428571,0.6342857142857142,0.6289142857142858,0.6313142857142857,0.6301142857142857,주의,주의,주의,1,0,0.6289142857142858,0.6313142857142857,주의,0.0722986690728626,0.0722986690728626,0,0,1,0,1,0.35,2단계_완만정체,3,1,0.6384051716938296,1,0.7166666666666667
11305,강북구,2025-05,58266.50406504065,60000.0,912.376584966787,883.3333333333334,123,36748.5,38000.0,545.7108591592956,506.7474385315627,144,242,98,0.4049586776859504,0.5981201930770297,0.4018798069229703,-0.0262663868428898,0.0729652741975721,-0.099231661040462,0.2178217821782178,-0.1538461538461538,0.2285714285714285,0.2582857142857143,0.0937142857142857,0.3291428571428571,0.9268571428571428,0.4594285714285714,0.6377142857142857,0.2939428571428571,0.2339428571428571,0.2639428571428571,낮음,낮음,낮음,0,0,0.2939428571428571,0.2339428571428571,낮음,-0.0705657978385251,0.0705657978385251,0,0,0,0,1,0.1,1단계_활발관찰,1,0,6.837106744191162e-06,0,0.0
11305,강북구,2025-06,65569.27374301676,64000.0,951.6939825239814,953.3333333333334,179,38016.640625,39187.5,530.9906047393005,506.4722695083185,128,221,93,0.420814479638009,0.5579425892040042,0.4420574107959958,0.0430933873194756,-0.0269744575775396,0.0700678448970153,0.4552845528455285,-0.0867768595041322,0.4125714285714286,0.7668571428571429,0.8422857142857143,0.4205714285714286,0.1931428571428571,0.7268571428571429,0.392,0.5663428571428571,0.6230857142857144,0.5947142857142858,주의,주의,주의,0,0,0.5663428571428571,0.6230857142857144,주의,0.0158558019520586,0.0158558019520586,0,0,0,0,0,0.0,1단계_활발관찰,2,0,0.18545169798281352,0,0.10666666666666667
11305,강북구,2025-07,63488.50574712644,67000.0,894.2399128891223,888.3084489310885,87,39190.56428571429,40000.0,557.6034005379408,531.2555339118115,140,268,128,0.4776119402985074,0.6235501150205076,0.3764498849794924,-0.0603703193357234,0.0501191462920636,-0.110489465627787,-0.5139664804469274,0.2126696832579184,0.1337142857142857,0.0925714285714285,0.0834285714285714,0.7028571428571428,0.8651428571428571,0.76,0.8034285714285714,0.2718857142857143,0.2324571428571428,0.2521714285714286,낮음,낮음,낮음,0,0,0.2718857142857143,0.2324571428571428,낮음,0.0567974606604984,0.0567974606604984,0,0,1,0,0,0.25,2단계_완만정체,1,0,2.99903624097265e-07,0,0.0
11305,강북구,2025-08,59469.78723404255,62000.0,917.0825128760922,907.7967910995412,94,40533.05825242718,42000.0,570.6667245636792,531.2555339118115,103,222,119,0.536036036036036,0.6222632277372652,0.3777367722627348,0.0255441516954546,0.0234276261822212,0.0021165255132333,0.0804597701149425,-0.1716417910447761,0.1394285714285714,0.6548571428571428,0.5108571428571429,0.8857142857142857,0.6971428571428572,0.1897142857142857,0.6891428571428572,0.5102857142857142,0.4150285714285714,0.4626571428571429,보통,안정,보통,0,0,0.5102857142857142,0.4150285714285714,보통,0.0584240957375286,0.0584240957375286,0,0,0,0,0,0.0,1단계_활발관찰,0,0,0.004494293384560146,0,0.02
11305,강북구,2025-09,65058.916666666664,67500.0,942.8225145715768,944.2705714764538,120,37129.126760563384,37900.0,554.0845843644398,519.5240489358137,142,277,135,0.4873646209386281,0.5876870522297811,0.4123129477702189,0.0280672691214671,-0.0290574857188627,0.0571247548403299,0.2765957446808511,0.2477477477477476,0.28,0.6697142857142857,0.8,0.7428571428571429,0.1817142857142857,0.536,0.8617142857142858,0.5410285714285715,0.5598285714285715,0.5504285714285715,보통,주의,주의,0,0,0.5410285714285715,0.5598285714285715,보통,-0.0486714150974079,0.0486714150974079,0,0,0,0,0,0.0,1단계_활발관찰,0,0,0.04921613606833427,0,0.04666666666666667
11305,강북구,2025-10,67385.36585365854,70700.0,992.5319613293354,995.0,123,39667.74257425743,40000.0,554.3805867315692,529.9105040037682,101,190,89,0.4684210526315789,0.5585518737241131,0.4414481262758869,0.0527240768962193,0.0005342187375037,0.0521898581587156,0.0249999999999999,-0.3140794223826715,0.4034285714285714,0.8137142857142857,0.7885714285714286,0.6571428571428571,0.4388571428571428,0.0554285714285714,0.9245714285714286,0.6246285714285714,0.5723428571428573,0.5984857142857143,주의,주의,주의,0,0,0.6246285714285714,0.5723428571428573,주의,-0.0189435683070491,0.0189435683070491,0,1,0,0,0,0.2,1단계_활발관찰,2,0,0.24572484371395603,0,0.056666666666666664
11305,강북구,2025-11,62649.31506849315,65000.0,939.8692257973244,874.8317631224764,73,39967.7,42750.0,557.455166385299,530.1830869484979,110,222,112,0.5045045045045045,0.5931199267774621,0.4068800732225379,-0.0530589820618753,0.0055459727979587,-0.058604954859834,-0.4065040650406504,0.168421052631579,0.2628571428571428,0.1177142857142857,0.1851428571428571,0.8114285714285714,0.5017142857142857,0.6811428571428572,0.6765714285714286,0.3172,0.3110857142857142,0.3141428571428571,낮음,낮음,낮음,0,0,0.3172,0.3110857142857142,낮음,0.0360834518729255,0.0360834518729255,0,1,1,0,0,0.45,3단계_안정정체,1,0,8.877407319331228e-06,0,0.0
11305,강북구,2025-12,66602.56410256411,68500.0,919.4963339667556,917.7453115568844,117,44678.24561403509,45575.0,641.2189089337447,608.9483938614924,114,284,170,0.5985915492957746,0.6973588531533264,0.3026411468466736,-0.0216763048213283,0.1502609493990236,-0.171937254220352,0.6027397260273972,0.2792792792792793,0.0205714285714285,0.2811428571428571,0.0354285714285714,0.9691428571428572,0.976,0.8354285714285714,0.8925714285714286,0.3265142857142857,0.2527428571428571,0.2896285714285714,낮음,낮음,낮음,0,0,0.3265142857142857,0.2527428571428571,낮음,0.0940870447912701,0.0940870447912701,0,0,0,0,1,0.1,1단계_활발관찰,1,0,1.55868418351159e-06,0,0.03333333333333333
11305,강북구,2026-01,69367.6,67500.0,953.989011664852,983.6612204068024,125,43599.2,44050.0,635.7648977809923,623.6027767972703,120,251,131,0.5219123505976095,0.6664279043125334,0.3335720956874666,0.0375125777275184,-0.0085056929494198,0.0460182706769383,0.0683760683760683,-0.1161971830985915,0.0388571428571428,0.7268571428571429,0.76,0.8651428571428571,0.3531428571428571,0.1577142857142857,0.504,0.5104571428571429,0.4512571428571428,0.4808571428571428,보통,안정,보통,0,0,0.5104571428571429,0.4512571428571428,보통,-0.076679198698165,0.076679198698165,0,1,0,0,1,0.30000000000000004,2단계_완만정체,0,0,0.0031105872565993756,0,0.0033333333333333335
11305,강북구,2026-02,70591.25,72750.0,956.8502014042052,919.7394344225164,160,45007.29807692308,45000.0,614.2010542045771,565.3943764216297,104,236,132,0.559322033898305,0.6418988607654774,0.3581011392345226,0.0029991852153099,-0.0339179524564495,0.0369171376717595,0.28,-0.0597609561752987,0.0811428571428571,0.4697142857142857,0.7131428571428572,0.9211428571428572,0.1462857142857143,0.5411428571428571,0.2662857142857143,0.4372,0.4468571428571429,0.4420285714285714,안정,안정,안정,0,0,0.4372,0.4468571428571429,안정,0.0374096833006954,0.0374096833006954,1,0,0,0,0,0.25,2단계_완만정체,0,0,0.0017853445148943556,0,0.016666666666666666
11305,강북구,2026-03,71769.06474820143,71500.0,947.4340928916577,891.6150246616922,139,41006.47899159664,43000.0,629.4437032427375,589.2057506481264,119,239,120,0.502092050209205,0.6643667437822681,0.3356332562177319,-0.0098407342118227,0.0248170349656928,-0.0346577691775156,-0.1312499999999999,0.0127118644067796,0.0422857142857142,0.368,0.2834285714285714,0.8,0.704,0.304,0.0605714285714285,0.3517714285714285,0.2696571428571429,0.3107142857142857,낮음,낮음,낮음,0,0,0.3517714285714285,0.2696571428571429,낮음,-0.0572299836891,0.0572299836891,1,0,1,0,0,0.5,3단계_안정정체,0,0,1.638693554745424e-05,0,0.0
11305,강북구,2026-04,74177.96610169491,75000.0,996.4192966471894,958.2335096142532,118,45027.98095238095,45700.0,653.3445974094036,600.6006006006006,105,192,87,0.453125,0.6556924375188399,0.3443075624811601,0.0517030198966395,0.0379714564519984,0.0137315634446411,-0.1510791366906474,-0.1966527196652719,0.0537142857142857,0.8057142857142857,0.5862857142857143,0.5857142857142857,0.8034285714285714,0.3405714285714286,0.7691428571428571,0.503,0.4191428571428571,0.4610714285714286,보통,안정,보통,0,0,0.503,0.4191428571428571,보통,-0.048967050209205,0.048967050209205,0,0,1,0,0,0.25,2단계_완만정체,0,0,0.001536632340081044,0,0.006666666666666667
11500,강서구,2023-06,80372.16346153847,75000.0,1127.7227985619509,1127.6168258066666,208,38418.55839416059,36875.0,594.09627243029,567.5954592363261,822,1349,527,0.3906597479614529,0.5268105541431543,0.4731894458568457,0.0484153606142614,0.0267101820238944,0.021705178590367,0.1366120218579234,0.0923076923076922,0.5485714285714286,0.7931428571428571,0.6422857142857142,0.2445714285714285,0.7268571428571429,0.312,0.4137142857142857,0.6006857142857143,0.5668571428571428,0.5837714285714286,주의,주의,주의,0,0,0.6006857142857143,0.5668571428571428,주의,0.0,0.0,0,0,0,0,0,0.0,1단계_활발관찰,2,0,0.1671339048771033,0,0.15
11500,강서구,2023-07,74895.35483870968,69800.0,1140.3488143090772,1151.1511511511512,155,40246.67545076283,40000.0,610.0604515710753,586.2068965517242,721,1182,461,0.3900169204737733,0.5349770560692021,0.4650229439307979,0.0111960277501055,0.0268713672877967,-0.0156753395376911,-0.2548076923076923,-0.1237954040029651,0.5188571428571429,0.5405714285714286,0.3908571428571428,0.24,0.728,0.5108571428571429,0.5291428571428571,0.4777714285714285,0.4625142857142857,0.4701428571428571,보통,보통,보통,0,0,0.4777714285714285,0.4625142857142857,보통,-0.0006428274876796,0.0006428274876796,0,0,1,0,0,0.25,2단계_완만정체,2,0,0.0029122130901410776,0,0.0
11500,강서구,2023-08,73675.3807106599,71000.0,1116.31647284484,1111.111111111111,197,41437.33722627737,40000.0,605.0368885339481,592.1601334445371,685,1133,448,0.3954104148278906,0.5419940520917529,0.4580059479082471,-0.0210745529461509,-0.0082345331912438,-0.012840019754907,0.2709677419354839,-0.0414551607445008,0.4902857142857142,0.2845714285714286,0.4045714285714286,0.2697142857142857,0.3577142857142857,0.5302857142857142,0.1977142857142857,0.3753714285714286,0.4096571428571429,0.3925142857142857,안정,안정,안정,0,0,0.3753714285714286,0.4096571428571429,안정,0.0053934943541172,0.0053934943541172,0,1,0,0,0,0.2,1단계_활발관찰,2,0,0.0005904411648715312,0,0.0
11500,강서구,2023-09,75037.62626262626,71750.0,1069.9044149823435,1068.6069010318947,198,39769.697860962566,37725.0,595.6827984085766,578.6684072269945,748,1110,362,0.3261261261261261,0.5567626323127257,0.4432373676872743,-0.0415760754154411,-0.0154603633309651,-0.026115712084476,0.0050761421319796,-0.0203000882612532,0.4171428571428571,0.1702857142857143,0.3211428571428571,0.0217142857142857,0.2925714285714286,0.0125714285714285,0.1028571428571428,0.2644571428571428,0.2637714285714285,0.2641142857142856,낮음,낮음,낮음,0,0,0.2644571428571428,0.2637714285714285,낮음,-0.0692842887017644,0.0692842887017644,0,0,0,0,1,0.1,1단계_활발관찰,2,0,1.4269675374685194e-05,0,0.0
11500,강서구,2023-10,69192.20472440944,69000.0,1013.0106665027788,976.8153465929151,127,39996.18757612668,38000.0,600.2055242408362,589.430894308943,821,1279,458,0.3580922595777951,0.5924967466659836,0.4075032533340164,-0.053176477901069,0.0075925070261262,-0.0607689849271952,-0.3585858585858585,0.1522522522522522,0.264,0.1165714285714285,0.1748571428571428,0.0937142857142857,0.5211428571428571,0.6274285714285714,0.6274285714285714,0.2094857142857143,0.2315428571428571,0.2205142857142857,낮음,낮음,낮음,0,0,0.2094857142857143,0.2315428571428571,낮음,0.0319661334516689,0.0319661334516689,0,1,1,0,0,0.45,3단계_안정정체,1,0,8.35456202209211e-07,0,0.0
11500,강서구,2023-11,67494.28571428571,64000.0,1001.5846639717288,975.177304964539,105,41687.72141918528,40000.0,609.6923846948143,622.6189999976469,761,1242,481,0.3872785829307568,0.6087277557516834,0.3912722442483166,-0.0112792519455853,0.0158060198895662,-0.0270852718351515,-0.1732283464566929,-0.0289288506645817,0.184,0.3565714285714286,0.3177142857142857,0.2262857142857142,0.6137142857142858,0.38,0.1462857142857143,0.3032,0.2757714285714285,0.2894857142857143,낮음,낮음,낮음,0,0,0.3032,0.2757714285714285,낮음,0.0291863233529616,0.0291863233529616,0,0,1,0,0,0.25,2단계_완만정체,2,0,2.572557590407864e-05,0,0.0
11500,강서구,2023-12,75019.81132075471,70250.0,1105.273347031417,1117.6061355040506,106,44676.95918367347,43000.0,635.7245807875986,620.2307370788346,686,1242,556,0.4476650563607085,0.5751740802354917,0.4248259197645083,0.1035246313062705,0.04269726299077,0.0608273683155005,0.0095238095238094,0.0,0.3325714285714286,0.9542857142857144,0.8148571428571428,0.5588571428571428,0.8342857142857143,0.0194285714285714,0.0028571428571428,0.6685714285714286,0.5688,0.6186857142857143,높음,주의,주의,1,0,0.6685714285714286,0.5688,높음,0.0603864734299517,0.0603864734299517,0,0,0,0,1,0.1,1단계_활발관찰,2,1,0.8281033781869097,1,0.8833333333333333
11500,강서구,2024-01,72611.07142857143,69250.0,1094.766175280782,1095.3930896344518,140,44597.38837516512,43000.0,659.764266179324,643.6314363143631,757,1313,556,0.4234577303884234,0.6026531336795365,0.3973468663204634,-0.0095064010896992,0.0378146230588452,-0.0473210241485444,0.320754716981132,0.0571658615136876,0.208,0.3714285714285714,0.2251428571428571,0.4434285714285714,0.8011428571428572,0.5908571428571429,0.2582857142857143,0.3469142857142857,0.3067999999999999,0.3268571428571428,낮음,낮음,낮음,0,0,0.3469142857142857,0.3067999999999999,낮음,-0.0242073259722851,0.0242073259722851,1,0,0,0,0,0.25,2단계_완만정체,2,0,8.730470006310258e-05,0,0.0033333333333333335
11500,강서구,2024-02,73702.6119402985,72000.0,1099.7470460541233,1058.9142886966506,134,43053.65076923077,42000.0,654.3330923900257,639.0891457325242,650,1022,372,0.3639921722113503,0.5949850874687626,0.4050149125312374,0.0045497119712014,-0.0082319914365019,0.0127817034077034,-0.0428571428571428,-0.2216298552932216,0.2537142857142857,0.4811428571428571,0.5794285714285714,0.1171428571428571,0.3588571428571429,0.0971428571428571,0.824,0.3657428571428571,0.3513142857142857,0.3585285714285714,안정,안정,안정,0,0,0.3657428571428571,0.3513142857142857,안정,-0.0594655581770731,0.0594655581770731,1,1,1,0,0,0.7,4단계_신중정체,2,0,0.0002181290720133282,0,0.0
11500,강서구,2024-03,76853.72549019608,75500.0,1124.529037173591,1101.4686248331109,255,39367.289696969696,37000.0,612.6960053000466,602.1505376344086,825,1299,474,0.3648960739030023,0.5448467625522649,0.455153237447735,0.0225342647733268,-0.0636328615719173,0.0861671263452442,0.9029850746268656,0.2710371819960862,0.4777142857142857,0.6274285714285714,0.8902857142857142,0.1268571428571428,0.064,0.9485714285714286,0.8891428571428571,0.5036571428571428,0.6228,0.5632285714285714,보통,주의,주의,0,0,0.5036571428571428,0.6228,보통,0.000903901691652,0.000903901691652,0,0,0,0,0,0.0,1단계_활발관찰,3,0,0.10686728614793226,0,0.07333333333333333
11500,강서구,2024-04,77812.33050847458,70350.0,1115.053897560031,1086.1921703496769,236,43327.03686635945,40500.0,656.5446862392351,648.0499587604571,651,1037,386,0.3722275795564127,0.588800853192739,0.411199146807261,-0.0084258736771929,0.0715667811767684,-0.0799926548539613,-0.0745098039215685,-0.201693610469592,0.2765714285714286,0.3805714285714285,0.1257142857142857,0.1634285714285714,0.9257142857142856,0.1725714285714285,0.7828571428571428,0.3203428571428571,0.2379428571428571,0.2791428571428571,낮음,낮음,낮음,0,0,0.3203428571428571,0.2379428571428571,낮음,0.0073315056534103,0.0073315056534103,1,0,1,0,0,0.5,3단계_안정정체,1,0,1.9567019797690947e-05,0,0.0
11500,강서구,2024-05,80031.03448275862,77400.0,1125.3642139142396,1115.1295961422545,261,42312.50924608819,40000.0,643.4382649209268,631.3131313131313,703,1178,475,0.4032258064516129,0.5717600195255198,0.4282399804744802,0.0092464735352881,-0.0199627254519162,0.0292091989872044,0.1059322033898304,0.1359691417550625,0.3451428571428571,0.528,0.68,0.3148571428571428,0.2457142857142857,0.256,0.5851428571428572,0.4433428571428571,0.4534857142857143,0.4484142857142857,안정,안정,안정,0,0,0.4433428571428571,0.4534857142857143,안정,0.0309982268952001,0.0309982268952001,1,0,0,0,0,0.25,2단계_완만정체,2,0,0.0030919929442009752,0,0.006666666666666667
11500,강서구,2024-06,86486.51226158038,80700.0,1214.1604789036448,1197.6470588235295,367,43183.43108504399,41343.0,650.5643914338114,631.3131313131313,682,1078,396,0.3673469387755102,0.535814171798158,0.4641858282018419,0.0789044683414574,0.0110750741778782,0.0678293941635792,0.4061302681992338,-0.0848896434634974,0.5131428571428571,0.9028571428571428,0.832,0.1371428571428571,0.5611428571428572,0.68,0.384,0.622742857142857,0.6498857142857143,0.6363142857142856,주의,높음,주의,1,0,0.622742857142857,0.6498857142857143,주의,-0.0358788676761026,0.0358788676761026,0,0,0,0,0,0.0,1단계_활발관찰,2,1,0.7046388640991282,1,0.7566666666666667
11500,강서구,2024-07,88718.51685393258,85000.0,1234.0184786790023,1187.2602968150743,445,35843.520692974016,29000.0,521.2485768564813,517.2621195717551,1039,1556,517,0.3322622107969151,0.4223993285858003,0.5776006714141997,0.0163553336814987,-0.1987748119633852,0.2151301456448839,0.2125340599455041,0.4434137291280149,0.8708571428571429,0.5851428571428572,0.9885714285714284,0.032,0.0068571428571428,0.4491428571428571,0.9817142857142858,0.6107428571428573,0.7170857142857143,0.6639142857142858,주의,높음,높음,1,0,0.6107428571428573,0.7170857142857143,주의,-0.0350847279785951,0.0350847279785951,0,0,0,1,0,0.2,1단계_활발관찰,3,1,0.9811826301022575,1,0.69
11500,강서구,2024-08,79603.9349112426,75500.0,1177.9639062168935,1159.4619589096965,338,33899.53756260434,25811.0,503.43335068444816,426.9250575548285,1198,1704,506,0.2969483568075117,0.4273758712193963,0.5726241287806036,-0.0454244190266213,-0.0341779852512448,-0.0112464337753764,-0.2404494382022471,0.0951156812339331,0.8651428571428571,0.1497142857142857,0.4114285714285714,0.0091428571428571,0.144,0.4857142857142857,0.4251428571428571,0.3950285714285714,0.4850857142857143,0.4400571428571428,안정,보통,안정,0,0,0.3950285714285714,0.4850857142857143,안정,-0.0353138539894034,0.0353138539894034,0,0,1,1,0,0.45,3단계_안정정체,4,0,0.0016766293132328357,0,0.016666666666666666
11500,강서구,2024-09,81334.01360544217,74700.0,1128.2479628960075,1088.3709925470248,147,41635.279411764706,38251.0,635.3747946245792,615.6062759707931,612,975,363,0.3723076923076923,0.5631517321721438,0.4368482678278562,-0.0422049801853029,0.2620832405337243,-0.3042882207190273,-0.5650887573964497,-0.4278169014084507,0.384,0.168,0.0045714285714285,0.1657142857142857,0.9942857142857144,0.8137142857142857,0.9782857142857144,0.2824,0.2670857142857143,0.2747428571428572,낮음,낮음,낮음,0,0,0.2824,0.2670857142857143,낮음,0.0753593355001805,0.0753593355001805,0,0,1,0,1,0.35,2단계_완만정체,1,0,2.8263636207237136e-08,0,0.01
11500,강서구,2024-10,78885.42713567839,76000.0,1134.887639149636,1131.6451509005285,199,43043.796992481206,38568.5,620.5181079629388,617.6412041975792,798,1251,453,0.3621103117505995,0.546766117241253,0.453233882758747,0.0058849441541075,-0.0233825559139763,0.0292675000680838,0.3537414965986394,0.283076923076923,0.4685714285714286,0.4891428571428571,0.6811428571428572,0.1097142857142857,0.216,0.6262857142857143,0.8982857142857142,0.4371428571428571,0.5057142857142857,0.4714285714285714,안정,보통,보통,0,0,0.4371428571428571,0.5057142857142857,안정,-0.0101973805570927,0.0101973805570927,1,0,0,0,0,0.25,2단계_완만정체,2,0,0.005355952265355973,0,0.013333333333333334
11500,강서구,2024-11,86359.14110429448,80500.0,1202.2373173097951,1145.2682338758289,163,40683.47442455243,37650.0,603.2378842188016,595.5541508638853,782,1306,524,0.4012251148545176,0.5017627348056756,0.4982372651943244,0.0593447984072006,-0.0278480571676874,0.0871928555748881,-0.1809045226130653,0.04396482813749,0.6468571428571429,0.8411428571428572,0.896,0.3005714285714285,0.1874285714285714,0.3954285714285714,0.208,0.6473714285714286,0.6882285714285715,0.6678000000000001,높음,높음,높음,1,0,0.6473714285714286,0.6882285714285715,높음,0.0391148031039181,0.0391148031039181,0,0,1,0,0,0.25,2단계_완만정체,2,1,0.7807127693064264,1,0.91
11500,강서구,2024-12,76606.55844155845,71200.0,1146.69029064666,1089.0509190834346,154,47810.4335154827,47000.0,683.2276350301661,674.0815638692281,549,1004,455,0.4531872509960159,0.5958257784190963,0.4041742215809036,-0.0462030464895489,0.1326006752957034,-0.1788037217852524,-0.0552147239263803,-0.2312404287901991,0.2468571428571428,0.1462857142857143,0.0285714285714285,0.5874285714285714,0.9725714285714284,0.1257142857142857,0.8434285714285714,0.3017142857142857,0.1941142857142857,0.2479142857142857,낮음,낮음,낮음,0,0,0.3017142857142857,0.1941142857142857,낮음,0.0519621361414983,0.0519621361414983,0,0,1,0,0,0.25,2단계_완만정체,1,0,5.745534270359928e-07,0,0.0
11500,강서구,2025-01,76331.05555555556,72500.0,1133.3800019680823,1087.5936480144835,180,43873.692556634305,42000.0,662.9543535093835,648.9059629196593,618,1014,396,0.3905325443786982,0.5849356370839276,0.4150643629160724,-0.0116075707513589,-0.0296728066625809,0.018065235911222,0.1688311688311687,0.0099601593625497,0.296,0.3542857142857142,0.6137142857142858,0.2422857142857143,0.1737142857142857,0.368,0.0508571428571428,0.3538285714285714,0.3889142857142857,0.3713714285714286,낮음,안정,안정,0,0,0.3538285714285714,0.3889142857142857,낮음,-0.0626547066173177,0.0626547066173177,0,0,0,0,1,0.1,1단계_활발관찰,2,0,0.0002879974158185683,0,0.0
11500,강서구,2025-02,78772.97297297297,74000.0,1223.9489505777806,1209.542876209543,259,43035.483253588514,41500.0,644.0457589711319,635.7408610405716,836,1372,536,0.39067055393586,0.5262031220069284,0.4737968779930716,0.0799104876144167,-0.0285217141092112,0.108432201723628,0.4388888888888889,0.3530571992110454,0.552,0.9062857142857144,0.9234285714285714,0.2468571428571428,0.1851428571428571,0.7085714285714285,0.9508571428571428,0.6324,0.7008571428571428,0.6666285714285713,주의,높음,높음,1,0,0.6324,0.7008571428571428,주의,0.0001380095571617,0.0001380095571617,0,0,0,0,0,0.0,1단계_활발관찰,3,1,0.9447143064593644,1,0.8233333333333334
11500,강서구,2025-03,84414.43695652173,80250.0,1252.2803557872026,1235.5427082317574,460,44771.674775928295,43000.0,665.7167407228803,662.8787878787879,781,1223,442,0.3614063777596075,0.5316035963084326,0.4683964036915674,0.0231475382989199,0.0336482019326824,-0.0105006636337625,0.7760617760617761,-0.108600583090379,0.528,0.6365714285714286,0.4137142857142857,0.1074285714285714,0.7748571428571429,0.9085714285714286,0.4765714285714286,0.4938857142857142,0.5171428571428571,0.5055142857142857,보통,보통,보통,0,0,0.4938857142857142,0.5171428571428571,보통,-0.0292641761762524,0.0292641761762524,0,0,0,0,0,0.0,1단계_활발관찰,2,0,0.019100116186523127,0,0.016666666666666666
11500,강서구,2025-04,84573.3983286908,80900.0,1227.6819951811722,1180.0326061641176,359,43880.01114206128,42000.0,644.5194898931311,635.5558193021266,718,1223,505,0.4129190515126738,0.5249889567680902,0.4750110432319098,-0.0196428543275898,-0.0318412464838,0.0121983921562102,-0.2195652173913043,0.0,0.5611428571428572,0.2971428571428571,0.5737142857142857,0.3725714285714285,0.1588571428571428,0.4628571428571428,0.0028571428571428,0.4291428571428571,0.4828,0.4559714285714286,안정,보통,안정,0,0,0.4291428571428571,0.4828,안정,0.0515126737530662,0.0515126737530662,0,0,1,0,0,0.25,2단계_완만정체,2,0,0.0016239613045828467,0,0.01
11500,강서구,2025-05,79043.74784482758,76000.0,1249.159391327962,1233.704290548054,464,44245.73381294964,43000.0,657.9671765984167,631.3131313131313,695,1332,637,0.4782282282282282,0.5267279589508126,0.4732720410491874,0.0174942666187918,0.020864670372521,-0.0033704037537292,0.2924791086350975,0.0891251022076859,0.5497142857142857,0.592,0.4742857142857143,0.7085714285714285,0.6628571428571428,0.5634285714285714,0.4022857142857143,0.5803428571428572,0.5565714285714286,0.5684571428571429,주의,주의,주의,0,0,0.5803428571428572,0.5565714285714286,주의,0.0653091767155544,0.0653091767155544,0,0,0,0,1,0.1,1단계_활발관찰,2,0,0.07148457221033985,0,0.09333333333333334
11500,강서구,2025-06,92712.03305785124,87000.0,1296.0344870427582,1265.29244176303,605,44658.50682852807,43500.0,681.6799829547431,660.6890042472864,659,1340,681,0.5082089552238805,0.5259736448141703,0.4740263551858297,0.0375253118538894,0.0360394974091531,0.0014858144447362,0.3038793103448276,0.006006006006006,0.5531428571428572,0.728,0.5051428571428571,0.8262857142857143,0.7965714285714286,0.5794285714285714,0.0297142857142857,0.6525714285714286,0.6060571428571428,0.6293142857142857,높음,주의,주의,1,0,0.6525714285714286,0.6060571428571428,높음,0.0299807269956523,0.0299807269956523,0,0,0,0,0,0.0,1단계_활발관찰,0,0,0.346817390301543,1,0.7466666666666667
11500,강서구,2025-07,69922.18045112782,68750.0,1220.321515231151,1203.3745121184577,266,46249.75974025974,45000.0,676.4444061880115,659.189924968786,616,1165,549,0.471244635193133,0.5543165450622092,0.4456834549377908,-0.0584189483910775,-0.0076804026781569,-0.0507385457129205,-0.5603305785123966,-0.1305970149253731,0.432,0.1005714285714285,0.2114285714285714,0.6731428571428572,0.3668571428571429,0.8102857142857143,0.5554285714285714,0.3346857142857142,0.3725142857142857,0.3536,낮음,안정,안정,0,0,0.3346857142857142,0.3725142857142857,낮음,-0.0369643200307475,0.0369643200307475,0,1,1,0,0,0.45,3단계_안정정체,1,0,1.5141848106905391e-05,0,0.0
11500,강서구,2025-08,85863.04195804195,79350.0,1262.7709528527002,1234.567901234568,286,45720.07692307692,44300.0,667.55424298886,656.5656565656566,624,1145,521,0.4550218340611354,0.5286423808536312,0.4713576191463687,0.0347854537445477,-0.0131424890468834,0.0479279427914312,0.0751879699248121,-0.0171673819742489,0.5382857142857143,0.7062857142857143,0.768,0.5977142857142858,0.312,0.1748571428571428,0.0845714285714285,0.6125142857142857,0.5989142857142857,0.6057142857142856,주의,주의,주의,0,0,0.6125142857142857,0.5989142857142857,주의,-0.0162228011319975,0.0162228011319975,0,0,0,0,0,0.0,1단계_활발관찰,2,0,0.24154486316486712,0,0.21333333333333335
11500,강서구,2025-09,94682.4092409241,89000.0,1360.666521057315,1349.6790179653233,606,46450.85855263158,44000.0,669.6671711511478,649.659738282953,608,1058,450,0.4253308128544423,0.4921611289669848,0.5078388710330153,0.0775244061351436,0.003165178237543,0.0743592278976006,1.1188811188811187,-0.0759825327510916,0.68,0.8994285714285715,0.8548571428571429,0.4525714285714285,0.4662857142857143,0.968,0.3428571428571428,0.7143428571428573,0.7736571428571429,0.7440000000000001,높음,높음,높음,1,1,0.7143428571428573,0.7736571428571429,높음,-0.029691021206693,0.029691021206693,0,1,0,0,0,0.2,1단계_활발관찰,3,1,0.9900757959542257,1,0.9866666666666667
11500,강서구,2025-10,95648.3940397351,89600.0,1362.6169681451977,1335.1709676899395,604,45873.39882697947,45000.0,659.9122890210082,657.1312320936256,682,1153,471,0.4084995663486557,0.4842977186166152,0.5157022813833848,0.0014334497525274,-0.0145667617443022,0.0160002114968297,-0.0033003300330033,0.0897920604914934,0.712,0.4537142857142857,0.6034285714285714,0.3508571428571428,0.2994285714285714,0.0114285714285714,0.4045714285714286,0.5302857142857144,0.5270285714285715,0.5286571428571429,보통,보통,보통,0,0,0.5302857142857144,0.5270285714285715,보통,-0.0168312465057866,0.0168312465057866,1,0,1,0,0,0.5,3단계_안정정체,4,0,0.04887742845599029,0,0.03666666666666667
11500,강서구,2025-11,90751.5425531915,86750.0,1272.9015409244764,1222.6614272605402,188,47803.13384615385,46000.0,669.1562460311227,673.1518727093949,650,1119,469,0.419124218051832,0.5256936412734101,0.4743063587265899,-0.0658405328262147,0.0140078570499544,-0.0798483898761691,-0.6887417218543046,-0.0294882914137033,0.5554285714285714,0.0811428571428571,0.1268571428571428,0.4125714285714286,0.592,0.8777142857142857,0.1508571428571428,0.3333714285714285,0.3713714285714286,0.3523714285714285,낮음,안정,안정,0,0,0.3333714285714285,0.3713714285714286,낮음,0.0106246517031762,0.0106246517031762,0,0,1,0,0,0.25,2단계_완만정체,1,0,6.477488089177979e-06,0,0.0033333333333333335
11500,강서구,2025-12,87911.70886075949,89000.0,1260.19448285521,1199.9239657713774,316,48655.02586206896,47000.0,678.4273627050011,679.8507351071626,580,1247,667,0.5348837209302325,0.5383513195264076,0.4616486804735924,-0.0099827501662363,0.0138549355682875,-0.0238376857345239,0.6808510638297873,0.1143878462913314,0.5062857142857143,0.3645714285714285,0.3371428571428571,0.8845714285714286,0.5897142857142857,0.8754285714285714,0.4994285714285714,0.5021142857142857,0.5104,0.5062571428571429,보통,보통,보통,0,0,0.5021142857142857,0.5104,보통,0.1157595028784005,0.1157595028784005,1,0,0,0,1,0.35,2단계_완만정체,0,0,0.020167262957258594,0,0.0
11500,강서구,2026-01,92977.32368421053,88250.0,1312.0208028404531,1237.438691253859,380,49432.11345218801,47250.0,721.3210149672323,706.2146892655368,617,1265,648,0.5122529644268775,0.5497786417758102,0.4502213582241898,0.0411256521833207,0.0632251212439414,-0.0220994690606206,0.2025316455696202,0.0144346431435444,0.456,0.7542857142857143,0.3462857142857143,0.8377142857142857,0.912,0.4325714285714285,0.0731428571428571,0.6114857142857142,0.5240571428571429,0.5677714285714286,주의,보통,주의,0,0,0.6114857142857142,0.5240571428571429,주의,-0.022630756503355,0.022630756503355,0,0,0,0,0,0.0,1단계_활발관찰,0,0,0.12603005152341223,0,0.19
11500,강서구,2026-02,92068.48387096774,90000.0,1305.0796392666468,1232.6702833031948,403,49834.33531746032,48000.0,715.7030430514686,687.9944960440316,504,882,378,0.4285714285714285,0.5483979839373159,0.4516020160626841,-0.0052904371323831,-0.0077884489695878,0.0024980118372046,0.0605263157894737,-0.3027667984189723,0.4628571428571428,0.4022857142857143,0.5154285714285715,0.4742857142857143,0.3657142857142857,0.136,0.9142857142857144,0.4502285714285714,0.4323428571428571,0.4412857142857143,안정,안정,안정,0,0,0.4502285714285714,0.4323428571428571,안정,-0.083681535855449,0.083681535855449,1,1,0,0,1,0.55,3단계_안정정체,2,0,0.002025240686359331,0,0.0033333333333333335
11500,강서구,2026-03,92152.51396648044,87700.0,1387.6814061048742,1334.1860270874945,358,43377.35379644588,40000.0,654.9753270754985,648.9290495314592,619,1168,549,0.4700342465753425,0.4719925799928162,0.5280074200071838,0.0632925105510366,-0.0848504370151224,0.1481429475661591,-0.1116625310173697,0.3242630385487528,0.7542857142857143,0.856,0.9668571428571427,0.6662857142857143,0.0411428571428571,0.2662857142857143,0.936,0.7377142857142858,0.7701714285714287,0.7539428571428572,높음,높음,높음,1,1,0.7377142857142858,0.7701714285714287,높음,0.0414628180039139,0.0414628180039139,0,0,1,1,0,0.45,3단계_안정정체,3,1,0.9955234705265558,1,0.96
11500,강서구,2026-04,85014.17410714286,80000.0,1313.3636304804509,1280.3375356789852,448,48099.6693877551,47625.0,713.5026389993917,706.422560875144,490,867,377,0.4348327566320646,0.5432635885755267,0.4567364114244733,-0.0535553588146923,0.0893580406840985,-0.1429133994987909,0.2513966480446927,-0.2577054794520548,0.4822857142857142,0.1154285714285714,0.0502857142857142,0.512,0.9451428571428572,0.504,0.872,0.3549142857142857,0.3060571428571428,0.3304857142857142,안정,낮음,낮음,0,0,0.3549142857142857,0.3060571428571428,안정,-0.0352014899432778,0.0352014899432778,0,0,0,0,0,0.0,1단계_활발관찰,1,0,7.2280199643032675e-06,0,0.0033333333333333335
11620,관악구,2023-06,72356.5,73000.0,1002.6363783798456,1002.0613834173156,100,41224.97666666667,42000.0,571.3147313083114,582.1822537382209,300,591,291,0.4923857868020304,0.5698124899791642,0.4301875100208358,0.0144034683126461,0.0211878035468751,-0.0067843352342289,-0.074074074074074,0.0610412926391381,0.3554285714285714,0.5702857142857143,0.4434285714285714,0.7634285714285715,0.672,0.1708571428571428,0.2708571428571428,0.5196000000000001,0.4427428571428571,0.4811714285714286,보통,안정,보통,0,0,0.5196000000000001,0.4427428571428571,보통,0.0,0.0,0,0,1,0,0,0.25,2단계_완만정체,0,0,0.00736783542166988,0,0.006666666666666667
11620,관악구,2023-07,74702.85714285714,75000.0,1036.628464569127,1024.0112994350284,105,42325.31578947369,42000.0,591.6879940019048,583.4305717619603,323,690,367,0.5318840579710145,0.5707811566295732,0.4292188433704268,0.0339027058286163,0.0356603139690423,-0.001757608140426,0.05,0.1675126903553299,0.3485714285714286,0.7017142857142857,0.4857142857142857,0.8777142857142857,0.792,0.1142857142857142,0.6731428571428572,0.5880000000000001,0.4829714285714286,0.5354857142857143,주의,보통,보통,0,0,0.5880000000000001,0.4829714285714286,주의,0.039498271168984,0.039498271168984,0,0,0,0,0,0.0,1단계_활발관찰,0,0,0.0644804534808954,0,0.1
11620,관악구,2023-08,75275.83333333333,74600.0,1037.2170918721667,1048.6626605396489,120,43977.86486486487,42000.0,610.7236293552279,591.7159763313609,296,516,220,0.4263565891472868,0.5888098394646367,0.4111901605353633,0.0005678286128141,0.0321717451533447,-0.0316039165405306,0.1428571428571428,-0.2521739130434782,0.2754285714285714,0.4468571428571428,0.3028571428571429,0.4617142857142857,0.7645714285714286,0.3217142857142857,0.8674285714285714,0.4006285714285714,0.3398285714285715,0.3702285714285714,안정,안정,안정,0,0,0.4006285714285714,0.3398285714285715,안정,-0.1055274688237276,0.1055274688237276,1,0,0,0,1,0.35,2단계_완만정체,2,0,0.0002993834920662193,0,0.0
11620,관악구,2023-09,76751.33035714286,74000.0,1046.125217973317,1041.413397206743,112,38013.25,40000.0,538.968886837653,582.4129602995848,268,479,211,0.4405010438413361,0.5152049463847265,0.4847950536152735,0.0085884875702069,-0.117491348080522,0.126079835650729,-0.0666666666666666,-0.0717054263565891,0.5977142857142858,0.5211428571428571,0.944,0.5348571428571428,0.0262857142857142,0.1502857142857142,0.3222857142857143,0.5812571428571428,0.617942857142857,0.5995999999999999,주의,주의,주의,0,0,0.5812571428571428,0.617942857142857,주의,0.0141444546940492,0.0141444546940492,1,0,1,0,0,0.5,3단계_안정정체,2,0,0.23640298307512414,0,0.10666666666666667
11620,관악구,2023-10,74043.5,75750.0,968.7204425794416,952.8669256328812,70,43418.35825545171,42500.0,592.4210718709093,589.3446487505893,321,526,205,0.3897338403041825,0.611550087962892,0.388449912037108,-0.0739918836330446,0.0991748992170618,-0.1731667828501064,-0.375,0.0981210855949896,0.1725714285714285,0.0685714285714285,0.0342857142857142,0.2365714285714285,0.9542857142857144,0.6462857142857142,0.4388571428571428,0.2066857142857143,0.1709714285714285,0.1888285714285714,낮음,낮음,낮음,0,0,0.2066857142857143,0.1709714285714285,낮음,-0.0507672035371535,0.0507672035371535,0,0,1,0,0,0.25,2단계_완만정체,1,0,1.468387889679894e-08,0,0.0
11620,관악구,2023-11,68600.65217391304,72500.0,996.7132994249176,1000.8247076746308,46,43494.843205574914,43500.0,611.945275296725,601.5037593984962,287,491,204,0.4154786150712831,0.6139631884613203,0.3860368115386797,0.0288967338925338,0.0329566322888497,-0.0040598983963158,-0.3428571428571428,-0.0665399239543725,0.1645714285714285,0.6731428571428572,0.4662857142857143,0.392,0.7714285714285715,0.6137142857142858,0.2971428571428571,0.4468571428571428,0.4093714285714285,0.4281142857142856,안정,안정,안정,0,0,0.4468571428571428,0.4093714285714285,안정,0.0257447747671005,0.0257447747671005,0,0,1,0,0,0.25,2단계_완만정체,2,0,0.0006108791911281894,0,0.0033333333333333335
11620,관악구,2023-12,55428.333333333336,60500.0,948.0569217791976,956.069260634516,48,42610.03448275862,43000.0,593.2758026402852,604.6653211855962,290,582,292,0.5017182130584192,0.6257807827898113,0.3742192172101887,-0.0488168239290011,-0.030508402319778,-0.018308421609223,0.0434782608695651,0.185336048879837,0.1257142857142857,0.1371428571428571,0.3702857142857143,0.7954285714285714,0.168,0.1011428571428571,0.736,0.2821714285714286,0.2536571428571428,0.2679142857142857,낮음,낮음,낮음,0,0,0.2821714285714286,0.2536571428571428,낮음,0.0862395979871361,0.0862395979871361,0,0,0,0,1,0.1,1단계_활발관찰,0,0,1.1662287462284294e-05,0,0.0
11620,관악구,2024-01,63869.59459459459,68400.0,971.4886267698588,1020.0725227042096,74,42932.514950166114,43000.0,639.0985429637532,634.9206349206349,301,585,284,0.4854700854700854,0.657854889242211,0.342145110757789,0.0247155043672775,0.0772368266488212,-0.0525213222815437,0.5416666666666667,0.0051546391752577,0.0491428571428571,0.6457142857142857,0.2068571428571428,0.7325714285714285,0.9314285714285714,0.8011428571428572,0.0274285714285714,0.4205714285714285,0.3514285714285714,0.386,안정,안정,안정,0,0,0.4205714285714285,0.3514285714285714,안정,-0.0162481275883338,0.0162481275883338,0,0,0,0,0,0.0,1단계_활발관찰,0,0,0.0002689789654641705,0,0.0033333333333333335
11620,관악구,2024-02,68133.92857142857,69500.0,947.0498266993226,899.1978195196275,84,44645.05839416059,44500.0,611.1284127367146,612.0167148835294,274,507,233,0.4595660749506903,0.6452970007572166,0.3547029992427833,-0.0251560331198048,-0.0437649726086527,0.0186089394888478,0.1351351351351351,-0.1333333333333333,0.0765714285714285,0.2685714285714285,0.6217142857142857,0.6297142857142857,0.1097142857142857,0.3097142857142857,0.5714285714285714,0.3198857142857143,0.3298857142857143,0.3248857142857143,낮음,낮음,낮음,0,0,0.3198857142857143,0.3298857142857143,낮음,-0.0259040105193951,0.0259040105193951,0,0,0,0,0,0.0,1단계_활발관찰,0,0,2.5344429742268707e-05,0,0.013333333333333334
11620,관악구,2024-03,67994.53125,71525.0,968.568699794954,932.263393910786,128,45059.58255451713,45000.0,630.5850026199298,623.8229755178908,321,566,245,0.4328621908127208,0.6510482970938711,0.3489517029061288,0.0227220073210188,0.0318371548069349,-0.0091151474859161,0.5238095238095237,0.1163708086785009,0.0605714285714285,0.6285714285714286,0.4262857142857142,0.4982857142857143,0.7611428571428571,0.7702857142857142,0.5051428571428571,0.4114285714285713,0.3803428571428572,0.3958857142857143,안정,안정,안정,0,0,0.4114285714285713,0.3803428571428572,안정,-0.0267038841379694,0.0267038841379694,0,0,0,0,0,0.0,1단계_활발관찰,0,0,0.00033698220297156934,0,0.0033333333333333335
11620,관악구,2024-04,70819.32773109243,68900.0,970.3978797660444,941.8236372728788,119,43556.91463414634,44000.0,608.1348586149562,614.0405258771113,246,486,240,0.4938271604938271,0.6266860957709149,0.373313904229085,0.001888539214077,-0.035602089982633,0.03749062919671,-0.0703125,-0.1413427561837456,0.1222857142857142,0.4594285714285714,0.7177142857142857,0.7702857142857142,0.1348571428571428,0.1611428571428571,0.5988571428571429,0.4241142857142856,0.4072571428571429,0.4156857142857142,안정,안정,안정,0,0,0.4241142857142856,0.4072571428571429,안정,0.0609649696811062,0.0609649696811062,1,0,1,0,1,0.6,3단계_안정정체,0,0,0.0006707886770458395,0,0.01
11620,관악구,2024-05,75943.38235294117,76500.0,1035.8383886969646,1013.009278138894,136,44937.84668989547,46000.0,633.7736538848526,625.0,287,521,234,0.4491362763915547,0.611846076376943,0.388153923623057,0.0674367806189943,0.0421597198494581,0.0252770607695362,0.1428571428571428,0.0720164609053497,0.1714285714285714,0.8697142857142857,0.6617142857142857,0.5634285714285714,0.8297142857142857,0.3217142857142857,0.3245714285714285,0.5686857142857142,0.4878857142857143,0.5282857142857142,주의,보통,보통,0,0,0.5686857142857142,0.4878857142857143,주의,-0.0446908841022724,0.0446908841022724,0,0,0,0,0,0.0,1단계_활발관찰,0,0,0.0528548635997525,0,0.18666666666666668
11620,관악구,2024-06,74810.24880382775,76500.0,1042.1673880060196,1002.5062656641604,209,45529.138059701494,45000.0,644.109045773094,648.5748421232291,268,487,219,0.4496919917864476,0.6180475931083094,0.3819524068916906,0.0061100258284658,0.0163077020082615,-0.0101976761797957,0.536764705882353,-0.0652591170825336,0.152,0.4902857142857142,0.416,0.568,0.6182857142857143,0.7908571428571428,0.288,0.3984,0.3911428571428572,0.3947714285714286,안정,안정,안정,0,0,0.3984,0.3911428571428572,안정,0.0005557153948929,0.0005557153948929,1,0,0,0,0,0.25,2단계_완만정체,0,0,0.0005259727262450757,0,0.0033333333333333335
11620,관악구,2024-07,78546.90265486726,79250.0,1075.6012045234684,1045.085697411481,226,44617.43410852713,45000.0,640.9188144553559,645.8613216031247,258,545,287,0.5266055045871559,0.5958703018925188,0.4041296981074812,0.0320810427405695,-0.0049529366784609,0.0370339794190305,0.0813397129186603,0.1190965092402465,0.2457142857142857,0.6925714285714286,0.7142857142857143,0.8708571428571429,0.3874285714285714,0.1931428571428571,0.512,0.5590857142857144,0.5094857142857143,0.5342857142857144,주의,보통,보통,0,0,0.5590857142857144,0.5094857142857143,주의,0.0769135128007083,0.0769135128007083,0,1,0,0,1,0.30000000000000004,2단계_완만정체,0,0,0.04198522025319626,0,0.02666666666666667
11620,관악구,2024-08,75965.03067484662,76700.0,1019.2870332008532,1019.0114068441064,163,48263.201550387595,49000.0,694.7255015371751,683.6182170010322,258,516,258,0.5,0.6815798483725807,0.3184201516274193,-0.0523559950340186,0.0839524224726393,-0.136308417506658,-0.2787610619469026,-0.0532110091743118,0.0274285714285714,0.1245714285714285,0.0537142857142857,0.7931428571428571,0.9394285714285714,0.5394285714285715,0.2422857142857143,0.2630285714285714,0.1812,0.2221142857142857,낮음,낮음,낮음,0,0,0.2630285714285714,0.1812,낮음,-0.0266055045871559,0.0266055045871559,0,0,1,0,0,0.25,2단계_완만정체,1,0,4.404818217786846e-08,0,0.0
11620,관악구,2024-09,71637.05882352941,71000.0,1074.1091386091107,1046.324450008943,85,46663.71844660194,48000.0,662.061625217159,677.5958796450282,206,473,267,0.5644820295983086,0.6163820801994835,0.3836179198005165,0.0537847570140281,-0.0470169530954929,0.1008017101095211,-0.4785276073619632,-0.0833333333333333,0.1577142857142857,0.8194285714285714,0.9177142857142856,0.9337142857142856,0.1005714285714285,0.7371428571428571,0.3782857142857143,0.5858285714285715,0.6156,0.6007142857142858,주의,주의,주의,0,0,0.5858285714285715,0.6156,주의,0.0644820295983086,0.0644820295983086,0,0,1,0,1,0.35,2단계_완만정체,0,0,0.19331934910848475,0,0.023333333333333334
11620,관악구,2024-10,77102.44680851063,81000.0,1068.5121492278124,1018.3039156207738,94,48316.633466135456,50000.0,703.7730573647742,679.6232264218432,251,701,450,0.6419400855920114,0.6586476886326222,0.3413523113673777,-0.0052108199996752,0.0630023408076758,-0.068213160807351,0.1058823529411765,0.482029598308668,0.048,0.4034285714285714,0.152,0.9851428571428572,0.9108571428571428,0.2548571428571428,0.9874285714285714,0.3845142857142856,0.2594857142857143,0.3219999999999999,안정,낮음,낮음,0,0,0.3845142857142856,0.2594857142857143,안정,0.0774580559937028,0.0774580559937028,1,0,0,0,1,0.35,2단계_완만정체,0,0,0.00024386401478364506,0,0.016666666666666666
11620,관악구,2024-11,73950.0,76300.0,1049.993369657952,1042.490167503165,92,47349.263392857145,47625.0,654.2574540113594,652.0552264141411,224,497,273,0.5492957746478874,0.6231062718276893,0.3768937281723107,-0.0173313701517042,-0.0703573443672628,0.0530259742155585,-0.0212765957446808,-0.2910128388017118,0.136,0.3165714285714285,0.7908571428571428,0.9062857142857144,0.056,0.0445714285714285,0.9062857142857144,0.4196571428571428,0.4037142857142857,0.4116857142857143,안정,안정,안정,0,0,0.4196571428571428,0.4037142857142857,안정,-0.092644310944124,0.092644310944124,0,0,1,0,1,0.35,2단계_완만정체,0,0,0.0007182011789826208,0,0.0
11620,관악구,2024-12,72774.09090909091,77250.0,1027.026959108818,1034.2404672360924,88,45877.47727272727,47000.0,643.0566322712625,636.213133405292,264,573,309,0.5392670157068062,0.6261341307235616,0.3738658692764384,-0.0218729100704853,-0.0171198993170392,-0.004753010753446,-0.0434782608695651,0.1529175050301809,0.1245714285714285,0.28,0.4594285714285714,0.888,0.2674285714285714,0.1011428571428571,0.6285714285714286,0.3591999999999999,0.3133714285714286,0.3362857142857143,안정,낮음,낮음,0,0,0.3591999999999999,0.3133714285714286,안정,-0.0100287589410811,0.0100287589410811,0,0,1,0,0,0.25,2단계_완만정체,0,0,0.00014976100107212177,0,0.0
11620,관악구,2025-01,70943.54838709677,75500.0,1078.0467409867588,1047.5517890772128,93,44843.59479553904,45000.0,644.2614084084485,618.4474025209095,269,495,226,0.4565656565656565,0.5976191791264472,0.4023808208735527,0.0496771593242424,0.0018735148301491,0.0478036444940932,0.0568181818181818,-0.1361256544502618,0.2342857142857143,0.7988571428571428,0.7668571428571429,0.608,0.4548571428571428,0.1268571428571428,0.5862857142857143,0.5600571428571428,0.5069714285714286,0.5335142857142857,주의,보통,보통,0,0,0.5600571428571428,0.5069714285714286,주의,-0.0827013591411497,0.0827013591411497,0,1,0,0,1,0.30000000000000004,2단계_완만정체,2,0,0.042485727547213026,0,0.02
11620,관악구,2025-02,73179.72027972028,77500.0,1047.833212299979,1048.6626605396489,143,44813.11516853933,45000.0,628.4179367673398,617.6484644413944,356,657,301,0.4581430745814307,0.5997308821582121,0.4002691178417878,-0.0280261769161551,-0.0245916819389315,-0.0034344949772235,0.5376344086021505,0.3272727272727274,0.2205714285714285,0.2422857142857143,0.4731428571428571,0.6205714285714286,0.2057142857142857,0.7937142857142857,0.9382857142857144,0.3350285714285714,0.3853714285714286,0.3602,낮음,안정,안정,0,0,0.3350285714285714,0.3853714285714286,낮음,0.0015774180157742,0.0015774180157742,0,0,0,0,0,0.0,1단계_활발관찰,0,0,0.0001893563088948601,0,0.0
11620,관악구,2025-03,79021.9540229885,80000.0,1118.8210747501253,1088.7476459510358,261,46041.70724637681,45000.0,645.0491589288457,637.7979187646862,345,607,262,0.4316309719934102,0.5765436256846604,0.4234563743153395,0.0677472918560468,0.0264652251128587,0.0412820667431881,0.8251748251748252,-0.076103500761035,0.3268571428571428,0.872,0.744,0.4914285714285714,0.7234285714285714,0.9291428571428572,0.344,0.6109142857142857,0.6168571428571429,0.6138857142857144,주의,주의,주의,1,0,0.6109142857142857,0.6168571428571429,주의,-0.0265121025880205,0.0265121025880205,0,0,0,0,0,0.0,1단계_활발관찰,2,0,0.36533371179702073,1,0.5733333333333334
11620,관악구,2025-04,78664.17112299465,82000.0,1104.783731584144,1073.746312684366,187,46468.264492753624,45000.0,644.2373717252443,627.4798637268075,276,527,251,0.476280834914611,0.5831343758126085,0.4168656241873915,-0.0125465487581347,-0.0012584888955586,-0.011288059862576,-0.2835249042145593,-0.1317957166392092,0.3028571428571429,0.3474285714285714,0.4102857142857143,0.6971428571428572,0.4251428571428571,0.5451428571428572,0.5657142857142857,0.4068571428571429,0.4022857142857143,0.4045714285714286,안정,안정,안정,0,0,0.4068571428571429,0.4022857142857143,안정,0.0446498629212007,0.0446498629212007,0,1,1,0,0,0.45,3단계_안정정체,0,0,0.0003370118607145002,0,0.0
11620,관악구,2025-05,79928.78787878787,83000.0,1118.1190453281902,1079.331450094162,231,46531.60727272727,46000.0,655.4748682448085,659.1337099811676,275,539,264,0.4897959183673469,0.5862299466086043,0.4137700533913957,0.0120705196526786,0.0174430994114336,-0.0053725797587549,0.2352941176470588,0.0227703984819733,0.2891428571428571,0.5474285714285714,0.4525714285714285,0.752,0.632,0.4788571428571428,0.1188571428571428,0.4901142857142857,0.4469142857142857,0.4685142857142857,보통,안정,보통,0,0,0.4901142857142857,0.4469142857142857,보통,0.0135150834527359,0.0135150834527359,0,0,0,0,0,0.0,1단계_활발관찰,0,0,0.004531299403178976,0,0.0
11620,관악구,2025-06,80191.45161290323,81800.0,1106.421569904992,1071.4711576281345,310,48284.95017793594,48000.0,674.7785583996508,669.6878147029205,281,538,257,0.4776951672862453,0.6098747319772462,0.3901252680227538,-0.0104617441873238,0.0294499317823315,-0.0399116759696553,0.341991341991342,-0.0018552875695733,0.1782857142857143,0.3622857142857142,0.2582857142857143,0.7051428571428572,0.7462857142857143,0.6091428571428571,0.0102857142857142,0.3761142857142857,0.3308571428571428,0.3534857142857143,안정,낮음,안정,0,0,0.3761142857142857,0.3308571428571428,안정,-0.0121007510811016,0.0121007510811016,0,0,0,0,0,0.0,1단계_활발관찰,0,0,0.00016960158325420385,0,0.0
11620,관악구,2025-07,77809.93377483444,80000.0,1084.8194839188302,1076.59724673491,151,46641.546428571426,46000.0,643.6955744983286,647.8317749580752,280,512,232,0.453125,0.5933665315200884,0.4066334684799115,-0.0195242813171263,-0.0460639768623364,0.02653969554521,-0.5129032258064516,-0.0483271375464684,0.2605714285714285,0.2982857142857142,0.6674285714285715,0.5857142857142857,0.1062857142857142,0.7577142857142857,0.2217142857142857,0.3847142857142857,0.4520571428571429,0.4183857142857143,안정,안정,안정,0,0,0.3847142857142857,0.4520571428571429,안정,-0.0245701672862452,0.0245701672862452,0,0,1,0,0,0.25,2단계_완만정체,2,0,0.00016037937599368241,0,0.0033333333333333335
11620,관악구,2025-08,77992.22972972973,79200.0,1159.0336287442742,1091.3456380691173,148,48263.236514522825,47250.0,660.5336058847076,654.3624161073825,241,500,259,0.518,0.5699002940927143,0.4300997059072857,0.0684115153954931,0.0261583768064614,0.0422531385890316,-0.0198675496688741,-0.0234375,0.3542857142857142,0.8742857142857143,0.7462857142857143,0.848,0.7211428571428572,0.0422857142857142,0.1245714285714285,0.6734285714285714,0.5744571428571429,0.6239428571428571,높음,주의,주의,1,0,0.6734285714285714,0.5744571428571429,높음,0.064875,0.064875,0,0,1,0,1,0.35,2단계_완만정체,0,1,0.5395303758610103,1,0.7966666666666666
11620,관악구,2025-09,88237.78877887789,90000.0,1211.7708633205475,1178.2726522917403,303,49496.86330935252,50000.0,666.89185055214,660.963871608346,278,482,204,0.4232365145228215,0.5503448471476644,0.4496551528523356,0.045501039200571,0.0096259215440162,0.0358751176565548,1.0472972972972974,-0.036,0.4537142857142857,0.7817142857142857,0.7074285714285714,0.4405714285714285,0.5497142857142857,0.9634285714285714,0.1782857142857143,0.5940857142857143,0.6324000000000001,0.6132428571428572,주의,주의,주의,1,0,0.5940857142857143,0.6324000000000001,주의,-0.0947634854771785,0.0947634854771785,0,1,0,0,1,0.30000000000000004,2단계_완만정체,2,0,0.29231184241610597,1,0.7566666666666667
11620,관악구,2025-10,86342.44966442953,89950.0,1197.314255424952,1166.1105639467082,298,49824.944223107566,50000.0,681.5602584179683,671.615411806292,251,444,193,0.4346846846846847,0.5692409117571795,0.4307590882428205,-0.0119301497776409,0.0219951823578048,-0.0339253321354457,-0.0165016501650164,-0.0788381742738589,0.3577142857142857,0.3508571428571428,0.288,0.5108571428571429,0.6788571428571428,0.0354285714285714,0.3588571428571429,0.3971428571428571,0.322,0.3595714285714285,안정,낮음,안정,0,0,0.3971428571428571,0.322,안정,0.0114481701618631,0.0114481701618631,0,0,1,0,0,0.25,2단계_완만정체,2,0,0.00028983693999412314,0,0.0
11620,관악구,2025-11,82689.70873786407,86750.0,1074.7609429677443,1031.0509554140126,103,49426.40727272727,49000.0,678.0458442711756,660.3656774939122,275,486,211,0.434156378600823,0.6308806146219672,0.3691193853780328,-0.1023568473372189,-0.0051564246937612,-0.0972004226434577,-0.6543624161073825,0.0945945945945945,0.1062857142857142,0.0354285714285714,0.0971428571428571,0.5085714285714286,0.3851428571428571,0.8594285714285714,0.4228571428571429,0.1749714285714285,0.2053714285714285,0.1901714285714285,낮음,낮음,낮음,0,0,0.1749714285714285,0.2053714285714285,낮음,-0.0005283060838616,0.0005283060838616,0,1,1,0,0,0.45,3단계_안정정체,1,0,6.719438317848659e-09,0,0.0
11620,관악구,2025-12,82953.47305389222,88500.0,1128.654188133581,1077.3578240904274,167,51692.10332103321,50925.0,695.2673253613088,683.4472412068678,271,552,281,0.5090579710144928,0.6160144822667516,0.3839855177332484,0.0501444023607902,0.0253986972055619,0.0247457051552282,0.6213592233009708,0.1358024691358024,0.16,0.8,0.656,0.8285714285714286,0.7131428571428572,0.8457142857142858,0.5822857142857143,0.5748,0.5474285714285715,0.5611142857142857,주의,주의,주의,0,0,0.5748,0.5474285714285715,주의,0.0749015924136697,0.0749015924136697,0,0,0,0,1,0.1,1단계_활발관찰,0,0,0.06844772364245975,0,0.10666666666666667
11620,관악구,2026-01,85721.21212121213,87800.0,1159.8526031184751,1165.5953709366245,198,49255.786008230454,49000.0,670.4200447523064,667.3728813559322,243,555,312,0.5621621621621622,0.5780217615150062,0.4219782384849938,0.0276421381437355,-0.0357377366987441,0.0633798748424796,0.18562874251497,0.0054347826086955,0.3222857142857143,0.6651428571428571,0.8205714285714286,0.9257142857142856,0.1337142857142857,0.4028571428571428,0.0285714285714285,0.5793142857142857,0.5838285714285714,0.5815714285714285,주의,주의,주의,0,0,0.5793142857142857,0.5838285714285714,주의,0.0531041911476694,0.0531041911476694,0,0,0,0,0,0.0,1단계_활발관찰,0,0,0.18514811245974172,0,0.05
11620,관악구,2026-02,87492.1875,93100.0,1168.5447846286,1126.508646229296,224,48922.33490566038,50000.0,687.6223298644982,665.1695578924391,212,501,289,0.5768463073852296,0.5884432833980309,0.4115567166019691,0.0074942121841639,0.0256589659674442,-0.0181647537832803,0.1313131313131312,-0.0972972972972973,0.2777142857142857,0.5074285714285715,0.3714285714285714,0.9508571428571428,0.7154285714285714,0.3051428571428571,0.4377142857142857,0.4986285714285714,0.4171428571428571,0.4578857142857142,보통,안정,안정,0,0,0.4986285714285714,0.4171428571428571,보통,0.0146841452230673,0.0146841452230673,1,0,0,0,0,0.25,2단계_완만정체,0,0,0.007907028804833596,0,0.0
11620,관악구,2026-03,85537.56880733946,82500.0,1157.7230993688086,1058.885610039646,218,48937.89592760181,49000.0,675.7532609700227,656.25,221,467,246,0.5267665952890792,0.5836916110065039,0.4163083889934961,-0.0092608220088293,-0.0172610288802202,0.0080002068713909,-0.0267857142857143,-0.0678642714570858,0.3017142857142857,0.3737142857142857,0.5382857142857143,0.872,0.2651428571428571,0.0605714285714285,0.304,0.4489142857142857,0.4081714285714286,0.4285428571428571,안정,안정,안정,0,0,0.4489142857142857,0.4081714285714286,안정,-0.0500797120961503,0.0500797120961503,1,0,1,0,0,0.5,3단계_안정정체,0,0,0.0019902965124686256,0,0.0
11620,관악구,2026-04,88018.36283185841,87000.0,1228.8899094906096,1121.584755680378,226,49336.52352941177,48912.5,687.1595775700569,686.1286755714366,170,321,151,0.470404984423676,0.559170982089757,0.440829017910243,0.0614713571497373,0.0168794103688982,0.0445919467808391,0.036697247706422,-0.3126338329764454,0.4011428571428571,0.8525714285714285,0.7565714285714286,0.6697142857142857,0.6251428571428571,0.0834285714285714,0.9211428571428572,0.6477714285714287,0.5753714285714285,0.6115714285714287,높음,주의,주의,0,0,0.6477714285714287,0.5753714285714285,높음,-0.0563616108654032,0.0563616108654032,0,0,0,0,0,0.0,1단계_활발관찰,2,0,0.3384716354612193,0,0.18333333333333332
11215,광진구,2023-06,117183.58208955223,102900.0,1480.0665936501605,1484.5704753961634,67,65255.86642599278,60500.0,808.7726542723253,769.7456492637216,277,471,194,0.4118895966029724,0.5464434220339499,0.4535565779660501,0.0027520332834329,0.0740038515129655,-0.0712518182295325,-0.0821917808219178,0.1745635910224439,0.4708571428571428,0.4685714285714286,0.1474285714285714,0.368,0.9291428571428572,0.1954285714285714,0.6982857142857143,0.436,0.3517142857142857,0.3938571428571429,안정,안정,안정,0,0,0.436,0.3517142857142857,안정,0.0,0.0,1,0,1,0,0,0.5,3단계_안정정체,2,0,0.0006835564268322112,0,0.0
11215,광진구,2023-07,121374.26470588236,115500.0,1492.087076650463,1536.050572583524,68,61649.82638888889,58750.0,809.8043906573965,774.1781800857552,288,472,184,0.3898305084745763,0.5427326617393536,0.4572673382606463,0.0081215825368081,0.0012756815894072,0.0068459009474008,0.0149253731343284,0.0021231422505307,0.488,0.5154285714285715,0.5337142857142857,0.2388571428571428,0.4457142857142857,0.0308571428571428,0.0137142857142857,0.4624,0.4342857142857143,0.4483428571428571,보통,안정,안정,0,0,0.4624,0.4342857142857143,보통,-0.0220590881283961,0.0220590881283961,1,1,0,0,0,0.45,3단계_안정정체,2,0,0.0040822308237518975,0,0.0033333333333333335
11215,광진구,2023-08,116172.61904761904,116400.0,1512.772440365292,1532.6567877578364,84,63716.882575757576,60000.0,835.9937017583579,822.079662305709,264,411,147,0.3576642335766423,0.5526235668045942,0.4473764331954057,0.013863375696052,0.0323402927955243,-0.0184769170994723,0.2352941176470588,-0.1292372881355932,0.4434285714285714,0.5634285714285714,0.3691428571428571,0.0914285714285714,0.7657142857142857,0.4788571428571428,0.5497142857142857,0.438,0.4172,0.4276,안정,안정,안정,0,0,0.438,0.4172,안정,-0.032166274897934,0.032166274897934,0,0,0,0,0,0.0,1단계_활발관찰,2,0,0.0017144721286434434,0,0.0033333333333333335
11215,광진구,2023-09,121817.08860759494,115000.0,1531.107776001335,1647.6403436507003,79,57391.036697247706,55000.0,789.117485392784,780.8951169293714,218,340,122,0.3588235294117647,0.5153899011953657,0.4846100988046343,0.0121203527687321,-0.0560724515830424,0.0681928043517745,-0.0595238095238095,-0.1727493917274939,0.5965714285714285,0.5485714285714286,0.8342857142857143,0.0994285714285714,0.0742857142857142,0.1348571428571428,0.6925714285714286,0.5053142857142857,0.5505142857142857,0.5279142857142858,보통,주의,보통,0,0,0.5053142857142857,0.5505142857142857,보통,0.0011592958351224,0.0011592958351224,0,0,1,0,0,0.25,2단계_완만정체,2,0,0.028935720681308973,0,0.03
11215,광진구,2023-10,144076.7441860465,134000.0,1434.6487935680664,1479.8507919036265,43,65782.95348837209,62000.0,841.7600999716328,817.1093030231716,258,438,180,0.410958904109589,0.5867360037839783,0.4132639962160217,-0.0629994726335871,0.0667107440315377,-0.1297102166651249,-0.4556962025316455,0.2882352941176471,0.2834285714285714,0.0868571428571428,0.0605714285714285,0.3611428571428571,0.9188571428571428,0.728,0.9017142857142856,0.2649142857142857,0.2406285714285714,0.2527714285714285,낮음,낮음,낮음,0,0,0.2649142857142857,0.2406285714285714,낮음,0.0521353746978243,0.0521353746978243,0,0,1,0,0,0.25,2단계_완만정체,1,0,3.015158683957028e-07,0,0.0033333333333333335
11215,광진구,2023-11,130480.55555555556,117500.0,1501.7550271375844,1472.2226668582232,36,63775.704280155645,61290.0,804.1422583123104,800.847956659993,257,403,146,0.3622828784119106,0.5354683312397784,0.4645316687602215,0.0467753737851202,-0.0446895043618604,0.0914648781469806,-0.1627906976744185,-0.0799086757990867,0.5154285714285715,0.7862857142857143,0.9074285714285716,0.1108571428571428,0.1074285714285714,0.36,0.3645714285714285,0.5600571428571428,0.6116,0.5858285714285714,주의,주의,주의,0,0,0.5600571428571428,0.6116,주의,-0.0486760256976784,0.0486760256976784,0,0,1,0,0,0.25,2단계_완만정체,2,0,0.1704342083456348,0,0.04
11215,광진구,2023-12,108055.6603773585,104000.0,1462.598219514582,1505.9368664929048,53,64637.8629032258,62000.0,832.0271505364158,823.8686546509048,248,409,161,0.393643031784841,0.5688692488717476,0.4311307511282524,-0.0260740313269581,0.0346765661620975,-0.0607505974890557,0.4722222222222223,0.0148883374689825,0.36,0.2605714285714285,0.176,0.2617142857142857,0.784,0.7348571428571429,0.0742857142857142,0.326,0.3217714285714285,0.3238857142857143,낮음,낮음,낮음,0,0,0.326,0.3217714285714285,낮음,0.0313601533729304,0.0313601533729304,0,0,0,0,0,0.0,1단계_활발관찰,2,0,6.5871628085262e-05,0,0.0
11215,광진구,2024-01,128421.47457627118,119500.0,1406.4428296699075,1504.9448186899815,59,64246.93227091633,62000.0,814.9277884805293,793.8010173902757,251,398,147,0.3693467336683417,0.5794247524954804,0.4205752475045196,-0.0383942692500417,-0.02055144720321,-0.0178428220468317,0.1132075471698113,-0.0268948655256723,0.3165714285714285,0.1851428571428571,0.3737142857142857,0.1497142857142857,0.24,0.2685714285714285,0.1405714285714285,0.2624571428571429,0.2830857142857143,0.2727714285714286,낮음,낮음,낮음,0,0,0.2624571428571429,0.2830857142857143,낮음,-0.0242962981164993,0.0242962981164993,0,0,0,0,0,0.0,1단계_활발관찰,2,0,1.8662438225826356e-05,0,0.0
11215,광진구,2024-02,123722.72727272728,115200.0,1463.8205176027589,1446.930503671183,66,65870.93103448275,63000.0,828.0902577033105,823.8686546509048,232,366,134,0.366120218579235,0.5657047757872948,0.4342952242127051,0.0407963172924119,0.0161517000755653,0.0246446172168466,0.11864406779661,-0.0804020100502512,0.3748571428571428,0.7485714285714286,0.6548571428571428,0.1314285714285714,0.6171428571428571,0.2788571428571428,0.3702857142857143,0.512,0.4856571428571428,0.4988285714285714,보통,보통,보통,0,0,0.512,0.4856571428571428,보통,-0.0032265150891067,0.0032265150891067,0,0,0,0,0,0.0,1단계_활발관찰,2,0,0.01462650851266659,0,0.03333333333333333
11215,광진구,2024-03,118516.39344262295,110500.0,1516.3345667203375,1538.826233569786,122,68131.23481781376,63000.0,818.3171565192152,800.0941287210261,247,376,129,0.3430851063829787,0.5396679429983212,0.4603320570016788,0.03587465026353,-0.0118019758029767,0.0476766260665068,0.8484848484848484,0.0273224043715847,0.496,0.7154285714285714,0.7657142857142857,0.0571428571428571,0.3291428571428571,0.9348571428571428,0.1417142857142857,0.5222857142857142,0.6073142857142856,0.5648,보통,주의,주의,0,0,0.5222857142857142,0.6073142857142856,보통,-0.0230351121962563,0.0230351121962563,0,0,0,0,0,0.0,1단계_활발관찰,2,0,0.08611227492969059,0,0.07333333333333333
11215,광진구,2024-04,126510.625,119750.0,1570.4651535573885,1584.571579438394,80,69566.09375,63500.0,842.8531597167624,825.0528875069202,192,313,121,0.3865814696485623,0.536690137827985,0.463309862172015,0.0356983135681787,0.029983488678049,0.0057148248901297,-0.3442622950819672,-0.1675531914893616,0.5108571428571429,0.7142857142857143,0.5314285714285715,0.2228571428571428,0.7485714285714286,0.6171428571428571,0.6742857142857143,0.5464000000000001,0.5385142857142857,0.542457142857143,주의,보통,보통,0,0,0.5464000000000001,0.5385142857142857,주의,0.0434963632655836,0.0434963632655836,0,0,1,0,0,0.25,2단계_완만정체,2,0,0.017622106920115874,0,0.03333333333333333
11215,광진구,2024-05,119316.36363636365,117850.0,1519.5302575595322,1578.2345028526706,110,62790.985,60000.0,831.5004082050478,823.8201718253501,200,325,125,0.3846153846153846,0.5472088522544417,0.4527911477455583,-0.0324329997914818,-0.013469429853629,-0.0189635699378527,0.375,0.0383386581469649,0.4651428571428571,0.2171428571428571,0.3634285714285714,0.2137142857142857,0.3062857142857143,0.6462857142857142,0.1862857142857142,0.3292,0.3830857142857143,0.3561428571428571,낮음,안정,안정,0,0,0.3292,0.3830857142857143,낮음,-0.0019660850331777,0.0019660850331777,0,0,0,0,0,0.0,1단계_활발관찰,2,0,0.00019535171884021966,0,0.0
11215,광진구,2024-06,111443.82978723403,115000.0,1561.350264745636,1576.6088576752186,235,66779.5076923077,63000.0,851.8622644614929,849.8583569405099,195,319,124,0.3887147335423197,0.5455933134902771,0.4544066865097229,0.0275216679484022,0.0244880893088195,0.0030335786395827,1.1363636363636362,-0.0184615384615384,0.4754285714285714,0.664,0.5165714285714286,0.2308571428571428,0.7005714285714286,0.9702857142857144,0.0897142857142857,0.5166285714285714,0.5484571428571429,0.5325428571428572,보통,주의,보통,0,0,0.5166285714285714,0.5484571428571429,보통,0.0040993489269351,0.0040993489269351,0,0,0,0,0,0.0,1단계_활발관찰,2,0,0.04722903613805251,0,0.09666666666666666
11215,광진구,2024-07,129946.9512195122,126250.0,1622.809689318261,1644.5297219233598,246,68146.15789473684,63450.0,864.2247222754285,837.9420144126026,190,324,134,0.4135802469135802,0.5325484115383163,0.4674515884616836,0.0393629962221433,0.0145122730864837,0.0248507231356596,0.0468085106382978,0.0156739811912225,0.5245714285714286,0.7382857142857143,0.6582857142857143,0.376,0.5977142857142858,0.112,0.0822857142857142,0.5897714285714286,0.5446285714285715,0.5672,주의,보통,주의,0,0,0.5897714285714286,0.5446285714285715,주의,0.0248655133712604,0.0248655133712604,0,0,0,0,0,0.0,1단계_활발관찰,2,0,0.10239960894882973,0,0.09333333333333334
11215,광진구,2024-08,134065.11627906977,138500.0,1689.1244292562062,1736.709532016439,129,71543.67475728155,65000.0,892.3801271354962,870.546764389934,206,339,133,0.3923303834808259,0.5283092895225305,0.4716907104774694,0.0408641508455644,0.032578800553098,0.0082853502924664,-0.4756097560975609,0.0462962962962962,0.5405714285714286,0.7508571428571429,0.5428571428571428,0.2548571428571428,0.7691428571428571,0.736,0.2114285714285714,0.5736000000000001,0.5741714285714287,0.5738857142857143,주의,주의,주의,0,0,0.5736000000000001,0.5741714285714287,주의,-0.0212498634327543,0.0212498634327543,0,0,1,0,0,0.25,2단계_완만정체,2,0,0.03823794352362497,0,0.056666666666666664
11215,광진구,2024-09,113209.74324324324,111750.0,1545.0738722906483,1569.123881300047,74,69580.4129032258,65000.0,866.8282904130856,870.6906694905283,155,292,137,0.4691780821917808,0.5610270848266755,0.4389729151733245,-0.08528119922402,-0.0286333547167068,-0.0566478445073131,-0.4263565891472868,-0.1386430678466076,0.392,0.0525714285714285,0.1908571428571428,0.6628571428571428,0.184,0.6971428571428572,0.592,0.2867428571428571,0.3314285714285714,0.3090857142857142,낮음,낮음,낮음,0,0,0.2867428571428571,0.3314285714285714,낮음,0.0768476987109549,0.0768476987109549,0,0,1,0,1,0.35,2단계_완만정체,1,0,1.9089558214905104e-06,0,0.0
11215,광진구,2024-10,127340.02739726027,125000.0,1524.2114981334962,1566.5488810365134,73,68947.53023255814,62500.0,839.4302006507735,835.8408559010364,215,355,140,0.3943661971830985,0.5507307887906072,0.4492692112093928,-0.0135025091882647,-0.0316072860857548,0.01810477689749,-0.0135135135135134,0.2157534246575343,0.4525714285714285,0.3428571428571428,0.616,0.2662857142857143,0.16,0.0285714285714285,0.8091428571428572,0.4006285714285714,0.4104571428571428,0.4055428571428571,안정,안정,안정,0,0,0.4006285714285714,0.4104571428571428,안정,-0.0748118850086823,0.0748118850086823,0,0,1,0,1,0.35,2단계_완만정체,2,0,0.0010118191641183972,0,0.006666666666666667
11215,광진구,2024-11,137758.0,131000.0,1670.0576640481754,1687.0273414776032,75,65222.40291262136,63000.0,861.6305509369769,867.6501927210734,206,352,146,0.4147727272727273,0.5159286229964104,0.4840713770035896,0.0956863047505403,0.0264469282484622,0.069239376502078,0.0273972602739727,-0.0084507042253521,0.5931428571428572,0.9405714285714286,0.8377142857142857,0.3851428571428571,0.7222857142857143,0.0617142857142857,0.0445714285714285,0.7106285714285715,0.6498285714285715,0.6802285714285715,높음,높음,높음,1,0,0.7106285714285715,0.6498285714285715,높음,0.0204065300896287,0.0204065300896287,0,0,0,0,0,0.0,1단계_활발관찰,2,1,0.9606273019986401,1,0.93
11215,광진구,2024-12,119923.73333333334,120000.0,1604.256755699682,1602.6396417629037,75,65093.80357142857,60750.0,843.7152556852789,838.8567982711317,224,466,242,0.51931330472103,0.525922831671231,0.474077168328769,-0.0394003810557018,-0.0207923166515116,-0.0186080644041902,0.0,0.3238636363636364,0.5542857142857143,0.1817142857142857,0.368,0.8571428571428571,0.2388571428571428,0.0045714285714285,0.9348571428571428,0.4377714285714286,0.4085142857142857,0.4231428571428571,안정,안정,안정,0,0,0.4377714285714286,0.4085142857142857,안정,0.1045405774483027,0.1045405774483027,0,0,0,0,1,0.1,1단계_활발관찰,0,0,0.001975004710855636,0,0.01
11215,광진구,2025-01,132030.94791666666,128250.0,1623.9716589440156,1648.6104569006122,96,63125.58767772512,60000.0,837.0946929385213,812.1019108280256,211,427,216,0.5058548009367682,0.5154613926469878,0.4845386073530122,0.0122891196650971,-0.0078469160088615,0.0201360356739587,0.28,-0.0836909871244635,0.5942857142857143,0.5497142857142857,0.6308571428571429,0.8171428571428572,0.3645714285714285,0.5411428571428571,0.3794285714285714,0.6009142857142857,0.6114857142857143,0.6062000000000001,주의,주의,주의,0,0,0.6009142857142857,0.6114857142857143,주의,-0.0134585037842618,0.0134585037842618,0,1,0,0,0,0.2,1단계_활발관찰,2,0,0.1659068561077348,0,0.07333333333333333
11215,광진구,2025-02,135276.82926829267,129500.0,1650.2170657786812,1723.9343488015115,164,62876.28515625,60000.0,824.3899510904574,805.0478633317273,256,465,209,0.4494623655913978,0.4995645531646807,0.5004354468353193,0.0161612468358787,-0.0151771859925015,0.0313384328283802,0.7083333333333333,0.0889929742388759,0.6582857142857143,0.584,0.6868571428571428,0.5645714285714286,0.2948571428571429,0.8857142857142857,0.4011428571428571,0.5950285714285715,0.6639428571428571,0.6294857142857142,주의,높음,주의,1,0,0.5950285714285715,0.6639428571428571,주의,-0.0563924353453703,0.0563924353453703,0,0,0,0,0,0.0,1단계_활발관찰,3,0,0.3232585996279576,1,0.7
11215,광진구,2025-03,145395.67567567568,143000.0,1747.1131821145736,1765.121204989409,259,66773.2723880597,60350.0,832.043862163464,806.6057303014596,268,518,250,0.4826254826254826,0.4762392446472306,0.5237607553527694,0.0587171944499134,0.0092843332974672,0.0494328611524461,0.5792682926829269,0.1139784946236559,0.7394285714285714,0.8377142857142857,0.7748571428571429,0.7234285714285714,0.5382857142857143,0.8217142857142857,0.4982857142857143,0.7485714285714287,0.7745714285714286,0.7615714285714286,높음,높음,높음,1,1,0.7485714285714287,0.7745714285714286,높음,0.0331631170340848,0.0331631170340848,0,1,0,0,0,0.2,1단계_활발관찰,3,1,0.9792769886911582,1,0.9966666666666667
11215,광진구,2025-04,134567.82857142857,127000.0,1661.3578462214136,1674.9015995310276,175,67806.24745762712,64000.0,859.05760176613,822.4891558224892,295,506,211,0.41699604743083,0.5170816171362284,0.4829183828637716,-0.0490840185805067,0.0324667254108759,-0.0815507439913826,-0.3243243243243243,-0.0231660231660231,0.5885714285714285,0.136,0.1177142857142857,0.3988571428571428,0.768,0.5954285714285714,0.1222857142857142,0.3707428571428571,0.3620571428571428,0.3664,안정,안정,안정,0,0,0.3707428571428571,0.3620571428571428,안정,-0.0656294351946525,0.0656294351946525,0,0,1,0,1,0.35,2단계_완만정체,1,0,4.245648941051242e-05,0,0.0
11215,광진구,2025-05,146906.6535433071,139125.0,1730.637403719333,1748.3712495803547,254,67692.14285714286,63000.0,869.9919905246882,831.316565533593,252,409,157,0.3838630806845965,0.502700328014972,0.497299671985028,0.0417005629795461,0.012728353414344,0.028972209565202,0.4514285714285715,-0.191699604743083,0.6434285714285715,0.7565714285714286,0.6788571428571428,0.2102857142857143,0.5782857142857143,0.7211428571428572,0.7542857142857143,0.6073142857142857,0.6393714285714285,0.6233428571428571,주의,주의,주의,1,0,0.6073142857142857,0.6393714285714285,주의,-0.0331329667462335,0.0331329667462335,0,0,0,0,0,0.0,1단계_활발관찰,2,0,0.3188208576913259,1,0.7766666666666666
11215,광진구,2025-06,147907.3033707865,139750.0,1772.6179457085193,1765.8485452625991,356,73486.92783505155,69000.0,893.1215910170666,872.6003490401396,291,425,134,0.3152941176470588,0.5038432523936137,0.4961567476063863,0.024257271857736,0.0265859924508375,-0.0023287205931015,0.4015748031496062,0.0391198044009779,0.6377142857142857,0.6411428571428571,0.4834285714285714,0.016,0.7245714285714285,0.6754285714285714,0.1874285714285714,0.5231428571428571,0.5414285714285715,0.5322857142857143,보통,보통,보통,0,0,0.5231428571428571,0.5414285714285715,보통,-0.0685689630375377,0.0685689630375377,0,0,0,0,1,0.1,1단계_활발관찰,2,0,0.024731794606603855,0,0.013333333333333334
11215,광진구,2025-07,137132.92682926828,134250.0,1740.1053802052982,1772.579815701497,82,71777.74893617022,65000.0,873.3712397661532,839.7715821296607,235,397,162,0.4080604534005038,0.5019070969501356,0.4980929030498644,-0.0183415527197687,-0.0221138436799206,0.0037722909601518,-0.7696629213483146,-0.0658823529411765,0.6445714285714286,0.3108571428571428,0.52,0.3497142857142857,0.2297142857142857,0.9062857142857144,0.2914285714285714,0.4505142857142857,0.5433714285714285,0.4969428571428571,안정,보통,보통,0,0,0.4505142857142857,0.5433714285714285,안정,0.092766335753445,0.092766335753445,0,0,1,0,1,0.35,2단계_완만정체,4,0,0.0017453727514422576,0,0.006666666666666667
11215,광진구,2025-08,137441.03773584907,136500.0,1776.0012977300914,1765.5093479081795,106,69003.89690721649,62300.0,859.6173877059152,834.4459511448607,194,311,117,0.3762057877813505,0.4840184457098048,0.5159815542901951,0.0206285883217935,-0.015748002033958,0.0363765903557516,0.2926829268292683,-0.216624685138539,0.7142857142857143,0.6125714285714285,0.7108571428571429,0.1794285714285714,0.2868571428571428,0.5651428571428572,0.8102857142857143,0.5652,0.6246857142857143,0.5949428571428572,주의,주의,주의,0,0,0.5652,0.6246857142857143,주의,-0.0318546656191532,0.0318546656191532,0,0,0,0,0,0.0,1단계_활발관찰,2,0,0.17196484326086217,0,0.22
11215,광진구,2025-09,148376.9607843137,145000.0,1896.4037753995824,1930.81819056268,306,69554.11666666667,64000.0,866.0533529612657,859.2279790724024,240,423,183,0.4326241134751773,0.4566819388338243,0.5433180611661756,0.0677941383395257,0.0074870114860359,0.0603071268534898,1.8867924528301887,0.360128617363344,0.8045714285714286,0.8731428571428571,0.8125714285714286,0.496,0.52,0.9988571428571428,0.96,0.7485714285714287,0.8088571428571428,0.7787142857142857,높음,높음,높음,1,1,0.7485714285714287,0.8088571428571428,높음,0.0564183256938268,0.0564183256938268,0,1,0,1,0,0.4,2단계_완만정체,3,1,0.9984787291373503,1,0.9933333333333333
11215,광진구,2025-10,152147.5,158500.0,1897.571215556613,1917.335614544889,260,74500.36150234741,70000.0,904.5257184316348,898.5507246376811,213,376,163,0.4335106382978723,0.4766755055178844,0.5233244944821156,0.0006156073786471,0.0444226274730328,-0.0438070200943856,-0.1503267973856209,-0.1111111111111111,0.7371428571428571,0.448,0.2388571428571428,0.504,0.8422857142857143,0.3371428571428571,0.4845714285714286,0.5407428571428572,0.4914285714285714,0.5160857142857143,보통,보통,보통,0,0,0.5407428571428572,0.4914285714285714,보통,0.0008865248226949,0.0008865248226949,1,0,1,0,0,0.5,3단계_안정정체,4,0,0.02144192672557303,0,0.03
11215,광진구,2025-11,115657.65789473684,105000.0,1636.5191861406977,1519.5613763415558,38,72947.83208955223,68625.0,913.8357267876332,879.8391151332328,268,517,249,0.4816247582205029,0.5584020856747032,0.4415979143252968,-0.1375716638594463,0.0102926961238218,-0.1478643599832682,-0.8538461538461538,0.375,0.4068571428571428,0.0228571428571428,0.0422857142857142,0.7211428571428572,0.5554285714285714,0.936,0.968,0.2999428571428572,0.3232571428571428,0.3116,낮음,낮음,낮음,0,0,0.2999428571428572,0.3232571428571428,낮음,0.0481141199226305,0.0481141199226305,0,0,1,0,0,0.25,2단계_완만정체,1,0,9.299167426337629e-09,0,0.0033333333333333335
11215,광진구,2025-12,140544.14705882352,159500.0,1879.7314069166343,1959.660978775994,68,75643.77777777778,70000.0,915.1951960805496,914.5748200038918,243,464,221,0.4762931034482758,0.4868755146150187,0.5131244853849812,0.1486155633466719,0.0014876517223672,0.1471279116243047,0.7894736842105263,-0.1025145067698258,0.704,0.9817142857142858,0.9657142857142856,0.6982857142857143,0.4502857142857143,0.9154285714285716,0.456,0.7995428571428571,0.8455428571428572,0.8225428571428571,높음,높음,높음,1,1,0.7995428571428571,0.8455428571428572,높음,-0.005331654772227,0.005331654772227,0,1,0,0,0,0.2,1단계_활발관찰,3,1,0.9999896814275732,1,0.9933333333333333
11215,광진구,2026-01,138812.35294117648,149000.0,1828.61294622303,1964.9293181608855,68,73373.13617021276,68250.0,931.2645527648916,890.7892392659896,235,445,210,0.4719101123595505,0.5092737392505087,0.4907262607494913,-0.0271945558314925,0.0175583927375944,-0.0447529485690869,0.0,-0.0409482758620689,0.6137142857142858,0.2491428571428571,0.2354285714285714,0.6777142857142857,0.6331428571428571,0.0045714285714285,0.1954285714285714,0.4584571428571428,0.3917142857142858,0.4250857142857143,안정,안정,안정,0,0,0.4584571428571428,0.3917142857142858,안정,-0.0043829910887253,0.0043829910887253,0,0,0,0,0,0.0,1단계_활발관찰,4,0,0.0019884167069465337,0,0.0
11215,광진구,2026-02,140761.64556962025,148000.0,1868.840401212831,1837.790249807417,79,74414.01734104047,68250.0,902.738041022451,875.1458576429404,173,419,246,0.5871121718377088,0.4830471561063194,0.5169528438936806,0.021998889963505,-0.0306320171402922,0.0526309071037973,0.161764705882353,-0.0584269662921348,0.7188571428571429,0.6228571428571429,0.7897142857142857,0.9577142857142856,0.1657142857142857,0.3588571428571429,0.2628571428571428,0.6895428571428571,0.7052571428571429,0.6974,높음,높음,높음,1,0,0.6895428571428571,0.7052571428571429,높음,0.1152020594781583,0.1152020594781583,0,0,0,0,1,0.1,1단계_활발관찰,0,1,0.9052737006419268,1,0.7566666666666667
11215,광진구,2026-03,129663.33333333331,129000.0,1805.6643224458596,1952.9161354663815,60,77438.52071005917,70000.0,926.2695968177612,924.1620448517,169,421,252,0.5985748218527316,0.5129799516463194,0.4870200483536806,-0.0338049620106519,0.0260668707044382,-0.0598718327150902,-0.240506329113924,0.0047732696897375,0.6034285714285714,0.2125714285714285,0.1782857142857143,0.968,0.7177142857142857,0.4868571428571429,0.0251428571428571,0.4868,0.4437714285714286,0.4652857142857143,보통,안정,보통,0,0,0.4868,0.4437714285714286,보통,0.0114626500150227,0.0114626500150227,0,0,1,0,0,0.25,2단계_완만정체,0,0,0.004768200593888222,0,0.006666666666666667
11215,광진구,2026-04,139903.4090909091,145500.0,1851.6218468705629,1812.0286882263977,88,77664.69677419355,70000.0,939.5692156290244,938.4950561421148,155,279,124,0.4444444444444444,0.5074304006603703,0.4925695993396297,0.0254518649194173,0.0143582590392201,0.0110936058801971,0.4666666666666665,-0.33729216152019,0.6182857142857143,0.6537142857142857,0.5622857142857143,0.548,0.5954285714285714,0.7337142857142858,0.9417142857142856,0.6031142857142857,0.6158857142857143,0.6094999999999999,주의,주의,주의,0,0,0.6031142857142857,0.6158857142857143,주의,-0.1541303774082871,0.1541303774082871,0,0,0,0,1,0.1,1단계_활발관찰,2,0,0.18453725542743848,0,0.11666666666666667
11530,구로구,2023-06,63573.21428571428,62500.0,926.8635391211432,925.5531416520062,140,36390.58588235294,36000.0,512.9360589606245,500.3335557038025,425,765,340,0.4444444444444444,0.5534105478428821,0.4465894521571178,0.0650816983040687,0.0266001147724024,0.0384815835316663,0.0218978102189781,-0.0192307692307692,0.4388571428571428,0.864,0.7245714285714285,0.548,0.7257142857142858,0.0491428571428571,0.0982857142857142,0.6473428571428572,0.5672571428571428,0.6073,높음,주의,주의,0,0,0.6473428571428572,0.5672571428571428,높음,0.0,0.0,0,0,0,0,0,0.0,1단계_활발관찰,2,0,0.35589638648452027,0,0.21666666666666667
11530,구로구,2023-07,69297.96621621621,65500.0,944.902507855924,959.099702348612,148,36607.217054263565,36000.0,523.8196841191501,515.3231333707802,387,707,320,0.4526166902404526,0.5543637356913658,0.4456362643086342,0.0194623781963474,0.0212182882610738,-0.0017559100647264,0.0571428571428571,-0.0758169934640522,0.4308571428571429,0.6068571428571429,0.4868571428571429,0.5828571428571429,0.6731428571428572,0.1285714285714285,0.3394285714285714,0.5330857142857142,0.4650285714285714,0.4990571428571427,보통,보통,보통,0,0,0.5330857142857142,0.4650285714285714,보통,0.0081722457960081,0.0081722457960081,0,0,0,0,0,0.0,1단계_활발관찰,2,0,0.012510540638781133,0,0.0
11530,구로구,2023-08,69179.19254658386,69500.0,961.8344555769974,954.3108932821226,161,32310.506072874497,31250.0,458.7675394037739,459.04495115765417,494,924,430,0.4653679653679654,0.4769714130573152,0.5230285869426847,0.0179192536587649,-0.1241880492230207,0.1421073028817856,0.0878378378378379,0.306930693069307,0.736,0.5942857142857143,0.9588571428571429,0.6457142857142857,0.0228571428571428,0.2057142857142857,0.9165714285714286,0.6602857142857144,0.7013142857142858,0.6808000000000001,높음,높음,높음,1,0,0.6602857142857144,0.7013142857142858,높음,0.0127512751275127,0.0127512751275127,0,0,0,0,0,0.0,1단계_활발관찰,3,1,0.9002306098276301,1,0.9566666666666667
11530,구로구,2023-09,64784.43708609272,65000.0,917.3117847113814,879.7476034461838,151,32992.06882591093,31000.0,464.47267586198336,463.1058968817536,494,824,330,0.4004854368932038,0.5063411193481209,0.4936588806518791,-0.0462893282804129,0.0124357893011,-0.058725117581513,-0.062111801242236,-0.1082251082251082,0.6274285714285714,0.1451428571428571,0.184,0.2982857142857142,0.5771428571428572,0.1417142857142857,0.4742857142857143,0.3637714285714286,0.3386285714285714,0.3511999999999999,안정,안정,안정,0,0,0.3637714285714286,0.3386285714285714,안정,-0.0648825284747615,0.0648825284747615,0,0,1,0,1,0.35,2단계_완만정체,2,0,0.00013075162418332023,0,0.0
11530,구로구,2023-10,63882.04918032787,61100.0,927.0266719709236,880.2378566532656,122,33876.62813102119,33000.0,482.5475486783219,471.48572223361646,519,929,410,0.4413347685683531,0.5205325405065121,0.4794674594934879,0.0105906055296116,0.038914824823214,-0.0283242192936024,-0.1920529801324503,0.1274271844660195,0.5794285714285714,0.5394285714285715,0.3142857142857143,0.5394285714285715,0.8102857142857143,0.4171428571428571,0.5417142857142857,0.5334857142857143,0.4849142857142857,0.5092000000000001,보통,보통,보통,0,0,0.5334857142857143,0.4849142857142857,보통,0.0408493316751492,0.0408493316751492,0,0,1,0,0,0.25,2단계_완만정체,2,0,0.01127057109806405,0,0.016666666666666666
11530,구로구,2023-11,61051.6129032258,59500.0,920.7259850508284,884.070058381985,93,37159.68309859155,36000.0,511.3450460249307,506.0847879775573,426,691,265,0.3835021707670043,0.555371581042868,0.444628418957132,-0.0067966619630257,0.0596780512624797,-0.0664747132255054,-0.2377049180327869,-0.2561894510226049,0.424,0.3885714285714285,0.1565714285714285,0.208,0.8948571428571429,0.4834285714285714,0.8697142857142857,0.3763428571428571,0.3344,0.3553714285714285,안정,낮음,안정,0,0,0.3763428571428571,0.3344,안정,-0.0578325978013487,0.0578325978013487,1,0,1,0,0,0.5,3단계_안정정체,2,0,0.00011156734413227435,0,0.0033333333333333335
11530,구로구,2023-12,63344.642857142855,63750.0,894.903091411904,871.5366790611022,84,34277.26865671642,33000.0,464.7954707441116,470.8097928436912,603,934,331,0.354389721627409,0.5193807857013834,0.4806192142986166,-0.0280462309722896,-0.0910335900243562,0.0629873590520666,-0.0967741935483871,0.3516642547033284,0.5828571428571429,0.2411428571428571,0.8182857142857143,0.088,0.0388571428571428,0.2297142857142857,0.9474285714285714,0.4158857142857142,0.4885714285714285,0.4522285714285714,안정,보통,안정,0,0,0.4158857142857142,0.4885714285714285,안정,-0.0291124491395953,0.0291124491395953,0,0,1,0,0,0.25,2단계_완만정체,2,0,0.0018144679135453957,0,0.11666666666666667
11530,구로구,2024-01,62340.29197080292,60000.0,862.8417322270341,856.7729786983641,137,38198.939457202505,38000.0,543.8372889410961,550.1833944648216,479,884,405,0.4581447963800905,0.6302862606534191,0.3697137393465809,-0.0358266269192188,0.170057204022326,-0.2058838309415449,0.6309523809523809,-0.0535331905781584,0.1085714285714285,0.2,0.0205714285714285,0.6217142857142857,0.9817142857142858,0.8514285714285714,0.2434285714285714,0.2781142857142857,0.2304571428571429,0.2542857142857143,낮음,낮음,낮음,0,0,0.2781142857142857,0.2304571428571429,낮음,0.1037550747526814,0.1037550747526814,0,0,0,0,1,0.1,1단계_활발관찰,1,0,4.4132678653347404e-07,0,0.0033333333333333335
11530,구로구,2024-02,62736.86440677966,64000.0,918.603709657802,906.0422458849214,118,36458.18625277162,38000.0,546.3928033543468,531.0674455655868,451,848,397,0.4681603773584906,0.5948079651865209,0.4051920348134791,0.0646259625004965,0.0046990422783008,0.0599269202221957,-0.1386861313868613,-0.0407239819004524,0.2548571428571428,0.8617142857142858,0.8102857142857143,0.656,0.4891428571428571,0.3154285714285714,0.1942857142857142,0.6012571428571429,0.5612571428571429,0.5812571428571429,주의,주의,주의,0,0,0.6012571428571429,0.5612571428571429,주의,0.0100155809784001,0.0100155809784001,0,1,1,0,0,0.45,3단계_안정정체,0,0,0.14767504664548453,0,0.2733333333333333
11530,구로구,2024-03,65103.00925925926,61650.0,892.5140113267373,869.0647998016811,216,38549.52760736196,38000.0,551.5067207663604,531.5291266149627,489,882,393,0.445578231292517,0.6179250003554972,0.3820749996445027,-0.0284014728623113,0.0093594157547809,-0.0377608886170922,0.8305084745762712,0.0400943396226414,0.1542857142857142,0.2377142857142857,0.2685714285714285,0.552,0.5405714285714286,0.9325714285714286,0.1908571428571428,0.2962857142857142,0.3171428571428571,0.3067142857142857,낮음,낮음,낮음,0,0,0.2962857142857142,0.3171428571428571,낮음,-0.0225821460659735,0.0225821460659735,0,1,0,0,0,0.2,1단계_활발관찰,0,0,4.278104816197422e-05,0,0.0
11530,구로구,2024-04,64248.642533936654,64000.0,923.4963150264272,900.900900900901,221,33593.418386491554,32000.0,475.96193039930824,478.9272030651341,533,885,352,0.3977401129943503,0.5153912610746995,0.4846087389253005,0.034713520803594,-0.1369789116297204,0.1716924324333144,0.0231481481481481,0.0034013605442175,0.5954285714285714,0.7051428571428572,0.9794285714285714,0.288,0.0171428571428571,0.0514285714285714,0.0194285714285714,0.5957142857142858,0.6282285714285715,0.6119714285714286,주의,주의,주의,0,0,0.5957142857142858,0.6282285714285715,주의,-0.0478381182981667,0.0478381182981667,0,0,0,0,0,0.0,1단계_활발관찰,3,1,0.7240009113425377,0,0.23666666666666666
11530,구로구,2024-05,65798.70689655172,62750.0,933.9314465416978,917.8630265944928,232,37542.86265060241,36800.0,556.573919183736,548.6908236946645,415,866,451,0.5207852193995381,0.5959472948948253,0.4040527051051746,0.0112995919371612,0.169366463231205,-0.1580668712940438,0.0497737556561086,-0.0214689265536722,0.2434285714285714,0.5417142857142857,0.04,0.8605714285714285,0.9805714285714284,0.1131428571428571,0.1085714285714285,0.4436,0.3009142857142857,0.3722571428571428,안정,낮음,안정,0,0,0.4436,0.3009142857142857,안정,0.1230451064051878,0.1230451064051878,0,0,0,0,1,0.1,1단계_활발관찰,1,0,0.00015895709653731264,0,0.0
11530,구로구,2024-06,74217.64705882352,70000.0,983.8804776458298,942.6092759426092,255,39151.09819121447,38000.0,575.0366441295472,550.4587155963302,387,804,417,0.5186567164179104,0.5844578251064199,0.4155421748935801,0.0534825455220411,0.0331720986367602,0.0203104468852808,0.0991379310344826,-0.0715935334872979,0.2971428571428571,0.8171428571428572,0.632,0.8525714285714285,0.7725714285714286,0.2365714285714285,0.3211428571428571,0.6249714285714285,0.5343428571428572,0.5796571428571429,주의,보통,주의,0,0,0.6249714285714285,0.5343428571428572,주의,-0.0021285029816277,0.0021285029816277,0,0,0,0,0,0.0,1단계_활발관찰,0,0,0.14556593186893207,0,0.043333333333333335
11530,구로구,2024-07,70363.16614420063,70900.0,1004.2837551748612,999.1039426523296,319,37783.30580357143,36400.0,563.0409022747075,540.5651759330644,448,1054,606,0.5749525616698292,0.5606392609394278,0.4393607390605721,0.0207375570433627,-0.0208608303093414,0.0415983873527042,0.2509803921568627,0.3109452736318407,0.3942857142857143,0.6137142857142858,0.7451428571428571,0.9474285714285714,0.2377142857142857,0.5017142857142857,0.9188571428571428,0.5866285714285715,0.5919428571428572,0.5892857142857144,주의,주의,주의,0,0,0.5866285714285715,0.5919428571428572,주의,0.0562958452519187,0.0562958452519187,0,0,0,0,0,0.0,1단계_활발관찰,0,0,0.23116001357949484,0,0.17
11530,구로구,2024-08,66526.4798206278,64000.0,948.491758772454,941.008732846195,223,39599.6608040201,39000.0,567.0639775707398,562.5366044705063,398,980,582,0.5938775510204082,0.5978586237846059,0.4021413762153941,-0.0555540165963284,0.0071452629458692,-0.0626992795421976,-0.3009404388714733,-0.0702087286527514,0.232,0.1085714285714285,0.1691428571428571,0.9668571428571427,0.5177142857142857,0.5748571428571428,0.3165714285714285,0.3273714285714285,0.2993714285714285,0.3133714285714285,낮음,낮음,낮음,0,0,0.3273714285714285,0.2993714285714285,낮음,0.0189249893505789,0.0189249893505789,0,1,1,0,0,0.45,3단계_안정정체,0,0,2.439112270124626e-05,0,0.0
11530,구로구,2024-09,64722.35294117647,64620.0,944.6566793180148,930.285769726861,136,37912.75153374233,37150.0,549.2595356612917,557.9528832408255,326,763,437,0.5727391874180865,0.5814382597260881,0.4185617402739119,-0.0040433450464586,-0.0313975893614703,0.0273542443150116,-0.3901345291479821,-0.2214285714285714,0.3097142857142857,0.4125714285714286,0.6708571428571428,0.944,0.1611428571428571,0.6628571428571428,0.8228571428571428,0.487942857142857,0.5193142857142857,0.5036285714285714,보통,보통,보통,0,0,0.487942857142857,0.5193142857142857,보통,-0.0211383636023216,0.0211383636023216,1,0,1,0,0,0.5,3단계_안정정체,0,0,0.005652703177472785,0,0.01
11530,구로구,2024-10,68431.31868131868,66000.0,968.6704823894252,951.875837427423,182,39527.378531073446,38000.0,572.4721900869843,564.4836654622083,354,735,381,0.5183673469387755,0.5909875447787608,0.4090124552212392,0.0254206672086911,0.0422617231355759,-0.0168410559268847,0.3382352941176469,-0.036697247706422,0.2697142857142857,0.6525714285714286,0.384,0.8502857142857143,0.832,0.6034285714285714,0.1828571428571428,0.5316000000000001,0.4662857142857143,0.4989428571428572,보통,보통,보통,0,0,0.5316000000000001,0.4662857142857143,보통,-0.0543718404793109,0.0543718404793109,0,0,0,0,0,0.0,1단계_활발관찰,0,0,0.012491373087097773,0,0.006666666666666667
11530,구로구,2024-11,68337.51937984496,67000.0,998.412734377734,955.8424394043096,129,40018.206896551725,38000.0,557.37089547077,536.2654320987654,319,677,358,0.5288035450516987,0.5582569976114682,0.4417430023885318,0.0307041997552597,-0.0263790885875515,0.0570832883428112,-0.2912087912087912,-0.0789115646258503,0.408,0.6834285714285714,0.7988571428571428,0.8731428571428571,0.1977142857142857,0.5611428571428572,0.36,0.6037714285714285,0.6226285714285713,0.6132,주의,주의,주의,0,0,0.6037714285714285,0.6226285714285713,주의,0.0104361981129231,0.0104361981129231,0,0,1,0,0,0.25,2단계_완만정체,0,0,0.1455702635493051,0,0.09
11530,구로구,2024-12,68457.6,64000.0,945.9666926934336,917.2781854569712,125,38918.114457831325,38000.0,576.1909883018978,565.3930274120487,332,776,444,0.5721649484536082,0.6091028286221365,0.3908971713778635,-0.0525294198265484,0.0337658334585839,-0.0862952532851324,-0.0310077519379845,0.1462333825701625,0.1828571428571428,0.1234285714285714,0.1085714285714285,0.9417142857142856,0.776,0.072,0.6114285714285714,0.3262857142857143,0.2172,0.2717428571428572,낮음,낮음,낮음,0,0,0.3262857142857143,0.2172,낮음,0.0433614034019095,0.0433614034019095,0,0,1,0,0,0.25,2단계_완만정체,0,0,1.2742593508084843e-05,0,0.0
11530,구로구,2025-01,65956.25,64800.0,947.0116832209804,936.3518282613236,136,38386.09063444109,37000.0,549.3762875129564,531.0255504533144,331,803,472,0.5877957658779577,0.5801156387473652,0.4198843612526348,0.0011046800438303,-0.0465378690978272,0.0476425491416575,0.088,0.0347938144329897,0.3142857142857143,0.4525714285714285,0.7645714285714286,0.9588571428571429,0.104,0.2068571428571428,0.1771428571428571,0.5145714285714285,0.5082285714285715,0.5114,보통,보통,보통,0,0,0.5145714285714285,0.5082285714285715,보통,0.0156308174243494,0.0156308174243494,1,0,0,0,0,0.25,2단계_완만정체,0,0,0.03356796020185894,0,0.0033333333333333335
11530,구로구,2025-02,66225.55555555556,64000.0,962.9351849275575,930.9309309309308,225,39868.472160356345,37000.0,554.6201115144368,530.0977735893509,449,1005,556,0.5532338308457712,0.5759682688883794,0.4240317311116206,0.0168144722907939,0.0095450497603732,0.0072694225304206,0.6544117647058822,0.2515566625155665,0.3302857142857143,0.5908571428571429,0.536,0.9154285714285716,0.5485714285714286,0.8605714285714285,0.8651428571428571,0.5461714285714286,0.5453714285714286,0.5457714285714286,주의,보통,보통,0,0,0.5461714285714286,0.5453714285714286,주의,-0.0345619350321865,0.0345619350321865,0,1,0,0,0,0.2,1단계_활발관찰,0,0,0.06351314142033156,0,0.02
11530,구로구,2025-03,69533.61344537816,67000.0,981.0321009800308,924.170616113744,357,39966.2802690583,39150.0,567.1807398306029,546.9382671155556,446,889,443,0.4983127109111361,0.578146973237676,0.4218530267623239,0.0187934934102906,0.0226472644164819,-0.0038537710061912,0.5866666666666667,-0.1154228855721393,0.3211428571428571,0.6,0.4708571428571428,0.7874285714285715,0.6845714285714286,0.8285714285714286,0.5017142857142857,0.5270857142857143,0.5117142857142857,0.5194,보통,보통,보통,0,0,0.5270857142857143,0.5117142857142857,보통,-0.054921119934635,0.054921119934635,0,0,0,0,0,0.0,1단계_활발관찰,0,0,0.0169240821068697,0,0.006666666666666667
11530,구로구,2025-04,69527.95698924731,68500.0,977.926463846942,964.7172319674348,279,38348.661577608145,39000.0,539.878651699684,531.3014827018121,393,1004,611,0.6085657370517928,0.5520646711777523,0.4479353288222477,-0.0031656834980081,-0.0481364866851314,0.0449708031871233,-0.2184873949579832,0.1293588301462316,0.4468571428571428,0.4217142857142857,0.7577142857142857,0.976,0.0948571428571428,0.4605714285714286,0.5508571428571428,0.5469142857142857,0.5738285714285714,0.5603714285714285,주의,주의,주의,0,0,0.5469142857142857,0.5738285714285714,주의,0.1102530261406567,0.1102530261406567,1,0,1,0,1,0.6,3단계_안정정체,0,0,0.07457050383802792,0,0.03666666666666667
11530,구로구,2025-05,61032.96444444444,58950.0,1053.4630032526743,1109.1815881150796,450,39401.547215496365,38850.0,555.2841516789437,541.813898704358,413,825,412,0.4993939393939394,0.5271036096801189,0.472896390319881,0.0772415331809193,0.0285351160501696,0.0487064171307496,0.6129032258064515,-0.1782868525896414,0.5462857142857143,0.8982857142857142,0.7691428571428571,0.7908571428571428,0.7417142857142857,0.8411428571428572,0.7131428571428572,0.7350857142857142,0.7263428571428572,0.7307142857142856,높음,높음,높음,1,1,0.7350857142857142,0.7263428571428572,높음,-0.1091717976578534,0.1091717976578534,0,0,0,0,1,0.1,1단계_활발관찰,2,1,0.9567681011346527,1,0.9466666666666667
11530,구로구,2025-06,74515.75203252032,72000.0,1013.5110662251768,996.5879458573138,492,41106.28080229226,39900.0,574.2615193412984,565.5042412818096,349,702,353,0.5028490028490028,0.5666060672431887,0.4333939327568112,-0.0379243854830612,0.0341759576695557,-0.0721003431526169,0.0933333333333332,-0.149090909090909,0.368,0.1874285714285714,0.1428571428571428,0.8034285714285714,0.7805714285714286,0.2182857142857142,0.6182857142857143,0.3844,0.3041714285714286,0.3442857142857143,안정,낮음,낮음,0,0,0.3844,0.3041714285714286,안정,0.0034550634550634,0.0034550634550634,0,0,0,0,0,0.0,1단계_활발관찰,1,0,8.715295634780089e-05,0,0.0033333333333333335
11530,구로구,2025-07,66406.23853211009,65000.0,934.4981057412762,885.7586995532315,218,41869.125382262995,41808.0,576.0099264446904,556.9007263922518,327,666,339,0.509009009009009,0.6163842632808544,0.3836157367191456,-0.0779596425899762,0.0030446182523209,-0.0810042608422971,-0.556910569105691,-0.0512820512820513,0.1565714285714285,0.064,0.1211428571428571,0.8274285714285714,0.4617142857142857,0.8057142857142857,0.2371428571428571,0.2574857142857142,0.2612,0.2593428571428571,낮음,낮음,낮음,0,0,0.2574857142857142,0.2612,낮음,0.0061600061600062,0.0061600061600062,0,1,1,0,0,0.45,3단계_안정정체,1,0,3.131678133017507e-07,0,0.0
11530,구로구,2025-08,66954.82456140351,65000.0,973.9221740760216,922.9558317097304,228,36983.14416475973,36750.0,516.3164508220202,522.8867357166722,437,795,358,0.450314465408805,0.5301413855905471,0.4698586144094528,0.0421874245571349,-0.1036327203441035,0.1458201449012385,0.0458715596330274,0.1936936936936937,0.5348571428571428,0.76,0.9645714285714284,0.5725714285714286,0.0308571428571428,0.1085714285714285,0.7611428571428571,0.632342857142857,0.648457142857143,0.6404,주의,높음,높음,1,0,0.632342857142857,0.648457142857143,주의,-0.058694543600204,0.058694543600204,0,0,0,0,0,0.0,1단계_활발관찰,3,1,0.7863596119062041,1,0.5666666666666667
11530,구로구,2025-09,76860.57471264368,74950.0,1061.5235610250877,1028.593742228375,348,35313.91421568627,33600.0,481.0635863650901,482.2744285680657,408,786,378,0.4809160305343511,0.4531822034176412,0.5468177965823587,0.0899470094026504,-0.0682776316749244,0.1582246410775748,0.5263157894736843,-0.0113207547169811,0.8114285714285714,0.928,0.9725714285714284,0.716,0.0582857142857142,0.7794285714285715,0.0548571428571428,0.7831714285714285,0.8622857142857142,0.8227285714285714,높음,높음,높음,1,1,0.7831714285714285,0.8622857142857142,높음,0.0306015651255461,0.0306015651255461,0,0,0,1,0,0.2,1단계_활발관찰,3,1,0.9998754413536226,1,0.9766666666666667
11530,구로구,2025-10,75769.38218390805,72125.0,1062.549003807389,1024.4958108756573,348,36286.56167979003,35000.0,501.28949118357616,495.6629491945477,381,873,492,0.563573883161512,0.47178011497571,0.52821988502429,0.00096601038352,0.0420441400923996,-0.0410781297088795,0.0,0.1106870229007632,0.7554285714285714,0.4502857142857143,0.2514285714285714,0.9302857142857144,0.8285714285714286,0.0045714285714285,0.4834285714285714,0.6118857142857143,0.5107999999999999,0.5613428571428571,주의,보통,주의,0,0,0.6118857142857143,0.5107999999999999,주의,0.0826578526271609,0.0826578526271609,1,0,0,1,1,0.55,3단계_안정정체,4,0,0.24959741439405753,0,0.06666666666666667
11530,구로구,2025-11,76683.21212121213,70000.0,1032.1700409322875,992.4937447873228,165,41508.26050420168,40285.0,571.4787263847558,563.063063063063,357,707,350,0.495049504950495,0.5536672289660516,0.4463327710339484,-0.0285906464231254,0.1400173680789884,-0.1686080145021139,-0.5258620689655172,-0.1901489117983963,0.4365714285714285,0.2342857142857143,0.0365714285714285,0.7748571428571429,0.9748571428571428,0.7771428571428571,0.7508571428571429,0.4105714285714286,0.364,0.3872857142857143,안정,안정,안정,0,0,0.4105714285714286,0.364,안정,-0.068524378211017,0.068524378211017,0,0,1,0,1,0.35,2단계_완만정체,1,0,1.5144356365102957e-05,0,0.006666666666666667
11530,구로구,2025-12,75972.18309859154,72500.0,1048.1319511876418,990.6214777628828,284,36098.75203252032,35000.0,497.7284276287885,507.2814251809841,492,1023,531,0.5190615835777126,0.47487191575909,0.5251280842409101,0.0154644192549289,-0.1290516958041828,0.1445161150591117,0.7212121212121212,0.4469589816124468,0.7451428571428571,0.5771428571428572,0.9622857142857144,0.856,0.0205714285714285,0.8914285714285715,0.9828571428571428,0.6907428571428571,0.7915428571428572,0.7411428571428571,높음,높음,높음,1,1,0.6907428571428571,0.7915428571428572,높음,0.0240120786272176,0.0240120786272176,0,0,0,0,0,0.0,1단계_활발관찰,3,1,0.9807192744663744,1,0.9533333333333334
11530,구로구,2026-01,76677.34627831716,72750.0,1069.4736522683268,1000.3125976867772,309,41164.606060606064,40285.0,575.8331371570055,576.6062602965403,429,845,416,0.4923076923076923,0.5384266699190559,0.4615733300809441,0.0203616549008953,0.1569223399601929,-0.1365606850592975,0.0880281690140845,-0.1739980449657868,0.5051428571428571,0.6102857142857143,0.0525714285714285,0.7622857142857142,0.9782857142857144,0.208,0.696,0.5267999999999999,0.4090285714285714,0.4679142857142856,보통,안정,보통,0,0,0.5267999999999999,0.4090285714285714,보통,-0.0267538912700203,0.0267538912700203,0,0,0,0,0,0.0,1단계_활발관찰,1,0,0.003088063639602622,0,0.016666666666666666
11530,구로구,2026-02,75187.5,70000.0,1032.0637087325017,965.4249882882052,372,42034.99173553719,42000.0,587.4499928930509,564.2062430275649,363,754,391,0.5185676392572944,0.5691993507014312,0.4308006492985687,-0.0349797710831676,0.0201739965737295,-0.0551537676568971,0.2038834951456309,-0.1076923076923076,0.3588571428571429,0.208,0.1965714285714285,0.8514285714285714,0.6548571428571428,0.4342857142857143,0.4697142857142857,0.3921714285714285,0.3449142857142857,0.368542857142857,안정,안정,안정,0,0,0.3921714285714285,0.3449142857142857,안정,0.0262599469496021,0.0262599469496021,0,0,0,0,0,0.0,1단계_활발관찰,0,0,0.0002050915285230707,0,0.006666666666666667
11530,구로구,2026-03,75529.9191374663,69000.0,1045.810401896199,976.4646970455684,371,42093.688953488374,40000.0,580.5602884300686,577.8438170711573,344,881,537,0.6095346197502838,0.5551295792979611,0.4448704207020388,0.0133196168486344,-0.0117281548154459,0.0250477716640804,-0.0026881720430107,0.1684350132625995,0.4274285714285714,0.5565714285714286,0.6605714285714286,0.9771428571428572,0.3325714285714286,0.0102857142857142,0.6777142857142857,0.5793142857142858,0.5247999999999999,0.5520571428571428,주의,보통,주의,0,0,0.5793142857142858,0.5247999999999999,주의,0.0909669804929893,0.0909669804929893,0,0,1,0,1,0.35,2단계_완만정체,0,0,0.16212905197137373,0,0.04
11530,구로구,2026-04,71658.85802469136,67600.0,1043.347242450715,974.1162229956728,324,35353.20466321243,32000.0,495.5203399855474,497.5759399693178,386,761,375,0.492772667542707,0.4749332914530174,0.5250667085469826,-0.0023552638614208,-0.1464790998269676,0.1441238359655468,-0.1266846361185983,-0.1362088535754824,0.744,0.4285714285714285,0.9611428571428572,0.7657142857142857,0.016,0.2994285714285714,0.5874285714285714,0.6390285714285715,0.6929142857142858,0.6659714285714287,주의,높음,높음,1,0,0.6390285714285715,0.6929142857142858,주의,-0.1167619522075767,0.1167619522075767,1,0,1,0,1,0.6,3단계_안정정체,3,1,0.7113033066953299,1,0.8566666666666667
11545,금천구,2023-06,56907.37704918033,57000.0,837.9018077828326,742.2522998039511,61,33621.40909090909,32550.0,514.1322791121228,466.9546943106753,154,379,225,0.5936675461741425,0.6135949037663081,0.3864050962336919,-0.0056539384531534,-0.0184455106423208,0.0127915721891673,0.5249999999999999,-0.259765625,0.1668571428571428,0.3965714285714286,0.5805714285714285,0.9657142857142856,0.256,0.7731428571428571,0.8742857142857143,0.4357714285714286,0.4567428571428572,0.4462571428571429,안정,안정,안정,0,0,0.4357714285714286,0.4567428571428572,안정,0.0,0.0,1,0,0,0,0,0.25,2단계_완만정체,0,0,0.004279737110048039,0,0.0033333333333333335
11545,금천구,2023-07,60496.26865671642,54900.0,844.3040460218505,728.0080889787664,67,33883.13385826772,31500.0,537.7178051777047,484.78769642260113,127,252,125,0.496031746031746,0.6368769730659193,0.3631230269340807,0.0076407977397241,0.0458744315885257,-0.0382336338488016,0.098360655737705,-0.3350923482849604,0.0937142857142857,0.5085714285714286,0.264,0.7771428571428571,0.848,0.232,0.9405714285714286,0.4094285714285714,0.3014285714285714,0.3554285714285714,안정,낮음,안정,0,0,0.4094285714285714,0.3014285714285714,안정,-0.0976358001423965,0.0976358001423965,1,0,0,0,1,0.35,2단계_완만정체,0,0,0.0001562898775844855,0,0.0
11545,금천구,2023-08,55040.87719298246,52300.0,832.7624493362399,762.5547691270643,57,33507.96296296296,30000.0,543.9931733766566,500.5840704342586,162,328,166,0.5060975609756098,0.6532393166985985,0.3467606833014015,-0.0136699530696218,0.0116703745691999,-0.0253403276388217,-0.1492537313432835,0.3015873015873016,0.056,0.3405714285714286,0.3257142857142857,0.8182857142857143,0.5645714285714286,0.3348571428571428,0.912,0.3462857142857143,0.2844571428571428,0.3153714285714286,낮음,낮음,낮음,0,0,0.3462857142857143,0.2844571428571428,낮음,0.0100658149438637,0.0100658149438637,0,0,1,0,0,0.25,2단계_완만정체,0,0,2.9985408087417857e-05,0,0.0
11545,금천구,2023-09,58951.78571428572,58000.0,820.1134000323697,779.406808223795,56,35399.19852941176,34000.0,548.410986207567,480.2605380644168,136,262,126,0.4809160305343511,0.6687014090806483,0.3312985909193516,-0.0151892647344417,0.008121081379548,-0.0233103461139897,-0.0175438596491228,-0.2012195121951219,0.0354285714285714,0.3291428571428571,0.3428571428571428,0.716,0.5268571428571428,0.0365714285714285,0.7817142857142857,0.3215714285714285,0.2392,0.2803857142857143,낮음,낮음,낮음,0,0,0.3215714285714285,0.2392,낮음,-0.0251815304412586,0.0251815304412586,0,1,1,0,0,0.45,3단계_안정정체,0,0,8.764532616572917e-06,0,0.0
11545,금천구,2023-10,61563.82978723404,57000.0,893.8668368221713,844.3093549476529,47,32734.474025974025,32000.0,506.3433376214771,474.3819042472621,154,283,129,0.4558303886925795,0.5664639482784735,0.4335360517215265,0.0899307788250876,-0.0767082528324256,0.1666390316575132,-0.1607142857142857,0.0801526717557252,0.3702857142857143,0.9268571428571428,0.9771428571428572,0.6022857142857143,0.0468571428571428,0.3577142857142857,0.3668571428571429,0.6332571428571429,0.6552571428571429,0.6442571428571429,주의,높음,높음,1,0,0.6332571428571429,0.6552571428571429,주의,-0.0250856418417715,0.0250856418417715,0,0,1,0,0,0.25,2단계_완만정체,3,1,0.9595281406609835,1,0.53
11545,금천구,2023-11,54285.294117647056,48400.0,805.8060771116507,775.1164724832774,34,36120.920245398775,35000.0,561.21222598058,518.3984316091087,163,287,124,0.4320557491289198,0.6964606521611275,0.3035393478388725,-0.0985166426171371,0.1083630103969508,-0.2068796530140879,-0.276595744680851,0.0141342756183746,0.0217142857142857,0.0411428571428571,0.0194285714285714,0.4925714285714285,0.96,0.5342857142857143,0.072,0.1905714285714285,0.1233714285714285,0.1569714285714285,낮음,낮음,낮음,0,0,0.1905714285714285,0.1233714285714285,낮음,-0.0237746395636597,0.0237746395636597,0,0,1,0,0,0.25,2단계_완만정체,1,0,8.610219792968242e-11,0,0.0
11545,금천구,2023-12,52216.666666666664,56250.0,768.2179736889534,712.8547579298831,33,36698.67441860465,35000.0,554.3546902692746,500.7511266900351,172,273,101,0.36996336996337,0.7216111953320806,0.2783888046679194,-0.0466465871756998,-0.0122191488243571,-0.0344274383513426,-0.0294117647058823,-0.048780487804878,0.0125714285714285,0.1428571428571428,0.2857142857142857,0.1542857142857142,0.3257142857142857,0.068,0.224,0.1523428571428571,0.1266285714285714,0.1394857142857142,낮음,낮음,낮음,0,0,0.1523428571428571,0.1266285714285714,낮음,-0.0620923791655498,0.0620923791655498,0,0,1,0,1,0.35,2단계_완만정체,1,0,1.6041674905032702e-08,0,0.0
11545,금천구,2024-01,58553.333333333336,53900.0,836.2924027434767,765.8158648770924,45,36035.43506493507,37000.0,551.3906881813464,500.87731930157656,154,260,106,0.4076923076923077,0.6593276303509351,0.3406723696490649,0.0886134292427871,-0.005346761089887,0.0939601903326742,0.3636363636363635,-0.0476190476190476,0.0468571428571428,0.9234285714285714,0.9108571428571428,0.3462857142857143,0.384,0.6348571428571429,0.2194285714285714,0.5174285714285715,0.5269142857142857,0.5221714285714285,보통,보통,보통,0,0,0.5174285714285715,0.5269142857142857,보통,0.0377289377289377,0.0377289377289377,0,1,0,0,0,0.2,1단계_활발관찰,2,0,0.07480631169652695,0,0.2633333333333333
11545,금천구,2024-02,57446.42857142857,59350.0,851.4152208870235,797.8109042231846,42,36079.4540229885,35000.0,563.5380351773648,517.1838505171838,174,280,106,0.3785714285714285,0.6618839096983236,0.3381160903016764,0.0180831705441015,0.0220303811007112,-0.0039472105566096,-0.0666666666666666,0.0769230769230768,0.0445714285714285,0.5965714285714285,0.4697142857142857,0.1908571428571428,0.68,0.1502857142857142,0.3462857142857143,0.3530857142857143,0.2864571428571428,0.3197714285714286,낮음,낮음,낮음,0,0,0.3530857142857143,0.2864571428571428,낮음,-0.0291208791208791,0.0291208791208791,0,0,1,0,0,0.25,2단계_완만정체,2,0,3.324588896032569e-05,0,0.0
11545,금천구,2024-03,59191.69841269841,59000.0,859.9762282784734,762.7018743369091,63,33340.77127659575,33000.0,540.979974239835,483.68065993464904,188,307,119,0.3876221498371335,0.6290638699662492,0.3709361300337508,0.0100550321176204,-0.0400293494483119,0.0500843815659324,0.5,0.0964285714285715,0.112,0.5302857142857142,0.7782857142857142,0.2274285714285714,0.1177142857142857,0.7491428571428571,0.4331428571428571,0.3677142857142856,0.4374857142857142,0.4025999999999999,안정,안정,안정,0,0,0.3677142857142856,0.4374857142857142,안정,0.0090507212657049,0.0090507212657049,0,0,0,0,0,0.0,1단계_활발관찰,2,0,0.0005638384508875219,0,0.016666666666666666
11545,금천구,2024-04,64344.20289855073,60500.0,902.6147528558934,820.3728810632033,69,34542.42944785276,32500.0,534.7586949544744,500.8347245409015,163,260,97,0.3730769230769231,0.5924550792710688,0.4075449207289312,0.0495810502376037,-0.0115000177115658,0.0610810679491695,0.0952380952380953,-0.1530944625407165,0.2651428571428571,0.7977142857142857,0.8171428571428572,0.1691428571428571,0.3348571428571428,0.2274285714285714,0.6308571428571429,0.5012571428571428,0.4962857142857143,0.4987714285714285,보통,보통,보통,0,0,0.5012571428571428,0.4962857142857143,보통,-0.0145452267602104,0.0145452267602104,0,0,0,0,0,0.0,1단계_활발관찰,2,0,0.01881408450935568,0,0.006666666666666667
11545,금천구,2024-05,64102.58620689655,61000.0,926.1552590177596,826.1036124509858,58,37598.76056338028,35850.0,592.4405455954621,531.2078013889675,142,224,82,0.3660714285714285,0.6396773541228704,0.3603226458771296,0.0260803472216506,0.1078651944984239,-0.0817848472767732,-0.1594202898550725,-0.1384615384615384,0.0857142857142857,0.6594285714285715,0.1165714285714285,0.1302857142857142,0.9588571428571429,0.3542857142857142,0.5897142857142857,0.3293142857142857,0.2394857142857142,0.2844,낮음,낮음,낮음,0,0,0.3293142857142857,0.2394857142857142,낮음,-0.0070054945054945,0.0070054945054945,0,0,1,0,0,0.25,2단계_완만정체,1,0,1.8792719890108912e-05,0,0.006666666666666667
11545,금천구,2024-06,62011.34020618557,60000.0,893.3134096327581,830.615668828231,97,36569.72268907563,37000.0,570.7435486966616,530.1802141456793,119,184,65,0.3532608695652174,0.6389062814262407,0.3610937185737592,-0.0354604145095845,-0.0366230789909777,0.0011626644813931,0.6724137931034482,-0.1785714285714286,0.088,0.2057142857142857,0.504,0.0834285714285714,0.1302857142857142,0.8708571428571429,0.7154285714285714,0.2041714285714285,0.2933714285714285,0.2487714285714285,낮음,낮음,낮음,0,0,0.2041714285714285,0.2933714285714285,낮음,-0.012810559006211,0.012810559006211,0,0,0,0,0,0.0,1단계_활발관찰,2,0,3.953023677077845e-06,0,0.006666666666666667
11545,금천구,2024-07,67467.72727272728,65350.0,986.6244393620068,891.8903859823979,110,36290.82113821138,32600.0,563.7078532830269,517.8298222902201,123,218,95,0.4357798165137614,0.5713499795804211,0.4286500204195789,0.104454974842042,-0.0123272447488916,0.1167822195909337,0.134020618556701,0.1847826086956521,0.3462857142857143,0.9577142857142856,0.9382857142857144,0.5142857142857142,0.3245714285714285,0.3062857142857143,0.7325714285714285,0.6405714285714287,0.6293714285714286,0.6349714285714286,주의,주의,주의,1,0,0.6405714285714287,0.6293714285714286,주의,0.082518946948544,0.082518946948544,0,0,0,0,1,0.1,1단계_활발관찰,3,1,0.9530844147401643,1,0.9166666666666666
11545,금천구,2024-08,64808.10526315789,63000.0,959.7922194375394,874.3169398907104,95,36911.95041322314,37500.0,543.7629920408285,500.94295143800093,121,216,95,0.4398148148148148,0.5665424047295219,0.4334575952704781,-0.0271959814231017,-0.0353815564676628,0.008185575044561,-0.1363636363636363,-0.0091743119266054,0.3691428571428571,0.248,0.5417142857142857,0.528,0.1382857142857143,0.3108571428571428,0.0468571428571428,0.3741142857142857,0.3981142857142857,0.3861142857142857,안정,안정,안정,0,0,0.3741142857142857,0.3981142857142857,안정,0.0040349983010534,0.0040349983010534,0,0,1,0,0,0.25,2단계_완만정체,2,0,0.00026950471704692515,0,0.006666666666666667
11545,금천구,2024-09,55597.142857142855,60000.0,863.7435171048872,797.4087161366313,35,34956.416666666664,34165.0,546.058977211113,495.07903123550255,108,175,67,0.3828571428571428,0.6322003770765242,0.3677996229234758,-0.1000723910732876,0.0042224005750506,-0.1042947916483383,-0.631578947368421,-0.1898148148148147,0.104,0.0388571428571428,0.088,0.2045714285714285,0.4822857142857142,0.8531428571428571,0.7485714285714286,0.1374285714285714,0.1719428571428571,0.1546857142857143,낮음,낮음,낮음,0,0,0.1374285714285714,0.1719428571428571,낮음,-0.056957671957672,0.056957671957672,0,1,1,0,0,0.45,3단계_안정정체,1,0,2.4412691405835772e-09,0,0.0
11545,금천구,2024-10,57173.40425531915,53000.0,844.2042891178241,800.4718570947084,47,38485.710743801654,40000.0,599.6239436010753,565.3710247349823,121,229,108,0.4716157205240174,0.7102829863938145,0.2897170136061855,-0.0226215625357804,0.098093738268959,-0.1207153008047394,0.3428571428571427,0.3085714285714285,0.0148571428571428,0.2777142857142857,0.0685714285714285,0.6754285714285714,0.9531428571428572,0.6125714285714285,0.9177142857142856,0.2842285714285714,0.2066857142857142,0.2454571428571428,낮음,낮음,낮음,0,0,0.2842285714285714,0.2066857142857142,낮음,0.0887585776668746,0.0887585776668746,0,0,0,0,1,0.1,1단계_활발관찰,1,0,2.2420710778603925e-07,0,0.01
11545,금천구,2024-11,55953.48837209302,50500.0,890.3347877750455,844.9548810500411,43,36219.25396825397,33750.0,635.4461191228578,534.3873834067356,126,235,109,0.4638297872340425,0.7137159278150226,0.2862840721849774,0.0546437624777134,0.0597410692219033,-0.0050973067441899,-0.0851063829787234,0.0262008733624454,0.0137142857142857,0.8251428571428572,0.4571428571428571,0.6428571428571429,0.896,0.1988571428571428,0.1348571428571428,0.4878571428571429,0.3682857142857142,0.4280714285714285,보통,안정,안정,0,0,0.4878571428571429,0.3682857142857142,보통,-0.0077859332899749,0.0077859332899749,0,0,1,0,0,0.25,2단계_완만정체,0,0,0.00016197613546501468,0,0.01
11545,금천구,2024-12,63156.25,59950.0,831.1936292656843,756.4033951162673,48,38869.54330708661,36000.0,604.1348148094678,550.5505505505506,127,243,116,0.4773662551440329,0.7268280140010084,0.2731719859989916,-0.0664257527858205,-0.0492745228448491,-0.0171512299409714,0.1162790697674418,0.0340425531914894,0.0102857142857142,0.0777142857142857,0.3794285714285714,0.7005714285714286,0.0925714285714285,0.2725714285714286,0.1714285714285714,0.2127428571428571,0.2113142857142857,0.2120285714285714,낮음,낮음,낮음,0,0,0.2127428571428571,0.2113142857142857,낮음,0.0135364679099904,0.0135364679099904,0,0,0,0,0,0.0,1단계_활발관찰,0,0,3.5485666268660187e-08,0,0.0
11545,금천구,2025-01,60497.560975609755,50900.0,866.5654453419886,793.3514086997525,41,35902.693181818184,31801.0,562.9544934117184,527.2413010690976,176,276,100,0.3623188405797101,0.6496387508153517,0.3503612491846483,0.0425554465661068,-0.0681641256028868,0.1107195721689937,-0.1458333333333333,0.1358024691358024,0.0651428571428571,0.7622857142857142,0.928,0.112,0.0594285714285714,0.3268571428571428,0.5822857142857143,0.4184571428571428,0.4511428571428571,0.4347999999999999,안정,안정,안정,0,0,0.4184571428571428,0.4511428571428571,안정,-0.1150474145643228,0.1150474145643228,0,0,1,0,1,0.35,2단계_완만정체,2,0,0.0021659666453636376,0,0.023333333333333334
11545,금천구,2025-02,62406.45161290323,59600.0,858.6669711609384,758.9618383952368,62,36170.264,35000.0,538.8525820332239,500.8347245409015,125,301,176,0.584717607973422,0.6275454863539031,0.3724545136460969,-0.0091146885945043,-0.0428132498462313,0.0336985612517269,0.5121951219512195,0.0905797101449275,0.12,0.3771428571428571,0.6925714285714286,0.9554285714285714,0.1142857142857142,0.7554285714285714,0.4068571428571428,0.4235428571428572,0.4616571428571429,0.4426,안정,보통,안정,0,0,0.4235428571428572,0.4616571428571429,안정,0.2223987673937119,0.2223987673937119,1,0,0,0,1,0.35,2단계_완만정체,0,0,0.002992568409094837,0,0.05
11545,금천구,2025-03,61047.9381443299,56800.0,890.7293033154756,805.6478405315615,97,35852.31578947369,34625.0,540.5570016179007,505.5611729019211,152,461,309,0.6702819956616052,0.6068701227250947,0.3931298772749053,0.0373396592990973,0.0031630535725477,0.0341766057265495,0.564516129032258,0.5315614617940199,0.192,0.7245714285714285,0.696,0.9908571428571428,0.4651428571428571,0.8125714285714286,0.9931428571428572,0.5730857142857143,0.5664571428571429,0.5697714285714286,주의,주의,주의,0,0,0.5730857142857143,0.5664571428571429,주의,0.0855643876881832,0.0855643876881832,0,1,0,0,1,0.30000000000000004,2단계_완만정체,0,0,0.47153602026242697,0,0.07666666666666666
11545,금천구,2025-04,62017.74193548387,54750.0,875.3525049028408,781.1717576364547,62,37109.37762237762,36200.0,555.3648205313218,505.5611729019211,143,480,337,0.7020833333333333,0.6344470569521752,0.3655529430478248,-0.0172631554338665,0.0273936307717796,-0.0446567862056462,-0.3608247422680413,0.0412147505422992,0.1005714285714285,0.3177142857142857,0.2365714285714285,0.9954285714285714,0.7314285714285714,0.6297142857142857,0.1965714285714285,0.3793714285714286,0.3204,0.3498857142857143,안정,낮음,안정,0,0,0.3793714285714286,0.3204,안정,0.0318013376717281,0.0318013376717281,0,0,1,0,0,0.25,2단계_완만정체,0,0,0.0005668141473593866,0,0.0
11545,금천구,2025-05,60294.155844155845,54300.0,840.4013124321934,748.9918363332349,77,37877.99137931035,39500.0,606.8283216573816,591.6341880376552,116,469,353,0.7526652452025586,0.7220696977509096,0.2779303022490904,-0.0399281344085794,0.0926661164400444,-0.1325942508486238,0.2419354838709677,-0.0229166666666666,0.0114285714285714,0.1782857142857143,0.056,1.0,0.9474285714285714,0.4891428571428571,0.12,0.3039428571428571,0.2025714285714285,0.2532571428571428,낮음,낮음,낮음,0,0,0.3039428571428571,0.2025714285714285,낮음,0.0505819118692253,0.0505819118692253,0,0,0,0,0,0.0,1단계_활발관찰,0,0,2.4157520584178767e-06,0,0.0033333333333333335
11545,금천구,2025-06,64378.72340425532,58500.0,937.0680374545058,836.5065600965163,141,38288.360544217685,38000.0,550.1931910291869,505.5611729019211,147,323,176,0.544891640866873,0.5871432692590356,0.4128567307409644,0.1150244812713947,-0.0933297418840171,0.2083542231554118,0.8311688311688312,-0.3113006396588486,0.2811428571428571,0.9691428571428572,0.984,0.8982857142857142,0.0377142857142857,0.9337142857142856,0.92,0.6619428571428572,0.7214285714285715,0.6916857142857143,높음,높음,높음,1,0,0.6619428571428572,0.7214285714285715,높음,-0.2077736043356856,0.2077736043356856,0,0,0,0,1,0.1,1단계_활발관찰,3,1,0.9993450127066911,1,0.63
11545,금천구,2025-07,59554.76190476191,55500.0,849.1168269183935,752.9854697335137,63,36167.1724137931,34800.0,533.9207425132619,501.50653165728545,116,268,152,0.5671641791044776,0.628795385495965,0.3712046145040349,-0.0938578705288326,-0.0295758813108645,-0.0642819892179681,-0.5531914893617021,-0.1702786377708978,0.1142857142857142,0.0445714285714285,0.1645714285714285,0.9371428571428572,0.176,0.8034285714285714,0.6822857142857143,0.2365142857142857,0.2641142857142857,0.2503142857142857,낮음,낮음,낮음,0,0,0.2365142857142857,0.2641142857142857,낮음,0.0222725382376045,0.0222725382376045,0,0,1,0,0,0.25,2단계_완만정체,1,0,2.1970194319782896e-07,0,0.0
11545,금천구,2025-08,62594.05405405405,60900.0,908.0523718350896,852.282501182643,74,34257.69090909091,31750.0,562.5805874705176,503.8382468725396,110,241,131,0.5435684647302904,0.6195464104494265,0.3804535895505735,0.0694080520469537,0.053678088666023,0.0157299633809306,0.1746031746031746,-0.1007462686567164,0.1474285714285714,0.8754285714285714,0.6,0.8971428571428571,0.8754285714285714,0.384,0.4491428571428571,0.6052,0.5048,0.5549999999999999,주의,보통,주의,0,0,0.6052,0.5048,주의,-0.0235957143741871,0.0235957143741871,0,0,0,0,0,0.0,1단계_활발관찰,0,0,0.14334280024514987,0,0.11333333333333333
11545,금천구,2025-09,66933.5294117647,63000.0,923.3097266658584,818.869603916333,85,38826.42857142857,36700.0,580.8176723531301,522.6130653266332,133,280,147,0.525,0.629060493546956,0.3709395064530439,0.0168022850928029,0.0324168399848461,-0.0156145548920432,0.1486486486486486,0.1618257261410789,0.1131428571428571,0.5897142857142857,0.3942857142857143,0.8685714285714285,0.7668571428571429,0.3337142857142857,0.6548571428571428,0.4672,0.3763428571428571,0.4217714285714286,보통,안정,안정,0,0,0.4672,0.3763428571428571,보통,-0.0185684647302903,0.0185684647302903,0,0,0,0,0,0.0,1단계_활발관찰,0,0,0.0014318520269587607,0,0.0033333333333333335
11545,금천구,2025-10,62574.31578947369,57600.0,933.8746513682232,848.0565371024734,95,39695.25252525252,37000.0,558.3318239864296,492.4052745785345,99,216,117,0.5416666666666666,0.5978659161252697,0.4021340838747302,0.0114424492640354,-0.0387141256835403,0.0501565749475758,0.1176470588235294,-0.2285714285714285,0.2308571428571428,0.544,0.7794285714285715,0.8937142857142857,0.1234285714285714,0.2754285714285714,0.8388571428571429,0.5075428571428571,0.5013714285714286,0.5044571428571428,보통,보통,보통,0,0,0.5075428571428571,0.5013714285714286,보통,0.0166666666666666,0.0166666666666666,0,0,0,0,0,0.0,1단계_활발관찰,0,0,0.014451615187482789,0,0.0033333333333333335
11545,금천구,2025-11,72366.03773584905,70000.0,952.0235158206818,843.5756296184587,53,36037.6976744186,35000.0,588.1581532240442,530.8392315470171,129,231,102,0.4415584415584415,0.6177979256289995,0.3822020743710005,0.019433940546377,0.0534204355837317,-0.0339864950373547,-0.4421052631578948,0.0694444444444444,0.1554285714285714,0.6057142857142858,0.2868571428571428,0.5405714285714286,0.8742857142857143,0.712,0.3137142857142857,0.4239428571428572,0.3725142857142857,0.3982285714285715,안정,안정,안정,0,0,0.4239428571428572,0.3725142857142857,안정,-0.1001082251082251,0.1001082251082251,0,0,1,0,1,0.35,2단계_완만정체,1,0,0.00021682096309938198,0,0.0033333333333333335
11545,금천구,2025-12,65298.19277108434,57500.0,967.205331998902,913.0881465842256,83,39352.18699186992,37000.0,585.3985567937203,543.0510896748839,123,247,124,0.5020242914979757,0.6052474458385068,0.3947525541614932,0.0159468919894618,-0.0046919292288934,0.0206388212183553,0.5660377358490567,0.0692640692640693,0.1988571428571428,0.5805714285714285,0.6342857142857142,0.7988571428571428,0.3908571428571428,0.8148571428571428,0.3097142857142857,0.4905714285714285,0.5056571428571428,0.4981142857142857,보통,보통,보통,0,0,0.4905714285714285,0.5056571428571428,보통,0.0604658499395341,0.0604658499395341,0,1,0,0,1,0.30000000000000004,2단계_완만정체,0,0,0.008547477185771379,0,0.006666666666666667
11545,금천구,2026-01,64313.983050847455,61250.0,949.0496377229916,826.5104405932574,118,38736.166666666664,39450.0,593.8376769220127,528.0509314313374,126,284,158,0.5563380281690141,0.6257182483592518,0.3742817516407482,-0.0187712925841593,0.0144160248267679,-0.0331873174109272,0.4216867469879517,0.1497975708502024,0.1268571428571428,0.3074285714285714,0.2948571428571429,0.9165714285714286,0.5965714285714285,0.6891428571428572,0.6194285714285714,0.3710285714285715,0.3401714285714286,0.3556,안정,안정,안정,0,0,0.3710285714285715,0.3401714285714286,안정,0.0543137366710384,0.0543137366710384,0,0,0,0,0,0.0,1단계_활발관찰,0,0,0.00024863255101465327,0,0.0
11545,금천구,2026-02,68150.96153846153,65350.0,980.2493430411228,905.5063741950488,104,38241.516949152545,36000.0,587.3156480574597,531.4128503007239,118,215,97,0.4511627906976744,0.5991492391470249,0.4008507608529751,0.0328746822905776,-0.0109828478690643,0.043857530159642,-0.1186440677966101,-0.2429577464788732,0.224,0.6971428571428572,0.7531428571428571,0.576,0.3371428571428571,0.28,0.8594285714285714,0.5122285714285715,0.4917142857142857,0.5019714285714286,보통,보통,보통,0,0,0.5122285714285715,0.4917142857142857,보통,-0.1051752374713397,0.1051752374713397,0,0,1,0,1,0.35,2단계_완만정체,2,0,0.00853498829041959,0,0.01
11545,금천구,2026-03,62429.565217391304,54000.0,894.1518500012303,842.6019548365351,115,37472.664179104475,38000.0,567.3107545194214,519.8957775867755,134,265,131,0.4943396226415094,0.634468020749094,0.3655319792509059,-0.0878322374313292,-0.0340615708166542,-0.053770666614675,0.1057692307692308,0.2325581395348837,0.0994285714285714,0.0502857142857142,0.1988571428571428,0.7737142857142857,0.1451428571428571,0.2537142857142857,0.8451428571428572,0.2127428571428571,0.1973142857142857,0.2050285714285714,낮음,낮음,낮음,0,0,0.2127428571428571,0.1973142857142857,낮음,0.0431768319438349,0.0431768319438349,0,0,0,0,0,0.0,1단계_활발관찰,0,0,2.8179631486342877e-07,0,0.0
11545,금천구,2026-04,68848.34782608696,62000.0,971.7435681426168,876.5036571359487,115,39540.50704225352,38000.0,583.4740838191261,536.5526492287056,71,161,90,0.5590062111801242,0.6004403866900544,0.3995596133099456,0.0867768915775097,0.0284911385355226,0.0582857530419871,0.0,-0.3924528301886792,0.216,0.9165714285714286,0.8057142857142857,0.9188571428571428,0.7405714285714285,0.0045714285714285,0.9714285714285714,0.6669714285714285,0.5526857142857143,0.6098285714285714,높음,주의,주의,0,0,0.6669714285714285,0.5526857142857143,높음,0.0646665885386147,0.0646665885386147,0,0,0,0,1,0.1,1단계_활발관찰,0,1,0.7160648276227451,0,0.4266666666666667
11350,노원구,2023-06,62236.619718309856,56250.0,967.2761136215404,977.5489919592226,284,28322.58555885262,24000.0,449.5651453528981,427.35042735042737,1011,1631,620,0.3801348865726548,0.4647743689955281,0.5352256310044718,-0.006177752537776,-0.0049659458794806,-0.0012118066582954,0.1932773109243697,0.1005398110661268,0.7794285714285715,0.392,0.4925714285714285,0.1931428571428571,0.3862857142857143,0.4194285714285714,0.448,0.4979428571428572,0.5356000000000001,0.5167714285714287,보통,보통,보통,0,0,0.4979428571428572,0.5356000000000001,보통,0.0,0.0,1,1,0,1,0,0.65,4단계_신중정체,4,0,0.03848635712297897,0,0.006666666666666667
11350,노원구,2023-07,61596.06122448979,56000.0,980.576173630006,969.465954891444,294,29660.207149404217,25000.0,456.82012188765304,435.8353510895884,1091,1723,632,0.3668020893789901,0.4658690820485118,0.5341309179514881,0.0137500139010666,0.0161377647038449,-0.0023877508027783,0.0352112676056337,0.0564071122011036,0.7725714285714286,0.5611428571428572,0.4822857142857142,0.1337142857142857,0.616,0.0822857142857142,0.2537142857142857,0.5501714285714285,0.5248,0.5374857142857143,주의,보통,보통,0,0,0.5501714285714285,0.5248,주의,-0.0133327971936647,0.0133327971936647,0,0,0,1,0,0.2,1단계_활발관찰,4,0,0.08346460331181058,0,0.05333333333333334
11350,노원구,2023-08,60331.52866242038,56000.0,976.6174601698652,964.322203849699,314,29209.116947472747,25000.0,458.5094957321603,439.95859213250515,1009,1571,562,0.3577339274347549,0.4694873012534618,0.5305126987465382,-0.0040371299717451,0.0036981160933247,-0.0077352460650698,0.0680272108843538,-0.0882182240278584,0.7634285714285715,0.4137142857142857,0.4377142857142857,0.0925714285714285,0.4742857142857143,0.1554285714285714,0.3988571428571428,0.4813142857142857,0.4841714285714285,0.4827428571428571,보통,보통,보통,0,0,0.4813142857142857,0.4841714285714285,보통,-0.0090681619442352,0.0090681619442352,1,1,0,1,0,0.65,4단계_신중정체,4,0,0.01737690673777748,0,0.016666666666666666
11350,노원구,2023-09,61564.204545454544,57000.0,998.564327921133,983.8816615904376,264,30163.54995242626,26000.0,467.71733287462,447.5326816629373,1051,1653,602,0.3641863278886872,0.4683897870138623,0.5316102129861378,0.022472327852351,0.0200821078476387,0.0023902200047123,-0.1592356687898088,0.0521960534691279,0.768,0.6262857142857143,0.5131428571428571,0.12,0.6502857142857142,0.3531428571428571,0.24,0.5726285714285715,0.5696571428571429,0.5711428571428572,주의,주의,주의,0,0,0.5726285714285715,0.5696571428571429,주의,0.0064524004539323,0.0064524004539323,0,0,1,1,0,0.45,3단계_안정정체,4,0,0.10799075913631465,0,0.15333333333333332
11350,노원구,2023-10,56688.793103448275,53000.0,966.7104351063784,957.4645537948288,203,30167.45969884854,25000.0,474.1367138061764,455.1365409622887,1129,1720,591,0.3436046511627907,0.4904640485793469,0.5095359514206531,-0.0318996903094563,0.0137249156282117,-0.0456246059376681,-0.231060606060606,0.0405323653962492,0.6868571428571428,0.2182857142857142,0.2331428571428571,0.0582857142857142,0.5885714285714285,0.4742857142857143,0.1931428571428571,0.3748571428571429,0.3955999999999999,0.3852285714285714,안정,안정,안정,0,0,0.3748571428571429,0.3955999999999999,안정,-0.0205816767258965,0.0205816767258965,0,0,1,0,0,0.25,2단계_완만정체,4,0,0.0003028817770654134,0,0.0
11350,노원구,2023-11,58003.45911949685,54500.0,941.0564751914924,929.2929292929292,159,31171.753465346537,26000.0,478.75447813762946,451.0147832623403,1010,1681,671,0.3991671624033313,0.5087414950736185,0.4912585049263814,-0.0265373776709704,0.0097393097749878,-0.0362766874459582,-0.2167487684729063,-0.0226744186046511,0.616,0.256,0.2788571428571428,0.2948571428571429,0.5508571428571428,0.4565714285714286,0.1165714285714285,0.4038857142857143,0.4116571428571428,0.4077714285714285,안정,안정,안정,0,0,0.4038857142857143,0.4116571428571428,안정,0.0555625112405405,0.0555625112405405,0,1,1,0,0,0.45,3단계_안정정체,2,0,0.0005931551157453247,0,0.0
11350,노원구,2023-12,58358.59872611465,51500.0,927.3779653985345,905.3497942386832,157,31411.25069637883,27000.0,483.6054661325109,462.7915586819696,1077,1694,617,0.3642266824085006,0.5214761231950176,0.4785238768049824,-0.0145352698308297,0.0101325172220883,-0.024667787052918,-0.0125786163522012,0.0077334919690661,0.5725714285714286,0.3337142857142857,0.3291428571428571,0.1211428571428571,0.5542857142857143,0.0262857142857142,0.0411428571428571,0.3946285714285714,0.3641714285714286,0.3794,안정,안정,안정,0,0,0.3946285714285714,0.3641714285714286,안정,-0.0349404799948306,0.0349404799948306,0,0,1,0,0,0.25,2단계_완만정체,2,0,0.0007331259559101422,0,0.0033333333333333335
11350,노원구,2024-01,55673.47150259068,52000.0,924.469862001876,913.3064516129032,193,30813.983521248916,26000.0,485.81170586606675,464.71100784199825,1153,1778,625,0.3515185601799775,0.5255030216064316,0.4744969783935684,-0.0031358340451927,0.0045620653364395,-0.0076978993816323,0.2292993630573248,0.0495867768595041,0.5577142857142857,0.4228571428571429,0.4388571428571428,0.0777142857142857,0.4868571428571429,0.472,0.2274285714285714,0.4211428571428571,0.4444571428571429,0.4328,안정,안정,안정,0,0,0.4211428571428571,0.4444571428571429,안정,-0.012708122228523,0.012708122228523,1,1,0,0,0,0.45,3단계_안정정체,2,0,0.0021240069326749593,0,0.006666666666666667
11350,노원구,2024-02,57009.972850678736,54000.0,945.6326412753136,929.5211201317804,221,30738.58702368692,26000.0,477.3622671262652,464.64646464646466,971,1588,617,0.3885390428211587,0.5048073070769613,0.4951926929230387,0.0228918000935269,-0.0173924148755093,0.0402842149690363,0.1450777202072539,-0.1068616422947131,0.6342857142857142,0.6331428571428571,0.736,0.2297142857142857,0.264,0.3245714285714285,0.4685714285714286,0.5566285714285714,0.5880571428571428,0.572342857142857,주의,주의,주의,0,0,0.5566285714285714,0.5880571428571428,주의,0.0370204826411811,0.0370204826411811,0,0,0,0,0,0.0,1단계_활발관찰,2,0,0.10523932187482245,0,0.12
11350,노원구,2024-03,61303.45394736842,57650.0,950.126619016686,947.8288334157191,304,29912.283035714285,25000.0,479.4849067478258,462.1257785814748,1120,1797,677,0.3767390094602114,0.5046536926247355,0.4953463073752645,0.0047523504849744,0.0044466011826593,0.000305749302315,0.3755656108597285,0.1316120906801008,0.6354285714285715,0.4822857142857142,0.4994285714285714,0.184,0.4857142857142857,0.6491428571428571,0.5634285714285714,0.4872571428571428,0.5270285714285714,0.5071428571428571,보통,보통,보통,0,0,0.4872571428571428,0.5270285714285714,보통,-0.0118000333609473,0.0118000333609473,1,1,0,0,0,0.45,3단계_안정정체,2,0,0.019071065384745123,0,0.0
11350,노원구,2024-04,61118.90625,55900.0,960.0981896217038,937.6611274162916,320,30071.135275754423,25000.0,485.3290954716293,467.0558798999166,961,1512,551,0.3644179894179894,0.5054994382010634,0.4945005617989366,0.0104949913047776,0.0121884727580738,-0.0016934814532962,0.0526315789473683,-0.1585976627712855,0.6308571428571429,0.5371428571428571,0.488,0.1234285714285714,0.5725714285714286,0.1182857142857142,0.648,0.4969142857142857,0.4744,0.4856571428571429,보통,보통,보통,0,0,0.4969142857142857,0.4744,보통,-0.0123210200422219,0.0123210200422219,0,0,0,0,0,0.0,1단계_활발관찰,2,0,0.012104474447638952,0,0.0033333333333333335
11350,노원구,2024-05,58869.57746478873,55000.0,925.5510562370056,921.10532639167,355,30330.706521739132,26000.0,481.3462042122702,467.0748512476331,920,1613,693,0.4296342219466832,0.5200644534611304,0.4799355465388696,-0.0359829169121863,-0.0082065783743886,-0.0277763385377977,0.109375,0.0667989417989418,0.5805714285714285,0.1965714285714285,0.3165714285714285,0.48,0.3611428571428571,0.2594285714285714,0.2994285714285714,0.3947428571428571,0.3956,0.3951714285714285,안정,안정,안정,0,0,0.3947428571428571,0.3956,안정,0.0652162325286938,0.0652162325286938,0,1,0,0,1,0.30000000000000004,2단계_완만정체,2,0,0.0006084869232950899,0,0.0
11350,노원구,2024-06,61855.995623632385,59000.0,970.7570821106468,962.4639076034648,457,30668.725685785535,26000.0,494.651557792401,484.26150121065376,802,1334,532,0.3988005997001499,0.5095523554841505,0.4904476445158495,0.0488422821939555,0.0276419621962225,0.021200319997733,0.2873239436619719,-0.1729696218226906,0.6125714285714285,0.7954285714285714,0.6388571428571429,0.2937142857142857,0.7337142857142858,0.5497142857142857,0.6937142857142857,0.6278285714285714,0.6175428571428572,0.6226857142857143,주의,주의,주의,1,0,0.6278285714285714,0.6175428571428572,주의,-0.0308336222465333,0.0308336222465333,0,0,0,0,0,0.0,1단계_활발관찰,2,0,0.33555491203151905,1,0.85
11350,노원구,2024-07,63243.59353970391,60000.0,978.7836163357994,968.5230024213076,743,30523.929494712105,26000.0,494.2024989342079,484.26150121065376,851,1422,571,0.4015471167369902,0.5049149686263831,0.4950850313736169,0.0082683241493339,-0.0009078286545729,0.0091761528039069,0.62582056892779,0.065967016491754,0.6331428571428571,0.5177142857142857,0.5485714285714286,0.3017142857142857,0.4297142857142857,0.848,0.2925714285714286,0.5173142857142856,0.5772571428571429,0.5472857142857143,보통,주의,주의,0,0,0.5173142857142856,0.5772571428571429,보통,0.0027465170368402,0.0027465170368402,1,1,0,0,0,0.45,3단계_안정정체,2,0,0.054818709054792865,0,0.016666666666666666
11350,노원구,2024-08,65998.86578449905,62000.0,988.7733943265904,966.232029421598,529,31148.64970414201,27000.0,498.91859467876935,489.9617590822179,845,1352,507,0.375,0.5045833530124065,0.4954166469875934,0.0102063191741899,0.0095428407479365,0.0006634784262533,-0.288021534320323,-0.0492264416315049,0.6365714285714286,0.5314285714285715,0.5005714285714286,0.1748571428571428,0.5474285714285714,0.552,0.2251428571428571,0.5049142857142858,0.5269142857142858,0.5159142857142858,보통,보통,보통,0,0,0.5049142857142858,0.5269142857142858,보통,-0.0265471167369901,0.0265471167369901,0,1,1,0,0,0.45,3단계_안정정체,2,0,0.010627655632686214,0,0.013333333333333334
11350,노원구,2024-09,61752.734375,57500.0,958.8367529561756,946.8189632919668,256,31011.603773584902,27000.0,499.6667174543648,493.75544583212314,689,1195,506,0.4234309623430962,0.5211176103897245,0.4788823896102755,-0.0302765441932256,0.0014994886612256,-0.0317760328544513,-0.5160680529300568,-0.1161242603550295,0.5748571428571428,0.2274285714285714,0.3005714285714285,0.4422857142857143,0.4514285714285714,0.7622857142857142,0.5028571428571429,0.4009142857142857,0.4422857142857143,0.4216,안정,안정,안정,0,0,0.4009142857142857,0.4422857142857143,안정,0.0484309623430961,0.0484309623430961,0,1,1,0,0,0.45,3단계_안정정체,2,0,0.00029073197866463454,0,0.0
11350,노원구,2024-10,58764.45993031359,54500.0,966.871648082251,939.4800087393488,287,31798.709826589595,27800.0,511.2148166969075,489.6994258696386,865,1437,572,0.3980514961725818,0.5287307965963015,0.4712692034036985,0.0083798364020812,0.0231116038734306,-0.0147317674713494,0.12109375,0.2025104602510461,0.5371428571428571,0.52,0.3965714285714286,0.2891428571428571,0.6914285714285714,0.288,0.7851428571428571,0.4829714285714286,0.4488571428571428,0.4659142857142857,보통,안정,보통,0,0,0.4829714285714286,0.4488571428571428,보통,-0.0253794661705143,0.0253794661705143,1,0,0,0,0,0.25,2단계_완만정체,2,0,0.006993391276156431,0,0.006666666666666667
11350,노원구,2024-11,57014.18918918919,53250.0,973.687207483127,952.842071214329,296,32443.869182389935,27000.0,514.3177233331961,494.9911608721273,795,1332,537,0.4031531531531531,0.5282165765150085,0.4717834234849914,0.0070490839341441,0.0060696727382381,0.000979411195906,0.0313588850174215,-0.0730688935281836,0.5417142857142857,0.4994285714285714,0.5028571428571429,0.3131428571428571,0.5097142857142857,0.0742857142857142,0.3268571428571428,0.4858857142857142,0.4539428571428572,0.4699142857142857,보통,안정,보통,0,0,0.4858857142857142,0.4539428571428572,보통,0.0051016569805713,0.0051016569805713,1,1,0,0,0,0.45,3단계_안정정체,2,0,0.007527142627749465,0,0.0033333333333333335
11350,노원구,2024-12,60091.70212765958,57000.0,975.1650090016042,961.1533840608732,235,34133.2143727162,28000.0,519.7093539167425,498.603909054647,821,1431,610,0.4262753319357092,0.5329450391670971,0.4670549608329029,0.0015177374285291,0.0104830736701124,-0.0089653362415833,-0.206081081081081,0.0743243243243243,0.5222857142857142,0.4548571428571428,0.4274285714285714,0.4594285714285714,0.5588571428571428,0.4388571428571428,0.3325714285714286,0.4806857142857142,0.4704571428571429,0.4755714285714286,보통,보통,보통,0,0,0.4806857142857142,0.4704571428571429,보통,0.0231221787825561,0.0231221787825561,1,0,1,0,0,0.5,3단계_안정정체,2,0,0.0040760937490755475,0,0.0
11350,노원구,2025-01,59648.85321100918,57150.0,952.035530525386,924.28966101868,218,31902.178723404257,27500.0,507.8260798751727,490.90909090909093,705,1204,499,0.4144518272425249,0.5334108482221522,0.4665891517778477,-0.0237185279031891,-0.0228652302522796,-0.0008532976509095,-0.0723404255319148,-0.1586303284416491,0.5211428571428571,0.2754285714285714,0.496,0.384,0.2228571428571428,0.1645714285714285,0.6491428571428571,0.4042857142857143,0.4163428571428571,0.4103142857142857,안정,안정,안정,0,0,0.4042857142857143,0.4163428571428571,안정,-0.0118235046931843,0.0118235046931843,0,0,1,0,0,0.25,2단계_완만정체,2,0,0.0007518560905070176,0,0.0
11350,노원구,2025-02,60795.1871657754,56000.0,986.4724293700026,961.6714001390094,374,32421.79777553084,28000.0,510.22049416597287,493.82716049382714,989,1629,640,0.3928790669122161,0.5172171861831134,0.4827828138168866,0.0361718630665102,0.0047150282068788,0.0314568348596313,0.7155963302752293,0.3529900332225912,0.5874285714285714,0.7177142857142857,0.688,0.2582857142857143,0.4902857142857142,0.8891428571428571,0.9485714285714286,0.5810285714285714,0.6358857142857143,0.6084571428571428,주의,주의,주의,0,0,0.5810285714285714,0.6358857142857143,주의,-0.0215727603303088,0.0215727603303088,0,1,0,0,0,0.2,1단계_활발관찰,3,0,0.28728734747364215,0,0.21
11350,노원구,2025-03,60621.88019966722,56300.0,992.8969229864928,968.5230024213076,601,31118.11078140455,27000.0,495.8662834502235,482.58003766478345,1011,1641,630,0.3839122486288848,0.4994136571183322,0.5005863428816677,0.006512593180727,-0.0281333479934265,0.0346459411741536,0.606951871657754,0.007366482504604,0.6594285714285715,0.4925714285714285,0.7005714285714286,0.2114285714285714,0.1862857142857142,0.84,0.0388571428571428,0.5114285714285715,0.6096,0.5605142857142857,보통,주의,주의,0,0,0.5114285714285715,0.6096,보통,-0.0089668182833312,0.0089668182833312,1,0,0,0,0,0.25,2단계_완만정체,2,0,0.07219638528608499,0,0.11
11350,노원구,2025-04,61636.72248803828,57500.0,990.0549562256924,968.584354372816,418,30797.87899543379,27000.0,488.1276210068708,478.3301927815626,876,1506,630,0.4183266932270916,0.4930308342354255,0.5069691657645745,-0.0028622978830996,-0.0156063493357669,0.0127440514526673,-0.3044925124792013,-0.0822669104204752,0.6777142857142857,0.4251428571428571,0.5782857142857143,0.4057142857142857,0.2902857142857142,0.5805714285714285,0.376,0.5151428571428571,0.5654285714285714,0.5402857142857143,보통,주의,보통,0,0,0.5151428571428571,0.5654285714285714,보통,0.0344144445982068,0.0344144445982068,1,0,1,0,0,0.5,3단계_안정정체,4,0,0.01787683695192145,0,0.013333333333333334
11350,노원구,2025-05,60844.501754385965,57950.0,994.3002277843194,972.4513861077738,570,30267.09572072072,27000.0,488.64163770431855,475.7601170462168,888,1521,633,0.4161735700197239,0.4914427494331352,0.5085572505668647,0.0042879150616152,0.0010530375158599,0.0032348775457553,0.3636363636363635,0.0099601593625497,0.6811428571428572,0.48,0.5188571428571429,0.3954285714285714,0.4445714285714285,0.6348571428571429,0.0508571428571428,0.5318857142857143,0.5671428571428571,0.5495142857142856,보통,주의,주의,0,0,0.5318857142857143,0.5671428571428571,보통,-0.0021531232073677,0.0021531232073677,1,1,0,0,0,0.45,3단계_안정정체,2,0,0.05766826676769963,0,0.02
11350,노원구,2025-06,64056.72316384181,60000.0,1007.9679169971934,985.4721549636804,885,31587.82268722467,27000.0,496.8526137094037,483.7256320487811,908,1522,614,0.4034165571616294,0.4929250280004569,0.5070749719995431,0.0137460385011987,0.0168036765013743,-0.0030576380001756,0.5526315789473684,0.0006574621959236,0.6788571428571428,0.56,0.4765714285714286,0.3177142857142857,0.624,0.8022857142857143,0.0057142857142857,0.5490285714285714,0.5807428571428571,0.5648857142857142,주의,주의,주의,0,0,0.5490285714285714,0.5807428571428571,주의,-0.0127570128580944,0.0127570128580944,0,0,0,0,0,0.0,1단계_활발관찰,2,0,0.0890148957603852,0,0.03
11350,노원구,2025-07,61586.63742690058,56250.0,979.4452891597476,958.3722689449562,342,32936.33867276888,29000.0,506.1033856187656,489.6994258696386,874,1476,602,0.4078590785907859,0.5167245084745311,0.4832754915254689,-0.0282971584278362,0.0186187445816123,-0.0469159030094485,-0.6135593220338983,-0.0302233902759526,0.5897142857142857,0.24,0.2262857142857142,0.3485714285714286,0.64,0.8434285714285714,0.1588571428571428,0.3984571428571428,0.4301714285714286,0.4143142857142857,안정,안정,안정,0,0,0.3984571428571428,0.4301714285714286,안정,0.0044425214291565,0.0044425214291565,0,0,1,0,0,0.25,2단계_완만정체,2,0,0.00021016527735424648,0,0.0
11350,노원구,2025-08,63037.213541666664,57000.0,1008.4344284925596,988.9431756015668,384,30817.981286549708,27000.0,495.3436768497833,482.4120603015075,855,1406,551,0.3918918918918919,0.4912006798401747,0.5087993201598253,0.0295975075419283,-0.0212599027683393,0.0508574103102676,0.1228070175438595,-0.0474254742547425,0.6834285714285714,0.6742857142857143,0.7817142857142857,0.2525714285714285,0.2365714285714285,0.2902857142857142,0.2182857142857142,0.5914857142857143,0.6237714285714285,0.6076285714285714,주의,주의,주의,0,0,0.5914857142857143,0.6237714285714285,주의,-0.015967186698894,0.015967186698894,0,0,0,0,0,0.0,1단계_활발관찰,2,0,0.3010538266560305,1,0.6333333333333333
11350,노원구,2025-09,64978.32487309645,59500.0,1047.591665854481,1022.2489476849069,591,30892.702194357367,27100.0,496.7088004477523,485.6254856254857,957,1650,693,0.42,0.474143520455182,0.525856479544818,0.0388297307743201,0.0027559120299076,0.0360738187444125,0.5390625,0.1735419630156471,0.7474285714285714,0.736,0.7085714285714285,0.4148571428571428,0.4605714285714286,0.7988571428571428,0.6948571428571428,0.6582285714285714,0.7073142857142858,0.6827714285714286,높음,높음,높음,1,0,0.6582285714285714,0.7073142857142858,높음,0.0281081081081081,0.0281081081081081,0,1,0,0,0,0.2,1단계_활발관찰,3,1,0.7853450806411912,1,0.9733333333333334
11350,노원구,2025-10,65883.38345864661,61500.0,1042.213250919953,1005.2197339619464,665,32977.4794359577,28000.0,508.18792143480835,498.20645675567954,851,1485,634,0.4269360269360269,0.4876045482882079,0.5123954517117921,-0.0051340757184633,0.0231103636108487,-0.028244439329312,0.1252115059221659,-0.0999999999999999,0.7005714285714286,0.4045714285714286,0.3154285714285714,0.4662857142857143,0.6902857142857143,0.2971428571428571,0.4451428571428571,0.5133714285714286,0.4813142857142857,0.4973428571428571,보통,보통,보통,0,0,0.5133714285714286,0.4813142857142857,보통,0.0069360269360269,0.0069360269360269,1,0,0,0,0,0.25,2단계_완만정체,4,0,0.016344331307797687,0,0.013333333333333334
11350,노원구,2025-11,65682.34042553192,59300.0,1027.1808580623724,993.06851506265,235,33536.179569892476,29000.0,519.7175694015101,506.7567567567567,930,1604,674,0.4201995012468827,0.5059650063786059,0.4940349936213941,-0.0144235288164985,0.0226877646641996,-0.0371112934806981,-0.6466165413533835,0.08013468013468,0.6285714285714286,0.3348571428571428,0.2742857142857143,0.4171428571428571,0.6857142857142857,0.856,0.3657142857142857,0.4582857142857142,0.4828571428571428,0.4705714285714285,안정,보통,보통,0,0,0.4582857142857142,0.4828571428571428,안정,-0.0067365256891441,0.0067365256891441,0,0,1,0,0,0.25,2단계_완만정체,4,0,0.0012742665756077754,0,0.0
11350,노원구,2025-12,64167.102615694166,59500.0,1032.926447485888,1010.1010101010102,497,35133.05250875146,30000.0,538.7898042966974,517.1522151353215,857,1494,637,0.4263721552878179,0.5216148793634781,0.4783851206365219,0.0055935518837002,0.0366973064180806,-0.0311037545343804,1.1148936170212769,-0.0685785536159601,0.5714285714285714,0.4857142857142857,0.304,0.4628571428571428,0.7977142857142857,0.9668571428571427,0.3074285714285714,0.5028571428571429,0.5161142857142856,0.5094857142857143,보통,보통,보통,0,0,0.5028571428571429,0.5161142857142856,보통,0.0061726540409351,0.0061726540409351,1,0,0,0,0,0.25,2단계_완만정체,2,0,0.026440099226827152,0,0.10333333333333333
11350,노원구,2026-01,65779.86866791744,60000.0,1035.609133774096,1002.905569007264,533,33848.142857142855,30000.0,525.4008430456101,510.51051051051047,1015,1794,779,0.4342251950947603,0.5073350803028155,0.4926649196971845,0.002597170684067,-0.0248500642445608,0.0274472349286278,0.0724346076458752,0.2008032128514056,0.6194285714285714,0.4651428571428571,0.6731428571428572,0.5097142857142857,0.2034285714285714,0.1657142857142857,0.7794285714285715,0.5335428571428571,0.5456571428571428,0.5396,보통,보통,보통,0,0,0.5335428571428571,0.5456571428571428,보통,0.0078530398069424,0.0078530398069424,1,0,0,0,0,0.25,2단계_완만정체,2,0,0.045317338236711226,0,0.06333333333333334
11350,노원구,2026-02,63071.855,58000.0,1067.5560646071235,1047.2210224265664,800,32069.74477958237,28750.0,520.1432892558189,511.359728743112,862,1590,728,0.4578616352201258,0.4872280777564963,0.5127719222435037,0.0308484444479577,-0.0100067479132971,0.0408551923612549,0.5009380863039399,-0.1137123745819398,0.7017142857142857,0.688,0.7405714285714285,0.6171428571428571,0.3428571428571428,0.7508571428571429,0.496,0.6574857142857142,0.7051428571428571,0.6813142857142857,높음,높음,높음,1,0,0.6574857142857142,0.7051428571428571,높음,0.0236364401253654,0.0236364401253654,0,0,0,0,0,0.0,1단계_활발관찰,2,1,0.6731501529219449,1,0.95
11350,노원구,2026-03,64385.79017264276,60000.0,1030.9186884579829,1009.4371418941691,753,30905.15945330296,27300.0,515.5547506281974,508.4745762711865,878,1656,778,0.4698067632850241,0.5000925450283075,0.4999074549716925,-0.0343189246577171,-0.0088216818757508,-0.0254972427819663,-0.0587499999999999,0.0415094339622641,0.6548571428571428,0.2102857142857143,0.3234285714285714,0.6651428571428571,0.3485714285714286,0.1325714285714285,0.1988571428571428,0.4483428571428571,0.4318857142857142,0.4401142857142857,안정,안정,안정,0,0,0.4483428571428571,0.4318857142857142,안정,0.0119451280648982,0.0119451280648982,0,1,1,0,0,0.45,3단계_안정정체,4,0,0.0025305077362442205,0,0.0
11350,노원구,2026-04,63703.315579227696,60000.0,1054.7299930311833,1035.1966873706003,751,33740.26194398682,29500.0,540.1334734243751,529.703400887188,607,1065,458,0.4300469483568075,0.512105919991986,0.487894080008014,0.0230971703586213,0.0476743212359671,-0.0245771508773458,-0.0026560424966799,-0.3568840579710145,0.6057142857142858,0.6354285714285715,0.3314285714285714,0.4834285714285714,0.8605714285714285,0.0091428571428571,0.9554285714285714,0.5654285714285714,0.4711999999999999,0.5183142857142857,주의,보통,보통,0,0,0.5654285714285714,0.4711999999999999,주의,-0.0397598149282165,0.0397598149282165,0,0,1,0,0,0.25,2단계_완만정체,2,0,0.03184251781940518,0,0.056666666666666664
11320,도봉구,2023-06,52289.565217391304,49500.0,779.1063719190346,726.1386371660586,115,26827.24661246613,26000.0,411.3750324372399,400.995575221239,369,530,161,0.3037735849056603,0.528008815309741,0.471991184690259,0.016006842921258,0.0210972825996145,-0.0050904396783564,0.2105263157894736,-0.0293040293040293,0.544,0.5828571428571429,0.4582857142857143,0.0114285714285714,0.6685714285714286,0.4434285714285714,0.1497142857142857,0.4691428571428572,0.4670285714285714,0.4680857142857143,보통,보통,보통,0,0,0.4691428571428572,0.4670285714285714,보통,0.0,0.0,0,0,0,0,0,0.0,1단계_활발관찰,2,0,0.0031150541436566074,0,0.0
11320,도봉구,2023-07,50842.913385826774,50000.0,754.7124843157912,696.2962962962963,127,27638.837765957447,26700.0,407.0628522507708,394.56343414969945,376,565,189,0.3345132743362832,0.5393614928999175,0.4606385071000825,-0.0313100861223329,-0.0104823575726535,-0.0208277285496794,0.1043478260869565,0.0660377358490567,0.4982857142857143,0.2217142857142857,0.352,0.0331428571428571,0.3394285714285714,0.2491428571428571,0.2937142857142857,0.3142285714285714,0.3349714285714285,0.3246,낮음,낮음,낮음,0,0,0.3142285714285714,0.3349714285714285,낮음,0.0307396894306228,0.0307396894306228,0,0,0,0,0,0.0,1단계_활발관찰,2,0,8.969858672889237e-05,0,0.0
11320,도봉구,2023-08,53445.72649572649,50000.0,821.459759136212,820.7070707070707,117,29666.830601092897,30000.0,416.2190951839688,412.5898913871581,366,566,200,0.3533568904593639,0.5066822696484059,0.4933177303515941,0.0884406660914489,0.0224934377641448,0.0659472283273041,-0.0787401574803149,0.0017699115044247,0.6251428571428571,0.9222857142857144,0.8262857142857143,0.0845714285714285,0.6822857142857143,0.1851428571428571,0.0091428571428571,0.6642857142857143,0.6367999999999999,0.6505428571428571,높음,주의,높음,1,0,0.6642857142857143,0.6367999999999999,높음,0.0188436161230807,0.0188436161230807,0,0,1,0,0,0.25,2단계_완만정체,2,1,0.8698432531169368,1,0.7566666666666667
11320,도봉구,2023-09,52408.22429906542,51000.0,791.7725685399338,741.3509060955519,107,29826.1593220339,28500.0,425.011005371893,420.16806722689074,295,463,168,0.3628509719222462,0.536784200740414,0.463215799259586,-0.0361395555486432,0.0211232744716776,-0.0572628300203208,-0.0854700854700855,-0.1819787985865724,0.5097142857142857,0.1954285714285714,0.1885714285714285,0.1142857142857142,0.6697142857142857,0.2011428571428571,0.7234285714285714,0.3236,0.2961714285714286,0.3098857142857143,낮음,낮음,낮음,0,0,0.3236,0.2961714285714286,낮음,0.0094940814628822,0.0094940814628822,0,0,1,0,0,0.25,2단계_완만정체,2,0,3.726552420001053e-05,0,0.0
11320,도봉구,2023-10,51519.51162790698,49125.0,748.2653623202037,707.0856172634994,86,28270.19345238095,27000.0,423.8333331363884,412.76829939460646,336,513,177,0.3450292397660818,0.5664211581599554,0.4335788418400446,-0.0549491204272957,-0.0027709217423066,-0.052178198684989,-0.1962616822429906,0.1079913606911446,0.3714285714285714,0.1131428571428571,0.208,0.0617142857142857,0.4068571428571428,0.424,0.4731428571428571,0.2312571428571428,0.2532,0.2422285714285714,낮음,낮음,낮음,0,0,0.2312571428571428,0.2532,낮음,-0.0178217321561643,0.0178217321561643,0,1,1,0,0,0.45,3단계_안정정체,2,0,2.5696108117086086e-06,0,0.0
11320,도봉구,2023-11,49638.23529411765,49500.0,779.7173907668448,734.8695010106048,68,29997.478510028657,29000.0,440.3162484047549,435.3883664228492,349,535,186,0.3476635514018691,0.5647126171851932,0.4352873828148068,0.0420332545517212,0.0388900871632535,0.0031431673884676,-0.2093023255813954,0.0428849902534114,0.3782857142857143,0.7588571428571429,0.5177142857142857,0.0708571428571428,0.8091428571428572,0.4422857142857143,0.2068571428571428,0.4982857142857143,0.4649142857142857,0.4816,보통,보통,보통,0,0,0.4982857142857143,0.4649142857142857,보통,0.0026343116357873,0.0026343116357873,0,0,1,0,0,0.25,2단계_완만정체,2,0,0.005612190404463201,0,0.01
11320,도봉구,2023-12,52651.92307692308,53650.0,769.246652113472,717.9822031006838,52,29634.42679127726,27550.0,429.6167370123542,423.6789455101801,321,509,188,0.3693516699410609,0.5584902265508738,0.4415097734491262,-0.013428889463495,-0.0242996060925858,0.0108707166290907,-0.2352941176470588,-0.0485981308411215,0.4045714285714286,0.344,0.56,0.1514285714285714,0.2068571428571428,0.4788571428571428,0.2228571428571428,0.3627714285714286,0.4134285714285715,0.3881,안정,안정,안정,0,0,0.3627714285714286,0.4134285714285715,안정,0.0216881185391917,0.0216881185391917,0,0,1,0,0,0.25,2단계_완만정체,2,0,0.0002747038025132988,0,0.0033333333333333335
11320,도봉구,2024-01,49076.5306122449,49750.0,757.2119701479324,714.848243719397,98,29742.196531791906,29000.0,443.2982128642528,435.5979380884402,346,583,237,0.4065180102915952,0.5854347664071501,0.4145652335928499,-0.0156447635260742,0.0318457701323335,-0.0474905336584078,0.8846153846153846,0.1453831041257367,0.2937142857142857,0.3257142857142857,0.2228571428571428,0.3394285714285714,0.7622857142857142,0.9451428571428572,0.608,0.3412571428571428,0.3521142857142857,0.3466857142857143,낮음,안정,낮음,0,0,0.3412571428571428,0.3521142857142857,낮음,0.0371663403505342,0.0371663403505342,0,0,0,0,0,0.0,1단계_활발관찰,2,0,0.00019365675166974379,0,0.013333333333333334
11320,도봉구,2024-02,49748.21428571428,48150.0,702.500151093349,668.2318729783728,84,29351.498412698413,28000.0,429.6109786458982,421.05263157894734,315,499,184,0.3687374749498998,0.6115457455450583,0.3884542544549417,-0.0722542976227577,-0.0308759066045365,-0.0413783910182211,-0.1428571428571429,-0.144082332761578,0.1737142857142857,0.0708571428571428,0.2457142857142857,0.1462857142857143,0.1645714285714285,0.3234285714285714,0.6057142857142858,0.1573714285714285,0.1833714285714285,0.1703714285714285,낮음,낮음,낮음,0,0,0.1573714285714285,0.1833714285714285,낮음,-0.0377805353416954,0.0377805353416954,0,0,1,0,0,0.25,2단계_완만정체,2,0,2.0696773647257538e-07,0,0.0
11320,도봉구,2024-03,49986.466165413534,49400.0,742.6734286823859,688.1388362061731,133,29871.502551020407,29875.0,438.12067578317107,434.8704362517676,392,590,198,0.335593220338983,0.589923725372083,0.4100762746279169,0.0571861479695234,0.0198079135782209,0.0373782343913025,0.5833333333333333,0.1823647294589179,0.2708571428571428,0.832,0.7165714285714285,0.0365714285714285,0.648,0.8257142857142857,0.7245714285714285,0.5028571428571428,0.5265714285714285,0.5147142857142857,보통,보통,보통,0,0,0.5028571428571428,0.5265714285714285,보통,-0.0331442546109168,0.0331442546109168,0,0,0,0,0,0.0,1단계_활발관찰,2,0,0.025710572005944808,0,0.09
11320,도봉구,2024-04,55629.65517241379,54000.0,802.4666570830982,783.4757834757835,145,28685.978260869564,27000.0,444.51601919818575,433.17319051744505,322,482,160,0.3319502074688796,0.5539370580379822,0.4460629419620178,0.0805107953125434,0.014597218913676,0.0659135763988674,0.0902255639097744,-0.1830508474576271,0.4342857142857143,0.9085714285714286,0.8251428571428572,0.0297142857142857,0.6,0.2137142857142857,0.728,0.5869142857142857,0.5643428571428573,0.5756285714285715,주의,주의,주의,0,0,0.5869142857142857,0.5643428571428573,주의,-0.0036430128701033,0.0036430128701033,0,0,0,0,0,0.0,1단계_활발관찰,2,0,0.29801169921246606,0,0.17333333333333334
11320,도봉구,2024-05,53787.93103448276,54100.0,779.2513769218484,747.5888998828182,116,29814.674193548388,30000.0,450.01279245753454,435.7979944744718,310,480,170,0.3541666666666667,0.5774937405117561,0.4225062594882439,-0.0289299000230557,0.0123657484138903,-0.0412956484369461,-0.1999999999999999,-0.0041493775933609,0.3234285714285714,0.2331428571428571,0.248,0.0868571428571428,0.576,0.4285714285714285,0.0217142857142857,0.2755428571428571,0.2733714285714286,0.2744571428571428,낮음,낮음,낮음,0,0,0.2755428571428571,0.2733714285714286,낮음,0.022216459197787,0.022216459197787,0,0,1,0,0,0.25,2단계_완만정체,2,0,1.2514352635829368e-05,0,0.0
11320,도봉구,2024-06,56151.47727272727,54250.0,806.0283920797455,773.927392739274,176,29920.212543554007,29000.0,454.29574147950217,447.374617376972,287,471,184,0.3906581740976645,0.5636225050426708,0.4363774949573292,0.0343624868058238,0.0095173939357997,0.0248450928700241,0.5172413793103448,-0.01875,0.3828571428571428,0.704,0.6571428571428571,0.2434285714285714,0.5451428571428572,0.7634285714285715,0.0914285714285714,0.5133142857142857,0.5397714285714286,0.5265428571428572,보통,보통,보통,0,0,0.5133142857142857,0.5397714285714286,보통,0.0364915074309978,0.0364915074309978,0,1,0,0,0,0.2,1단계_활발관찰,2,0,0.0263461806879089,0,0.023333333333333334
11320,도봉구,2024-07,56572.95358649789,54000.0,795.6100654259926,752.3876077335196,237,30775.66304347826,30000.0,463.5222608685098,454.7334386044064,276,469,193,0.4115138592750533,0.5825997948132124,0.4174002051867875,-0.0129255082775323,0.0203095000603785,-0.0332350083379109,0.3465909090909091,-0.0042462845010615,0.3051428571428571,0.3462857142857143,0.2925714285714286,0.3645714285714285,0.656,0.6194285714285714,0.024,0.3569142857142857,0.3476,0.3522571428571429,안정,안정,안정,0,0,0.3569142857142857,0.3476,안정,0.0208556851773887,0.0208556851773887,0,0,0,0,0,0.0,1단계_활발관찰,2,0,0.00017733284979346548,0,0.0
11320,도봉구,2024-08,56791.978609625665,55000.0,834.2110510828531,837.7456171314273,187,31318.104166666668,30000.0,455.4090559039531,452.2840343735866,288,455,167,0.367032967032967,0.5459158750208433,0.4540841249791567,0.0485174677072397,-0.0175033771826942,0.0660208448899339,-0.210970464135021,-0.0298507462686566,0.4742857142857143,0.7942857142857143,0.8274285714285714,0.1348571428571428,0.2605714285714285,0.4445714285714285,0.1531428571428571,0.5526285714285716,0.589657142857143,0.5711428571428573,주의,주의,주의,0,0,0.5526285714285716,0.589657142857143,주의,-0.0444808922420862,0.0444808922420862,0,0,1,0,0,0.25,2단계_완만정체,2,0,0.0843311301722496,0,0.04
11320,도봉구,2024-09,56951.8064516129,53850.0,767.3502667044847,704.6070460704607,93,29730.68049792531,29000.0,455.8510609936531,443.7617340843147,241,404,163,0.4034653465346535,0.5940586467134265,0.4059413532865735,-0.0801485239155959,0.0009705671944151,-0.081119091110011,-0.5026737967914439,-0.1120879120879121,0.2571428571428571,0.0594285714285714,0.12,0.3188571428571428,0.4434285714285714,0.752,0.4868571428571429,0.2081714285714285,0.2389714285714285,0.2235714285714285,낮음,낮음,낮음,0,0,0.2081714285714285,0.2389714285714285,낮음,0.0364323795016864,0.0364323795016864,0,1,1,0,0,0.45,3단계_안정정체,1,0,1.277978658064272e-07,0,0.0
11320,도봉구,2024-10,55333.56643356643,53500.0,786.216341859693,729.6006025088847,143,29911.74183006536,28000.0,471.269814959879,463.4305745350841,306,479,173,0.3611691022964509,0.5994149318305331,0.4005850681694669,0.0245860019521877,0.0338241045937601,-0.0092381026415724,0.5376344086021505,0.1856435643564356,0.2217142857142857,0.6445714285714286,0.424,0.1062857142857142,0.7771428571428571,0.7937142857142857,0.7371428571428571,0.4061142857142857,0.4025142857142857,0.4043142857142857,안정,안정,안정,0,0,0.4061142857142857,0.4025142857142857,안정,-0.0422962442382026,0.0422962442382026,0,0,0,0,0,0.0,1단계_활발관찰,2,0,0.0010963692619910645,0,0.0
11320,도봉구,2024-11,53127.380952380954,50000.0,784.9906237173288,731.6004980031381,84,30954.689138576778,30000.0,455.9414250870223,447.374617376972,267,443,176,0.3972911963882618,0.5808240395635662,0.4191759604364338,-0.0015590087322082,-0.0325257196329488,0.0309667109007405,-0.4125874125874126,-0.0751565762004174,0.3131428571428571,0.4354285714285714,0.6857142857142857,0.2857142857142857,0.1497142857142857,0.6868571428571428,0.3382857142857143,0.3977714285714286,0.4653714285714286,0.4315714285714286,안정,보통,안정,0,0,0.3977714285714286,0.4653714285714286,안정,0.0361220940918109,0.0361220940918109,1,0,1,0,0,0.5,3단계_안정정체,2,0,0.0004460703898480893,0,0.006666666666666667
11320,도봉구,2024-12,52800.555555555555,51175.0,768.6237699116031,715.9290375023021,90,30921.047826086957,30000.0,465.2830957327481,447.7315996858967,230,385,155,0.4025974025974026,0.605345702210405,0.394654297789595,-0.0208497443297098,0.0204887516942398,-0.0413384960239496,0.0714285714285714,-0.1309255079006772,0.1977142857142857,0.2868571428571428,0.2468571428571428,0.3085714285714285,0.6582857142857143,0.1622857142857142,0.5577142857142857,0.2925142857142857,0.2353714285714285,0.2639428571428571,낮음,낮음,낮음,0,0,0.2925142857142857,0.2353714285714285,낮음,0.0053062062091407,0.0053062062091407,0,0,0,0,0,0.0,1단계_활발관찰,2,0,1.9299204890024227e-05,0,0.0
11320,도봉구,2025-01,51715.0,51350.0,812.1052915080853,804.6981606621734,80,30075.37037037037,30000.0,451.1214717948609,445.4365794789146,216,377,161,0.4270557029177719,0.5554962841790195,0.4445037158209804,0.0565706178999421,-0.0304365752114524,0.0870071931113946,-0.1111111111111111,-0.0207792207792207,0.4205714285714286,0.8297142857142857,0.8937142857142857,0.4674285714285714,0.1691428571428571,0.264,0.1051428571428571,0.5993714285714287,0.6097142857142857,0.6045428571428572,주의,주의,주의,0,0,0.5993714285714287,0.6097142857142857,주의,0.0244583003203692,0.0244583003203692,0,0,1,0,0,0.25,2단계_완만정체,2,0,0.33044418879135634,0,0.09666666666666666
11320,도봉구,2025-02,51359.016393442624,48650.0,769.4228745965579,739.4418147809739,122,30422.99035369775,29000.0,459.82956679019406,457.3975944150054,311,489,178,0.3640081799591002,0.5976291867216748,0.4023708132783252,-0.0525577377192874,0.0193032155190631,-0.0718609532383505,0.5249999999999999,0.2970822281167109,0.2331428571428571,0.1222857142857142,0.144,0.1188571428571428,0.6422857142857142,0.7731428571428571,0.9085714285714286,0.2113714285714285,0.2312571428571428,0.2213142857142856,낮음,낮음,낮음,0,0,0.2113714285714285,0.2312571428571428,낮음,-0.0630475229586717,0.0630475229586717,0,0,0,0,1,0.1,1단계_활발관찰,2,0,2.041636778928359e-06,0,0.0
11320,도봉구,2025-03,53010.625,49500.0,785.5354646095537,723.1800317519751,176,31043.341040462423,30000.0,452.5683405167351,440.4074101910735,346,534,188,0.352059925093633,0.576127190822227,0.423872809177773,0.020941137240616,-0.015791125229605,0.0367322624702211,0.4426229508196722,0.0920245398773005,0.3291428571428571,0.6148571428571429,0.712,0.0788571428571428,0.2857142857142857,0.7142857142857143,0.4125714285714286,0.4352571428571428,0.4954857142857142,0.4653714285714285,안정,보통,보통,0,0,0.4352571428571428,0.4954857142857142,안정,-0.0119482548654671,0.0119482548654671,0,0,0,0,0,0.0,1단계_활발관찰,2,0,0.004261495954534931,0,0.01
11320,도봉구,2025-04,53982.16560509554,51000.0,782.4764939825318,724.200362100181,157,30427.363914373087,30000.0,442.21356254980685,435.6016011302096,327,497,170,0.3420523138832998,0.5651461302039815,0.4348538697960185,-0.0038941216085545,-0.0228800316767746,0.0189859100682201,-0.1079545454545454,-0.0692883895131085,0.3771428571428571,0.416,0.6251428571428571,0.056,0.2217142857142857,0.2582857142857143,0.3108571428571428,0.3727428571428571,0.4029142857142856,0.3878285714285714,안정,안정,안정,0,0,0.3727428571428571,0.4029142857142856,안정,-0.0100076112103331,0.0100076112103331,1,0,1,0,0,0.5,3단계_안정정체,2,0,0.000345707912002067,0,0.0
11320,도봉구,2025-05,51580.74534161491,50000.0,793.2773764537775,723.0117177761157,161,30017.03759398496,29000.0,440.9718691922182,435.5828802111226,266,464,198,0.4267241379310345,0.5558861027444323,0.4441138972555677,0.0138034593426226,-0.0028079042859495,0.0166113636285721,0.0254777070063694,-0.0663983903420523,0.4182857142857142,0.5622857142857143,0.6068571428571429,0.464,0.4057142857142857,0.0582857142857142,0.296,0.4976,0.4627999999999999,0.4801999999999999,보통,보통,보통,0,0,0.4976,0.4627999999999999,보통,0.0846718240477346,0.0846718240477346,0,1,0,0,1,0.30000000000000004,2단계_완만정체,2,0,0.007455386585996278,0,0.01
11320,도봉구,2025-06,57655.681818181816,54500.0,825.1921970987717,823.6263089775268,308,30484.719626168226,30000.0,453.35265839985954,445.0774434751647,321,509,188,0.3693516699410609,0.5493903844386393,0.4506096155613607,0.0402316032100453,0.0280761428848528,0.0121554603251925,0.9130434782608696,0.0969827586206897,0.4594285714285714,0.7451428571428571,0.5725714285714286,0.1514285714285714,0.7371428571428571,0.9508571428571428,0.4354285714285714,0.5350571428571429,0.5632,0.5491285714285714,보통,주의,주의,0,0,0.5350571428571429,0.5632,보통,-0.0573724679899735,0.0573724679899735,0,0,0,0,0,0.0,1단계_활발관찰,2,0,0.06529766638988622,0,0.11333333333333333
11320,도봉구,2025-07,55148.98648648649,51750.0,808.6167249545867,760.2893419101417,148,38433.30933333333,30000.0,538.584520580048,459.2480444107999,375,557,182,0.3267504488330341,0.666056617379879,0.333943382620121,-0.0200868018413907,0.1880034463259141,-0.2080902481673049,-0.5194805194805194,0.0943025540275048,0.0411428571428571,0.2948571428571429,0.0182857142857142,0.0228571428571428,0.9851428571428572,0.7662857142857142,0.4182857142857142,0.1916571428571428,0.1568571428571428,0.1742571428571428,낮음,낮음,낮음,0,0,0.1916571428571428,0.1568571428571428,낮음,-0.0426012211080267,0.0426012211080267,0,0,1,0,0,0.25,2단계_완만정체,1,0,7.938667016066513e-09,0,0.0
11320,도봉구,2025-08,52444.26573426573,49800.0,779.7217214035156,713.3500059545075,143,48395.32865168539,36000.0,629.7334453318996,496.1169619158522,356,517,161,0.3114119922630561,0.807638710126436,0.192361289873564,-0.0357338682955066,0.1692379213826744,-0.204971789678181,-0.0337837837837837,-0.0718132854578097,0.0022857142857142,0.2011428571428571,0.0217142857142857,0.0137142857142857,0.9794285714285714,0.0788571428571428,0.3234285714285714,0.1553142857142857,0.0557142857142857,0.1055142857142857,낮음,낮음,낮음,0,0,0.1553142857142857,0.0557142857142857,낮음,-0.015338456569978,0.015338456569978,0,0,1,0,0,0.25,2단계_완만정체,1,0,1.0105692502684889e-11,0,0.006666666666666667
11320,도봉구,2025-09,57328.75,56000.0,869.0070927664093,884.9557522123895,200,45593.22254335261,36750.0,594.9485839160637,484.26150121065376,346,523,177,0.3384321223709369,0.6846302968852603,0.3153697031147396,0.1145092780052068,-0.0552374368452076,0.1697467148504144,0.3986013986013985,0.011605415860735,0.0251428571428571,0.968,0.9782857142857144,0.0457142857142857,0.0765714285714285,0.672,0.0571428571428571,0.4597142857142857,0.5187428571428572,0.4892285714285714,보통,보통,보통,0,0,0.4597142857142857,0.5187428571428572,보통,0.0270201301078807,0.0270201301078807,0,0,0,0,0,0.0,1단계_활발관찰,2,0,0.20743559079389,0,0.21666666666666667
11320,도봉구,2025-10,57305.72327044025,55000.0,878.8298835248903,907.0796460176992,159,31292.27559055118,29030.0,473.7519142102228,459.59802988692775,254,422,168,0.3981042654028436,0.5390712390321274,0.4609287609678726,0.011303464425372,-0.2037094851257592,0.2150129495511312,-0.2049999999999999,-0.1931166347992351,0.5005714285714286,0.5428571428571428,0.9874285714285714,0.2902857142857142,0.0045714285714285,0.4365714285714285,0.76,0.5273714285714285,0.6033142857142857,0.5653428571428571,보통,주의,주의,0,0,0.5273714285714285,0.6033142857142857,보통,0.0596721430319067,0.0596721430319067,0,0,1,0,1,0.35,2단계_완만정체,2,0,0.24980040392253197,0,0.09666666666666666
11320,도봉구,2025-11,57718.316831683165,56000.0,807.5525739806793,746.4387464387464,101,32601.03433476395,30975.0,467.5130166109197,461.0318331503842,233,433,200,0.4618937644341801,0.5789257958852161,0.4210742041147839,-0.0811047858981826,-0.0131691237801199,-0.0679356621180626,-0.3647798742138365,0.0260663507109004,0.3188571428571428,0.0582857142857142,0.1531428571428571,0.6354285714285715,0.3085714285714285,0.6377142857142857,0.1337142857142857,0.2670285714285714,0.2888571428571429,0.2779428571428571,낮음,낮음,낮음,0,0,0.2670285714285714,0.2888571428571429,낮음,0.0637894990313365,0.0637894990313365,0,0,1,0,1,0.35,2단계_완만정체,1,0,9.904892247997191e-07,0,0.0
11320,도봉구,2025-12,58067.708333333336,56950.0,856.3206030121639,826.636163338321,144,32897.343873517784,32800.0,477.913242870459,475.00296876855487,253,432,179,0.4143518518518518,0.5581008341844956,0.4418991658155043,0.0603899121899789,0.0222458538907266,0.0381440582992522,0.4257425742574257,-0.0023094688221708,0.4091428571428571,0.8434285714285714,0.7222857142857143,0.3828571428571428,0.6811428571428572,0.696,0.0148571428571428,0.6035999999999999,0.6003428571428572,0.6019714285714286,주의,주의,주의,0,0,0.6035999999999999,0.6003428571428572,주의,-0.0475419125823283,0.0475419125823283,0,0,0,0,0,0.0,1단계_활발관찰,2,0,0.2532373230174733,0,0.49
11320,도봉구,2026-01,58278.82352941176,58250.0,852.7094503292008,817.9966343466169,170,34514.67615658363,33600.0,485.0770366880039,478.05302042590176,281,526,245,0.4657794676806083,0.568865557313494,0.431134442686506,-0.0042170568712941,0.0149897369960234,-0.0192067938673176,0.1805555555555555,0.2175925925925925,0.3611428571428571,0.4091428571428571,0.3622857142857142,0.648,0.608,0.3942857142857143,0.8148571428571428,0.4410857142857143,0.4030285714285714,0.4220571428571428,안정,안정,안정,0,0,0.4410857142857143,0.4030285714285714,안정,0.0514276158287564,0.0514276158287564,1,0,0,0,0,0.25,2단계_완만정체,0,0,0.0016733367989352872,0,0.0
11320,도봉구,2026-02,56067.71356783919,54300.0,858.6256380039989,823.6941505948248,199,32848.243902439026,31500.0,481.0029287716925,483.2645810243213,246,434,188,0.4331797235023041,0.5602009857169584,0.4397990142830416,0.0069381049694172,-0.0083988884407484,0.0153369934101657,0.1705882352941177,-0.1749049429657795,0.3965714285714286,0.4971428571428571,0.5977142857142858,0.5005714285714286,0.3542857142857142,0.3725714285714285,0.7017142857142857,0.4733142857142857,0.4749714285714285,0.4741428571428571,보통,보통,보통,0,0,0.4733142857142857,0.4749714285714285,보통,-0.0325997441783041,0.0325997441783041,1,1,0,0,0,0.45,3단계_안정정체,2,0,0.004825687450885903,0,0.0
11320,도봉구,2026-03,55654.6,53250.0,865.2714013237689,829.689957194209,250,32640.003773584907,30000.0,479.8838444984938,475.1187796949237,265,478,213,0.4456066945606695,0.5546049988065304,0.4453950011934696,0.0077400010267794,-0.0023265643642886,0.010066565391068,0.256281407035176,0.1013824884792626,0.4297142857142857,0.5131428571428571,0.5542857142857143,0.5542857142857143,0.416,0.5154285714285715,0.4525714285714285,0.4928,0.4985714285714285,0.4956857142857143,보통,보통,보통,0,0,0.4928,0.4985714285714285,보통,0.0124269710583653,0.0124269710583653,1,1,0,0,0,0.45,3단계_안정정체,2,0,0.009144908060064589,0,0.0033333333333333335
11320,도봉구,2026-04,56190.84249084249,54000.0,878.9547227858529,835.7893810759689,273,32153.7805907173,31000.0,478.9047735955027,458.2696847660047,237,378,141,0.373015873015873,0.5448571595105728,0.4551428404894272,0.0158139069905118,-0.00204022476317,0.0178541317536818,0.092,-0.209205020920502,0.4765714285714286,0.5794285714285714,0.6125714285714285,0.168,0.4182857142857142,0.216,0.7965714285714286,0.4773714285714285,0.4742285714285714,0.4758,보통,보통,보통,0,0,0.4773714285714285,0.4742285714285714,보통,-0.0725908215447964,0.0725908215447964,0,1,0,0,1,0.30000000000000004,2단계_완만정체,2,0,0.005838760433716049,0,0.0033333333333333335
11230,동대문구,2023-06,84161.57894736843,84000.0,1152.6387500352664,1089.3887645742552,190,46355.61038961039,46500.0,632.7865304306468,647.2872778627751,462,746,284,0.3806970509383378,0.5489894647488521,0.4510105352511478,0.0457486989842801,0.0031662714454003,0.0425824275388797,0.165644171779141,0.1285930408472011,0.4605714285714286,0.7828571428571428,0.7474285714285714,0.1977142857142857,0.4674285714285714,0.3645714285714285,0.5474285714285714,0.5597714285714286,0.5608571428571428,0.5603142857142858,주의,주의,주의,0,0,0.5597714285714286,0.5608571428571428,주의,0.0,0.0,0,1,0,0,0,0.2,1단계_활발관찰,2,0,0.08360291162408238,0,0.056666666666666664
11230,동대문구,2023-07,79022.1875,78250.0,1108.817444233477,1088.876781103773,160,45310.96016771488,46500.0,631.959006815217,618.3155080213903,477,758,281,0.370712401055409,0.5699396326255389,0.430060367374461,-0.0380182479553533,-0.0013077453068836,-0.0367105026484697,-0.1578947368421053,0.0160857908847185,0.352,0.1862857142857142,0.2754285714285714,0.1577142857142857,0.4228571428571429,0.352,0.0834285714285714,0.2732,0.2802857142857142,0.2767428571428571,낮음,낮음,낮음,0,0,0.2732,0.2802857142857142,낮음,-0.0099846498829287,0.0099846498829287,0,1,1,0,0,0.45,3단계_안정정체,2,0,1.436638249834298e-05,0,0.0
11230,동대문구,2023-08,80485.03401360544,79500.0,1125.0054587722425,1096.0518562168534,147,47707.922666666665,49300.0,660.0561306258554,667.8911337451996,375,653,278,0.4257274119448698,0.5867137136793965,0.4132862863206035,0.0145993505269534,0.0444603581998697,-0.0298610076729162,-0.08125,-0.1385224274406332,0.2845714285714286,0.5725714285714286,0.3108571428571428,0.4548571428571428,0.8434285714285714,0.192,0.5908571428571429,0.4432571428571429,0.3565142857142857,0.3998857142857143,안정,안정,안정,0,0,0.4432571428571429,0.3565142857142857,안정,0.0550150108894608,0.0550150108894608,0,0,1,0,0,0.25,2단계_완만정체,2,0,0.0006873505772574018,0,0.0
11230,동대문구,2023-09,81184.4696969697,80000.0,1160.6256640864742,1120.113152092545,132,46347.34195402299,45000.0,644.5291513567986,644.9695310335353,348,601,253,0.4209650582362729,0.5553290533723515,0.4446709466276485,0.0316622510908572,-0.0235237255569982,0.0551859766478555,-0.1020408163265306,-0.0796324655436446,0.4251428571428571,0.6902857142857143,0.7942857142857143,0.4228571428571429,0.2137142857142857,0.2434285714285714,0.3634285714285714,0.5437714285714286,0.5520571428571428,0.5479142857142857,주의,주의,주의,0,0,0.5437714285714286,0.5520571428571428,주의,-0.0047623537085969,0.0047623537085969,0,0,1,0,0,0.25,2단계_완만정체,2,0,0.04142268249087882,0,0.04666666666666667
11230,동대문구,2023-10,79037.09677419355,78800.0,1095.6119938260883,1058.9481115425344,93,47179.87283236994,46000.0,657.9983430750474,641.8799193084716,346,601,255,0.4242928452579035,0.6005760677894647,0.3994239322105353,-0.0560160543335546,0.0208977230741151,-0.0769137774076698,-0.2954545454545454,0.0,0.2148571428571428,0.1051428571428571,0.1302857142857142,0.448,0.664,0.568,0.0028571428571428,0.2504,0.2304,0.2404,낮음,낮음,낮음,0,0,0.2504,0.2304,낮음,0.0033277870216306,0.0033277870216306,0,0,1,0,0,0.25,2단계_완만정체,1,0,1.035536550125357e-06,0,0.0
11230,동대문구,2023-11,54871.348314606745,45750.0,1153.8084332229375,1282.946609596756,89,50146.73699421965,50000.0,686.7977123878635,672.0386391490047,346,598,252,0.4214046822742475,0.59524414331886,0.40475585668114,0.0531177458121976,0.0437681486829084,0.0093495971292891,-0.043010752688172,-0.0049916805324459,0.2502857142857143,0.816,0.5497142857142857,0.4274285714285714,0.8377142857142857,0.0994285714285714,0.0262857142857142,0.5369142857142857,0.4409142857142857,0.4889142857142857,보통,안정,보통,0,0,0.5369142857142857,0.4409142857142857,보통,-0.002888162983656,0.002888162983656,0,0,1,0,0,0.25,2단계_완만정체,2,0,0.014714357572457268,0,0.0033333333333333335
11230,동대문구,2023-12,67207.53424657535,72500.0,1120.9057140372452,1109.2592592592594,73,48486.86592178771,48800.0,716.3427266647585,703.9581202132855,358,675,317,0.4696296296296296,0.6390749174474777,0.3609250825525223,-0.0285166222037267,0.0430185100270248,-0.0715351322307515,-0.1797752808988764,0.1287625418060201,0.0868571428571428,0.2365714285714285,0.1462857142857143,0.664,0.8365714285714285,0.3931428571428571,0.5485714285714286,0.2977142857142857,0.22,0.2588571428571429,낮음,낮음,낮음,0,0,0.2977142857142857,0.22,낮음,0.0482249473553821,0.0482249473553821,0,0,1,0,0,0.25,2단계_완만정체,1,0,3.758706161891682e-06,0,0.0
11230,동대문구,2024-01,72073.85321100918,72500.0,1116.8887430715984,1066.7349377026796,109,47709.62085308057,49000.0,707.918539583029,683.3981383292094,422,786,364,0.4631043256997455,0.6338308483942234,0.3661691516057765,-0.0035836831906036,-0.0117599952762164,0.0081763120856127,0.4931506849315068,0.1644444444444444,0.1028571428571428,0.4182857142857142,0.5405714285714286,0.6411428571428571,0.3314285714285714,0.7462857142857143,0.6628571428571428,0.3728571428571428,0.3935428571428572,0.3832,안정,안정,안정,0,0,0.3728571428571428,0.3935428571428572,안정,-0.006525303929884,0.006525303929884,1,0,0,0,0,0.25,2단계_완만정체,0,0,0.0002757746767921274,0,0.0
11230,동대문구,2024-02,69939.6875,70800.0,1114.7543555522996,1079.0107181871808,128,47215.69096209913,47000.0,699.5031893883911,651.7379679144385,343,646,303,0.4690402476780185,0.6274953633545802,0.3725046366454198,-0.0019110117570251,-0.0118874555815342,0.0099764438245091,0.1743119266055046,-0.178117048346056,0.1211428571428571,0.432,0.5531428571428572,0.6617142857142857,0.3268571428571428,0.3817142857142857,0.7097142857142857,0.3869142857142857,0.3714285714285714,0.3791714285714286,안정,안정,안정,0,0,0.3869142857142857,0.3714285714285714,안정,0.0059359219782729,0.0059359219782729,1,0,0,0,0,0.25,2단계_완만정체,0,0,0.0002547023121275415,0,0.0
11230,동대문구,2024-03,75425.86206896552,79000.0,1117.2292355468169,1100.5502751375689,203,48048.56892230576,49000.0,687.5654797844021,650.3251625812907,399,734,335,0.4564032697547684,0.6154202359803804,0.3845797640196196,0.0022201124240426,-0.0170659830935534,0.019286095517596,0.5859375,0.1362229102167182,0.1622857142857142,0.4617142857142857,0.6274285714285714,0.6057142857142858,0.2685714285714285,0.8274285714285714,0.5885714285714285,0.4073142857142857,0.4493142857142858,0.4283142857142857,안정,안정,안정,0,0,0.4073142857142857,0.4493142857142858,안정,-0.01263697792325,0.01263697792325,1,0,0,0,0,0.25,2단계_완만정체,0,0,0.0011003206919350807,0,0.0033333333333333335
11230,동대문구,2024-04,84070.66326530612,81000.0,1153.8837709826362,1103.327157504067,196,49310.620689655174,50000.0,686.2215053416971,682.5938566552901,319,548,229,0.4178832116788321,0.5947059163136661,0.4052940836863339,0.0328084284492242,-0.0019546857458964,0.0347631141951206,-0.0344827586206896,-0.2534059945504087,0.256,0.6948571428571428,0.7017142857142857,0.4034285714285714,0.4194285714285714,0.08,0.8685714285714285,0.4933142857142857,0.4523428571428571,0.4728285714285714,보통,안정,보통,0,0,0.4933142857142857,0.4523428571428571,보통,-0.0385200580759363,0.0385200580759363,0,1,1,0,0,0.45,3단계_안정정체,2,0,0.005477748850096279,0,0.006666666666666667
11230,동대문구,2024-05,79418.65437788019,80000.0,1120.1923107064106,1105.3540587219345,217,47132.88217522659,48500.0,686.7373564877305,669.5681285570806,331,616,285,0.4626623376623376,0.6130530891206201,0.3869469108793799,-0.0291983136633721,0.0007517268724717,-0.0299500405358438,0.1071428571428572,0.1240875912408758,0.1691428571428571,0.232,0.3085714285714285,0.64,0.4411428571428571,0.2571428571428571,0.5314285714285715,0.3105714285714285,0.2724571428571428,0.2915142857142857,낮음,낮음,낮음,0,0,0.3105714285714285,0.2724571428571428,낮음,0.0447791259835055,0.0447791259835055,0,1,0,0,0,0.2,1단계_활발관찰,0,0,3.233138007379748e-05,0,0.0
11230,동대문구,2024-06,86256.81818181818,86500.0,1234.4748270101927,1178.8746452084365,330,50478.58017492711,50000.0,747.7339271033884,715.2252548503782,343,578,235,0.4065743944636678,0.6057101455153565,0.3942898544846435,0.102020443464492,0.0888208134294901,0.0131996300350019,0.5207373271889402,-0.0616883116883116,0.1954285714285714,0.9508571428571428,0.584,0.3405714285714286,0.944,0.768,0.2731428571428571,0.5586285714285715,0.5154285714285715,0.5370285714285714,주의,보통,보통,0,0,0.5586285714285715,0.5154285714285715,주의,-0.0560879431986698,0.0560879431986698,0,0,0,0,0,0.0,1단계_활발관찰,2,0,0.2996532615669905,0,0.05
11230,동대문구,2024-07,87628.37398373983,86000.0,1205.3992293762126,1151.1177494588687,369,48746.45336787565,50000.0,744.8610393481026,707.5476519367844,386,654,268,0.4097859327217125,0.6179372121662663,0.3820627878337337,-0.0235530097477961,-0.0038421257230026,-0.0197108840247934,0.1181818181818181,0.1314878892733564,0.1531428571428571,0.2765714285714286,0.3577142857142857,0.36,0.4034285714285714,0.2777142857142857,0.5611428571428572,0.2809714285714285,0.2621142857142857,0.2715428571428571,낮음,낮음,낮음,0,0,0.2809714285714285,0.2621142857142857,낮음,0.0032115382580447,0.0032115382580447,0,1,0,0,0,0.2,1단계_활발관찰,2,0,2.03768249836943e-05,0,0.0
11230,동대문구,2024-08,84360.34602076125,82000.0,1198.8862489816886,1133.0965668865213,289,50946.142441860466,50000.0,732.2758031661391,712.7700794258549,344,612,268,0.4379084967320261,0.6107967322071801,0.3892032677928199,-0.0054031728541044,-0.0168960860041464,0.011492913150042,-0.2168021680216801,-0.0642201834862384,0.176,0.4011428571428571,0.5645714285714286,0.5234285714285715,0.272,0.4582857142857143,0.2811428571428571,0.3717142857142857,0.3811428571428571,0.3764285714285714,안정,안정,안정,0,0,0.3717142857142857,0.3811428571428571,안정,0.0281225640103136,0.0281225640103136,1,0,1,0,0,0.5,3단계_안정정체,2,0,0.00016380875710160189,0,0.0
11230,동대문구,2024-09,75149.17293233082,72500.0,1103.2190118910232,1094.2760942760942,133,52913.442028985504,53000.0,761.56728002087,765.5577789569122,276,484,208,0.4297520661157025,0.6903137743388511,0.3096862256611489,-0.0797967590102257,0.0400006073232017,-0.1197973663334275,-0.5397923875432526,-0.2091503267973856,0.0228571428571428,0.0605714285714285,0.0697142857142857,0.4811428571428571,0.8182857142857143,0.8,0.7954285714285714,0.1899428571428571,0.1656571428571429,0.1778,낮음,낮음,낮음,0,0,0.1899428571428571,0.1656571428571429,낮음,-0.0081564306163235,0.0081564306163235,0,0,1,0,0,0.25,2단계_완만정체,1,0,1.4293023914966463e-09,0,0.0
11230,동대문구,2024-10,78854.11392405063,79500.0,1105.4951685729395,1054.6741786595069,158,50195.417073170735,50000.0,714.5952030192119,706.1315758503001,410,727,317,0.4360385144429161,0.6464028277406837,0.3535971722593163,0.0020631956641272,-0.0616781711004849,0.0637413667646121,0.1879699248120301,0.5020661157024793,0.0731428571428571,0.4605714285714286,0.8228571428571428,0.5177142857142857,0.0651428571428571,0.4068571428571428,0.9908571428571428,0.3858285714285714,0.4158857142857143,0.4008571428571428,안정,안정,안정,0,0,0.3858285714285714,0.4158857142857143,안정,0.0062864483272135,0.0062864483272135,1,0,0,0,0,0.25,2단계_완만정체,0,0,0.0003906405625307518,0,0.043333333333333335
11230,동대문구,2024-11,68224.2774566474,71000.0,1175.5339419525749,1144.7811447811448,173,50152.017964071856,50000.0,733.9128174009068,747.0042777537776,334,668,334,0.5,0.6243229490948339,0.3756770509051661,0.0633551148577582,0.027032947184751,0.0363221676730072,0.0949367088607595,-0.0811554332874827,0.1314285714285714,0.8571428571428571,0.7097142857142857,0.7931428571428571,0.7291428571428571,0.224,0.3714285714285714,0.5875428571428571,0.4965714285714286,0.5420571428571429,주의,보통,보통,0,0,0.5875428571428571,0.4965714285714286,주의,0.0639614855570839,0.0639614855570839,0,0,0,0,1,0.1,1단계_활발관찰,0,0,0.058867376298948476,0,0.08666666666666667
11230,동대문구,2024-12,72344.11764705883,75000.0,1130.0059399289632,1078.2465236860712,153,51046.94956140351,50000.0,760.1403026570316,764.9758738378251,456,950,494,0.52,0.6726869972956223,0.3273130027043777,-0.0387296362944562,0.035736513430856,-0.0744661497253122,-0.115606936416185,0.4221556886227544,0.0308571428571428,0.184,0.136,0.8582857142857143,0.7942857142857143,0.2697142857142857,0.9771428571428572,0.2906285714285714,0.1944,0.2425142857142857,낮음,낮음,낮음,0,0,0.2906285714285714,0.1944,낮음,0.02,0.02,0,0,1,0,0,0.25,2단계_완만정체,0,0,1.2581943068509703e-06,0,0.0
11230,동대문구,2025-01,76602.17391304347,78000.0,1186.913420083934,1162.7906976744184,161,50101.2688172043,50000.0,742.1976591606096,752.0053475935829,465,1065,600,0.5633802816901409,0.6253174381566301,0.3746825618433699,0.0503603371841994,-0.0236043838666419,0.0739647210508414,0.0522875816993464,0.1210526315789473,0.1291428571428571,0.8011428571428572,0.8537142857142858,0.9291428571428572,0.2125714285714285,0.1165714285714285,0.52,0.5704,0.5234285714285715,0.5469142857142857,주의,보통,주의,0,0,0.5704,0.5234285714285715,주의,0.0433802816901408,0.0433802816901408,0,0,0,0,0,0.0,1단계_활발관찰,0,0,0.1395843789164195,0,0.03
11230,동대문구,2025-02,87660.38148148148,82650.0,1215.8072230680034,1119.4645523822398,270,49665.34621848739,50000.0,742.8047472797338,740.2837754472548,595,1147,552,0.4812554489973845,0.6109560242661815,0.3890439757338185,0.0243436484036267,0.0008179601641571,0.0235256882394696,0.6770186335403727,0.0769953051643193,0.1748571428571428,0.6422857142857142,0.6491428571428571,0.7177142857142857,0.4422857142857143,0.8731428571428571,0.3474285714285714,0.4947428571428571,0.5110285714285714,0.5028857142857143,보통,보통,보통,0,0,0.4947428571428571,0.5110285714285714,보통,-0.0821248326927563,0.0821248326927563,0,1,0,0,1,0.30000000000000004,2단계_완만정체,0,0,0.010292072948073959,0,0.01
11230,동대문구,2025-03,88618.6460807601,85000.0,1243.642857551866,1175.249447532311,421,49270.13057324841,49000.0,705.35823086936,706.1315758503001,628,967,339,0.3505687693898656,0.5671710544439348,0.4328289455560652,0.0228947763722124,-0.0504123277988041,0.0733071041710166,0.5592592592592593,-0.1569311246730601,0.3657142857142857,0.6342857142857142,0.8502857142857143,0.0754285714285714,0.088,0.808,0.6422857142857142,0.4584571428571428,0.5557714285714286,0.5071142857142857,안정,주의,보통,0,0,0.4584571428571428,0.5557714285714286,안정,-0.1306866796075189,0.1306866796075189,0,0,0,0,1,0.1,1단계_활발관찰,2,0,0.014673825848813929,0,0.013333333333333334
11230,동대문구,2025-04,75921.69811320755,77750.0,1295.896851130505,1316.3435828877004,318,49917.47983014862,50000.0,708.3457615499244,709.0522335145355,471,788,317,0.4022842639593909,0.5466065921311429,0.453393407868857,0.0420168806995779,0.0042354800012502,0.0377814006983276,-0.2446555819477435,-0.1851085832471561,0.4697142857142857,0.7577142857142857,0.72,0.3062857142857143,0.4834285714285714,0.4902857142857142,0.7348571428571429,0.5686285714285715,0.5756,0.5721142857142858,주의,주의,주의,0,0,0.5686285714285715,0.5756,주의,0.0517154945695252,0.0517154945695252,0,1,1,0,0,0.45,3단계_안정정체,2,0,0.04821787124499713,0,0.07333333333333333
11230,동대문구,2025-05,90401.75342465754,86500.0,1241.0857380926957,1173.1044349070098,365,50711.973140495866,50000.0,712.001779465986,712.533243230665,484,1011,527,0.5212660731948566,0.5736926608794914,0.4263073391205085,-0.0422958918296574,0.0051613464984414,-0.0474572383280988,0.1477987421383648,0.2829949238578679,0.3382857142857143,0.1668571428571428,0.224,0.8617142857142858,0.496,0.3302857142857143,0.8971428571428571,0.3668571428571429,0.3269714285714286,0.3469142857142857,안정,낮음,낮음,0,0,0.3668571428571429,0.3269714285714286,안정,0.1189818092354657,0.1189818092354657,0,1,0,0,1,0.30000000000000004,2단계_완만정체,0,0,0.0001469142280215769,0,0.0033333333333333335
11230,동대문구,2025-06,95059.647469459,90000.0,1306.4790827544764,1216.940073652494,573,50988.675619834714,52500.0,721.9254563321846,717.030487164048,484,988,504,0.5101214574898786,0.55257329861733,0.44742670138267,0.0526904327836992,0.0139377135737519,0.0387527192099472,0.5698630136986302,-0.0227497527200791,0.4445714285714285,0.8125714285714286,0.7257142857142858,0.8308571428571428,0.5908571428571429,0.8171428571428572,0.1177142857142857,0.6653714285714286,0.6643428571428572,0.6648571428571429,높음,높음,높음,1,0,0.6653714285714286,0.6643428571428572,높음,-0.011144615704978,0.011144615704978,0,0,0,0,0,0.0,1단계_활발관찰,0,1,0.5944306313236439,1,0.86
11230,동대문구,2025-07,87379.70297029703,83500.0,1233.9211127524784,1161.5323800459878,202,49586.71714922049,50000.0,715.4689481542368,716.8079096045199,449,933,484,0.5187566988210075,0.5798336220686404,0.4201663779313596,-0.0555370315221752,-0.0089434554791164,-0.0465935760430588,-0.6474694589877836,-0.055668016194332,0.3154285714285714,0.1097142857142857,0.232,0.8548571428571429,0.3462857142857143,0.8571428571428571,0.2502857142857143,0.3313142857142857,0.3615428571428571,0.3464285714285714,낮음,안정,낮음,0,0,0.3313142857142857,0.3615428571428571,낮음,0.0086352413311289,0.0086352413311289,0,1,1,0,0,0.45,3단계_안정정체,1,0,1.3844231202840838e-05,0,0.0
11230,동대문구,2025-08,91989.9957081545,87000.0,1308.140510891299,1227.8582930756843,233,51591.13953488372,51400.0,731.006240466424,729.2525014714538,387,756,369,0.4880952380952381,0.5588132424462218,0.4411867575537782,0.0601492245912391,0.0217162356972586,0.0384329888939805,0.1534653465346533,-0.1897106109324758,0.4022857142857143,0.8422857142857143,0.7234285714285714,0.7485714285714286,0.6777142857142857,0.3451428571428571,0.7474285714285714,0.656,0.5994857142857143,0.6277428571428572,높음,주의,주의,1,0,0.656,0.5994857142857143,높음,-0.0306614607257694,0.0306614607257694,0,0,0,0,0,0.0,1단계_활발관찰,2,0,0.4094615199346598,1,0.73
11230,동대문구,2025-09,102401.08695652174,95750.0,1406.9662221867336,1321.528900987149,506,53317.41160220995,55000.0,735.2844438946712,732.4637736795419,362,667,305,0.4572713643178411,0.5226027692064122,0.4773972307935877,0.0755467096023956,0.0058524855075348,0.0696942240948608,1.1716738197424892,-0.1177248677248676,0.5668571428571428,0.8937142857142857,0.8411428571428572,0.6102857142857143,0.5062857142857143,0.976,0.5097142857142857,0.7038857142857143,0.7460571428571429,0.7249714285714286,높음,높음,높음,1,0,0.7038857142857143,0.7460571428571429,높음,-0.0308238737773969,0.0308238737773969,0,1,0,0,0,0.2,1단계_활발관찰,3,1,0.9748837541156834,1,0.9866666666666667
11230,동대문구,2025-10,101663.06972477064,93000.0,1325.990998884119,1226.6355140186915,545,53268.11428571429,52500.0,720.3156120981514,709.4952347334981,385,666,281,0.4219219219219219,0.543228131038845,0.4567718689611549,-0.0575530684572945,-0.0203578790776974,-0.037195189379597,0.0770750988142292,-0.0014992503748125,0.4834285714285714,0.1028571428571428,0.2731428571428571,0.432,0.2434285714285714,0.1805714285714285,0.008,0.3145142857142857,0.3193142857142858,0.3169142857142857,낮음,낮음,낮음,0,0,0.3145142857142857,0.3193142857142858,낮음,-0.0353494423959191,0.0353494423959191,0,0,0,0,0,0.0,1단계_활발관찰,2,0,3.6400631692136185e-05,0,0.0
11230,동대문구,2025-11,92538.02739726027,86500.0,1264.8981443363866,1205.617286436138,146,54392.761658031086,55000.0,761.997045276008,752.0053475935829,386,704,318,0.4517045454545454,0.6024177114085185,0.3975822885914815,-0.0460733553992033,0.0578655140577142,-0.1039388694569175,-0.7321100917431193,0.0570570570570569,0.2091428571428571,0.1474285714285714,0.0891428571428571,0.5771428571428572,0.888,0.8937142857142857,0.2571428571428571,0.2928,0.2720571428571429,0.2824285714285715,낮음,낮음,낮음,0,0,0.2928,0.2720571428571429,낮음,0.0297826235326235,0.0297826235326235,0,0,1,0,0,0.25,2단계_완만정체,1,0,9.923978786887142e-07,0,0.0
11230,동대문구,2025-12,84558.02255639098,82650.0,1278.1485731194075,1279.5746396289144,266,53546.04213483146,55000.0,776.9915589862982,766.2844860505336,356,870,514,0.5908045977011495,0.6079039442887284,0.3920960557112716,0.0104754907281272,0.0196779158177167,-0.0092024250895894,0.821917808219178,0.2357954545454545,0.1897142857142857,0.536,0.4251428571428571,0.9622857142857144,0.6457142857142857,0.928,0.8514285714285714,0.4848571428571428,0.4689142857142857,0.4768857142857142,보통,보통,보통,0,0,0.4848571428571428,0.4689142857142857,보통,0.139100052246604,0.139100052246604,0,0,0,0,1,0.1,1단계_활발관찰,0,0,0.018323780678825716,0,0.03333333333333333
11230,동대문구,2026-01,97302.35570469798,92250.0,1309.088478520824,1212.2995701571335,298,57137.944444444445,59000.0,813.279636519507,819.0661624086651,396,882,486,0.5510204081632653,0.6212564313746421,0.3787435686253578,0.0242068144909832,0.0467033098539089,-0.0224964953629256,0.1203007518796992,0.0137931034482758,0.1428571428571428,0.64,0.344,0.9097142857142856,0.8537142857142858,0.2857142857142857,0.0708571428571428,0.4934857142857142,0.3835428571428572,0.4385142857142857,보통,안정,안정,0,0,0.4934857142857142,0.3835428571428572,보통,-0.0397841895378842,0.0397841895378842,0,0,0,0,0,0.0,1단계_활발관찰,0,0,0.003844828753082366,0,0.0
11230,동대문구,2026-02,100870.36099585064,97000.0,1357.954056098342,1237.8721980595517,241,55380.39333333333,56700.0,789.5527891301904,772.6256138423946,300,696,396,0.5689655172413793,0.5814282048677879,0.4185717951322121,0.0373279410668503,-0.0291742794530766,0.0665022205199269,-0.1912751677852349,-0.2108843537414966,0.3108571428571428,0.7234285714285714,0.8285714285714286,0.9394285714285714,0.1794285714285714,0.4148571428571428,0.8,0.5986857142857144,0.5960571428571428,0.5973714285714287,주의,주의,주의,0,0,0.5986857142857144,0.5960571428571428,주의,0.017945109078114,0.017945109078114,0,0,1,0,0,0.25,2단계_완만정체,0,0,0.19816945047519552,0,0.03333333333333333
11230,동대문구,2026-03,94695.7445887446,94700.0,1335.396217352347,1290.7500662602704,231,55514.6993006993,55000.0,787.6178214992152,759.0742840821424,286,639,353,0.5524256651017214,0.5898008480665036,0.4101991519334964,-0.0166116361924703,-0.0024507134388149,-0.0141609227536553,-0.0414937759336099,-0.0818965517241379,0.2731428571428571,0.32,0.4,0.912,0.4125714285714286,0.0937142857142857,0.3737142857142857,0.42,0.3601714285714286,0.3900857142857143,안정,안정,안정,0,0,0.42,0.3601714285714286,안정,-0.0165398521396579,0.0165398521396579,0,1,1,0,0,0.45,3단계_안정정체,0,0,0.0008839995048125944,0,0.0
11230,동대문구,2026-04,94900.21505376344,93000.0,1299.4831595489156,1213.1919905771497,279,54992.70085470085,55000.0,774.1257815261978,753.5012082230219,234,470,236,0.502127659574468,0.5957182098419167,0.4042817901580833,-0.0268931852110793,-0.0171301862460852,-0.0097629989649941,0.2077922077922078,-0.2644757433489828,0.248,0.2537142857142857,0.4182857142857142,0.8011428571428572,0.2662857142857143,0.44,0.8788571428571429,0.3682857142857143,0.3662285714285714,0.3672571428571429,안정,안정,안정,0,0,0.3682857142857143,0.3662285714285714,안정,-0.0502980055272533,0.0502980055272533,0,0,0,0,0,0.0,1단계_활발관찰,0,0,0.00020714145199706368,0,0.0033333333333333335
11590,동작구,2023-06,103415.32846715327,99000.0,1323.045040556592,1316.6882581556945,137,57311.243614931234,56000.0,723.946969542249,685.6602435276037,509,783,274,0.3499361430395913,0.5471824067589504,0.4528175932410496,-0.0654697663373979,0.0593472859061734,-0.1248170522435714,0.096,-0.0733727810650887,0.4674285714285714,0.0822857142857142,0.0651428571428571,0.0742857142857142,0.8925714285714286,0.2285714285714285,0.3314285714285714,0.2742285714285714,0.2266285714285714,0.2504285714285714,낮음,낮음,낮음,0,0,0.2742285714285714,0.2266285714285714,낮음,0.0,0.0,0,0,0,0,0,0.0,1단계_활발관찰,1,0,9.104094346354058e-07,0,0.0033333333333333335
11590,동작구,2023-07,106247.0,104000.0,1376.217003974315,1355.9206420852315,150,58717.49464668094,57000.0,762.3387608450382,724.8018120045301,467,708,241,0.3403954802259887,0.5539379027024913,0.4460620972975087,0.0401890803319546,0.0530312204042573,-0.0128421400723026,0.0948905109489051,-0.0957854406130268,0.4331428571428571,0.744,0.4034285714285714,0.0491428571428571,0.872,0.2228571428571428,0.4308571428571429,0.4912,0.4284571428571428,0.4598285714285715,보통,안정,안정,0,0,0.4912,0.4284571428571428,보통,-0.0095406628136026,0.0095406628136026,0,0,0,0,0,0.0,1단계_활발관찰,2,0,0.006793492127438685,0,0.01
11590,동작구,2023-08,109508.57857142856,110000.0,1405.9209745805963,1398.9972258095877,140,58283.62328767123,56000.0,739.0242533267951,687.2758588146471,438,697,259,0.3715925394548063,0.5256513464757542,0.4743486535242458,0.0215837840402355,-0.0305828703926839,0.0521666544329194,-0.0666666666666666,-0.0155367231638418,0.5565714285714286,0.6205714285714286,0.7874285714285715,0.1611428571428571,0.1668571428571428,0.1502857142857142,0.08,0.520457142857143,0.5469142857142857,0.5336857142857143,보통,보통,보통,0,0,0.520457142857143,0.5469142857142857,보통,0.0311970592288176,0.0311970592288176,0,0,1,0,0,0.25,2단계_완만정체,2,0,0.033715012585017974,0,0.11
11590,동작구,2023-09,108648.83720930232,105000.0,1377.4742975020072,1299.029945170814,129,58519.582338902146,57000.0,753.7403859924751,718.0356428184665,419,631,212,0.3359746434231379,0.5471901634457733,0.4528098365542267,-0.0202334822460952,0.0199129224777587,-0.040146404723854,-0.0785714285714286,-0.0946915351506456,0.4662857142857143,0.2937142857142857,0.256,0.0377142857142857,0.6491428571428571,0.184,0.424,0.3350857142857142,0.3081142857142857,0.3216,낮음,낮음,낮음,0,0,0.3350857142857142,0.3081142857142857,낮음,-0.0356178960316684,0.0356178960316684,0,0,1,0,0,0.25,2단계_완만정체,2,0,6.771768488612773e-05,0,0.0
11590,동작구,2023-10,99971.13402061856,106800.0,1344.2564765355442,1261.3462218554755,97,60052.06387225549,58000.0,767.904202877358,708.9684509039348,501,750,249,0.332,0.5712482820662486,0.4287517179337514,-0.0241150205319272,0.0187913731944096,-0.0429063937263368,-0.2480620155038759,0.1885895404120443,0.3474285714285714,0.2731428571428571,0.2422857142857143,0.0308571428571428,0.6411428571428571,0.4971428571428571,0.744,0.2897142857142857,0.2896,0.2896571428571428,낮음,낮음,낮음,0,0,0.2897142857142857,0.2896,낮음,-0.0039746434231378,0.0039746434231378,0,0,1,0,0,0.25,2단계_완만정체,2,0,1.5830490647691214e-05,0,0.0
11590,동작구,2023-11,85566.66666666667,84000.0,1279.5712491791553,1223.8325281803543,57,59852.37960954447,60000.0,766.8145450805249,741.5254237288136,461,675,214,0.317037037037037,0.5992745973094006,0.4007254026905994,-0.0481197066820889,-0.0014190022567269,-0.046700704425362,-0.4123711340206185,-0.0999999999999999,0.2228571428571428,0.1394285714285714,0.2297142857142857,0.0182857142857142,0.4217142857142857,0.6857142857142857,0.4451428571428571,0.1925714285714285,0.2337142857142857,0.2131428571428571,낮음,낮음,낮음,0,0,0.1925714285714285,0.2337142857142857,낮음,-0.014962962962963,0.014962962962963,0,1,1,0,0,0.45,3단계_안정정체,2,0,4.899939471586327e-07,0,0.0
11590,동작구,2023-12,99554.26829268291,103150.0,1373.8808040110546,1322.6717511816032,82,61420.54285714286,60000.0,785.9094546533363,770.478507704785,455,813,358,0.4403444034440344,0.5720361274128499,0.4279638725871501,0.0737040277299125,0.0249016006481803,0.0488024270817322,0.4385964912280702,0.2044444444444444,0.3428571428571428,0.8891428571428571,0.7714285714285715,0.5337142857142857,0.7051428571428572,0.7074285714285714,0.7874285714285715,0.63,0.6148,0.6224000000000001,주의,주의,주의,1,0,0.63,0.6148,주의,0.1233073664069974,0.1233073664069974,0,0,0,0,1,0.1,1단계_활발관찰,2,0,0.49917527736020184,1,0.8566666666666667
11590,동작구,2024-01,89708.57142857143,90400.0,1314.1491464378378,1327.6896600503142,140,58863.5,58106.0,767.5088657609576,754.9361207897794,500,858,358,0.4172494172494173,0.5840348242369479,0.4159651757630521,-0.0434765937473103,-0.0234131155738482,-0.0200634781734621,0.7073170731707317,0.0553505535055349,0.3005714285714285,0.16,0.3542857142857142,0.4011428571428571,0.2148571428571428,0.8845714285714286,0.2491428571428571,0.2826857142857142,0.3543428571428571,0.3185142857142857,낮음,안정,낮음,0,0,0.2826857142857142,0.3543428571428571,낮음,-0.0230949861946171,0.0230949861946171,0,0,0,0,0,0.0,1단계_활발관찰,2,0,5.072748795539231e-05,0,0.0
11590,동작구,2024-02,106476.14678899082,107000.0,1407.7888946407652,1370.0351935646054,109,59063.26515151515,58000.0,776.5279857818298,770.9066532595945,396,666,270,0.4054054054054054,0.5515940555703712,0.4484059444296288,0.0712550386360251,0.0117511607008344,0.0595038779351906,-0.2214285714285714,-0.2237762237762237,0.4491428571428571,0.8811428571428571,0.8091428571428572,0.3314285714285714,0.5668571428571428,0.464,0.8285714285714286,0.623257142857143,0.6152571428571428,0.619257142857143,주의,주의,주의,1,0,0.623257142857143,0.6152571428571428,주의,-0.0118440118440119,0.0118440118440119,0,0,1,0,0,0.25,2단계_완만정체,2,0,0.3254852265389356,1,0.7633333333333333
11590,동작구,2024-03,106954.53608247422,105000.0,1404.7485409615826,1420.12999206479,194,58947.50311850312,57100.0,789.4735189388729,768.5410529012426,481,978,497,0.5081799591002045,0.5620034446865915,0.4379965553134085,-0.002159665906413,0.0166710452090264,-0.0188307111154394,0.7798165137614679,0.4684684684684685,0.3897142857142857,0.4297142857142857,0.3645714285714285,0.8251428571428572,0.6205714285714286,0.912,0.9851428571428572,0.4830857142857143,0.4871999999999999,0.4851428571428571,보통,보통,보통,0,0,0.4830857142857143,0.4871999999999999,보통,0.1027745536947991,0.1027745536947991,1,0,0,0,1,0.35,2단계_완만정체,0,0,0.012519016970439738,0,0.0
11590,동작구,2024-04,112216.92307692308,108000.0,1495.6365122841153,1500.2586652871184,195,61784.511568123395,61000.0,827.7289411076173,828.653414525584,389,629,240,0.3815580286168522,0.5534292151262884,0.4465707848737116,0.0647005272988698,0.0484568782245709,0.0162436490742989,0.0051546391752577,-0.3568507157464212,0.4377142857142857,0.8628571428571429,0.6057142857142858,0.2,0.8617142857142858,0.0137142857142857,0.9542857142857144,0.5843428571428572,0.4985714285714286,0.5414571428571429,주의,보통,보통,0,0,0.5843428571428572,0.4985714285714286,주의,-0.1266219304833523,0.1266219304833523,0,0,0,0,1,0.1,1단계_활발관찰,2,0,0.09036088452478881,0,0.03
11590,동작구,2024-05,113981.52709359606,107000.0,1476.9550813299436,1460.7679465776291,203,60505.85321100918,60000.0,784.5647593629992,774.1014329985878,436,672,236,0.3511904761904761,0.5312042114757665,0.4687957885242335,-0.0124906224211133,-0.0521477256634984,0.0396571032423851,0.0410256410256411,0.068362480127186,0.5302857142857142,0.3485714285714286,0.7314285714285714,0.0765714285714285,0.0834285714285714,0.0925714285714285,0.3062857142857143,0.4123428571428571,0.4550857142857142,0.4337142857142857,안정,안정,안정,0,0,0.4123428571428571,0.4550857142857142,안정,-0.030367552426376,0.030367552426376,0,0,0,0,0,0.0,1단계_활발관찰,2,0,0.0018726514580604911,0,0.006666666666666667
11590,동작구,2024-06,119649.85590778098,118500.0,1540.3845012552797,1535.8159392789375,347,60997.124423963134,60000.0,808.1667643888375,794.0712755424179,434,645,211,0.3271317829457364,0.5246526199986119,0.4753473800013881,0.0429460724480665,0.030082927819752,0.0128631446283145,0.7093596059113301,-0.0401785714285714,0.5622857142857143,0.7657142857142857,0.5817142857142857,0.024,0.7497142857142857,0.8868571428571429,0.192,0.5550285714285714,0.5864571428571428,0.5707428571428571,주의,주의,주의,0,0,0.5550285714285714,0.5864571428571428,주의,-0.0240586932447396,0.0240586932447396,0,0,0,0,0,0.0,1단계_활발관찰,2,0,0.07970261049416687,0,0.11333333333333333
11590,동작구,2024-07,121445.29914529914,116200.0,1550.7042195362114,1518.361581920904,468,63250.717777777776,64000.0,818.9116622054538,828.4924497252211,450,659,209,0.3171471927162367,0.5280901747016437,0.4719098252983563,0.0066994430757529,0.0132953968043241,-0.0065959537285711,0.3487031700288183,0.0217054263565892,0.5428571428571428,0.496,0.4445714285714285,0.0194285714285714,0.584,0.6228571428571429,0.1097142857142857,0.4370857142857142,0.4645714285714285,0.4508285714285713,안정,보통,안정,0,0,0.4370857142857142,0.4645714285714285,안정,-0.0099845902294997,0.0099845902294997,1,0,0,0,0,0.25,2단계_완만정체,2,0,0.002461156113761755,0,0.0
11590,동작구,2024-08,119564.62450592883,112700.0,1545.1561158684788,1502.0093770931012,253,65088.29064039409,65000.0,847.7460629903987,840.02632164949,406,650,244,0.3753846153846153,0.5486475148266232,0.4513524851733768,-0.0035777962024196,0.0352106364040407,-0.0387884326064603,-0.4594017094017094,-0.0136570561456752,0.4617142857142857,0.4194285714285714,0.2628571428571428,0.1771428571428571,0.7874285714285715,0.7302857142857143,0.0674285714285714,0.4012571428571429,0.4019428571428571,0.4016,안정,안정,안정,0,0,0.4012571428571429,0.4019428571428571,안정,0.0582374226683786,0.0582374226683786,1,0,1,0,0,0.5,3단계_안정정체,2,0,0.00024511169371447807,0,0.0
11590,동작구,2024-09,117205.41666666669,113500.0,1490.9197131189692,1391.7879841489084,120,62413.37014925373,62000.0,797.7730599391796,800.0470615918583,335,638,303,0.4749216300940438,0.5350878742291608,0.4649121257708392,-0.0351009209959507,-0.0589480803661192,0.0238471593701684,-0.5256916996047432,-0.0184615384615384,0.5177142857142857,0.2068571428571428,0.6514285714285715,0.6891428571428572,0.0708571428571428,0.776,0.0897142857142857,0.4477714285714286,0.5319428571428572,0.4898571428571429,안정,보통,보통,0,0,0.4477714285714286,0.5319428571428572,안정,0.0995370147094285,0.0995370147094285,0,0,1,0,1,0.35,2단계_완만정체,2,0,0.0008856761595665714,0,0.0
11590,동작구,2024-10,113038.3233532934,106500.0,1454.1593585517433,1380.8956803598596,167,61162.23170731707,60000.0,814.2037768471607,772.6451832292864,410,657,247,0.3759512937595129,0.5599137206379221,0.4400862793620779,-0.0246561597138749,0.0205957279495421,-0.045251887663417,0.3916666666666666,0.0297805642633228,0.3988571428571428,0.2708571428571428,0.2342857142857143,0.1782857142857143,0.6605714285714286,0.6651428571428571,0.152,0.3270285714285714,0.3366857142857142,0.3318571428571428,낮음,낮음,낮음,0,0,0.3270285714285714,0.3366857142857142,낮음,-0.0989703363345309,0.0989703363345309,0,0,0,0,1,0.1,1단계_활발관찰,2,0,9.903961436592632e-05,0,0.0
11590,동작구,2024-11,111936.76470588236,107750.0,1453.1834674286056,1402.6428529231057,136,63115.94736842105,63000.0,820.2759446118249,800.0501364752191,437,698,261,0.3739255014326647,0.5644682608888302,0.4355317391111698,-0.0006711032854814,0.0074577985724624,-0.0081289018579439,-0.18562874251497,0.0624048706240487,0.3794285714285714,0.4388571428571428,0.4331428571428571,0.1702857142857143,0.5188571428571429,0.4028571428571428,0.2742857142857143,0.3876,0.3861714285714285,0.3868857142857143,안정,안정,안정,0,0,0.3876,0.3861714285714285,안정,-0.0020257923268482,0.0020257923268482,1,1,1,0,0,0.7,4단계_신중정체,2,0,0.0004140605013515098,0,0.0
11590,동작구,2024-12,114546.73913043478,109000.0,1541.631662116927,1494.406411754884,161,63421.816017316014,63000.0,826.0025022063224,814.3254597275575,462,736,274,0.3722826086956521,0.5357975724707665,0.4642024275292334,0.0608651258913848,0.0069812575050063,0.0538838683863784,0.1838235294117647,0.0544412607449855,0.5142857142857142,0.848,0.7931428571428571,0.1645714285714285,0.5165714285714286,0.4,0.2457142857142857,0.6012571428571428,0.6043428571428571,0.6028,주의,주의,주의,0,0,0.6012571428571428,0.6043428571428571,주의,-0.0016428927370125,0.0016428927370125,0,1,0,0,0,0.2,1단계_활발관찰,2,0,0.3209221786150329,0,0.13333333333333333
11590,동작구,2025-01,117804.26829268291,112500.0,1596.3902339768558,1579.520697167756,164,62344.89351851852,60000.0,827.4946325391114,823.6263089775268,432,714,282,0.3949579831932773,0.5183536048561848,0.4816463951438152,0.0355198801409772,0.0018064477151138,0.0337134324258634,0.0186335403726707,-0.029891304347826,0.5851428571428572,0.7108571428571429,0.6937142857142857,0.2674285714285714,0.4537142857142857,0.04,0.1542857142857142,0.5774857142857143,0.5511428571428573,0.5643142857142858,주의,주의,주의,0,0,0.5774857142857143,0.5511428571428573,주의,0.0226753744976251,0.0226753744976251,0,1,0,0,0,0.2,1단계_활발관찰,2,0,0.11782266140513573,0,0.27666666666666667
11590,동작구,2025-02,123366.88102893892,119000.0,1630.4234843480476,1606.2092637678022,311,60742.242105263154,60000.0,781.3683885749554,767.1731989016097,570,969,399,0.4117647058823529,0.4792425992854235,0.5207574007145765,0.0213188790853535,-0.0557420461116717,0.0770609251970253,0.896341463414634,0.3571428571428572,0.728,0.6194285714285714,0.8594285714285714,0.3657142857142857,0.0754285714285714,0.9474285714285714,0.9565714285714284,0.6075428571428572,0.7248571428571429,0.6662,주의,높음,높음,1,0,0.6075428571428572,0.7248571428571429,주의,0.0168067226890756,0.0168067226890756,0,0,0,0,0,0.0,1단계_활발관찰,3,1,0.7635246205149342,1,0.92
11590,동작구,2025-03,128680.06932409012,125000.0,1661.0705158969324,1619.7441806098252,577,60630.8253968254,60000.0,792.9160105806612,778.6016949152543,693,1014,321,0.3165680473372781,0.477352407975593,0.5226475920244069,0.0187969762721735,0.0147787166393642,0.0040182596328093,0.855305466237942,0.0464396284829722,0.7325714285714285,0.6011428571428571,0.5234285714285715,0.0171428571428571,0.6022857142857143,0.9371428571428572,0.2137142857142857,0.5375428571428571,0.6029142857142857,0.5702285714285714,보통,주의,주의,0,0,0.5375428571428571,0.6029142857142857,보통,-0.0951966585450748,0.0951966585450748,0,0,0,0,1,0.1,1단계_활발관찰,2,0,0.10019780767718416,0,0.11
11590,동작구,2025-04,113909.10256410256,113000.0,1595.4898130779711,1585.6521658630058,390,61134.5547024952,61000.0,811.744424831697,794.4578619550019,521,800,279,0.34875,0.5087744328907395,0.4912255671092604,-0.0394809866235866,0.0237457864386512,-0.0632267730622379,-0.3240901213171577,-0.2110453648915187,0.6148571428571429,0.1805714285714285,0.1668571428571428,0.0731428571428571,0.6982857142857143,0.5942857142857143,0.8011428571428572,0.3437714285714286,0.3597714285714286,0.3517714285714286,낮음,안정,안정,0,0,0.3437714285714286,0.3597714285714286,낮음,0.0321819526627218,0.0321819526627218,0,0,1,0,0,0.25,2단계_완만정체,2,0,4.9483894994507786e-05,0,0.0
11590,동작구,2025-05,127017.79506641366,124000.0,1602.1352819670235,1557.2672471533824,527,62704.11730769231,62000.0,803.5337445249105,789.8732971121609,520,807,287,0.355638166047088,0.5015392604913931,0.4984607395086069,0.0041651590844267,-0.0101148588836798,0.0142800179681065,0.3512820512820513,0.00875,0.648,0.4777142857142857,0.5885714285714285,0.0891428571428571,0.3405714285714286,0.624,0.0457142857142857,0.4789714285714285,0.5408000000000001,0.5098857142857143,보통,보통,보통,0,0,0.4789714285714285,0.5408000000000001,보통,0.0068881660470879,0.0068881660470879,1,0,0,0,0,0.25,2단계_완만정체,2,0,0.017922013679015757,0,0.006666666666666667
11590,동작구,2025-06,136495.99697885197,132500.0,1667.8651293553055,1595.2681045035756,662,64224.285956006766,65000.0,823.8796478263886,806.9522036002484,591,893,302,0.3381858902575588,0.4939725840691026,0.5060274159308973,0.0410264027814071,0.0253205337549422,0.0157058690264648,0.2561669829222011,0.1065675340768277,0.6742857142857143,0.7531428571428571,0.5988571428571429,0.0434285714285714,0.7097142857142857,0.5142857142857142,0.4662857142857143,0.5878285714285715,0.5921142857142856,0.5899714285714286,주의,주의,주의,0,0,0.5878285714285715,0.5921142857142856,주의,-0.0174522757895291,0.0174522757895291,0,0,0,0,0,0.0,1단계_활발관찰,2,0,0.17662642306696985,0,0.15666666666666668
11590,동작구,2025-07,115629.22297297296,114750.0,1496.511293199163,1415.2020286197353,148,64497.37665198238,64500.0,835.154451482265,815.9051566636033,454,721,267,0.3703190013869625,0.5580675904536048,0.4419324095463952,-0.1027384247924037,0.0136850129574415,-0.1164234377498452,-0.7764350453172205,-0.192609182530795,0.4102857142857143,0.0342857142857142,0.0731428571428571,0.1565714285714285,0.5874285714285714,0.9097142857142856,0.7588571428571429,0.2285142857142857,0.2753714285714286,0.2519428571428571,낮음,낮음,낮음,0,0,0.2285142857142857,0.2753714285714286,낮음,0.0321331111294037,0.0321331111294037,0,0,1,0,0,0.25,2단계_완만정체,1,0,2.4386233521709717e-08,0,0.0
11590,동작구,2025-08,128592.52336448598,132250.0,1616.1700020470255,1615.909567239626,214,65649.13176470589,64800.0,837.1312000455049,815.3900458877515,425,703,278,0.3954480796586059,0.5179722423910865,0.4820277576089135,0.0799584402681403,0.0023669257341938,0.0775915145339465,0.445945945945946,-0.0249653259361997,0.5862857142857143,0.9074285714285716,0.8617142857142858,0.2708571428571428,0.4582857142857143,0.7188571428571429,0.1291428571428571,0.6615428571428572,0.7010857142857144,0.6813142857142858,높음,높음,높음,1,0,0.6615428571428572,0.7010857142857144,높음,0.0251290782716434,0.0251290782716434,0,1,0,0,0,0.2,1단계_활발관찰,2,1,0.9193389222156625,1,0.9066666666666666
11590,동작구,2025-09,136872.03219315896,132000.0,1677.465468359997,1624.2937853107346,497,65518.982795698925,66000.0,840.1766839771805,810.8137326620997,465,695,230,0.3309352517985611,0.5008607925614074,0.4991392074385926,0.0379263729900536,0.0036380007476843,0.0342883722423692,1.3224299065420562,-0.0113798008534851,0.6514285714285715,0.7302857142857143,0.6994285714285714,0.0274285714285714,0.472,0.9885714285714284,0.056,0.5692,0.6505142857142857,0.6098571428571429,주의,높음,주의,0,0,0.5692,0.6505142857142857,주의,-0.0645128278600448,0.0645128278600448,0,1,0,0,1,0.30000000000000004,2단계_완만정체,3,0,0.38090586456976233,0,0.2
11590,동작구,2025-10,141919.46386946386,138000.0,1699.4762376078957,1588.8521425965375,429,68322.43914081146,67000.0,862.121090367914,824.1111372733694,419,666,247,0.3708708708708709,0.5072863458105162,0.4927136541894837,0.0131214440255618,0.0261187995444653,-0.0129973555189035,-0.1368209255533199,-0.041726618705036,0.6205714285714286,0.5542857142857143,0.4022857142857143,0.1588571428571428,0.7188571428571429,0.3131428571428571,0.2,0.5009142857142858,0.4758285714285714,0.4883714285714285,보통,보통,보통,0,0,0.5009142857142858,0.4758285714285714,보통,0.0399356190723098,0.0399356190723098,0,0,1,0,0,0.25,2단계_완만정체,2,0,0.009906154157533844,0,0.0033333333333333335
11590,동작구,2025-11,118431.32530120482,130000.0,1563.8706966624652,1518.7190958323522,83,67139.40142517815,68000.0,846.2760846510608,823.9268352970256,421,675,254,0.3762962962962963,0.5411419796132385,0.4588580203867615,-0.0797925489892712,-0.0183790953427334,-0.0614134536465378,-0.8065268065268065,0.0135135135135135,0.4925714285714285,0.0617142857142857,0.1725714285714285,0.1805714285714285,0.2571428571428571,0.92,0.0662857142857142,0.2505142857142857,0.3379428571428571,0.2942285714285714,낮음,낮음,낮음,0,0,0.2505142857142857,0.3379428571428571,낮음,0.0054254254254254,0.0054254254254254,0,0,1,0,0,0.25,2단계_완만정체,1,0,8.50939528555697e-07,0,0.0
11590,동작구,2025-12,132027.39726027398,134500.0,1697.1359077509742,1665.8581602861668,146,66259.57296137339,67000.0,849.0179871268546,829.2166549047283,466,834,368,0.4412470023980815,0.5002651721935245,0.4997348278064755,0.0852149806073589,0.0032399621418159,0.081975018465543,0.7590361445783131,0.2355555555555555,0.6537142857142857,0.9142857142857144,0.8777142857142857,0.5382857142857143,0.4685714285714286,0.8982857142857142,0.8502857142857143,0.7278285714285714,0.7747428571428571,0.7512857142857142,높음,높음,높음,1,1,0.7278285714285714,0.7747428571428571,높음,0.0649507061017852,0.0649507061017852,0,1,0,0,1,0.30000000000000004,2단계_완만정체,3,1,0.9926641422464865,1,0.9933333333333333
11590,동작구,2026-01,142612.8712871287,144500.0,1863.9550097874896,1750.8239171374769,202,67913.88718929254,68000.0,866.6646323301023,868.2584738687594,523,947,424,0.4477296726504752,0.4649600595396941,0.5350399404603059,0.0982944861838333,0.0207847719021423,0.0775097142816909,0.3835616438356164,0.1354916067146283,0.7771428571428571,0.944,0.8605714285714285,0.56,0.6617142857142857,0.6502857142857142,0.5794285714285714,0.7914285714285713,0.7969714285714286,0.7941999999999999,높음,높음,높음,1,1,0.7914285714285713,0.7969714285714286,높음,0.0064826702523936,0.0064826702523936,0,0,0,1,0,0.2,1단계_활발관찰,3,1,0.9988328562883069,1,0.9966666666666667
11590,동작구,2026-02,133998.44559585492,135000.0,1731.1611793002685,1661.0433428497274,193,63663.54854368932,64000.0,861.6702456742952,843.8326112728386,412,758,346,0.4564643799472295,0.497741201672845,0.5022587983271549,-0.0712430449178926,-0.0057627673606333,-0.0654802775572593,-0.0445544554455445,-0.1995776135163675,0.664,0.0731428571428571,0.1622857142857142,0.6068571428571429,0.3794285714285714,0.1051428571428571,0.7748571428571429,0.3789142857142857,0.3588,0.3688571428571429,안정,안정,안정,0,0,0.3789142857142857,0.3588,안정,0.0087347072967542,0.0087347072967542,0,1,1,0,0,0.45,3단계_안정정체,4,0,7.451021209732801e-05,0,0.0033333333333333335
11590,동작구,2026-03,140438.7931034483,143900.0,1845.8353741577012,1888.9419358417215,174,64612.87531806616,63000.0,873.917536215034,840.5884118883218,393,720,327,0.4541666666666666,0.4734536722235175,0.5265463277764825,0.0662412005471284,0.0142134309525272,0.0520277695946012,-0.0984455958549223,-0.050131926121372,0.752,0.8674285714285714,0.7851428571428571,0.592,0.5931428571428572,0.2331428571428571,0.2331428571428571,0.7476,0.7154857142857143,0.7315428571428572,높음,높음,높음,1,1,0.7476,0.7154857142857143,높음,-0.0022977132805628,0.0022977132805628,0,0,1,1,0,0.45,3단계_안정정체,4,1,0.9575650390130183,1,0.9866666666666667
11590,동작구,2026-04,139155.52083333334,141500.0,1825.9997509201655,1716.0940573605278,192,67587.45302013423,67600.0,910.4603630437202,890.7308617628821,298,560,262,0.4678571428571428,0.4986092482131594,0.5013907517868406,-0.0107461496920259,0.0418149600097903,-0.0525611097018162,0.1034482758620689,-0.2222222222222222,0.6605714285714286,0.36,0.2057142857142857,0.6537142857142857,0.8274285714285714,0.2468571428571428,0.8251428571428572,0.5101142857142857,0.4446857142857143,0.4774,보통,안정,보통,0,0,0.5101142857142857,0.4446857142857143,보통,0.0136904761904761,0.0136904761904761,0,0,0,0,0,0.0,1단계_활발관찰,4,0,0.007666748204078133,0,0.0
11440,마포구,2023-06,119182.95454545454,114000.0,1616.8221774190658,1725.359476855371,176,57597.936090225565,55000.0,773.8545050148931,741.7438123037397,532,1303,771,0.5917114351496546,0.4786268495216941,0.5213731504783059,0.0104382353372383,-0.0025169613473063,0.0129551966845447,0.0057142857142857,0.2650485436893204,0.7302857142857143,0.5348571428571428,0.5828571428571429,0.9634285714285714,0.4114285714285714,0.0148571428571428,0.88,0.6550285714285714,0.6061142857142858,0.6305714285714286,높음,주의,주의,1,0,0.6550285714285714,0.6061142857142858,높음,0.0,0.0,0,1,0,0,0,0.2,1단계_활발관찰,0,1,0.7125126021532586,1,0.76
11440,마포구,2023-07,119038.08510638298,117750.0,1619.3979436217094,1599.5749929689923,188,58865.24403669725,58000.0,790.4559060441952,743.8894792773646,545,1008,463,0.4593253968253968,0.4881171482016191,0.5118828517983809,0.0015931042007075,0.0214528712073371,-0.0198597670066296,0.0681818181818181,-0.2264006139677666,0.6948571428571428,0.456,0.3565714285714286,0.6285714285714286,0.6742857142857143,0.1565714285714285,0.8365714285714285,0.5554857142857142,0.5020571428571429,0.5287714285714286,주의,보통,보통,0,0,0.5554857142857142,0.5020571428571429,주의,-0.1323860383242578,0.1323860383242578,1,0,0,0,1,0.35,2단계_완만정체,4,0,0.04273226414729871,0,0.0
11440,마포구,2023-08,119825.42857142857,117500.0,1652.307223714152,1611.9922812632371,175,60920.76908752328,58000.0,804.7172091916733,788.7049659201558,537,936,399,0.4262820512820512,0.4870263820446074,0.5129736179553925,0.0203219228615558,0.0180418705691607,0.0022800522923951,-0.0691489361702127,-0.0714285714285714,0.7028571428571428,0.6091428571428571,0.512,0.4605714285714286,0.6365714285714286,0.1588571428571428,0.32,0.5982857142857142,0.5577714285714286,0.5780285714285713,주의,주의,주의,0,0,0.5982857142857142,0.5577714285714286,주의,-0.0330433455433455,0.0330433455433455,0,0,1,0,0,0.25,2단계_완만정체,4,0,0.1210894962975038,0,0.15666666666666668
11440,마포구,2023-09,119911.38888888888,118500.0,1601.4970094091248,1560.477873617502,144,56861.77620967742,55000.0,759.5440575423335,741.0109313907496,496,866,370,0.4272517321016166,0.4742712930963065,0.5257287069036934,-0.0307510695201181,-0.0561354363164615,0.0253843667963433,-0.1771428571428571,-0.0747863247863247,0.7462857142857143,0.2251428571428571,0.6628571428571428,0.4708571428571428,0.0731428571428571,0.3897142857142857,0.3371428571428571,0.4906857142857143,0.5579999999999999,0.5243428571428571,보통,주의,보통,0,0,0.4906857142857143,0.5579999999999999,보통,0.0009696808195653,0.0009696808195653,0,0,1,0,0,0.25,2단계_완만정체,4,0,0.010844000675197493,0,0.15333333333333332
11440,마포구,2023-10,107687.80487804876,109400.0,1451.9154682529313,1402.065975374667,82,60393.09272727273,57025.0,800.4621023823942,780.1417683012046,550,1014,464,0.4575936883629191,0.5513145357873889,0.4486854642126111,-0.0934010742932213,0.0538718517164886,-0.1472729260097099,-0.4305555555555556,0.1709006928406466,0.4514285714285714,0.0457142857142857,0.0434285714285714,0.6148571428571429,0.8777142857142857,0.704,0.6857142857142857,0.3355428571428571,0.3098857142857142,0.3227142857142857,낮음,낮음,낮음,0,0,0.3355428571428571,0.3098857142857142,낮음,0.0303419562613024,0.0303419562613024,0,0,1,0,0,0.25,2단계_완만정체,1,0,2.5234406201268274e-07,0,0.0
11440,마포구,2023-11,118023.5294117647,120250.0,1496.0795498756236,1472.3663731231543,68,59647.30037313433,59250.0,810.2688197625052,800.1976960121491,536,910,374,0.4109890109890109,0.5415947432941429,0.4584052567058571,0.0304178050226535,0.0122513200199279,0.0181664850027256,-0.1707317073170732,-0.1025641025641025,0.4914285714285714,0.6811428571428572,0.6171428571428571,0.3622857142857142,0.5737142857142857,0.3742857142857143,0.4571428571428571,0.5528571428571429,0.5361714285714286,0.5445142857142857,주의,보통,보통,0,0,0.5528571428571429,0.5361714285714286,주의,-0.0466046773739081,0.0466046773739081,0,0,1,0,0,0.25,2단계_완만정체,2,0,0.024823602741657354,0,0.07
11440,마포구,2023-12,112929.57746478872,106700.0,1506.6496517514242,1500.500166722241,71,63887.30809859155,62000.0,836.8110677382448,824.5820575149891,568,1066,498,0.4671669793621013,0.5554118482458633,0.4445881517541367,0.0070652004277977,0.0327573359956256,-0.0256921355678279,0.0441176470588235,0.1714285714285714,0.4217142857142857,0.5005714285714286,0.3222857142857143,0.6514285714285715,0.7702857142857142,0.104,0.688,0.4908571428571429,0.4038285714285715,0.4473428571428571,보통,안정,안정,0,0,0.4908571428571429,0.4038285714285715,보통,0.0561779683730903,0.0561779683730903,1,0,0,0,0,0.25,2단계_완만정체,0,0,0.004592606636813079,0,0.0
11440,마포구,2024-01,118150.4,115000.0,1590.3801090538782,1582.5763637219372,125,62281.389982110915,60000.0,857.522230913707,833.9588024351598,559,1098,539,0.4908925318761384,0.5391932570282518,0.4608067429717482,0.055573939970132,0.024750106653633,0.0308238333164989,0.7605633802816902,0.0300187617260787,0.4994285714285714,0.8285714285714286,0.6845714285714286,0.7588571428571429,0.7028571428571428,0.9005714285714286,0.1554285714285714,0.678,0.6776,0.6778,높음,높음,높음,1,0,0.678,0.6776,높음,0.0237255525140371,0.0237255525140371,0,0,0,0,0,0.0,1단계_활발관찰,0,1,0.7175331374947775,1,0.8233333333333334
11440,마포구,2024-02,117370.27027027028,109000.0,1511.2763885463162,1515.8664621918133,111,59605.04051172708,58000.0,831.0176551032268,813.9672053792616,469,966,497,0.5144927536231884,0.5498780113295991,0.4501219886704009,-0.0497388769245995,-0.0309083250031185,-0.0188305519214809,-0.1119999999999999,-0.1202185792349727,0.4548571428571428,0.1348571428571428,0.3657142857142857,0.8434285714285714,0.1634285714285714,0.2674285714285714,0.5154285714285715,0.3861714285714286,0.3886857142857143,0.3874285714285714,안정,안정,안정,0,0,0.3861714285714286,0.3886857142857143,안정,0.0236002217470499,0.0236002217470499,0,0,1,0,0,0.25,2단계_완만정체,0,0,0.00022616080980441693,0,0.0033333333333333335
11440,마포구,2024-03,119938.00904977375,120000.0,1651.4253072300876,1616.7558980996646,221,58237.05728314239,57000.0,791.6614679399285,784.4557084238475,611,1174,563,0.479557069846678,0.4793807291640523,0.5206192708359477,0.0927354650320313,-0.0473590265160006,0.140094491548032,0.9909909909909912,0.2153209109730849,0.7268571428571429,0.9348571428571428,0.9577142857142856,0.712,0.0994285714285714,0.96,0.8068571428571428,0.7600571428571429,0.8480000000000001,0.8040285714285715,높음,높음,높음,1,1,0.7600571428571429,0.8480000000000001,높음,-0.0349356837765103,0.0349356837765103,0,0,0,0,0,0.0,1단계_활발관찰,3,1,0.9997736747011662,1,0.98
11440,마포구,2024-04,121142.20472440944,121000.0,1672.12972293596,1679.4160851607476,254,63135.32846715328,59000.0,816.956991253802,801.7429193899782,411,796,385,0.4836683417085427,0.4885727345479942,0.5114272654520058,0.0125373007275755,0.0319524498011731,-0.0194151490735976,0.1493212669683257,-0.3219761499148211,0.6914285714285714,0.552,0.3588571428571429,0.7257142857142858,0.7634285714285715,0.336,0.9302857142857144,0.6024,0.5482857142857143,0.5753428571428572,주의,주의,주의,0,0,0.6024,0.5482857142857143,주의,0.0041112718618647,0.0041112718618647,0,0,0,0,0,0.0,1단계_활발관찰,4,0,0.1258022532909014,0,0.02666666666666667
11440,마포구,2024-05,132302.87769784173,132500.0,1723.6101531315628,1708.5298523908282,278,60637.94398340249,60000.0,840.7031069617778,811.0969383770262,482,938,456,0.4861407249466951,0.4877571099441111,0.5122428900558889,0.0307873423272522,0.0290665432356875,0.0017207990915646,0.094488188976378,0.1783919597989949,0.6994285714285714,0.6857142857142857,0.5074285714285715,0.736,0.7428571428571429,0.2217142857142857,0.7142857142857143,0.6674285714285715,0.6045714285714285,0.636,높음,주의,주의,1,0,0.6674285714285715,0.6045714285714285,높음,0.0024723832381523,0.0024723832381523,0,0,0,0,0,0.0,1단계_활발관찰,4,0,0.49937224338422836,1,0.8766666666666667
11440,마포구,2024-06,132893.68686868687,134000.0,1744.8999389895514,1744.9282024549857,396,63554.85494505495,60000.0,854.8287134952586,825.5690529543577,455,840,385,0.4583333333333333,0.489901279949771,0.5100987200502289,0.0123518568391511,0.0168021343284068,-0.0044502774892556,0.4244604316546763,-0.1044776119402984,0.6891428571428572,0.5508571428571428,0.4628571428571428,0.6234285714285714,0.6228571428571429,0.6948571428571428,0.4605714285714286,0.5928285714285715,0.5989142857142857,0.5958714285714286,주의,주의,주의,0,0,0.5928285714285715,0.5989142857142857,주의,-0.0278073916133617,0.0278073916133617,0,0,0,0,0,0.0,1단계_활발관찰,4,0,0.16185056986036905,0,0.03333333333333333
11440,마포구,2024-07,134089.98850574714,133000.0,1759.492455751646,1749.9579337035168,435,66482.76211453744,65000.0,876.5840592063698,853.988159849727,454,801,347,0.4332084893882647,0.4982027949826574,0.5017972050173425,0.0083629533339,0.0254499473024918,-0.0170869939685918,0.0984848484848484,-0.0464285714285713,0.6628571428571428,0.5188571428571429,0.3817142857142857,0.5017142857142857,0.7142857142857143,0.2342857142857143,0.2125714285714285,0.5516,0.5047999999999999,0.5282,주의,보통,보통,0,0,0.5516,0.5047999999999999,주의,-0.0251248439450686,0.0251248439450686,1,0,0,0,0,0.25,2단계_완만정체,4,0,0.035153175903277975,0,0.0033333333333333335
11440,마포구,2024-08,131823.102310231,123000.0,1710.77052409684,1684.5140032948927,303,60949.76356589147,60000.0,816.1464367096597,834.5283633728181,516,951,435,0.4574132492113564,0.4770636536075021,0.5229363463924979,-0.0276909011434165,-0.0689467505847964,0.0412558494413799,-0.303448275862069,0.1872659176029962,0.7337142857142858,0.2457142857142857,0.7428571428571429,0.6125714285714285,0.0571428571428571,0.5782857142857143,0.7417142857142857,0.5277142857142857,0.6107428571428573,0.5692285714285714,보통,주의,주의,0,0,0.5277142857142857,0.6107428571428573,보통,0.0242047598230917,0.0242047598230917,0,0,1,0,0,0.25,2단계_완만정체,4,0,0.025987901391839187,0,0.12333333333333334
11440,마포구,2024-09,128384.32835820896,124750.0,1651.3191397849178,1566.000153982171,134,57665.92277227723,58640.0,747.8861596673594,788.6064030131828,505,848,343,0.4044811320754717,0.452902253506715,0.5470977464932849,-0.0347512325437733,-0.0836372910203412,0.0488860584765679,-0.5577557755775577,-0.1083070452155625,0.8125714285714286,0.2091428571428571,0.7725714285714286,0.3245714285714285,0.0422857142857142,0.8068571428571428,0.4754285714285714,0.5034857142857143,0.6325142857142857,0.5680000000000001,보통,주의,주의,0,0,0.5034857142857143,0.6325142857142857,보통,-0.0529321171358846,0.0529321171358846,0,0,1,1,0,0.45,3단계_안정정체,4,0,0.013773545654976566,0,0.14
11440,마포구,2024-10,126111.320754717,120000.0,1639.558876917558,1597.7719143946058,159,66203.77165354331,63630.0,885.198054319338,880.7318129968501,508,879,371,0.422070534698521,0.5399001321523439,0.4600998678476561,-0.0071217383629984,0.1835999943000033,-0.1907217326630017,0.1865671641791044,0.0365566037735849,0.4948571428571429,0.3862857142857143,0.0262857142857142,0.4331428571428571,0.984,0.4057142857142857,0.1817142857142857,0.4136571428571428,0.3409142857142857,0.3772857142857143,안정,안정,안정,0,0,0.4136571428571428,0.3409142857142857,안정,0.0175894026230493,0.0175894026230493,1,0,0,0,0,0.25,2단계_완만정체,1,0,6.133634684037571e-05,0,0.0
11440,마포구,2024-11,133604.9079754601,134500.0,1780.1433220944969,1695.2699874424443,163,65118.48453608248,63000.0,884.3329255179324,875.4377188594298,485,849,364,0.4287396937573616,0.4967762508455982,0.5032237491544018,0.0857452862206715,-0.0009773279518455,0.0867226141725171,0.0251572327044025,-0.0341296928327644,0.6662857142857143,0.9154285714285716,0.8925714285714286,0.4765714285714286,0.4274285714285714,0.0571428571428571,0.1725714285714285,0.7214857142857144,0.6928,0.7071428571428572,높음,높음,높음,1,0,0.7214857142857144,0.6928,높음,0.0066691590588405,0.0066691590588405,0,1,0,0,0,0.2,1단계_활발관찰,2,1,0.9802612745002196,1,0.98
11440,마포구,2024-12,132886.71875,122500.0,1845.5938916366335,1764.3261302163228,128,59998.053872053875,60000.0,821.5693883935729,826.4906160607234,594,1096,502,0.458029197080292,0.4451517704499024,0.5548482295500976,0.0367670224805991,-0.0709727471558298,0.1077397696364289,-0.214723926380368,0.2909305064782097,0.8285714285714286,0.7211428571428572,0.9222857142857144,0.6194285714285714,0.0548571428571428,0.4525714285714285,0.9051428571428572,0.7117142857142857,0.7720000000000001,0.741857142857143,높음,높음,높음,1,1,0.7117142857142857,0.7720000000000001,높음,0.0292895033229304,0.0292895033229304,0,0,1,1,0,0.45,3단계_안정정체,3,1,0.9729286301319104,1,0.97
11440,마포구,2025-01,135057.72455089822,128000.0,1860.7482913613192,1795.204913192394,167,62495.293413173655,61500.0,853.4837023534427,851.4190317195325,501,1168,667,0.5710616438356164,0.4586776762423014,0.5413223237576985,0.0082111236894302,0.0388455490318015,-0.0306344253423713,0.3046875,0.0656934306569343,0.7942857142857143,0.5165714285714286,0.3074285714285714,0.9405714285714286,0.808,0.5817142857142857,0.2891428571428571,0.6508,0.6103999999999999,0.6306,높음,주의,주의,1,0,0.6508,0.6103999999999999,높음,0.1130324467553244,0.1130324467553244,1,0,0,1,1,0.55,3단계_안정정체,4,1,0.6534630762303526,0,0.21666666666666667
11440,마포구,2025-02,142970.4802259887,142750.0,1934.073672168382,1902.8530513246756,354,63425.87671232877,63000.0,860.247000079465,825.0825082508251,657,1137,480,0.4221635883905013,0.4447850216145081,0.5552149783854918,0.0394063942702418,0.0079243431448929,0.0314820511253488,1.1197604790419162,-0.0265410958904109,0.8297142857142857,0.7394285714285714,0.6891428571428572,0.4342857142857143,0.5234285714285715,0.9691428571428572,0.1382857142857143,0.6890857142857143,0.7509142857142856,0.72,높음,높음,높음,1,0,0.6890857142857143,0.7509142857142856,높음,-0.1488980554451151,0.1488980554451151,0,1,0,1,1,0.5,3단계_안정정체,3,1,0.9584521310186773,1,1.0
11440,마포구,2025-03,144281.74603174604,144750.0,1950.9297221433856,1947.6158495634656,567,66017.23387096774,65000.0,894.1605236727031,882.9242481588292,620,1099,479,0.4358507734303912,0.4583253376704596,0.5416746623295404,0.0087153091516443,0.0394230071015713,-0.030707697949927,0.6016949152542372,-0.0334212840809147,0.7988571428571428,0.5222857142857142,0.3062857142857143,0.5154285714285715,0.8148571428571428,0.832,0.1691428571428571,0.5902857142857142,0.5953714285714284,0.5928285714285713,주의,주의,주의,0,0,0.5902857142857142,0.5953714285714284,주의,0.0136871850398899,0.0136871850398899,1,0,0,1,0,0.45,3단계_안정정체,4,0,0.23100650821026736,0,0.1
11440,마포구,2025-04,141626.3323782235,140500.0,1896.865839754188,1865.9608207843,349,66365.7298657718,65000.0,890.4813983187073,862.4359587668968,596,1088,492,0.4522058823529412,0.469448803207982,0.530551196792018,-0.0277118554172215,-0.0041146139385398,-0.0235972414786816,-0.3844797178130511,-0.0100090991810737,0.7645714285714286,0.2445714285714285,0.3394285714285714,0.5794285714285714,0.4011428571428571,0.6525714285714286,0.0525714285714285,0.4854285714285714,0.5245714285714286,0.505,보통,보통,보통,0,0,0.4854285714285714,0.5245714285714286,보통,0.0163551089225499,0.0163551089225499,0,1,1,1,0,0.65,4단계_신중정체,4,0,0.007143843286129646,0,0.006666666666666667
11440,마포구,2025-05,150753.62473347547,147000.0,1957.447355560816,1929.165017807677,469,65091.80917431193,63000.0,876.7553049156052,843.6558419819216,545,1009,464,0.4598612487611496,0.447907476246998,0.552092523753002,0.0319376913943891,-0.0154142393417964,0.0473519307361856,0.3438395415472779,-0.072610294117647,0.8228571428571428,0.6914285714285714,0.7622857142857142,0.6308571428571429,0.2937142857142857,0.6148571428571429,0.3257142857142857,0.6961714285714286,0.7414285714285713,0.7187999999999999,높음,높음,높음,1,0,0.6961714285714286,0.7414285714285713,높음,0.0076553664082084,0.0076553664082084,0,0,0,1,0,0.2,1단계_활발관찰,4,1,0.9197866833086588,1,0.97
11440,마포구,2025-06,155099.72602739726,149950.0,2002.2181349344016,1950.650216738913,730,68798.72592592593,65050.0,917.7321202529124,902.039271583807,540,966,426,0.4409937888198758,0.4583577105013984,0.5416422894986015,0.0228720222009539,0.0467368889672719,-0.0238648667663179,0.556503198294243,-0.0426164519326065,0.7977142857142857,0.632,0.336,0.536,0.8548571428571429,0.8045714285714286,0.2045714285714285,0.6304000000000001,0.6236571428571429,0.6270285714285715,주의,주의,주의,1,0,0.6304000000000001,0.6236571428571429,주의,-0.0188674599412738,0.0188674599412738,0,0,0,1,0,0.2,1단계_활발관찰,4,0,0.4765876464279519,1,0.79
11440,마포구,2025-07,128133.09352517984,120000.0,1637.8403743712156,1567.4908316573997,139,67292.27606177607,65000.0,884.4307312341233,843.4008763024486,518,951,433,0.455310199789695,0.5399981250148786,0.4600018749851213,-0.1819870443712288,-0.03628661161997,-0.1457004327512587,-0.8095890410958904,-0.0155279503105589,0.4937142857142857,0.0102857142857142,0.0457142857142857,0.5988571428571429,0.1314285714285714,0.9211428571428572,0.0788571428571428,0.2628,0.3382857142857143,0.3005428571428571,낮음,안정,낮음,0,0,0.2628,0.3382857142857143,낮음,0.0143164109698192,0.0143164109698192,0,0,1,0,0,0.25,2단계_완만정체,1,0,5.989039540935888e-10,0,0.0
11440,마포구,2025-08,137867.277486911,134500.0,1884.9264287974072,1828.1535648994516,191,65653.70658682635,63000.0,895.96512346898,861.0521349374852,501,903,402,0.4451827242524916,0.4753316149535928,0.5246683850464072,0.1508608886998836,0.0130416004640201,0.1378192882358635,0.3741007194244603,-0.0504731861198738,0.7417142857142857,0.984,0.9554285714285714,0.5497142857142857,0.5817142857142857,0.6445714285714286,0.2342857142857143,0.8002285714285714,0.8146857142857142,0.8074571428571429,높음,높음,높음,1,1,0.8002285714285714,0.8146857142857142,높음,-0.0101274755372033,0.0101274755372033,0,0,0,0,0,0.0,1단계_활발관찰,3,1,0.9999819156579758,1,0.9966666666666667
11440,마포구,2025-09,153781.55963302753,141000.0,2065.324323268592,1933.9779926642216,545,66278.59636363636,65000.0,882.7882949536088,889.4307413792271,550,967,417,0.4312306101344364,0.427433253464281,0.5725667465357189,0.0957055361499064,-0.0147068542850791,0.1104123904349855,1.8534031413612568,0.070874861572536,0.864,0.9417142857142856,0.9268571428571428,0.488,0.2982857142857142,0.9977142857142856,0.3177142857142857,0.7830285714285714,0.8710285714285715,0.8270285714285714,높음,높음,높음,1,1,0.7830285714285714,0.8710285714285715,높음,-0.0139521141180551,0.0139521141180551,0,0,0,1,0,0.2,1단계_활발관찰,3,1,0.9999693619364102,1,1.0
11440,마포구,2025-10,156223.2101616628,145000.0,2072.370778621027,1998.800719568259,433,68137.474,66500.0,895.9688760690601,888.2987791385522,500,974,474,0.486652977412731,0.4323400451849863,0.5676599548150136,0.0034117912005624,0.0149306251462519,-0.0115188339456895,-0.2055045871559633,0.0072388831437435,0.8514285714285714,0.4731428571428571,0.408,0.7394285714285714,0.6057142857142858,0.4377142857142857,0.0377142857142857,0.6268,0.6123428571428571,0.6195714285714286,주의,주의,주의,1,0,0.6268,0.6123428571428571,주의,0.0554223672782945,0.0554223672782945,1,0,1,1,0,0.7,4단계_신중정체,4,0,0.43980125996812375,1,0.7166666666666667
11440,마포구,2025-11,118310.10638297872,117500.0,1583.2084289682446,1450.6427644769428,94,70136.32849364792,70000.0,946.548414744139,933.6445481827276,551,1010,459,0.4544554455445544,0.5978672153488923,0.4021327846511077,-0.2360399763879489,0.0564523389439481,-0.2924923153318971,-0.7829099307159353,0.0369609856262833,0.2297142857142857,0.0022857142857142,0.0057142857142857,0.5942857142857143,0.8834285714285715,0.9142857142857144,0.1851428571428571,0.2481142857142857,0.2331428571428571,0.2406285714285714,낮음,낮음,낮음,0,0,0.2481142857142857,0.2331428571428571,낮음,-0.0321975318681765,0.0321975318681765,0,0,1,0,0,0.25,2단계_완만정체,1,0,7.211188193994489e-14,0,0.0
11440,마포구,2025-12,138265.95744680852,139000.0,1810.273149676852,1708.3412865050582,141,69222.55008787346,68250.0,934.2195402152364,911.7896522476676,569,1125,556,0.4942222222222222,0.5160655122029522,0.4839344877970478,0.1434206113067391,-0.0130250860250348,0.1564456973317739,0.5,0.1138613861386139,0.592,0.9794285714285714,0.9714285714285714,0.7725714285714286,0.3142857142857143,0.7491428571428571,0.4971428571428571,0.7640571428571429,0.7981142857142858,0.7810857142857144,높음,높음,높음,1,1,0.7640571428571429,0.7981142857142858,높음,0.0397667766776677,0.0397667766776677,0,0,0,0,0,0.0,1단계_활발관찰,3,1,0.9999605808532231,1,0.9933333333333333
11440,마포구,2026-01,140012.65060240965,134750.0,1916.7012401024729,1759.5381526104418,166,69733.91783216783,69500.0,941.4981877023828,917.8335739914088,572,1172,600,0.5119453924914675,0.49120758520094,0.5087924147990599,0.0587911776985803,0.0077911531217487,0.0510000245768316,0.177304964539007,0.0417777777777776,0.6822857142857143,0.84,0.7828571428571428,0.8354285714285714,0.5222857142857142,0.3908571428571428,0.2011428571428571,0.7488,0.7251428571428571,0.7369714285714286,높음,높음,높음,1,1,0.7488,0.7251428571428571,높음,0.0177231702692453,0.0177231702692453,0,1,0,0,0,0.2,1단계_활발관찰,3,1,0.9605381718467155,1,0.9733333333333334
11440,마포구,2026-02,143771.78431372548,141000.0,1850.9476050621488,1647.6403436507003,153,67987.74709976798,66000.0,925.6277892260872,898.0006777363606,431,870,439,0.5045977011494253,0.5000831934381027,0.4999168065618973,-0.0343056255532076,-0.0168565364050518,-0.0174490891481557,-0.0783132530120481,-0.2576791808873719,0.656,0.2114285714285714,0.3771428571428571,0.8125714285714286,0.2731428571428571,0.1828571428571428,0.8708571428571429,0.4742857142857143,0.4657142857142857,0.47,보통,보통,보통,0,0,0.4742857142857143,0.4657142857142857,보통,-0.0073476913420422,0.0073476913420422,0,0,1,0,0,0.25,2단계_완만정체,4,0,0.004359307385575532,0,0.006666666666666667
11440,마포구,2026-03,132590.9090909091,125000.0,1843.5313984531415,1575.506661260208,154,70586.44938271605,67000.0,924.4452402203092,913.0658436213992,405,1027,622,0.6056475170399221,0.5014534826995553,0.4985465173004447,-0.0040067080174093,-0.0012775642861444,-0.0027291437312648,0.0065359477124182,0.1804597701149426,0.6491428571428571,0.4148571428571428,0.48,0.9725714285714284,0.424,0.016,0.7188571428571429,0.5827428571428571,0.5290285714285714,0.5558857142857143,주의,보통,주의,0,0,0.5827428571428571,0.5290285714285714,주의,0.1010498158904968,0.1010498158904968,1,1,0,0,1,0.55,3단계_안정정체,0,0,0.2385612568513128,0,0.01
11440,마포구,2026-04,141488.93805309734,132000.0,1895.1421911520645,1647.5492117065432,113,70400.6696969697,67297.5,940.3764972786312,882.9211295928483,330,704,374,0.53125,0.4962036630649717,0.5037963369350282,0.0279956136045353,0.0172333161178108,0.0107622974867245,-0.2662337662337662,-0.314508276533593,0.6697142857142857,0.6662857142857143,0.5588571428571428,0.876,0.6285714285714286,0.5257142857142857,0.9257142857142856,0.6735142857142857,0.6475428571428572,0.6605285714285715,높음,주의,높음,1,0,0.6735142857142857,0.6475428571428572,높음,-0.0743975170399221,0.0743975170399221,0,0,1,0,1,0.35,2단계_완만정체,4,0,0.4133073760888737,1,0.7933333333333333
11410,서대문구,2023-06,88764.39393939394,85000.0,1165.2044638684351,1164.6059883994235,132,47826.94150417827,45000.0,653.5966142340305,648.7379098844067,359,604,245,0.4056291390728477,0.560928690630067,0.439071309369933,0.0254144383442751,0.0416424784046436,-0.0162280400603684,0.0819672131147541,0.1593090211132437,0.3931428571428571,0.6514285714285715,0.3874285714285714,0.3348571428571428,0.8262857142857143,0.1942857142857142,0.6502857142857142,0.4911428571428571,0.4176571428571428,0.4544,보통,안정,안정,0,0,0.4911428571428571,0.4176571428571428,보통,0.0,0.0,0,0,0,0,0,0.0,1단계_활발관찰,2,0,0.005764452540118159,0,0.013333333333333334
11410,서대문구,2023-07,86149.55625,84000.0,1216.2632961131444,1233.7051962337482,160,48525.9125,48000.0,656.2284509871834,631.1571213892136,400,634,234,0.3690851735015772,0.5395447294054797,0.4604552705945203,0.0438196332300306,0.0040266988779267,0.0397929343521039,0.2121212121212121,0.0496688741721853,0.4971428571428571,0.7725714285714286,0.7325714285714285,0.1485714285714285,0.4788571428571428,0.4474285714285714,0.2297142857142857,0.5589714285714286,0.5712571428571429,0.5651142857142857,주의,주의,주의,0,0,0.5589714285714286,0.5712571428571429,주의,-0.0365439655712704,0.0365439655712704,0,1,0,0,0,0.2,1단계_활발관찰,2,0,0.08648632389120738,0,0.02
11410,서대문구,2023-08,90357.53012048193,87950.0,1242.0296630420585,1203.1104561747743,166,49200.3175074184,47000.0,663.9592574718769,658.9785831960461,337,511,174,0.3405088062622309,0.5345760066999249,0.4654239933000751,0.0211848594060648,0.0117806633849291,0.0094041960211357,0.0375,-0.194006309148265,0.52,0.6182857142857143,0.5508571428571428,0.0502857142857142,0.568,0.0857142857142857,0.7634285714285715,0.4850857142857143,0.4569714285714286,0.4710285714285714,보통,보통,보통,0,0,0.4850857142857143,0.4569714285714286,보통,-0.0285763672393463,0.0285763672393463,0,0,0,0,0,0.0,1단계_활발관찰,2,0,0.005999242020796376,0,0.01
11410,서대문구,2023-09,89096.91780821918,83000.0,1189.1014097569184,1171.7748632092212,146,49423.68370607029,48000.0,664.0997868079478,667.3340006673341,313,540,227,0.4203703703703704,0.5584887725797131,0.4415112274202869,-0.0426143230391976,0.0002116535532707,-0.0428259765924684,-0.1204819277108434,0.0567514677103717,0.4057142857142857,0.1622857142857142,0.2434285714285714,0.4182857142857142,0.4365714285714285,0.2868571428571428,0.2548571428571428,0.3173714285714286,0.3058285714285714,0.3116,낮음,낮음,낮음,0,0,0.3173714285714286,0.3058285714285714,낮음,0.0798615641081395,0.0798615641081395,0,1,1,0,1,0.55,3단계_안정정체,2,0,3.6348167631881126e-05,0,0.0
11410,서대문구,2023-10,84815.78947368421,78000.0,1123.1856892051724,1121.2852269269315,76,51814.54390934844,50000.0,682.9260973706264,700.5022468939995,353,584,231,0.3955479452054795,0.608025995998847,0.391974004001153,-0.0554332204224876,0.0283486170853461,-0.0837818375078338,-0.4794520547945206,0.0814814814814814,0.1885714285714285,0.1108571428571428,0.112,0.272,0.7394285714285714,0.7382857142857143,0.3725714285714285,0.2214285714285714,0.2172,0.2193142857142857,낮음,낮음,낮음,0,0,0.2214285714285714,0.2172,낮음,-0.0248224251648909,0.0248224251648909,0,0,1,0,0,0.25,2단계_완만정체,1,0,3.5401054476948543e-07,0,0.0
11410,서대문구,2023-11,83335.17857142857,78000.0,1154.6747309702453,1072.5941957687778,56,52494.927680798006,53000.0,693.7045915536182,706.1232655847289,401,643,242,0.3763608087091757,0.6007792263460334,0.3992207736539666,0.0280354727341267,0.0157828119682212,0.0122526607659054,-0.2631578947368421,0.1010273972602739,0.2137142857142857,0.6685714285714286,0.5748571428571428,0.1828571428571428,0.6125714285714285,0.5188571428571429,0.4502857142857143,0.4349142857142857,0.4224,0.4286571428571428,안정,안정,안정,0,0,0.4349142857142857,0.4224,안정,-0.0191871364963037,0.0191871364963037,0,0,1,0,0,0.25,2단계_완만정체,2,0,0.0008993989965089182,0,0.0033333333333333335
11410,서대문구,2023-12,79864.86486486487,80250.0,1107.4239927301471,1118.8625739818249,74,52846.788321167885,51700.0,713.9923516106215,704.816244336298,411,737,326,0.4423337856173677,0.6447326013322201,0.3552673986677799,-0.0409212542482801,0.0292455323260394,-0.0701667865743196,0.3214285714285714,0.146189735614308,0.0777142857142857,0.1748571428571428,0.1485714285714285,0.5428571428571428,0.744,0.592,0.6102857142857143,0.2525714285714285,0.2128,0.2326857142857142,낮음,낮음,낮음,0,0,0.2525714285714285,0.2128,낮음,0.0659729769081919,0.0659729769081919,0,0,0,0,1,0.1,1단계_활발관찰,0,0,1.6211427413217234e-06,0,0.0033333333333333335
11410,서대문구,2024-01,80873.95833333333,78350.0,1135.1341255274465,1146.9333684091848,96,53101.29314420804,52000.0,735.2102635357923,744.2322004465393,423,730,307,0.4205479452054794,0.647685808224797,0.3523141917752029,0.0250221531944461,0.0297172818130437,-0.0046951286185976,0.2972972972972973,-0.0094979647218452,0.0697142857142857,0.6468571428571429,0.4617142857142857,0.4194285714285714,0.7474285714285714,0.5737142857142857,0.0491428571428571,0.4126285714285714,0.3685142857142857,0.3905714285714285,안정,안정,안정,0,0,0.4126285714285714,0.3685142857142857,안정,-0.0217858404118883,0.0217858404118883,0,0,0,0,0,0.0,1단계_활발관찰,0,0,0.00028411837575692593,0,0.0
11410,서대문구,2024-02,86509.30232558139,84000.0,1200.1105078968017,1178.9073129329931,86,52362.80352644836,53000.0,710.7495497251582,706.9635913750442,397,799,402,0.5031289111389237,0.5922367524060344,0.4077632475939656,0.0572411496651672,-0.0332703649878294,0.0905115146529966,-0.1041666666666666,0.0945205479452053,0.2662857142857143,0.8331428571428572,0.9051428571428572,0.808,0.1485714285714285,0.248,0.4205714285714286,0.6052571428571429,0.5917142857142857,0.5984857142857143,주의,주의,주의,0,0,0.6052571428571429,0.5917142857142857,주의,0.0825809659334442,0.0825809659334442,0,0,1,0,1,0.35,2단계_완만정체,0,0,0.3053774388043849,0,0.05333333333333334
11410,서대문구,2024-03,89530.27586206897,89000.0,1270.6633626767823,1224.249558563861,145,51790.02865329513,50000.0,693.7020821091388,682.4385805277525,349,586,237,0.4044368600682594,0.5459369511117284,0.4540630488882716,0.0587886318099362,-0.0239851965050298,0.082773828314966,0.6860465116279071,-0.2665832290362954,0.4731428571428571,0.8388571428571429,0.8811428571428571,0.3234285714285714,0.2102857142857143,0.8765714285714286,0.8845714285714286,0.5974285714285714,0.6736571428571428,0.6355428571428572,주의,높음,주의,1,0,0.5974285714285714,0.6736571428571428,주의,-0.0986920510706642,0.0986920510706642,0,0,0,0,1,0.1,1단계_활발관찰,2,1,0.5657214247508302,1,0.8133333333333334
11410,서대문구,2024-04,90039.83957219252,86500.0,1212.677526169469,1201.4016352411147,187,50900.83276450512,50100.0,682.8051922273237,674.9740394600208,293,514,221,0.4299610894941634,0.5630558639806962,0.4369441360193038,-0.0456343026882903,-0.0157083136447913,-0.029925989043499,0.289655172413793,-0.1228668941979522,0.3851428571428571,0.1485714285714285,0.3097142857142857,0.4822857142857142,0.288,0.5577142857142857,0.5257142857142857,0.3157714285714285,0.3459428571428571,0.3308571428571428,낮음,안정,낮음,0,0,0.3157714285714285,0.3459428571428571,낮음,0.0255242294259039,0.0255242294259039,0,0,0,0,0,0.0,1단계_활발관찰,2,0,5.6944874244583596e-05,0,0.0
11410,서대문구,2024-05,91405.30303030302,89250.0,1255.7285758006776,1205.4077254436124,198,51054.29473684211,50000.0,681.0143189443455,666.6666666666666,285,508,223,0.4389763779527559,0.5423260504445534,0.4576739495554466,0.0355008225205555,-0.0026228173179766,0.0381236398385321,0.0588235294117647,-0.0116731517509727,0.4891428571428571,0.7097142857142857,0.7211428571428572,0.5268571428571428,0.4091428571428571,0.1337142857142857,0.0582857142857142,0.5883428571428572,0.5594857142857144,0.5739142857142858,주의,주의,주의,0,0,0.5883428571428572,0.5594857142857144,주의,0.0090152884585925,0.0090152884585925,0,1,0,0,0,0.2,1단계_활발관찰,2,0,0.1040263603920339,0,0.08
11410,서대문구,2024-06,96630.06079027356,94200.0,1312.2286219519556,1288.6901259267977,329,53288.90378006873,52700.0,744.380041070947,744.1091360066143,291,498,207,0.4156626506024096,0.5672639878588175,0.4327360121411825,0.0449938364389392,0.0930460936927521,-0.0480522572538129,0.6616161616161615,-0.0196850393700787,0.3645714285714285,0.7771428571428571,0.2217142857142857,0.3931428571428571,0.9485714285714286,0.8651428571428571,0.1017142857142857,0.5018285714285714,0.4642857142857143,0.4830571428571428,보통,보통,보통,0,0,0.5018285714285714,0.4642857142857143,보통,-0.0233137273503463,0.0233137273503463,0,0,0,0,0,0.0,1단계_활발관찰,2,0,0.018712479638834646,0,0.023333333333333334
11410,서대문구,2024-07,99979.01275510204,98250.0,1327.4277515061422,1347.353074594025,392,50612.29367088607,50500.0,699.377807534741,718.49234393404,395,683,288,0.4216691068814056,0.5268669475541735,0.4731330524458265,0.011582684068861,-0.060455991634946,0.0720386757038071,0.1914893617021276,0.3714859437751003,0.5474285714285714,0.5451428571428572,0.8468571428571429,0.4308571428571429,0.0662857142857142,0.416,0.9645714285714284,0.5411428571428571,0.5970285714285714,0.5690857142857142,보통,주의,주의,0,0,0.5411428571428571,0.5970285714285714,보통,0.0060064562789959,0.0060064562789959,0,0,0,0,0,0.0,1단계_활발관찰,3,0,0.09020100595409081,0,0.25666666666666665
11410,서대문구,2024-08,97604.69827586209,95900.0,1302.0152266660498,1265.038924274593,232,56698.93251533742,58000.0,781.6695819006034,800.616163732708,326,527,201,0.381404174573055,0.600353640949463,0.399646359050537,-0.0191441868013219,0.1176642631197224,-0.1368084499210443,-0.4081632653061224,-0.2284040995607613,0.2182857142857142,0.3017142857142857,0.0514285714285714,0.1988571428571428,0.968,0.6828571428571428,0.8377142857142857,0.2778285714285714,0.2377714285714285,0.2578,낮음,낮음,낮음,0,0,0.2778285714285714,0.2377714285714285,낮음,-0.0402649323083506,0.0402649323083506,0,0,1,0,0,0.25,2단계_완만정체,1,0,1.3684394970181135e-06,0,0.0
11410,서대문구,2024-09,84342.52336448598,80000.0,1188.5764157627352,1166.3607542132488,107,55256.91459074733,55000.0,758.9359804375271,769.8731884967556,281,514,233,0.4533073929961089,0.6385251889341094,0.3614748110658906,-0.0871255639565651,-0.0290833902066398,-0.0580421737499252,-0.5387931034482758,-0.0246679316888045,0.0902857142857142,0.0514285714285714,0.1862857142857142,0.5885714285714285,0.1805714285714285,0.7977142857142857,0.128,0.1835428571428571,0.2270857142857142,0.2053142857142857,낮음,낮음,낮음,0,0,0.1835428571428571,0.2270857142857142,낮음,0.0719032184230539,0.0719032184230539,0,0,1,0,1,0.35,2단계_완만정체,1,0,4.4801541433228006e-08,0,0.0033333333333333335
11410,서대문구,2024-10,90468.0,83875.0,1277.6967717658124,1218.495257000602,150,54696.06734006734,53500.0,763.2098315576695,777.0190722863198,297,594,297,0.5,0.5973325192822491,0.4026674807177509,0.0749807541367768,0.005631372382264,0.0693493817545127,0.4018691588785046,0.1556420233463034,0.2365714285714285,0.8925714285714286,0.8388571428571429,0.7931428571428571,0.5028571428571429,0.6765714285714286,0.6388571428571429,0.6311428571428571,0.6180000000000001,0.6245714285714286,주의,주의,주의,1,0,0.6311428571428571,0.6180000000000001,주의,0.0466926070038911,0.0466926070038911,0,1,0,0,0,0.2,1단계_활발관찰,0,1,0.5843060041105077,1,0.8033333333333333
11410,서대문구,2024-11,92456.07638888888,88500.0,1278.2256008674754,1213.7540850824669,144,56031.37869822485,54800.0,746.6028263966641,752.3600751970148,338,585,247,0.4222222222222222,0.5840931568652495,0.4159068431347504,0.0004138924926075,-0.0217594224737794,0.022173314966387,-0.04,-0.0151515151515151,0.2982857142857142,0.4445714285714285,0.6445714285714286,0.436,0.232,0.0914285714285714,0.0765714285714285,0.4181428571428571,0.4072,0.4126714285714286,안정,안정,안정,0,0,0.4181428571428571,0.4072,안정,-0.0777777777777777,0.0777777777777777,1,0,1,0,1,0.6,3단계_안정정체,2,0,0.0009213098188231522,0,0.0033333333333333335
11410,서대문구,2024-12,64535.73853211009,49450.0,1369.4085511294056,1465.221124946329,218,54186.42385786802,53000.0,748.0530489286891,750.8760220256967,394,711,317,0.4458509142053445,0.5462599516497396,0.4537400483502604,0.0713355687760035,0.0019424283980067,0.0693931403779968,0.5138888888888888,0.2153846153846152,0.472,0.8822857142857143,0.84,0.5565714285714286,0.456,0.7588571428571429,0.808,0.6592571428571429,0.6832,0.6712285714285715,높음,높음,높음,1,0,0.6592571428571429,0.6832,높음,0.0236286919831222,0.0236286919831222,0,1,0,0,0,0.2,1단계_활발관찰,3,1,0.8230909816307072,1,0.95
11410,서대문구,2025-01,94346.21212121211,90000.0,1355.9267052399891,1325.6412633732411,132,51835.82113821138,51450.0,720.4155190459369,719.2078677995585,369,625,256,0.4096,0.5313085996919197,0.4686914003080803,-0.0098450136581208,-0.0369459491172889,0.0271009354591681,-0.3944954128440366,-0.1209563994374121,0.5291428571428571,0.3668571428571429,0.6685714285714286,0.3588571428571429,0.128,0.6685714285714286,0.5188571428571429,0.4508,0.5284571428571428,0.4896285714285714,안정,보통,보통,0,0,0.4508,0.5284571428571428,안정,-0.0362509142053444,0.0362509142053444,1,0,1,0,0,0.5,3단계_안정정체,2,0,0.002313144857706327,0,0.0
11410,서대문구,2025-02,95782.10280373832,93000.0,1361.3426363947256,1341.567421969432,214,52860.04827586207,50925.0,728.8151201961692,704.816244336298,435,721,286,0.3966712898751733,0.5353649409867208,0.4646350590132792,0.003994265422907,0.0116593839640712,-0.0076651185411642,0.6212121212121211,0.1535999999999999,0.5165714285714286,0.4754285714285714,0.44,0.2834285714285714,0.5634285714285714,0.8445714285714285,0.6354285714285715,0.4606857142857143,0.4986857142857143,0.4796857142857142,보통,보통,보통,0,0,0.4606857142857143,0.4986857142857143,보통,-0.0129287101248267,0.0129287101248267,1,0,0,0,0,0.25,2단계_완만정체,2,0,0.008174753093943879,0,0.0033333333333333335
11410,서대문구,2025-03,104313.52583586628,102000.0,1395.810348453106,1370.7165109034268,329,54364.86046511628,53000.0,726.9028227696319,716.5211661999671,387,659,272,0.4127465857359635,0.5207747768708086,0.4792252231291913,0.0253189102705708,-0.0026238443379476,0.0279427546085184,0.5373831775700935,-0.0859916782246879,0.5782857142857143,0.6502857142857142,0.6754285714285714,0.3714285714285714,0.408,0.792,0.3874285714285714,0.5676571428571429,0.6176571428571429,0.5926571428571429,주의,주의,주의,0,0,0.5676571428571429,0.6176571428571429,주의,0.0160752958607902,0.0160752958607902,0,1,0,0,0,0.2,1단계_활발관찰,2,0,0.11924203515853611,0,0.38333333333333336
11410,서대문구,2025-04,97576.76579925652,92100.0,1353.6611240943405,1259.803103620891,269,53091.181818181816,51000.0,710.7019006275359,700.4669779853235,341,601,260,0.43261231281198,0.5250220221128291,0.4749779778871709,-0.0301969564887356,-0.0222876038372881,-0.0079093526514475,-0.182370820668693,-0.0880121396054628,0.56,0.2285714285714285,0.4342857142857143,0.4948571428571429,0.2274285714285714,0.3965714285714286,0.3977142857142857,0.4089714285714285,0.4394285714285714,0.4242,안정,안정,안정,0,0,0.4089714285714285,0.4394285714285714,안정,0.0198657270760164,0.0198657270760164,0,0,1,0,0,0.25,2단계_완만정체,2,0,0.0007293388325943945,0,0.006666666666666667
11410,서대문구,2025-05,101281.13513513512,96500.0,1394.6392184119998,1400.329489291598,370,53715.26829268293,52500.0,728.6156529066377,729.2525014714538,369,590,221,0.3745762711864406,0.5224402435321394,0.4775597564678606,0.0302720478473335,0.0252057188299121,0.0050663290174213,0.3754646840148699,-0.0183028286189683,0.5691428571428572,0.68,0.528,0.1725714285714285,0.7085714285714285,0.648,0.088,0.5430857142857143,0.5492571428571429,0.5461714285714285,주의,주의,주의,0,0,0.5430857142857143,0.5492571428571429,주의,-0.0580360416255393,0.0580360416255393,0,0,0,0,0,0.0,1단계_활발관찰,2,0,0.047447528908165136,0,0.09
11410,서대문구,2025-06,109391.43327556326,106000.0,1445.132684451425,1414.9841481728683,577,54351.39142857143,55000.0,742.787538196521,738.2004466117805,350,608,258,0.4243421052631579,0.5139926223995721,0.4860073776004279,0.0362053966164233,0.019450426618407,0.0167549699980162,0.5594594594594595,0.0305084745762711,0.6,0.7188571428571429,0.608,0.4491428571428571,0.6434285714285715,0.8091428571428572,0.16,0.6130285714285714,0.6315999999999999,0.6223142857142856,주의,주의,주의,1,0,0.6130285714285714,0.6315999999999999,주의,0.0497658340767173,0.0497658340767173,0,0,0,0,0,0.0,1단계_활발관찰,2,0,0.2820502599587026,1,0.7966666666666666
11410,서대문구,2025-07,97347.55555555556,96500.0,1369.6489045988835,1388.888888888889,135,54469.06306306306,53000.0,744.241081954851,750.8760220256967,333,582,249,0.4278350515463917,0.5433809200707607,0.4566190799292393,-0.0522331137235296,0.0019568768774165,-0.0541899906009462,-0.7660311958405546,-0.0427631578947368,0.4811428571428571,0.1257142857142857,0.1977142857142857,0.472,0.4571428571428571,0.904,0.2057142857142857,0.3318285714285714,0.3805714285714285,0.3561999999999999,낮음,안정,안정,0,0,0.3318285714285714,0.3805714285714285,낮음,0.0034929462832337,0.0034929462832337,0,1,1,0,0,0.45,3단계_안정정체,1,0,1.3461649608408581e-05,0,0.0
11410,서대문구,2025-08,99889.9375,95250.0,1378.564303659577,1324.2166303788997,160,55405.32666666667,53775.0,742.4332650729094,741.9201398804498,300,518,218,0.4208494208494208,0.5385554109460287,0.4614445890539713,0.0065092587091173,-0.0024290742956476,0.0089383330047649,0.1851851851851851,-0.1099656357388316,0.504,0.4914285714285714,0.5462857142857143,0.4217142857142857,0.4148571428571428,0.4011428571428571,0.48,0.4880571428571428,0.4935428571428571,0.4908,보통,보통,보통,0,0,0.4880571428571428,0.4935428571428571,보통,-0.0069856306969708,0.0069856306969708,1,1,0,0,0,0.45,3단계_안정정체,2,0,0.008787408058676597,0,0.0
11410,서대문구,2025-09,111850.3514986376,108000.0,1494.4071331515445,1518.039963284615,367,56198.08888888889,56000.0,757.9784010040652,750.8760220256967,315,535,220,0.411214953271028,0.507210106395551,0.492789893604449,0.0840315023277824,0.0209380918965547,0.0630934104312277,1.2937500000000002,0.0328185328185328,0.6217142857142857,0.9131428571428571,0.8194285714285714,0.3634285714285714,0.6662857142857143,0.9862857142857144,0.168,0.6998285714285715,0.7400571428571427,0.7199428571428571,높음,높음,높음,1,0,0.6998285714285715,0.7400571428571427,높음,-0.0096344675783927,0.0096344675783927,0,0,0,0,0,0.0,1단계_활발관찰,3,1,0.9855804789405668,1,0.9666666666666667
11410,서대문구,2025-10,112084.2270531401,108375.0,1495.969335197114,1518.4509919552488,414,57449.96875,59400.0,757.48006274714,767.56215584849,288,486,198,0.4074074074074074,0.5063473193769256,0.4936526806230744,0.0010453657580413,-0.0006574570677279,0.0017028228257692,0.1280653950953678,-0.0915887850467289,0.6262857142857143,0.4514285714285714,0.5062857142857143,0.3428571428571428,0.4308571428571429,0.3017142857142857,0.4114285714285714,0.4965142857142857,0.5005142857142858,0.4985142857142858,보통,보통,보통,0,0,0.4965142857142857,0.5005142857142858,보통,-0.0038075458636206,0.0038075458636206,1,1,0,0,0,0.45,3단계_안정정체,2,0,0.015265511247200478,0,0.006666666666666667
11410,서대문구,2025-11,96983.8041958042,95000.0,1287.791572601344,1220.309435606886,143,57800.86855670103,57750.0,783.7294376630385,800.6955388121793,388,661,273,0.4130105900151286,0.6085840708523212,0.3914159291476787,-0.1391591108840072,0.0346535522277646,-0.1738126631117719,-0.6545893719806763,0.3600823045267489,0.1851428571428571,0.0217142857142857,0.032,0.3737142857142857,0.7828571428571428,0.8617142857142858,0.9588571428571429,0.2017142857142857,0.2006857142857143,0.2012,낮음,낮음,낮음,0,0,0.2017142857142857,0.2006857142857143,낮음,0.0056031826077211,0.0056031826077211,0,0,1,0,0,0.25,2단계_완만정체,1,0,2.474320278793772e-10,0,0.0
11410,서대문구,2025-12,99194.3388429752,95000.0,1342.1560352739737,1294.5441718885727,242,58618.82278481012,59000.0,799.4731777076753,794.585050029429,395,793,398,0.501891551071879,0.5956633630489016,0.4043366369510984,0.0422152651323948,0.0200882336276435,0.0221270315047512,0.6923076923076923,0.199697428139183,0.2491428571428571,0.7611428571428571,0.6434285714285715,0.7965714285714286,0.6514285714285715,0.8788571428571429,0.7771428571428571,0.5783428571428572,0.5678285714285715,0.5730857142857143,주의,주의,주의,0,0,0.5783428571428572,0.5678285714285715,주의,0.0888809610567504,0.0888809610567504,0,0,0,0,1,0.1,1단계_활발관찰,0,0,0.08856679091819147,0,0.13666666666666666
11410,서대문구,2026-01,106189.81132075471,100000.0,1395.8374690241094,1313.1313131313132,265,60221.55072463768,59500.0,800.0220535205503,791.5225067929204,414,712,298,0.4185393258426966,0.5731484297236128,0.4268515702763872,0.0399964179568568,0.0006865468763428,0.0393098710805139,0.0950413223140496,-0.1021437578814628,0.3394285714285714,0.7417142857142857,0.7291428571428571,0.408,0.44,0.2251428571428571,0.4548571428571428,0.5382857142857143,0.5127428571428572,0.5255142857142857,보통,보통,보통,0,0,0.5382857142857143,0.5127428571428572,보통,-0.0833522252291824,0.0833522252291824,0,1,0,0,1,0.30000000000000004,2단계_완만정체,2,0,0.030417137452996797,0,0.03333333333333333
11410,서대문구,2026-02,98403.84888888888,90800.0,1344.1463053920052,1250.8338892595063,225,60478.60727272727,61000.0,811.6455025969957,802.4095818528367,275,609,334,0.548440065681445,0.6038371711034004,0.3961628288965996,-0.0370323657153606,0.0145289108285147,-0.0515612765438753,-0.150943396226415,-0.1446629213483146,0.2045714285714285,0.1908571428571428,0.2102857142857143,0.9028571428571428,0.5988571428571429,0.3382857142857143,0.6068571428571429,0.3464571428571429,0.2864571428571428,0.3164571428571429,낮음,낮음,낮음,0,0,0.3464571428571429,0.2864571428571428,낮음,0.1299007398387484,0.1299007398387484,0,0,1,0,1,0.35,2단계_완만정체,0,0,4.560064657938375e-05,0,0.0
11410,서대문구,2026-03,101507.15481171547,97000.0,1354.9526627683963,1262.9561884853235,239,59080.25597269624,58800.0,780.8886581493581,817.2114743162108,293,557,264,0.473967684021544,0.5763217266600821,0.4236782733399179,0.0080395693036106,-0.0378944309421119,0.0459340002457225,0.0622222222222221,-0.0853858784893267,0.328,0.5142857142857142,0.7588571428571429,0.6857142857142857,0.1257142857142857,0.1428571428571428,0.3851428571428571,0.4941714285714286,0.4902285714285714,0.4922,보통,보통,보통,0,0,0.4941714285714286,0.4902285714285714,보통,-0.074472381659901,0.074472381659901,1,0,0,0,1,0.35,2단계_완만정체,0,0,0.008774781250153588,0,0.016666666666666666
11410,서대문구,2026-04,98691.43951612904,92250.0,1305.5039813044689,1185.4617010697175,248,57386.01298701299,59500.0,784.5952894745044,793.0214115781126,231,449,218,0.4855233853006681,0.6009903460352004,0.3990096539647996,-0.0364947668082334,0.0047466835207092,-0.0412414503289427,0.0376569037656904,-0.1938958707360861,0.2125714285714285,0.1942857142857142,0.2491428571428571,0.7337142857142858,0.4914285714285714,0.088,0.7622857142857142,0.3213714285714286,0.2577142857142857,0.2895428571428571,낮음,낮음,낮음,0,0,0.3213714285714286,0.2577142857142857,낮음,0.011555701279124,0.011555701279124,0,1,0,0,0,0.2,1단계_활발관찰,0,0,2.917954884053446e-05,0,0.0
11650,서초구,2023-06,215794.79166666663,199000.0,2514.255829897799,2342.2823666391473,192,89114.03699673558,80000.0,1031.7220187868252,908.5270216584582,919,1795,876,0.4880222841225626,0.4103488620840797,0.5896511379159203,0.0166377092713267,-0.0082640227144482,0.024901731985775,0.2229299363057324,0.3237463126843658,0.8925714285714286,0.5874285714285714,0.6594285714285715,0.7474285714285714,0.3565714285714286,0.4662857142857143,0.9337142857142856,0.6942857142857143,0.7161142857142857,0.7052,높음,높음,높음,1,0,0.6942857142857143,0.7161142857142857,높음,0.0,0.0,0,1,0,1,0,0.4,2단계_완만정체,4,1,0.9550825310940245,1,0.8766666666666667
11650,서초구,2023-07,225250.75,206450.0,2356.8213061737556,2203.3723057345105,200,100071.04550499446,88000.0,1149.6624654260831,1007.8254683424236,901,1582,681,0.4304677623261694,0.4878021351956179,0.5121978648043821,-0.0626167480062849,0.1143141703788981,-0.176930918385183,0.0416666666666667,-0.1186629526462396,0.6971428571428572,0.0891428571428571,0.0297142857142857,0.4857142857142857,0.9657142857142856,0.0948571428571428,0.5108571428571429,0.4068,0.3273142857142856,0.3670571428571428,안정,낮음,안정,0,0,0.4068,0.3273142857142856,안정,-0.0575545217963932,0.0575545217963932,0,0,0,0,0,0.0,1단계_활발관찰,1,0,1.5553292748087533e-05,0,0.0
11650,서초구,2023-08,240137.1921182266,225000.0,2599.646440801541,2473.789610083638,203,79574.78851963746,68000.0,953.4429550006053,854.6486783468653,993,1672,679,0.4061004784688995,0.3667587022743881,0.6332412977256119,0.1030307787831426,-0.1706757559948308,0.2737065347779734,0.0149999999999999,0.0568900126422249,0.9714285714285714,0.952,0.9931428571428572,0.3382857142857143,0.0125714285714285,0.032,0.256,0.7800571428571428,0.8157142857142857,0.7978857142857143,높음,높음,높음,1,1,0.7800571428571428,0.8157142857142857,높음,-0.0243672838572698,0.0243672838572698,0,0,0,1,0,0.2,1단계_활발관찰,3,1,0.9999992061476932,1,0.99
11650,서초구,2023-09,239222.95597484277,230000.0,2679.738000999694,2657.714365645545,159,103719.30023923444,90000.0,1173.4191639654864,1006.6691833396252,836,1400,564,0.4028571428571428,0.4378857797022449,0.562114220297755,0.0308086357210402,0.2307177454205862,-0.199909109699546,-0.2167487684729063,-0.1626794258373205,0.8457142857142858,0.6868571428571428,0.0228571428571428,0.312,0.9885714285714284,0.4565714285714286,0.6582857142857143,0.5756571428571429,0.5159428571428571,0.5458000000000001,주의,보통,보통,0,0,0.5756571428571429,0.5159428571428571,주의,-0.0032433356117567,0.0032433356117567,0,0,1,1,0,0.45,3단계_안정정체,4,0,0.018168081903262922,1,0.55
11650,서초구,2023-10,209998.94505494504,195000.0,2252.688341700502,2058.1113801452784,91,94667.2693565976,80000.0,1112.3229943217073,982.4810606060604,917,1631,714,0.4377682403433476,0.4937758027735166,0.5062241972264834,-0.1593624672038379,-0.0520667903848689,-0.107295676818969,-0.4276729559748428,0.165,0.6765714285714286,0.0148571428571428,0.0868571428571428,0.5222857142857142,0.0845714285714285,0.6994285714285714,0.6651428571428571,0.3108571428571428,0.3836571428571428,0.3472571428571428,낮음,안정,낮음,0,0,0.3108571428571428,0.3836571428571428,낮음,0.0349110974862048,0.0349110974862048,0,0,1,0,0,0.25,2단계_완만정체,1,0,5.648256301513526e-08,0,0.006666666666666667
11650,서초구,2023-11,225924.67532467537,197000.0,2243.984032254355,2173.0217302173023,77,96113.57106598985,80000.0,1096.2096170902687,954.37678451157,788,1306,518,0.3966309341500765,0.48851043560635,0.51148956439365,-0.0038639652387849,-0.0144862394409678,0.0106222742021828,-0.1538461538461538,-0.1992642550582465,0.6925714285714286,0.4171428571428571,0.5577142857142857,0.2822857142857143,0.3005714285714285,0.3462857142857143,0.7737142857142857,0.496,0.5281142857142856,0.5120571428571428,보통,보통,보통,0,0,0.496,0.5281142857142856,보통,-0.0411373061932711,0.0411373061932711,1,0,1,0,0,0.5,3단계_안정정체,2,0,0.015461057809055781,0,0.01
11650,서초구,2023-12,221172.602739726,210000.0,2368.060042284286,2203.6295074239924,73,99764.99053254438,85000.0,1119.4162832039092,993.8476100331284,845,1504,659,0.4381648936170212,0.4727144849435887,0.5272855150564113,0.0552927330348609,0.0211699165486609,0.0341228164861999,-0.0519480519480519,0.1516079632465543,0.7531428571428571,0.8274285714285714,0.6948571428571428,0.5245714285714286,0.6708571428571428,0.1154285714285714,0.6262857142857143,0.7175428571428571,0.6668000000000001,0.6921714285714287,높음,높음,높음,1,0,0.7175428571428571,0.6668000000000001,높음,0.0415339594669447,0.0415339594669447,0,0,1,1,0,0.45,3단계_안정정체,4,1,0.8759434938976228,1,0.9866666666666667
11650,서초구,2024-01,214060.0,230000.0,2552.0399362385083,2389.64096527369,105,85942.28416779432,71000.0,1046.558582088361,959.512683578104,739,1300,561,0.4315384615384615,0.4100870708280921,0.5899129291719079,0.0776922420331669,-0.0650854398035201,0.142777681836687,0.4383561643835616,-0.1356382978723403,0.8937142857142857,0.9005714285714286,0.96,0.4902857142857142,0.0628571428571428,0.7062857142857143,0.5805714285714285,0.7650857142857143,0.8525714285714285,0.8088285714285715,높음,높음,높음,1,1,0.7650857142857143,0.8525714285714285,높음,-0.0066264320785597,0.0066264320785597,0,0,0,1,0,0.2,1단계_활발관찰,3,1,0.999830121447722,1,0.99
11650,서초구,2024-02,221190.99099099095,205000.0,2410.9111661908128,2247.72270199929,111,74241.67085076708,65000.0,865.7476239114949,829.9083148909264,717,1155,438,0.3792207792207792,0.3590956133316837,0.6409043866683162,-0.0553003767863081,-0.1727671639900614,0.1174667872037532,0.0571428571428571,-0.1115384615384615,0.984,0.112,0.9394285714285714,0.192,0.0114285714285714,0.1285714285714285,0.4857142857142857,0.5410285714285714,0.6337142857142857,0.5873714285714285,보통,주의,주의,0,0,0.5410285714285714,0.6337142857142857,보통,-0.0523176823176823,0.0523176823176823,0,0,0,1,0,0.2,1단계_활발관찰,4,1,0.5189710161608526,0,0.25666666666666665
11650,서초구,2024-03,234324.203539823,230000.0,2699.0486236190195,2565.5061180689736,226,95297.9474522293,80000.0,1094.0702991772878,981.3652664831224,628,1048,420,0.4007633587786259,0.4053540531293962,0.5946459468706038,0.1195139254688748,0.263728907778249,-0.1442149823093741,1.036036036036036,-0.0926406926406926,0.904,0.9714285714285714,0.048,0.2994285714285714,0.9954285714285714,0.9611428571428572,0.416,0.6681142857142858,0.6487428571428572,0.6584285714285715,높음,높음,높음,1,0,0.6681142857142858,0.6487428571428572,높음,0.0215425795578467,0.0215425795578467,0,0,0,1,0,0.2,1단계_활발관찰,4,1,0.9976639393123199,1,0.89
11650,서초구,2024-04,229817.0132743363,228000.0,2616.89393944793,2580.8615291709552,226,96890.65565217393,81000.0,1150.8661212136224,1000.5002501250624,575,966,391,0.4047619047619047,0.4397832498539905,0.5602167501460096,-0.0304383861232305,0.0519124064322407,-0.0823507925554712,0.0,-0.0782442748091603,0.8422857142857143,0.2262857142857142,0.1154285714285714,0.3257142857142857,0.8685714285714285,0.0045714285714285,0.352,0.4680571428571428,0.4019428571428572,0.435,보통,안정,안정,0,0,0.4680571428571428,0.4019428571428572,보통,0.0039985459832788,0.0039985459832788,0,0,0,1,0,0.2,1단계_활발관찰,4,0,0.00449151352756556,0,0.0
11650,서초구,2024-05,251459.38080495357,240000.0,2807.73471663925,2790.3225806451615,323,96440.28338762216,80000.0,1135.2967676167368,1001.7088286619904,614,1061,447,0.4213006597549482,0.4043461659282552,0.5956538340717448,0.0729264470044135,-0.0135283794612592,0.0864548264656728,0.4292035398230087,0.0983436853002071,0.9074285714285716,0.8868571428571429,0.8914285714285715,0.4262857142857142,0.3051428571428571,0.7028571428571428,0.44,0.7666857142857142,0.8307428571428572,0.7987142857142857,높음,높음,높음,1,1,0.7666857142857142,0.8307428571428572,높음,0.0165387549930434,0.0165387549930434,0,0,0,1,0,0.2,1단계_활발관찰,3,1,0.9993854136712819,1,1.0
11650,서초구,2024-06,264600.202020202,250000.0,2988.268039690104,2942.56120527307,495,98286.29585798817,82594.0,1144.850955299075,990.0991337007692,676,1170,494,0.4222222222222222,0.3831152159355158,0.6168847840644842,0.0642985685153849,0.0084155860871468,0.055882982428238,0.5325077399380804,0.1027332704995287,0.9497142857142856,0.8605714285714285,0.7954285714285714,0.436,0.5314285714285715,0.7851428571428571,0.4582857142857143,0.7776857142857143,0.8254857142857143,0.8015857142857143,높음,높음,높음,1,1,0.7776857142857143,0.8254857142857143,높음,0.000921562467274,0.000921562467274,0,1,0,1,0,0.4,2단계_완만정체,3,1,0.9992754361159257,1,0.99
11650,서초구,2024-07,258283.72093023255,239500.0,2846.268718121347,2709.476672898548,516,93413.14925373136,78000.0,1094.984936456111,981.6270930401166,670,1102,432,0.3920145190562613,0.384708910119648,0.615291089880352,-0.0475189372849843,-0.0435567779475165,-0.0039621593374677,0.0424242424242424,-0.0581196581196581,0.9462857142857144,0.1417142857142857,0.4685714285714286,0.2537142857142857,0.112,0.096,0.2605714285714285,0.4622857142857142,0.5116571428571428,0.4869714285714285,보통,보통,보통,0,0,0.4622857142857142,0.5116571428571428,보통,-0.0302077031659609,0.0302077031659609,0,0,0,1,0,0.2,1단계_활발관찰,4,0,0.05960329503348326,0,0.02666666666666667
11650,서초구,2024-08,266163.4259259259,230000.0,2816.7650087937304,2560.2482835436185,324,92418.99049630412,80000.0,1109.3350867719762,982.2118908082596,947,1335,388,0.2906367041198502,0.3938330259388748,0.6061669740611252,-0.0103657497761103,0.0131053403915391,-0.0234710901676494,-0.3720930232558139,0.2114337568058075,0.9257142857142856,0.3634285714285714,0.3405714285714286,0.0068571428571428,0.5828571428571429,0.6422857142857142,0.8022857142857143,0.496,0.5467428571428571,0.5213714285714286,보통,보통,보통,0,0,0.496,0.5467428571428571,보통,-0.101377814936411,0.101377814936411,0,0,1,1,1,0.55,3단계_안정정체,4,0,0.0436104781053761,0,0.12333333333333334
11650,서초구,2024-09,256503.88888888888,233500.0,2789.936555077403,2518.2982986929073,180,101910.14107142856,85000.0,1227.4432620740015,1108.014142135965,560,964,404,0.4190871369294606,0.4399538261327766,0.5600461738672233,-0.0095245622664903,0.1064675378164639,-0.1159921000829542,-0.4444444444444444,-0.2779026217228464,0.84,0.3702857142857143,0.0754285714285714,0.4114285714285714,0.9577142857142856,0.7165714285714285,0.8914285714285715,0.5171428571428572,0.4997142857142857,0.5084285714285715,보통,보통,보통,0,0,0.5171428571428572,0.4997142857142857,보통,0.1284504328096103,0.1284504328096103,1,0,1,1,1,0.7999999999999999,4단계_신중정체,4,0,0.005830515550113446,0,0.03666666666666667
11650,서초구,2024-10,244731.69014084508,219000.0,2730.1506385220946,2451.9627490274665,213,104849.22397891965,93000.0,1206.0490069984162,1110.0066269052352,759,1194,435,0.364321608040201,0.4417518176401004,0.5582481823598995,-0.0214291312275558,-0.0174299340235375,-0.0039991972040183,0.1833333333333333,0.2385892116182573,0.8354285714285714,0.2834285714285714,0.4674285714285714,0.1222857142857142,0.2617142857142857,0.3977142857142857,0.856,0.4594857142857143,0.5179428571428573,0.4887142857142857,보통,보통,보통,0,0,0.4594857142857143,0.5179428571428573,보통,-0.0547655288892596,0.0547655288892596,0,0,0,1,0,0.2,1단계_활발관찰,4,0,0.028662537777642282,0,0.013333333333333334
11650,서초구,2024-11,257110.30927835053,218250.0,2639.2907056586764,2246.451358225537,194,110868.8154093098,98000.0,1256.943312617385,1117.9709661271484,623,1151,528,0.4587315377932233,0.4762428443075561,0.5237571556924439,-0.0332801903240779,0.0421992019591583,-0.0754793922832363,-0.0892018779342722,-0.0360134003350083,0.7382857142857143,0.2148571428571428,0.1337142857142857,0.6262857142857143,0.8308571428571428,0.2114285714285714,0.1794285714285714,0.4789714285714286,0.4185714285714285,0.4487714285714286,보통,안정,안정,0,0,0.4789714285714286,0.4185714285714285,보통,0.0944099297530223,0.0944099297530223,0,0,1,0,1,0.35,2단계_완만정체,4,0,0.0020386031806932095,0,0.0033333333333333335
11650,서초구,2024-12,275705.8011049724,254000.0,3022.907435606296,2801.648028251913,181,107874.12330827067,94500.0,1247.7350113657376,1100.7289271562056,665,1298,633,0.487673343605547,0.4127599134094831,0.5872400865905169,0.1453484184690758,-0.0073259479239938,0.1526743663930697,-0.0670103092783505,0.1277150304083405,0.888,0.9805714285714284,0.968,0.7451428571428571,0.3691428571428571,0.1531428571428571,0.5428571428571428,0.8538285714285713,0.8387428571428571,0.8462857142857142,높음,높음,높음,1,1,0.8538285714285713,0.8387428571428571,높음,0.0289418058123236,0.0289418058123236,0,1,1,1,0,0.65,4단계_신중정체,3,1,0.999998901220429,1,0.9966666666666667
11650,서초구,2025-01,268303.77358490566,257000.0,2950.798516171183,2825.2715193126005,212,94785.77238239755,80000.0,1118.76404160977,1026.75891963988,659,1116,457,0.4094982078853046,0.3791394212375521,0.6208605787624479,-0.0238541605957743,-0.1033640705607831,0.0795099099650087,0.1712707182320441,-0.1402157164869029,0.9554285714285714,0.2742857142857143,0.8708571428571429,0.3577142857142857,0.032,0.376,0.5954285714285714,0.5862285714285714,0.680342857142857,0.6332857142857142,주의,높음,주의,1,0,0.5862285714285714,0.680342857142857,주의,-0.0781751357202423,0.0781751357202423,0,0,0,1,1,0.30000000000000004,2단계_완만정체,4,1,0.76507393000658,0,0.42
11650,서초구,2025-02,308875.79439252336,287000.0,3282.3709379728193,3287.173031193174,535,94981.04154727794,80000.0,1154.125308462484,1024.2810922735832,698,1406,708,0.5035561877667141,0.351613309486364,0.648386690513636,0.1123670152280911,0.0316074395829109,0.0807595756451802,1.5235849056603774,0.2598566308243728,0.9885714285714284,0.9645714285714284,0.8754285714285714,0.8091428571428572,0.76,0.992,0.8754285714285714,0.9101714285714286,0.9378857142857142,0.9240285714285714,높음,높음,높음,1,1,0.9101714285714286,0.9378857142857142,높음,0.0940579798814094,0.0940579798814094,0,0,0,1,1,0.30000000000000004,2단계_완만정체,3,1,0.9999996799801925,1,1.0
11650,서초구,2025-03,276817.34992679354,250000.0,2977.6838554688875,2662.4068157614483,683,84262.05582290664,70000.0,980.0972006253812,888.5850991114148,1039,1595,556,0.34858934169279,0.3291475012786568,0.6708524987213432,-0.0928253047146784,-0.150787879410548,0.0579625746958696,0.2766355140186916,0.1344238975817924,0.9954285714285714,0.0468571428571428,0.8022857142857143,0.072,0.0148571428571428,0.5371428571428571,0.5771428571428572,0.4830857142857143,0.6192571428571428,0.5511714285714285,보통,주의,주의,0,0,0.4830857142857143,0.6192571428571428,보통,-0.154966846073924,0.154966846073924,0,0,0,1,1,0.30000000000000004,2단계_완만정체,4,0,0.076759186026286,0,0.3233333333333333
11650,서초구,2025-04,202766.1290322581,172000.0,2453.5622741771435,2154.9641142096457,62,93984.77088607594,80000.0,1117.0702303138726,987.8849779749688,790,1379,589,0.4271211022480058,0.4552850531126245,0.5447149468873755,-0.1760165305423977,0.1397545361838512,-0.315771066726249,-0.9092240117130308,-0.135423197492163,0.8057142857142857,0.0114285714285714,0.0034285714285714,0.4697142857142857,0.9737142857142858,0.9497142857142856,0.5782857142857143,0.4130857142857143,0.4270857142857142,0.4200857142857143,안정,안정,안정,0,0,0.4130857142857143,0.4270857142857142,안정,0.0785317605552158,0.0785317605552158,0,0,1,1,1,0.55,3단계_안정정체,1,0,4.9757636707782e-10,0,0.016666666666666666
11650,서초구,2025-05,259266.57142857145,251000.0,2998.3073190171363,2650.0179662235,175,102428.75612745098,88987.5,1224.601307578835,1083.2016283865044,816,1458,642,0.4403292181069959,0.4084308835894337,0.5915691164105663,0.2220220984701457,0.0962616980982016,0.1257604003719441,1.8225806451612905,0.0572878897751993,0.896,0.9942857142857144,0.9428571428571428,0.5325714285714286,0.952,0.9942857142857144,0.2594285714285714,0.8810285714285715,0.9008571428571428,0.8909428571428571,높음,높음,높음,1,1,0.8810285714285715,0.9008571428571428,높음,0.01320811585899,0.01320811585899,0,0,0,1,0,0.2,1단계_활발관찰,3,1,0.9999999980759984,1,0.9933333333333333
11650,서초구,2025-06,282039.9214659686,258250.0,3059.5207611956794,2658.7314534274656,382,106119.72262773722,93400.0,1301.2959674644885,1199.8567335243551,959,1636,677,0.4138141809290953,0.425326732202312,0.574673267797688,0.0204159999844877,0.062628268817781,-0.0422122688332933,1.1828571428571428,0.1220850480109738,0.8697142857142857,0.6114285714285714,0.2445714285714285,0.3794285714285714,0.9074285714285716,0.9782857142857144,0.5222857142857142,0.6103428571428571,0.6236,0.6169714285714285,주의,주의,주의,1,0,0.6103428571428571,0.6236,주의,-0.0265150371779006,0.0265150371779006,0,0,0,1,0,0.2,1단계_활발관찰,4,1,0.7676717619984931,1,0.82
11650,서초구,2025-07,282024.03433476394,249000.0,2867.2566449201054,2311.772622911883,233,112664.63038793104,106750.0,1323.155966339886,1274.497408016184,928,1647,719,0.4365513054037644,0.4614710610869488,0.5385289389130512,-0.0628412523667386,0.0167986372216233,-0.0796398895883619,-0.3900523560209424,0.0067237163814179,0.7862857142857143,0.088,0.128,0.52,0.6217142857142857,0.6617142857142857,0.0331428571428571,0.4236571428571428,0.4429714285714285,0.4333142857142856,안정,안정,안정,0,0,0.4236571428571428,0.4429714285714285,안정,0.0227371244746691,0.0227371244746691,0,0,1,1,0,0.45,3단계_안정정체,4,0,0.00023471730826254617,0,0.0
11650,서초구,2025-08,231652.09259259255,201000.0,2488.466966138581,1977.579979898631,108,95833.47290116896,85000.0,1158.7313560955804,1031.8359129231158,941,1776,835,0.4701576576576576,0.4656406421555252,0.5343593578444747,-0.1321087456376194,-0.1242669907608374,-0.0078417548767819,-0.5364806866952789,0.0783242258652094,0.7737142857142857,0.024,0.4365714285714285,0.6674285714285715,0.0217142857142857,0.7897142857142857,0.3554285714285714,0.4277142857142856,0.5304571428571428,0.4790857142857142,안정,보통,보통,0,0,0.4277142857142856,0.5304571428571428,안정,0.0336063522538931,0.0336063522538931,0,0,1,1,0,0.45,3단계_안정정체,4,0,1.2470084062152309e-05,0,0.03
11650,서초구,2025-09,258399.2,235000.0,2814.40501170298,2184.1794569067297,125,109892.29365079364,95000.0,1285.5187397923344,1118.3048852266038,756,1384,628,0.453757225433526,0.4567639463569866,0.5432360536430134,0.1309794544189451,0.1094191358763019,0.0215603185426431,0.1574074074074074,-0.2207207207207207,0.8034285714285714,0.976,0.6411428571428571,0.5897142857142857,0.9611428571428572,0.3508571428571428,0.8205714285714286,0.7978285714285714,0.7307428571428571,0.7642857142857142,높음,높음,높음,1,1,0.7978285714285714,0.7307428571428571,높음,-0.0164004322241316,0.0164004322241316,0,0,0,1,0,0.2,1단계_활발관찰,4,1,0.9995700261226583,1,0.9766666666666667
11650,서초구,2025-10,242364.09691629955,210000.0,2669.806236648877,2346.858190162566,227,107892.92341040462,90500.0,1259.176337777538,1073.4566559264465,692,1397,705,0.5046528274874732,0.471635851505856,0.5283641484941439,-0.0513780974851971,-0.0204916515017523,-0.0308864459834448,0.8160000000000001,0.009393063583815,0.7565714285714286,0.1291428571428571,0.3051428571428571,0.8137142857142857,0.2411428571428571,0.9234285714285714,0.048,0.4664571428571428,0.5406285714285713,0.5035428571428571,보통,보통,보통,0,0,0.4664571428571428,0.5406285714285713,보통,0.0508956020539472,0.0508956020539472,0,0,0,1,0,0.2,1단계_활발관찰,4,0,0.01246167938117995,0,0.02666666666666667
11650,서초구,2025-11,243033.7552742616,205000.0,2772.386283039606,2245.597447110271,237,104555.36912751678,90000.0,1196.0209021689325,1062.072220911022,745,1442,697,0.4833564493758668,0.4314048549026983,0.5685951450973017,0.0384222813560757,-0.0501561486773771,0.0885784300334528,0.0440528634361232,0.0322118826055835,0.8571428571428571,0.7337142857142858,0.8994285714285715,0.7245714285714285,0.0902857142857142,0.1028571428571428,0.1645714285714285,0.7381714285714285,0.7543428571428573,0.746257142857143,높음,높음,높음,1,1,0.7381714285714285,0.7543428571428573,높음,-0.0212963781116063,0.0212963781116063,0,0,0,1,0,0.2,1단계_활발관찰,3,1,0.9887560468314915,1,0.9766666666666667
11650,서초구,2025-12,218681.84931506848,181500.0,2357.8426738841963,1956.016696869284,146,107524.04043126684,92700.0,1252.008115560575,1122.6030004093072,742,1446,704,0.4868603042876901,0.5309973092895454,0.4690026907104546,-0.1495259198515836,0.0468112332235268,-0.1963371530751104,-0.3839662447257383,0.0027739251040221,0.5325714285714286,0.0194285714285714,0.024,0.7417142857142857,0.856,0.6514285714285715,0.016,0.3662857142857142,0.3356,0.3509428571428571,안정,낮음,안정,0,0,0.3662857142857142,0.3356,안정,0.0035038549118233,0.0035038549118233,0,0,1,0,0,0.25,2단계_완만정체,1,0,7.868404001362566e-09,0,0.0033333333333333335
11650,서초구,2026-01,236826.24203821656,206500.0,2565.323557104859,2128.1493797160765,157,100928.17527386542,89200.0,1193.5579279606582,1075.011944577162,639,1283,644,0.5019485580670304,0.4652660381397148,0.5347339618602852,0.0879960675573272,-0.0466851507378182,0.1346812182951454,0.0753424657534247,-0.1127247579529737,0.776,0.9211428571428572,0.952,0.7977142857142857,0.1017142857142857,0.1771428571428571,0.4902857142857142,0.7833142857142857,0.7913142857142857,0.7873142857142857,높음,높음,높음,1,1,0.7833142857142857,0.7913142857142857,높음,0.0150882537793403,0.0150882537793403,0,0,0,1,0,0.2,1단계_활발관찰,3,1,0.9994913271656131,1,0.9533333333333334
11650,서초구,2026-02,273063.27702702704,224000.0,3053.4464659599894,2595.7171415306584,148,85665.15213675213,72000.0,986.4396333207906,910.0894398242586,585,1051,466,0.4433872502378687,0.3230577789123473,0.6769422210876527,0.1902773268125328,-0.1735301570102717,0.3638074838228046,-0.0573248407643312,-0.1808261886204208,0.9988571428571428,0.9931428571428572,0.9977142857142856,0.5451428571428572,0.0102857142857142,0.1302857142857142,0.72,0.8302857142857142,0.8652,0.8477428571428571,높음,높음,높음,1,1,0.8302857142857142,0.8652,높음,-0.0585613078291617,0.0585613078291617,0,0,1,1,0,0.45,3단계_안정정체,3,1,0.9999999999609748,1,0.9933333333333333
11650,서초구,2026-03,215709.05511811023,182000.0,2566.0195335663125,2247.5433828141336,127,105105.0438247012,87750.0,1241.2530590437898,1123.6241639279774,502,962,460,0.4781704781704782,0.4837270499335085,0.5162729500664915,-0.1596317269117184,0.2583162893254653,-0.4179480162371838,-0.1418918918918918,-0.0846812559467173,0.7177142857142857,0.0137142857142857,0.0011428571428571,0.7074285714285714,0.992,0.3188571428571428,0.3805714285714285,0.4242857142857142,0.3568571428571429,0.3905714285714285,안정,안정,안정,0,0,0.4242857142857142,0.3568571428571429,안정,0.0347832279326095,0.0347832279326095,0,0,1,0,0,0.25,2단계_완만정체,1,0,3.446520565918846e-10,0,0.006666666666666667
11650,서초구,2026-04,232136.8476190476,200000.0,2755.310993848421,2493.7655860349128,105,100736.34625322996,88000.0,1242.898593576493,1120.0188634755957,387,723,336,0.4647302904564315,0.4510919443763048,0.5489080556236952,0.0737685188308081,0.0013257043120369,0.0724428145187712,-0.1732283464566929,-0.2484407484407484,0.816,0.8902857142857142,0.848,0.6445714285714286,0.4491428571428571,0.38,0.8628571428571429,0.7785714285714285,0.7781142857142856,0.778342857142857,높음,높음,높음,1,1,0.7785714285714285,0.7781142857142856,높음,-0.0134401877140467,0.0134401877140467,0,1,1,1,0,0.65,4단계_신중정체,4,1,0.9929670642302916,1,1.0
11200,성동구,2023-06,133293.5393258427,129000.0,1680.493415480535,1654.7653760829187,178,57878.18620689655,55000.0,758.5162695424006,725.4836557705137,580,918,338,0.3681917211328976,0.451365213665835,0.548634786334165,0.0380976915385924,-0.0508325032622037,0.0889301948007962,0.1194968553459119,0.0600461893764434,0.8148571428571428,0.7314285714285714,0.9005714285714286,0.1428571428571428,0.0868571428571428,0.2845714285714286,0.2685714285714285,0.6375428571428572,0.6993714285714284,0.6684571428571429,주의,높음,높음,1,0,0.6375428571428572,0.6993714285714284,주의,0.0,0.0,0,0,0,1,0,0.2,1단계_활발관찰,3,1,0.8645959139526603,1,0.7866666666666666
11200,성동구,2023-07,127122.70531400968,115800.0,1704.3367794149246,1634.9683016349684,207,59882.7037037037,57000.0,781.5383966186821,729.7551789077213,567,917,350,0.3816793893129771,0.4585586640258819,0.541441335974118,0.014188311429695,0.0303515270544827,-0.0161632156247877,0.1629213483146068,-0.0010893246187363,0.7954285714285714,0.5657142857142857,0.3897142857142857,0.2011428571428571,0.752,0.3611428571428571,0.0068571428571428,0.5633714285714286,0.5452,0.5542857142857143,주의,보통,주의,0,0,0.5633714285714286,0.5452,주의,0.0134876681800795,0.0134876681800795,0,0,0,1,0,0.2,1단계_활발관찰,4,0,0.12245710230503014,0,0.06333333333333334
11200,성동구,2023-08,150229.89417989418,125000.0,1795.8204571338254,1730.2985805188448,189,64388.93894736842,59000.0,828.356757947744,783.725195931299,475,779,304,0.3902439024390244,0.4612692514205023,0.5387307485794977,0.053676995546799,0.0599053885664748,-0.0062283930196758,-0.0869565217391304,-0.1504907306434023,0.7874285714285715,0.8182857142857143,0.4468571428571428,0.2411428571428571,0.8971428571428571,0.2034285714285714,0.6205714285714286,0.6560571428571428,0.5954285714285714,0.6257428571428572,높음,주의,주의,1,0,0.6560571428571428,0.5954285714285714,높음,0.0085645131260472,0.0085645131260472,0,0,1,1,0,0.45,3단계_안정정체,4,1,0.6239225558222995,1,0.6933333333333334
11200,성동구,2023-09,138041.90751445087,133000.0,1766.340812421274,1800.300050008335,173,63115.65502183406,59000.0,831.6640270239848,788.7065121936612,458,746,288,0.3860589812332439,0.4708400673163136,0.5291599326836864,-0.0164156971235318,0.0039925660586563,-0.0204082631821882,-0.0846560846560846,-0.042362002567394,0.76,0.3211428571428571,0.3531428571428571,0.2194285714285714,0.4777142857142857,0.1977142857142857,0.2034285714285714,0.4596,0.4602285714285714,0.4599142857142857,보통,보통,보통,0,0,0.4596,0.4602285714285714,보통,-0.0041849212057805,0.0041849212057805,0,1,1,1,0,0.65,4단계_신중정체,4,0,0.007481613389594166,0,0.0033333333333333335
11200,성동구,2023-10,133070.5,129250.0,1662.790348152865,1651.32069709907,100,65054.93560606061,60000.0,850.6849900202801,800.6595441382352,528,856,328,0.3831775700934579,0.5116008707683901,0.4883991292316099,-0.0586242833434075,0.0228709699809426,-0.0814952533243501,-0.4219653179190751,0.1474530831099196,0.608,0.0994285714285714,0.1188571428571428,0.2057142857142857,0.6868571428571428,0.6914285714285714,0.6137142857142858,0.3305714285714285,0.3521142857142857,0.3413428571428571,낮음,안정,낮음,0,0,0.3305714285714285,0.3521142857142857,낮음,-0.002881411139786,0.002881411139786,0,0,1,0,0,0.25,2단계_완만정체,1,0,1.5788743540595076e-05,0,0.0
11200,성동구,2023-11,151402.97619047618,133500.0,1782.8409805395456,1702.5111488915816,84,65976.3228962818,60000.0,845.159840643091,828.8928359976317,511,808,297,0.3675742574257425,0.4740522850149642,0.5259477149850358,0.0721982975905777,-0.0064949416552623,0.07869323924584,-0.16,-0.0560747663551401,0.7485714285714286,0.8845714285714286,0.8685714285714285,0.1394285714285714,0.376,0.356,0.2514285714285714,0.6779428571428571,0.7055999999999999,0.6917714285714285,높음,높음,높음,1,0,0.6779428571428571,0.7055999999999999,높음,-0.0156033126677153,0.0156033126677153,0,1,1,0,0,0.45,3단계_안정정체,2,1,0.9271882115225871,1,0.9166666666666666
11200,성동구,2023-12,123106.02409638556,120000.0,1651.9481827399493,1520.545038779792,83,69736.94368932038,65100.0,890.1304808916774,858.657216233305,515,831,316,0.3802647412755716,0.538836805047536,0.461163194952464,-0.0734181002278643,0.0532096274408493,-0.1266277276687136,-0.0119047619047618,0.0284653465346533,0.5017142857142857,0.0697142857142857,0.064,0.1942857142857142,0.8731428571428571,0.0251428571428571,0.144,0.2971999999999999,0.2274857142857143,0.2623428571428571,낮음,낮음,낮음,0,0,0.2971999999999999,0.2274857142857143,낮음,0.012690483849829,0.012690483849829,0,0,1,0,0,0.25,2단계_완만정체,1,0,1.1070389445325245e-06,0,0.0
11200,성동구,2024-01,144214.63414634147,118500.0,1769.8475302978084,1651.6516516516515,123,67682.53492647059,64000.0,879.1223941329908,848.5963482182499,544,931,387,0.4156820622986036,0.4967221068953114,0.5032778931046886,0.0713698824150217,-0.0123668237353914,0.0837367061504131,0.4819277108433735,0.1203369434416365,0.6674285714285715,0.8834285714285715,0.8834285714285715,0.3942857142857143,0.3234285714285714,0.7394285714285714,0.5165714285714286,0.6892571428571429,0.7445142857142858,0.7168857142857143,높음,높음,높음,1,0,0.6892571428571429,0.7445142857142858,높음,0.035417321023032,0.035417321023032,0,0,0,0,0,0.0,1단계_활발관찰,3,1,0.965583574914107,1,0.98
11200,성동구,2024-02,140416.66666666666,135000.0,1801.694298819001,1692.411842697517,120,71603.95353535353,65000.0,913.8162608681258,867.244829886591,495,799,304,0.3804755944931164,0.5071982863392122,0.4928017136607878,0.0179940746171698,0.0394642054015139,-0.0214701307843441,-0.024390243902439,-0.1417830290010741,0.6228571428571429,0.5954285714285714,0.3485714285714286,0.1965714285714285,0.8171428571428572,0.0537142857142857,0.6,0.5166285714285714,0.4492571428571429,0.4829428571428572,보통,안정,보통,0,0,0.5166285714285714,0.4492571428571429,보통,-0.0352064678054871,0.0352064678054871,0,0,1,0,0,0.25,2단계_완만정체,2,0,0.014709216226010745,0,0.023333333333333334
11200,성동구,2024-03,133195.5128205128,125000.0,1790.981078723187,1725.533796508373,234,66684.28625235405,64000.0,884.4467749229575,857.3388203017832,531,906,375,0.4139072847682119,0.4938336788870437,0.5061663211129563,-0.0059461919276962,-0.0321393776876626,0.0261931857599663,0.95,0.1339173967459324,0.6754285714285714,0.3954285714285714,0.6662857142857143,0.3805714285714285,0.1565714285714285,0.9577142857142856,0.5748571428571428,0.5074857142857142,0.6158857142857144,0.5616857142857143,보통,주의,주의,0,0,0.5074857142857142,0.6158857142857144,보통,0.0334316902750955,0.0334316902750955,1,0,0,0,0,0.25,2단계_완만정체,3,0,0.08842406093533096,0,0.23
11200,성동구,2024-04,131949.58158995816,126500.0,1812.216201962983,1818.0748411390912,239,68139.43083900226,65000.0,912.0916405112488,871.0217755443886,441,740,299,0.404054054054054,0.5033017801757185,0.4966982198242815,0.0118566988183563,0.0312566752145138,-0.0193999763961574,0.0213675213675212,-0.1832229580573952,0.64,0.5462857142857143,0.36,0.3211428571428571,0.7588571428571429,0.0457142857142857,0.7291428571428571,0.5246285714285714,0.459942857142857,0.4922857142857142,보통,보통,보통,0,0,0.5246285714285714,0.459942857142857,보통,-0.0098532307141579,0.0098532307141579,0,0,0,0,0,0.0,1단계_활발관찰,2,0,0.018183782641812873,0,0.0033333333333333335
11200,성동구,2024-05,142377.09030100334,130000.0,1821.807893374272,1750.1508750754376,299,68028.5976744186,65000.0,900.2323146781316,871.5529223994105,430,715,285,0.3986013986013986,0.4941422846789632,0.5058577153210368,0.0052927964118736,-0.0130023402324679,0.0182951366443415,0.2510460251046025,-0.0337837837837837,0.6731428571428572,0.4834285714285714,0.6194285714285714,0.2925714285714286,0.3154285714285714,0.5028571428571429,0.1702857142857143,0.5221142857142856,0.5666857142857142,0.5444,보통,주의,보통,0,0,0.5221142857142856,0.5666857142857142,보통,-0.0054526554526553,0.0054526554526553,1,0,0,0,0,0.25,2단계_완만정체,2,0,0.04816880397867249,0,0.043333333333333335
11200,성동구,2024-06,137364.68812877263,130000.0,1835.888848861288,1794.962335216573,497,70778.43496801706,69000.0,942.3978774678916,917.2781854569712,469,731,262,0.3584131326949384,0.5133196805745702,0.4866803194254298,0.0077291110320836,0.0468385350117497,-0.0391094239796661,0.6622073578595318,0.0223776223776224,0.6022857142857143,0.512,0.2605714285714285,0.0948571428571428,0.8571428571428571,0.8662857142857143,0.1154285714285714,0.4607428571428571,0.4744571428571428,0.4676,보통,보통,보통,0,0,0.4607428571428571,0.4744571428571428,보통,-0.0401882659064601,0.0401882659064601,1,0,0,0,0,0.25,2단계_완만정체,2,0,0.007306313905779247,0,0.006666666666666667
11200,성동구,2024-07,146956.4516129032,136000.0,1863.2435470880089,1802.149262713739,434,70995.16859122402,67000.0,937.1459002533694,917.2781854569712,433,712,279,0.3918539325842696,0.5029647904687492,0.4970352095312508,0.0148999751502862,-0.0055729934670839,0.0204729686173702,-0.1267605633802817,-0.0259917920656634,0.6411428571428571,0.5748571428571428,0.6331428571428571,0.2514285714285714,0.3817142857142857,0.3005714285714285,0.1325714285714285,0.5385714285714285,0.5528571428571428,0.5457142857142856,보통,주의,보통,0,0,0.5385714285714285,0.5528571428571428,보통,0.0334407998893311,0.0334407998893311,0,1,1,0,0,0.45,3단계_안정정체,2,0,0.037268720448905855,0,0.05
11200,성동구,2024-08,144259.74921630093,133500.0,1814.774233928363,1751.8686599038974,319,69241.63913043478,66000.0,900.0359784714824,867.8898388275111,460,717,257,0.3584379358437936,0.4959492820896038,0.5040507179103961,-0.026013407230309,-0.0395988733150877,0.0135854660847786,-0.2649769585253456,0.0070224719101124,0.6708571428571428,0.2628571428571428,0.5851428571428572,0.0971428571428571,0.1211428571428571,0.5234285714285715,0.0342857142857142,0.4106857142857142,0.4957142857142857,0.4531999999999999,안정,보통,안정,0,0,0.4106857142857142,0.4957142857142857,안정,-0.033415996740476,0.033415996740476,0,0,1,0,0,0.25,2단계_완만정체,2,0,0.0014421889346403522,0,0.043333333333333335
11200,성동구,2024-09,156115.74803149607,142700.0,1997.4795990450384,1945.250053052274,127,72793.0655737705,66000.0,955.6609232197162,917.431218187278,366,629,263,0.4181240063593004,0.4784333835882989,0.5215666164117011,0.1006766360800599,0.0618030235221271,0.0388736125579327,-0.6018808777429467,-0.1227336122733612,0.7314285714285714,0.9474285714285714,0.7268571428571429,0.4045714285714286,0.904,0.8331428571428572,0.5245714285714286,0.7527428571428572,0.7509714285714285,0.7518571428571428,높음,높음,높음,1,1,0.7527428571428572,0.7509714285714285,높음,0.0596860705155068,0.0596860705155068,0,0,1,0,1,0.35,2단계_완만정체,4,1,0.9753031973626385,1,0.95
11200,성동구,2024-10,147105.1724137931,138850.0,1907.5776066624844,1817.878585723816,174,71116.22975929978,66000.0,947.3064174946036,896.8609865470853,457,750,293,0.3906666666666666,0.4966017708459157,0.5033982291540843,-0.0450077149351284,-0.0087421234060356,-0.0362655915290928,0.3700787401574803,0.192368839427663,0.6685714285714286,0.1531428571428571,0.28,0.2457142857142857,0.3497142857142857,0.64,0.7565714285714286,0.3666857142857143,0.4232,0.3949428571428571,안정,안정,안정,0,0,0.3666857142857143,0.4232,안정,-0.0274573396926338,0.0274573396926338,0,1,0,0,0,0.2,1단계_활발관찰,4,0,0.0005915894286079144,0,0.006666666666666667
11200,성동구,2024-11,152632.70440251572,140800.0,1912.1714483417927,1778.9820923656928,159,71058.7399463807,65000.0,925.1989044192242,883.4805800966827,373,694,321,0.462536023054755,0.4838472539800462,0.5161527460199538,0.002408206965349,-0.0233372356263017,0.0257454425916507,-0.086206896551724,-0.0746666666666666,0.7154285714285714,0.4628571428571428,0.6651428571428571,0.6377142857142857,0.2171428571428571,0.2022857142857143,0.336,0.5807428571428571,0.5932571428571429,0.587,주의,주의,주의,0,0,0.5807428571428571,0.5932571428571429,주의,0.0718693563880883,0.0718693563880883,1,0,1,0,1,0.6,3단계_안정정체,4,0,0.11949712630188344,0,0.14333333333333334
11200,성동구,2024-12,139698.39743589744,134500.0,1848.8361008554716,1760.2991517849614,156,66836.21052631579,65000.0,878.6606641763298,847.1584892340276,475,825,350,0.4242424242424242,0.4752507070636311,0.5247492929363688,-0.0331222116830813,-0.0503007948027217,0.0171785831196403,-0.0188679245283018,0.1887608069164266,0.7428571428571429,0.216,0.6102857142857143,0.4468571428571428,0.0891428571428571,0.0411428571428571,0.7451428571428571,0.4748571428571428,0.5045714285714287,0.4897142857142857,보통,보통,보통,0,0,0.4748571428571428,0.5045714285714287,보통,-0.0382935988123308,0.0382935988123308,0,0,1,0,0,0.25,2단계_완만정체,4,0,0.01009077444877552,0,0.05
11200,성동구,2025-01,138384.86486486485,135000.0,1929.395660524952,1865.1871089599813,185,69188.97840172786,63000.0,930.7189356400598,892.2558922558923,463,807,344,0.426270136307311,0.4823888405485627,0.5176111594514372,0.0435731212908514,0.0592472994253479,-0.0156741781344964,0.1858974358974359,-0.0218181818181818,0.72,0.7702857142857142,0.392,0.4582857142857143,0.8914285714285715,0.4045714285714286,0.112,0.6448571428571429,0.5903428571428572,0.6176,높음,주의,주의,1,0,0.6448571428571429,0.5903428571428572,높음,0.0020277120648867,0.0020277120648867,0,0,0,0,0,0.0,1단계_활발관찰,4,0,0.438084280229156,1,0.89
11200,성동구,2025-02,153050.25252525252,138900.0,1979.675720207809,1924.920434387564,396,69716.05391304348,64050.0,900.6028362727554,840.3954802259888,575,983,408,0.4150559511698881,0.4549244237729086,0.5450755762270914,0.0260600045452454,-0.0323578883098509,0.0584178928550964,1.1405405405405404,0.2180916976456011,0.8068571428571428,0.6582857142857143,0.8068571428571428,0.3885714285714285,0.1531428571428571,0.9714285714285714,0.8171428571428572,0.6416,0.7517714285714286,0.6966857142857144,높음,높음,높음,1,0,0.6416,0.7517714285714286,높음,-0.0112141851374228,0.0112141851374228,0,0,0,1,0,0.2,1단계_활발관찰,3,1,0.9180776857731968,1,0.9633333333333334
11200,성동구,2025-03,152052.0,142000.0,2008.0459718064824,1941.4048711613132,675,70834.5982404692,66000.0,934.8283115200488,882.3492469269795,682,1055,373,0.3535545023696682,0.4655412897141278,0.5344587102858722,0.014330756956344,0.0380028508337142,-0.0236720938773702,0.7045454545454546,0.0732451678535097,0.7748571428571429,0.5691428571428572,0.3382857142857143,0.0857142857142857,0.8045714285714286,0.8834285714285715,0.3291428571428571,0.5357142857142857,0.5665142857142857,0.5511142857142857,보통,주의,주의,0,0,0.5357142857142857,0.5665142857142857,보통,-0.0615014488002199,0.0615014488002199,0,0,0,1,1,0.30000000000000004,2단계_완만정체,4,0,0.10531346528945473,0,0.03
11200,성동구,2025-04,156216.05744125327,155000.0,2014.8814002607223,2017.0028338056345,383,67507.91666666667,64000.0,904.957109049771,861.4305900818078,552,934,382,0.4089935760171306,0.4491366632957508,0.5508633367042491,0.0034040199030356,-0.0319536775920989,0.0353576974951346,-0.4325925925925926,-0.114691943127962,0.8194285714285714,0.472,0.704,0.3531428571428571,0.1577142857142857,0.7051428571428572,0.5005714285714286,0.5733714285714285,0.6630285714285714,0.6182,주의,높음,주의,1,0,0.5733714285714285,0.6630285714285714,주의,0.0554390736474624,0.0554390736474624,1,0,1,1,0,0.7,4단계_신중정체,4,0,0.1669900282551,1,0.76
11200,성동구,2025-05,157764.4863945578,147600.0,2020.2106700859892,1981.1636065845155,588,68080.64726631393,65000.0,916.1373829507926,882.0065944418276,567,966,399,0.4130434782608695,0.4534860628727387,0.5465139371272613,0.0026449545986066,0.0123544793330163,-0.0097095247344096,0.5352480417754568,0.0342612419700214,0.8102857142857143,0.4662857142857143,0.4205714285714286,0.3748571428571428,0.5748571428571428,0.7874285714285715,0.1737142857142857,0.5574857142857143,0.5982285714285713,0.5778571428571428,주의,주의,주의,0,0,0.5574857142857143,0.5982285714285713,주의,0.0040499022437389,0.0040499022437389,1,0,0,1,0,0.45,3단계_안정정체,4,0,0.19893317155384876,0,0.05333333333333334
11200,성동구,2025-06,175607.7505827506,155500.0,2107.8059193589356,1977.0520809844893,858,71466.92628205128,68250.0,936.85555157993,875.4377188594298,624,1014,390,0.3846153846153846,0.4444695514779005,0.5555304485220994,0.0433594627382192,0.0226146962395596,0.0207447664986595,0.4591836734693877,0.0496894409937889,0.8308571428571428,0.7691428571428571,0.6354285714285715,0.2137142857142857,0.6834285714285714,0.7291428571428571,0.2314285714285714,0.6690285714285715,0.6977714285714286,0.6834,높음,높음,높음,1,0,0.6690285714285715,0.6977714285714286,높음,-0.0284280936454849,0.0284280936454849,0,0,0,1,0,0.2,1단계_활발관찰,4,1,0.856585134437207,1,0.9466666666666667
11200,성동구,2025-07,148940.9090909091,135000.0,1895.633547455027,1721.2921480782836,121,69073.51130434782,63000.0,904.2795955391268,867.1484157865482,575,1091,516,0.4729605866177818,0.4770329142745773,0.5229670857254227,-0.1006602979691975,-0.0347715888387131,-0.0658887091304843,-0.858974358974359,0.0759368836291913,0.7348571428571429,0.0377142857142857,0.16,0.6834285714285714,0.1405714285714285,0.9405714285714286,0.3405714285714286,0.3784571428571429,0.4671428571428571,0.4227999999999999,안정,보통,안정,0,0,0.3784571428571429,0.4671428571428571,안정,0.0883452020023972,0.0883452020023972,0,0,1,0,1,0.35,2단계_완만정체,4,0,1.3351793001181671e-05,0,0.01
11200,성동구,2025-08,158025.32188841203,145000.0,2044.6776241669031,1938.9896037153164,233,69857.4609800363,65000.0,941.2325954665404,913.2420091324202,551,948,397,0.4187763713080168,0.4603330052335473,0.5396669947664526,0.0786249414671811,0.0408645734236459,0.0377603680435352,0.9256198347107438,-0.1310724106324473,0.7885714285714286,0.9017142857142856,0.7188571428571429,0.4102857142857143,0.8217142857142857,0.952,0.56,0.7494857142857142,0.7722857142857142,0.7608857142857142,높음,높음,높음,1,1,0.7494857142857142,0.7722857142857142,높음,-0.0541842153097649,0.0541842153097649,0,0,0,1,0,0.2,1단계_활발관찰,3,1,0.9924667755677403,1,0.9933333333333333
11200,성동구,2025-09,169502.7394247039,158500.0,2150.996209561065,2047.540597787715,591,71122.99625468165,68000.0,950.0523632973848,941.5237269298128,534,935,401,0.4288770053475936,0.4416801661827445,0.5583198338172555,0.0519977252832122,0.0093704445355218,0.0426272807476904,1.536480686695279,-0.0137130801687763,0.8365714285714285,0.8091428571428572,0.7485714285714286,0.4777142857142857,0.5417142857142857,0.9931428571428572,0.0697142857142857,0.7288,0.7888571428571428,0.7588285714285714,높음,높음,높음,1,1,0.7288,0.7888571428571428,높음,0.0101006340395767,0.0101006340395767,0,1,0,1,0,0.4,2단계_완만정체,3,1,0.9932160379375436,1,0.9966666666666667
11200,성동구,2025-10,172468.79336734695,158750.0,2296.538197166865,2118.7854521187855,392,69319.00212314224,67000.0,926.5429470345176,895.9094659908052,471,792,321,0.4053030303030303,0.4034520079733713,0.5965479920266288,0.0676625960375352,-0.0247453900133167,0.0924079860508519,-0.3367174280879864,-0.1529411764705882,0.9108571428571428,0.8708571428571429,0.9085714285714286,0.3302857142857143,0.2045714285714285,0.6022857142857143,0.6297142857142857,0.7426857142857142,0.8133714285714285,0.7780285714285713,높음,높음,높음,1,1,0.7426857142857142,0.8133714285714285,높음,-0.0235739750445633,0.0235739750445633,0,0,1,1,0,0.45,3단계_안정정체,4,1,0.997075473932138,1,0.9866666666666667
11200,성동구,2025-11,161780.88235294115,150000.0,2198.552112440159,1998.332972100951,68,73052.57531760435,68250.0,957.378256162406,914.572864321608,551,921,370,0.4017372421281216,0.4354585232459275,0.5645414767540724,-0.0426668647826484,0.0332799566675021,-0.0759468214501506,-0.826530612244898,0.1628787878787878,0.8468571428571429,0.1611428571428571,0.1314285714285714,0.3028571428571429,0.7737142857142857,0.9302857142857144,0.6605714285714286,0.4434285714285714,0.4848,0.4641142857142857,안정,보통,보통,0,0,0.4434285714285714,0.4848,안정,-0.0035657881749086,0.0035657881749086,0,0,1,1,0,0.45,3단계_안정정체,4,0,0.0010359593668747096,0,0.01
11200,성동구,2025-12,134477.0890410959,137500.0,2067.739067512043,1758.3341313669785,146,76286.52653061225,74500.0,1010.2823699278952,997.7484989993328,490,889,399,0.4488188976377952,0.488592775462473,0.511407224537527,-0.0594996335033092,0.0552593642324321,-0.1147589977357413,1.1470588235294117,-0.0347448425624321,0.6902857142857143,0.096,0.0777142857142857,0.5617142857142857,0.8811428571428571,0.9725714285714284,0.176,0.419,0.4336571428571428,0.4263285714285714,안정,안정,안정,0,0,0.419,0.4336571428571428,안정,0.0470816555096735,0.0470816555096735,0,0,0,0,0,0.0,1단계_활발관찰,4,0,0.00038178982713575225,0,0.03333333333333333
11200,성동구,2026-01,177181.4814814815,165500.0,2324.0598335372715,2168.835502168836,135,76742.58196721312,73000.0,1005.6297495167336,969.0915815413808,610,1119,509,0.4548704200178731,0.4327038981548691,0.5672961018451309,0.123961852852952,-0.0046052673486657,0.1285671202016177,-0.0753424657534246,0.2587176602924634,0.8502857142857143,0.9737142857142858,0.9451428571428572,0.5965714285714285,0.3942857142857143,0.176,0.8731428571428571,0.816457142857143,0.8058857142857142,0.8111714285714287,높음,높음,높음,1,1,0.816457142857143,0.8058857142857142,높음,0.0060515223800778,0.0060515223800778,0,1,1,1,0,0.65,4단계_신중정체,3,1,0.9999719147439884,1,1.0
11200,성동구,2026-02,170542.25,163500.0,2279.9801783158323,2167.7505419376357,120,76491.101010101,73000.0,1011.1046271385552,931.0903636236736,396,735,339,0.4612244897959183,0.4434707971388744,0.5565292028611255,-0.0189666610925197,0.005444227981971,-0.0244108890744908,-0.1111111111111111,-0.3431635388739946,0.832,0.3051428571428571,0.3348571428571428,0.6342857142857142,0.5005714285714286,0.264,0.9451428571428572,0.5380571428571428,0.5257714285714284,0.5319142857142856,보통,보통,보통,0,0,0.5380571428571428,0.5257714285714284,보통,0.0063540697780452,0.0063540697780452,0,1,1,1,0,0.65,4단계_신중정체,4,0,0.0492086076108455,0,0.04666666666666667
11200,성동구,2026-03,167657.5892857143,166500.0,2195.886391919007,2192.6252962376147,112,78446.17002237137,72450.0,1010.5589541587976,967.2092474640244,447,779,332,0.4261874197689345,0.4602054814300571,0.5397945185699429,-0.0368835603031177,-0.0005396800342034,-0.0363438802689143,-0.0666666666666666,0.0598639455782312,0.7897142857142857,0.192,0.2777142857142857,0.4571428571428571,0.432,0.1502857142857142,0.2674285714285714,0.4522285714285713,0.4449714285714285,0.4485999999999999,안정,안정,안정,0,0,0.4522285714285713,0.4449714285714285,안정,-0.0350370700269838,0.0350370700269838,0,1,1,1,0,0.65,4단계_신중정체,4,0,0.004473828677784285,0,0.0
11200,성동구,2026-04,168874.30555555556,163750.0,2277.999064042249,2153.40822688789,144,72278.625,70000.0,976.61365915663,932.1216499490788,352,607,255,0.4200988467874794,0.4287155664689585,0.5712844335310415,0.0373938617341138,-0.0335906132566251,0.070984474990739,0.2857142857142858,-0.220795892169448,0.8605714285714285,0.7257142857142858,0.8445714285714285,0.416,0.1474285714285714,0.5474285714285714,0.8217142857142857,0.6856571428571429,0.7538285714285713,0.719742857142857,높음,높음,높음,1,0,0.6856571428571429,0.7538285714285713,높음,-0.006088572981455,0.006088572981455,0,0,0,1,0,0.2,1단계_활발관찰,4,1,0.9642443809835046,1,0.98
11290,성북구,2023-06,76029.62962962964,77000.0,1056.1592489091652,1078.8727697181926,189,42820.42923433875,43000.0,590.8192480799219,583.5278426142048,431,725,294,0.4055172413793103,0.5594035640838622,0.4405964359161378,0.0390144064866413,0.0231795625135964,0.0158348439730449,0.0216216216216216,-0.0645161290322581,0.4,0.7371428571428571,0.6011428571428571,0.3337142857142857,0.6925714285714286,0.0468571428571428,0.2834285714285714,0.5438285714285714,0.4757714285714285,0.5098,주의,보통,보통,0,0,0.5438285714285714,0.4757714285714285,주의,0.0,0.0,0,0,0,0,0,0.0,1단계_활발관찰,2,0,0.02372978675214058,0,0.01
11290,성북구,2023-07,73824.064171123,74700.0,1034.787026350596,1001.6835016835016,187,42237.642857142855,42000.0,590.2681868501061,588.4429798752501,490,778,288,0.3701799485861182,0.5704248041568677,0.4295751958431323,-0.0202357954831557,-0.0009327069685131,-0.0193030885146426,-0.0105820105820105,0.0731034482758621,0.3508571428571428,0.2925714285714286,0.3611428571428571,0.1554285714285714,0.4285714285714285,0.0217142857142857,0.328,0.3168,0.2893142857142857,0.3030571428571428,낮음,낮음,낮음,0,0,0.3168,0.2893142857142857,낮음,-0.035337292793192,0.035337292793192,0,1,1,0,0,0.45,3단계_안정정체,2,0,8.165396800068841e-05,0,0.0
11290,성북구,2023-08,75898.72380952381,74000.0,1059.3040013940797,1013.095588863196,210,42740.86177105831,42950.0,593.232120977924,591.0934045797917,463,707,244,0.3451202263083451,0.5600206552578019,0.4399793447421981,0.0236927738937242,0.0050213346981049,0.0186714391956193,0.1229946524064171,-0.0912596401028277,0.3977142857142857,0.6388571428571429,0.6228571428571429,0.064,0.4937142857142857,0.2914285714285714,0.4091428571428571,0.4625714285714285,0.4582285714285714,0.4604,보통,보통,보통,0,0,0.4625714285714285,0.4582285714285714,보통,-0.025059722277773,0.025059722277773,0,1,0,0,0,0.2,1단계_활발관찰,2,0,0.0037499585005811484,0,0.0033333333333333335
11290,성북구,2023-09,77295.10638297872,76000.0,1061.0130436737827,1007.0629667007312,188,42352.24395604395,42000.0,585.6921955072231,585.3821709315939,455,741,286,0.3859649122807017,0.5520122481051223,0.4479877518948777,0.0016133633758146,-0.012709907646726,0.0143232710225407,-0.1047619047619047,0.0480905233380482,0.448,0.4571428571428571,0.592,0.2182857142857142,0.3188571428571428,0.2502857142857143,0.2205714285714285,0.4317142857142857,0.4430857142857142,0.4373999999999999,안정,안정,안정,0,0,0.4317142857142857,0.4430857142857142,안정,0.0408446859723565,0.0408446859723565,1,0,1,0,0,0.5,3단계_안정정체,2,0,0.0017278699705721946,0,0.0
11290,성북구,2023-10,77947.03676470589,74500.0,1055.2094935712314,1000.6671392410132,136,46398.21786492375,45100.0,622.476453371244,610.0217864923748,459,727,268,0.3686382393397524,0.58990793502487,0.4100920649751299,-0.0054698197511845,0.0628047601559123,-0.0682745799070968,-0.276595744680851,-0.0188933873144399,0.272,0.4,0.1508571428571428,0.1451428571428571,0.9097142857142856,0.5342857142857143,0.0948571428571428,0.3245142857142857,0.2808571428571428,0.3026857142857143,낮음,낮음,낮음,0,0,0.3245142857142857,0.2808571428571428,낮음,-0.0173266729409492,0.0173266729409492,1,0,1,0,0,0.5,3단계_안정정체,1,0,2.337301684820069e-05,0,0.0
11290,성북구,2023-11,75856.7302631579,72250.0,1033.8273973719172,993.563980990916,152,46867.895074946464,47000.0,629.8124235400771,624.6758757248598,467,713,246,0.3450210378681627,0.6092046168839376,0.3907953831160624,-0.0202633660231288,0.0117851368177905,-0.0320485028409194,0.1176470588235294,-0.0192572214580467,0.1805714285714285,0.2914285714285714,0.2994285714285714,0.0605714285714285,0.5691428571428572,0.2754285714285714,0.0994285714285714,0.2529142857142857,0.2299428571428571,0.2414285714285714,낮음,낮음,낮음,0,0,0.2529142857142857,0.2299428571428571,낮음,-0.0236172014715897,0.0236172014715897,0,0,0,0,0,0.0,1단계_활발관찰,2,0,9.100521103613249e-06,0,0.0
11290,성북구,2023-12,72401.06481481482,73000.0,990.321058531457,946.8405760657758,108,49460.14734774067,49610.0,660.9762368894217,645.906579608237,509,868,359,0.4135944700460829,0.667436313905695,0.332563686094305,-0.042082787659775,0.049481102919783,-0.091563890579558,-0.2894736842105263,0.2173913043478261,0.0365714285714285,0.1691428571428571,0.1017142857142857,0.3771428571428571,0.8628571428571429,0.5554285714285714,0.8125714285714286,0.2164571428571428,0.1653142857142857,0.1908857142857143,낮음,낮음,낮음,0,0,0.2164571428571428,0.1653142857142857,낮음,0.0685734321779202,0.0685734321779202,0,0,1,0,1,0.35,2단계_완만정체,1,0,1.1142092147703668e-07,0,0.0
11290,성북구,2024-01,76506.88405797101,73900.0,1053.937414137618,1000.7658772239896,138,47250.49180327869,47000.0,652.7665814203317,626.8134067033517,488,846,358,0.4231678486997636,0.6193599094823448,0.3806400905176552,0.0642381125374609,-0.0124205001797416,0.0766586127172025,0.2777777777777777,-0.0253456221198156,0.1497142857142857,0.8594285714285714,0.8582857142857143,0.4388571428571428,0.3222857142857143,0.5382857142857143,0.1314285714285714,0.5294857142857142,0.5365714285714286,0.5330285714285714,보통,보통,보통,0,0,0.5294857142857142,0.5365714285714286,보통,0.0095733786536806,0.0095733786536806,0,0,0,0,0,0.0,1단계_활발관찰,2,0,0.06503450626090099,0,0.11666666666666667
11290,성북구,2024-02,75366.66666666667,74500.0,1041.500126378104,970.9309167941626,159,48632.63858093126,49000.0,652.5347960998465,637.9962192816635,451,741,290,0.3913630229419703,0.6265335736147108,0.3734664263852891,-0.0118007839864863,-0.0003550814748831,-0.0114457025116031,0.1521739130434782,-0.1241134751773049,0.1234285714285714,0.3531428571428571,0.4091428571428571,0.248,0.4331428571428571,0.344,0.5331428571428571,0.2876571428571428,0.2753142857142857,0.2814857142857142,낮음,낮음,낮음,0,0,0.2876571428571428,0.2753142857142857,낮음,-0.0318048257577933,0.0318048257577933,0,1,0,0,0,0.2,1단계_활발관찰,2,0,2.4829808829400722e-05,0,0.0
11290,성북구,2024-03,74483.85650224215,72300.0,1013.6358040915592,974.7474747474748,223,47081.43771043771,47000.0,645.2794374296841,612.7017791917049,594,1047,453,0.4326647564469914,0.6365988995505112,0.3634011004494888,-0.0267540267934918,-0.0111187306999215,-0.0156352960935702,0.4025157232704401,0.4129554655870444,0.0948571428571428,0.2548571428571428,0.3931428571428571,0.4971428571428571,0.336,0.6777142857142857,0.976,0.2789714285714286,0.2999428571428572,0.2894571428571428,낮음,낮음,낮음,0,0,0.2789714285714286,0.2999428571428572,낮음,0.0413017335050211,0.0413017335050211,0,0,0,0,0,0.0,1단계_활발관찰,0,0,1.982038636880103e-05,0,0.0
11290,성북구,2024-04,76363.43173431735,75000.0,1044.2900356588923,984.3176509843177,271,48922.08055555555,48000.0,655.5302817380244,635.7566653649444,360,587,227,0.3867120954003407,0.6277281783354555,0.3722718216645445,0.030241859495883,0.0158858995246651,0.0143559599712179,0.2152466367713004,-0.4393505253104107,0.1177142857142857,0.6765714285714286,0.5931428571428572,0.224,0.6148571428571429,0.4537142857142857,0.9805714285714284,0.4181714285714286,0.3925714285714285,0.4053714285714286,안정,안정,안정,0,0,0.4181714285714286,0.3925714285714285,안정,-0.0459526610466507,0.0459526610466507,0,0,0,0,0,0.0,1단계_활발관찰,2,0,0.0005659327799209439,0,0.01
11290,성북구,2024-05,76282.59541984733,76250.0,1055.3288527387997,1001.1017712754436,262,49031.108280254775,48000.0,673.7589033130736,636.2672322375397,471,745,274,0.3677852348993288,0.6384350257879599,0.3615649742120401,0.0105706429277017,0.0278074439623432,-0.0172368010346415,-0.033210332103321,0.2691652470187393,0.0914285714285714,0.5382857142857143,0.3782857142857143,0.1417142857142857,0.736,0.0765714285714285,0.888,0.3325142857142857,0.2560571428571428,0.2942857142857142,낮음,낮음,낮음,0,0,0.3325142857142857,0.2560571428571428,낮음,-0.0189268605010118,0.0189268605010118,0,0,1,0,0,0.25,2단계_완만정체,2,0,3.988372729421319e-05,0,0.006666666666666667
11290,성북구,2024-06,82475.29691211402,81300.0,1147.2379745767996,1132.7374488346838,421,48822.20714285714,50000.0,672.1165901473785,649.3123214879797,420,674,254,0.3768545994065282,0.5858562957657613,0.4141437042342387,0.0870905041584684,-0.0024375383503199,0.0895280425087883,0.6068702290076335,-0.0953020134228187,0.2902857142857142,0.9177142857142856,0.9028571428571428,0.1851428571428571,0.4137142857142857,0.8388571428571429,0.4262857142857142,0.5662285714285714,0.6132571428571427,0.5897428571428571,주의,주의,주의,0,0,0.5662285714285714,0.6132571428571427,주의,0.0090693645071994,0.0090693645071994,0,1,0,0,0,0.2,1단계_활발관찰,2,1,0.5404720653676461,0,0.16333333333333333
11290,성북구,2024-07,82478.6012526096,80000.0,1102.3012032701206,1051.5122873345936,479,48977.31870669746,50000.0,674.7949750533361,667.2226855713094,433,717,284,0.3960948396094839,0.6121693172895654,0.3878306827104346,-0.0391695291670026,0.0039850004377519,-0.0431545296047546,0.1377672209026128,0.0637982195845696,0.1702857142857143,0.1828571428571428,0.2411428571428571,0.2777142857142857,0.4765714285714286,0.3142857142857143,0.2788571428571428,0.2343428571428571,0.2156571428571428,0.2249999999999999,낮음,낮음,낮음,0,0,0.2343428571428571,0.2156571428571428,낮음,0.0192402402029556,0.0192402402029556,0,1,0,0,0,0.2,1단계_활발관찰,2,0,4.453057155050366e-06,0,0.0
11290,성북구,2024-08,80841.17647058824,78000.0,1112.296049484009,1081.0491493383745,374,49581.573113207545,49000.0,676.8962448318625,674.023466619897,424,644,220,0.3416149068322981,0.6085576273923411,0.3914423726076589,0.0090672551061701,0.0031139380941009,0.0059533170120691,-0.2192066805845511,-0.101813110181311,0.1862857142857142,0.5245714285714286,0.5325714285714286,0.0548571428571428,0.464,0.4617142857142857,0.4537142857142857,0.3481714285714286,0.3549142857142857,0.3515428571428571,낮음,안정,안정,0,0,0.3481714285714286,0.3549142857142857,낮음,-0.0544799327771857,0.0544799327771857,1,1,1,0,0,0.7,4단계_신중정체,2,0,8.589747440243676e-05,0,0.0033333333333333335
11290,성북구,2024-09,81578.2722513089,79000.0,1102.442856778743,1063.3270321361058,191,49244.857142857145,49000.0,677.9401764951573,658.5959088768515,336,547,211,0.3857404021937843,0.6149435975992885,0.3850564024007115,-0.0088584264142959,0.0015422329068379,-0.0104006593211338,-0.4893048128342245,-0.1506211180124224,0.1634285714285714,0.3782857142857143,0.4148571428571428,0.2171428571428571,0.4525714285714285,0.7417142857142857,0.6217142857142857,0.3044,0.3324571428571429,0.3184285714285714,낮음,낮음,낮음,0,0,0.3044,0.3324571428571429,낮음,0.0441254953614861,0.0441254953614861,1,1,1,0,0,0.7,4단계_신중정체,2,0,2.0058540031533475e-05,0,0.0
11290,성북구,2024-10,75579.81651376147,75500.0,1029.7710636516035,961.7321248741188,218,48460.84222737819,48000.0,666.0272380022024,658.9785831960461,431,666,235,0.3528528528528528,0.646772143354317,0.353227856645683,-0.0659188752326638,-0.0175722562343818,-0.0483466189982819,0.1413612565445026,0.2175502742230346,0.072,0.08,0.2182857142857142,0.0811428571428571,0.2594285714285714,0.3177142857142857,0.8137142857142857,0.1233714285714285,0.1356571428571428,0.1295142857142857,낮음,낮음,낮음,0,0,0.1233714285714285,0.1356571428571428,낮음,-0.0328875493409315,0.0328875493409315,0,0,0,0,0,0.0,1단계_활발관찰,2,0,8.398450664037729e-08,0,0.0
11290,성북구,2024-11,79406.96026490066,78500.0,1094.1899158599333,1075.636192271442,151,49182.26119402985,49150.0,693.6929175489388,686.5296291046179,402,657,255,0.3881278538812785,0.6339785328799704,0.3660214671200296,0.0625564792818107,0.0415383605477182,0.0210181187340925,-0.3073394495412844,-0.0135135135135134,0.1017142857142857,0.8548571428571429,0.6377142857142857,0.2285714285714285,0.824,0.5828571428571429,0.0651428571428571,0.4884571428571429,0.4471428571428571,0.4678,보통,안정,보통,0,0,0.4884571428571429,0.4471428571428571,보통,0.0352750010284257,0.0352750010284257,0,0,1,0,0,0.25,2단계_완만정체,2,0,0.002886894582900433,0,0.016666666666666666
11290,성북구,2024-12,73368.87218045113,73400.0,1049.3354184170028,1042.535446205171,133,49146.07980049875,49000.0,682.2967306339085,666.9045292821106,401,716,315,0.4399441340782123,0.650217955725922,0.349782044274078,-0.0409933383526743,-0.0164282878298613,-0.0245650505228129,-0.119205298013245,0.0898021308980212,0.064,0.1737142857142857,0.3325714285714286,0.5291428571428571,0.2788571428571428,0.2811428571428571,0.4057142857142857,0.2364,0.2213142857142857,0.2288571428571428,낮음,낮음,낮음,0,0,0.2364,0.2213142857142857,낮음,0.0518162801969337,0.0518162801969337,0,0,1,0,0,0.25,2단계_완만정체,0,0,1.7450157103283428e-06,0,0.0
11290,성북구,2025-01,79196.94871794872,79000.0,1104.1846860139597,1072.7788279773156,195,47619.41972477064,48000.0,658.3526747654153,650.5963845413387,436,727,291,0.4002751031636863,0.5962342016732988,0.4037657983267012,0.052270481520295,-0.0350933176042735,0.0873637991245686,0.4661654135338346,0.01536312849162,0.2411428571428571,0.8114285714285714,0.8971428571428571,0.2971428571428571,0.1394285714285714,0.7325714285714285,0.0777142857142857,0.5131428571428571,0.5739428571428572,0.5435428571428571,보통,주의,보통,0,0,0.5131428571428571,0.5739428571428572,보통,-0.039669030914526,0.039669030914526,0,0,0,0,0,0.0,1단계_활발관찰,2,0,0.08423390843690245,0,0.08
11290,성북구,2025-02,79979.72972972973,78700.0,1110.3777136046174,1059.322033898305,259,47252.295112781954,47000.0,662.5892462615919,641.7041122859464,532,867,335,0.3863898500576701,0.5967241940678272,0.4032758059321728,0.0056086881742711,0.0064351094156125,-0.0008264212413413,0.3282051282051281,0.1925722145804675,0.24,0.4868571428571429,0.4971428571428571,0.2205714285714285,0.5142857142857142,0.5977142857142858,0.7577142857142857,0.3776571428571428,0.3874857142857143,0.3825714285714285,안정,안정,안정,0,0,0.3776571428571428,0.3874857142857143,안정,-0.0138852531060161,0.0138852531060161,1,1,0,0,0,0.45,3단계_안정정체,2,0,0.00047609420460250685,0,0.0033333333333333335
11290,성북구,2025-03,83087.63796909493,80900.0,1168.956612405152,1141.5793809579852,453,47169.88644688645,47000.0,657.0879232943099,643.2144226805851,546,824,278,0.337378640776699,0.5621148948739322,0.4378851051260678,0.0527558308157771,-0.0083027652475815,0.0610585960633587,0.7490347490347491,-0.04959630911188,0.3874285714285714,0.8148571428571428,0.816,0.0422857142857142,0.3554285714285714,0.896,0.2285714285714285,0.5250285714285714,0.5964,0.5607142857142857,보통,주의,주의,0,0,0.5250285714285714,0.5964,보통,-0.0490112092809711,0.0490112092809711,0,1,0,0,0,0.2,1단계_활발관찰,2,0,0.10318931618478129,0,0.043333333333333335
11290,성북구,2025-04,81160.54913294797,80000.0,1139.1986186234285,1092.5241314386808,346,47672.250564334085,46000.0,652.6221247087086,639.1545042778057,443,728,285,0.3914835164835165,0.5728782619990503,0.4271217380009496,-0.0254568847687991,-0.0067963485970218,-0.0186605361717773,-0.2362030905077262,-0.1165048543689319,0.3405714285714286,0.2674285714285714,0.3668571428571429,0.2491428571428571,0.3725714285714285,0.4811428571428571,0.5062857142857143,0.3170285714285714,0.3374285714285714,0.3272285714285714,낮음,낮음,낮음,0,0,0.3170285714285714,0.3374285714285714,낮음,0.0541048757068174,0.0541048757068174,0,1,1,0,0,0.45,3단계_안정정체,2,0,5.042755863021231e-05,0,0.0
11290,성북구,2025-05,82665.57894736843,80000.0,1149.593557978002,1102.6936026936028,475,48645.53177966102,48000.0,655.9905689543476,647.2491931794459,472,843,371,0.4400948991696323,0.5706282576149407,0.4293717423850592,0.0091247822676741,0.0051614006300237,0.0039633816376503,0.3728323699421965,0.157967032967033,0.3497142857142857,0.5257142857142857,0.5222857142857142,0.5302857142857142,0.4971428571428571,0.6434285714285715,0.6445714285714286,0.4700571428571428,0.4754857142857142,0.4727714285714285,보통,보통,보통,0,0,0.4700571428571428,0.4754857142857142,보통,0.0486113826861158,0.0486113826861158,1,1,0,0,0,0.45,3단계_안정정체,2,0,0.004949464541735248,0,0.01
11290,성북구,2025-06,88225.2655538695,86700.0,1199.6950053163732,1153.3482405554903,659,47889.60310421286,48000.0,681.3208692679374,669.0081953503931,451,773,322,0.4165588615782665,0.5679117327726686,0.4320882672273314,0.0435818789959936,0.0386138178083359,0.0049680611876576,0.3873684210526316,-0.0830367734282324,0.3634285714285714,0.7714285714285715,0.5268571428571428,0.3977142857142857,0.8057142857142857,0.6571428571428571,0.3771428571428571,0.5474857142857144,0.5186857142857143,0.5330857142857144,주의,보통,보통,0,0,0.5474857142857144,0.5186857142857143,주의,-0.0235360375913658,0.0235360375913658,0,0,0,0,0,0.0,1단계_활발관찰,2,0,0.033605091669960646,0,0.013333333333333334
11290,성북구,2025-07,82641.81034482758,81750.0,1115.220378559163,1040.521898607707,232,49753.66950959488,50000.0,663.5764298778331,647.7159053017673,469,728,259,0.3557692307692308,0.5950182068365334,0.4049817931634666,-0.0704134187296489,-0.0260441741776825,-0.0443692445519663,-0.6479514415781487,-0.0582147477360931,0.2525714285714285,0.0754285714285714,0.2377142857142857,0.0902857142857142,0.2,0.8582857142857143,0.2617142857142857,0.1757142857142857,0.2577714285714286,0.2167428571428571,낮음,낮음,낮음,0,0,0.1757142857142857,0.2577714285714286,낮음,-0.0607896308090357,0.0607896308090357,0,0,1,0,1,0.35,2단계_완만정체,1,0,1.973153557007751e-07,0,0.0
11290,성북구,2025-08,73757.84730538922,78000.0,1122.5035112072242,1036.427355415348,334,48084.32786885246,48000.0,652.8082137416396,650.2639538095308,366,606,240,0.396039603960396,0.5815645182611152,0.4184354817388848,0.0065306667525846,-0.0162275446374368,0.0227582113900214,0.4396551724137931,-0.1675824175824175,0.3085714285714285,0.4948571428571429,0.6457142857142857,0.2765714285714286,0.2811428571428571,0.7097142857142857,0.6754285714285714,0.4150285714285714,0.4670285714285714,0.4410285714285714,안정,보통,안정,0,0,0.4150285714285714,0.4670285714285714,안정,0.0402703731911652,0.0402703731911652,1,0,0,0,0,0.25,2단계_완만정체,2,0,0.0017205387223811065,0,0.01
11290,성북구,2025-09,90506.90625,88250.0,1254.6210194774153,1201.4887421019505,544,48631.38770685579,49500.0,658.710098794001,647.9736098020735,423,714,291,0.407563025210084,0.5250271504843528,0.4749728495156472,0.1176989710509699,0.0090407640837331,0.1086582069672368,0.6287425149700598,0.1782178217821781,0.5588571428571428,0.9702857142857144,0.9245714285714286,0.344,0.5348571428571428,0.8502857142857143,0.712,0.7002285714285713,0.7402285714285715,0.7202285714285714,높음,높음,높음,1,0,0.7002285714285713,0.7402285714285715,높음,0.0115234212496879,0.0115234212496879,0,1,0,0,0,0.2,1단계_활발관찰,3,1,0.9971095491113224,1,0.98
11290,성북구,2025-10,92035.89494163424,90000.0,1270.404507257385,1217.200648073083,514,50901.72335025381,51000.0,684.3496227850554,665.3878138658965,394,620,226,0.364516129032258,0.5386863938813197,0.4613136061186803,0.0125802832368804,0.0389238362035082,-0.0263435529666278,-0.0551470588235294,-0.1316526610644257,0.5028571428571429,0.5531428571428572,0.32,0.1245714285714285,0.8114285714285714,0.1234285714285714,0.5645714285714286,0.4529714285714286,0.3914285714285714,0.4222,안정,안정,안정,0,0,0.4529714285714286,0.3914285714285714,안정,-0.0430468961778259,0.0430468961778259,0,0,1,0,0,0.25,2단계_완만정체,2,0,0.001858790854456136,0,0.0
11290,성북구,2025-11,91906.76328502416,90000.0,1211.4748665798804,1157.4275519972152,207,53590.720657276994,53250.0,707.6050338685983,700.18191608295,426,725,299,0.4124137931034483,0.5840856078725273,0.4159143921274727,-0.0463865173185861,0.0339817694191191,-0.0803682867377052,-0.5972762645914397,0.1693548387096775,0.2994285714285714,0.144,0.1234285714285714,0.3691428571428571,0.7782857142857142,0.8297142857142857,0.68,0.2837142857142857,0.2843428571428571,0.2840285714285714,낮음,낮음,낮음,0,0,0.2837142857142857,0.2843428571428571,낮음,0.0478976640711902,0.0478976640711902,0,0,1,0,0,0.25,2단계_완만정체,1,0,2.2679084477326036e-06,0,0.0
11290,성북구,2025-12,89845.71865443425,87800.0,1182.124576874743,1106.2728021654702,327,54571.53333333333,54600.0,713.3398781668712,701.5796529093068,450,860,410,0.4767441860465116,0.6034388355690672,0.3965611644309328,-0.0242269076435702,0.0081045838056288,-0.0323314914491991,0.5797101449275361,0.186206896551724,0.2057142857142857,0.272,0.2971428571428571,0.6994285714285714,0.5257142857142857,0.8228571428571428,0.7394285714285714,0.3466285714285715,0.3529142857142857,0.3497714285714286,낮음,안정,안정,0,0,0.3466285714285715,0.3529142857142857,낮음,0.0643303929430633,0.0643303929430633,0,1,0,0,1,0.30000000000000004,2단계_완만정체,0,0,0.00015252687974902149,0,0.0
11290,성북구,2026-01,95260.30303030302,93500.0,1214.1006609823685,1146.721204884796,363,54465.44416873449,53000.0,722.4429627087522,700.3501750875438,403,756,353,0.4669312169312169,0.5950437108931315,0.4049562891068685,0.0270496737257275,0.0127612163857626,0.0142884573399648,0.110091743119266,-0.1209302325581395,0.2514285714285714,0.6617142857142857,0.5897142857142857,0.6502857142857142,0.5794285714285714,0.2617142857142857,0.5177142857142857,0.5142857142857143,0.4589714285714286,0.4866285714285714,보통,보통,보통,0,0,0.5142857142857143,0.4589714285714286,보통,-0.0098129691152946,0.0098129691152946,0,0,0,0,0,0.0,1단계_활발관찰,0,0,0.006921004545492938,0,0.013333333333333334
11290,성북구,2026-02,94659.01960784312,90850.0,1231.751623429623,1154.093085229547,408,53838.35435435436,52500.0,725.4466871493096,695.5287437899219,333,592,259,0.4375,0.588955332674468,0.411044667325532,0.0145383023125713,0.0041577322994399,0.0103805700131314,0.1239669421487603,-0.2169312169312169,0.2742857142857143,0.5714285714285714,0.5565714285714286,0.5211428571428571,0.4811428571428571,0.2937142857142857,0.8114285714285714,0.4627428571428572,0.4309142857142857,0.4468285714285714,보통,안정,안정,0,0,0.4627428571428572,0.4309142857142857,보통,-0.0294312169312169,0.0294312169312169,0,1,0,0,0,0.2,1단계_활발관찰,2,0,0.0021428207415214906,0,0.0033333333333333335
11290,성북구,2026-03,88616.18497109826,87950.0,1197.2980918176122,1128.139538595022,346,50906.855769230766,50000.0,708.9147922580783,658.8412155952499,416,711,295,0.4149085794655415,0.5920954832408346,0.4079045167591654,-0.027971168015253,-0.0227885731426998,-0.0051825948725531,-0.1519607843137255,0.2010135135135136,0.2674285714285714,0.2434285714285714,0.456,0.3874285714285714,0.224,0.3428571428571428,0.7805714285714286,0.3127999999999999,0.3293142857142857,0.3210571428571428,낮음,낮음,낮음,0,0,0.3127999999999999,0.3293142857142857,낮음,-0.0225914205344585,0.0225914205344585,0,0,1,0,0,0.25,2단계_완만정체,2,0,4.860889276852259e-05,0,0.0
11290,성북구,2026-04,90530.7955801105,90000.0,1214.4142754815437,1173.070402858882,362,54943.61209964413,54000.0,764.3054241776995,747.7194556602362,281,460,179,0.3891304347826086,0.6293613634232309,0.3706386365767691,0.0142956743862736,0.0781343999653154,-0.0638387255790418,0.0462427745664739,-0.3530239099859352,0.1108571428571428,0.568,0.1657142857142857,0.2331428571428571,0.9325714285714286,0.1108571428571428,0.9497142857142856,0.3366285714285714,0.2282285714285714,0.2824285714285713,낮음,낮음,낮음,0,0,0.3366285714285714,0.2282285714285714,낮음,-0.0257781446829328,0.0257781446829328,0,0,0,0,0,0.0,1단계_활발관찰,2,0,3.203665072112313e-05,0,0.0
11710,송파구,2023-06,153426.83333333334,148500.0,1977.5230964112925,1877.684799470031,300,66299.58296943232,60000.0,825.5079345928083,757.5757575757575,916,1501,585,0.3897401732178547,0.4174454073840643,0.5825545926159357,0.0236441788724659,0.0831654524104641,-0.0595212735379981,-0.0099009900990099,-0.4038919777601271,0.8811428571428571,0.6377142857142857,0.1794285714285714,0.2377142857142857,0.9382857142857144,0.0205714285714285,0.9737142857142858,0.5891428571428571,0.5066285714285714,0.5478857142857143,주의,보통,주의,0,0,0.5891428571428571,0.5066285714285714,주의,0.0,0.0,0,0,1,1,0,0.45,3단계_안정정체,4,0,0.30868370026871395,0,0.22
11710,송파구,2023-07,152897.02898550723,145500.0,1923.792092795672,1834.154303163944,276,65475.35331905782,60000.0,836.1199220921588,763.2448673009515,934,1597,663,0.4151534126487163,0.434620729143918,0.565379270856082,-0.0271708602104971,0.0128551005443515,-0.0400259607548487,-0.0799999999999999,0.0639573617588273,0.848,0.2502857142857143,0.2571428571428571,0.3897142857142857,0.5805714285714285,0.188,0.28,0.4849142857142857,0.4689142857142856,0.4769142857142856,보통,보통,보통,0,0,0.4849142857142857,0.4689142857142856,보통,0.0254132394308616,0.0254132394308616,0,0,1,1,0,0.45,3단계_안정정체,4,0,0.018917738205032467,0,0.016666666666666666
11710,송파구,2023-08,161141.1439114391,164000.0,2040.581522464366,1917.30576858953,271,68272.8726042841,60900.0,861.9247119461706,783.7707681194318,887,1385,498,0.3595667870036101,0.4223917067058623,0.5776082932941377,0.0607079268628112,0.0308625463551237,0.0298453805076874,-0.0181159420289854,-0.1327489041953663,0.872,0.8468571428571429,0.6822857142857143,0.1017142857142857,0.7542857142857143,0.0377142857142857,0.5691428571428572,0.7004571428571428,0.6590857142857143,0.6797714285714285,높음,높음,높음,1,0,0.7004571428571428,0.6590857142857143,높음,-0.0555866256451061,0.0555866256451061,0,0,1,1,0,0.45,3단계_안정정체,4,1,0.9503189422938795,1,0.92
11710,송파구,2023-09,157665.16853932585,154000.0,1982.2964298508632,1819.322459222083,267,68353.64129301356,63000.0,851.7153916979976,778.2101167315175,959,1522,563,0.3699080157687253,0.4296609623425875,0.5703390376574125,-0.0285629816656934,-0.0118447935262478,-0.0167181881394455,-0.014760147601476,0.0989169675090253,0.8594285714285714,0.2354285714285714,0.3851428571428571,0.1531428571428571,0.328,0.0297142857142857,0.4422857142857143,0.4494857142857142,0.4624571428571428,0.4559714285714286,안정,보통,안정,0,0,0.4494857142857142,0.4624571428571428,안정,0.0103412287651151,0.0103412287651151,0,0,1,1,0,0.45,3단계_안정정체,4,0,0.01816085517878089,0,0.013333333333333334
11710,송파구,2023-10,168837.5816993464,167000.0,1990.5364912767263,1859.845456967759,153,68179.91056137012,64000.0,851.7964694788145,781.1717392283309,1051,1779,728,0.4092186621697583,0.4279230615523526,0.5720769384476474,0.0041568260436624,9.519351371034546e-05,0.004061632529952,-0.4269662921348315,0.1688567674113008,0.8617142857142858,0.4765714285714286,0.5245714285714286,0.3554285714285714,0.4354285714285714,0.6982857142857143,0.6788571428571428,0.5794285714285714,0.6334285714285713,0.6064285714285713,주의,주의,주의,0,0,0.5794285714285714,0.6334285714285713,주의,0.0393106464010329,0.0393106464010329,1,1,1,1,0,0.8999999999999999,5단계_거래위축정체,4,0,0.24203833262369506,0,0.48
11710,송파구,2023-11,163421.75925925927,145000.0,1955.0733270615983,1906.778595233604,108,72443.02413127413,68000.0,906.9236548731656,824.3780369283497,1036,1696,660,0.3891509433962264,0.4638821686735594,0.5361178313264405,-0.0178158824872292,0.0647187296139903,-0.0825346121012196,-0.2941176470588235,-0.0466554243957278,0.7817142857142857,0.3142857142857143,0.1131428571428571,0.2342857142857143,0.9154285714285716,0.5668571428571428,0.2148571428571428,0.4624,0.4448571428571428,0.4536285714285714,보통,안정,안정,0,0,0.4624,0.4448571428571428,보통,-0.0200677187735318,0.0200677187735318,0,0,1,1,0,0.45,3단계_안정정체,4,0,0.002058089005426686,0,0.0033333333333333335
11710,송파구,2023-12,156372.92857142858,156500.0,1985.3822583295685,1865.2972079570277,140,64319.89199491741,59000.0,818.0487126355144,727.7137659187387,1574,2613,1039,0.397627248373517,0.4120358732951468,0.5879641267048532,0.0155027081841083,-0.097996057066215,0.1134987652503234,0.2962962962962963,0.540683962264151,0.8902857142857142,0.5782857142857143,0.9314285714285714,0.2868571428571428,0.0331428571428571,0.5708571428571428,0.9942857142857144,0.6442857142857142,0.7458857142857144,0.6950857142857143,높음,높음,높음,1,0,0.6442857142857142,0.7458857142857144,높음,0.0084763049772905,0.0084763049772905,0,0,0,1,0,0.2,1단계_활발관찰,3,1,0.9697905847612923,1,0.7833333333333333
11710,송파구,2024-01,155223.22274881517,145000.0,1947.9919733589177,1868.5352018685353,211,67741.51830282861,61700.0,871.7811306553485,805.065961704142,1202,2117,915,0.4322153991497402,0.4475280917878416,0.5524719082121583,-0.0188327889069128,0.0656836410715981,-0.084516429978511,0.5071428571428571,-0.1898201301186376,0.824,0.3062857142857143,0.1097142857142857,0.4937142857142857,0.9165714285714286,0.7542857142857143,0.7497142857142857,0.5114285714285715,0.5018857142857143,0.5066571428571429,보통,보통,보통,0,0,0.5114285714285715,0.5018857142857143,보통,0.0345881507762232,0.0345881507762232,0,0,0,1,0,0.2,1단계_활발관찰,4,0,0.018623598873753394,0,0.016666666666666666
11710,송파구,2024-02,165891.62162162163,168500.0,2055.679320803942,1999.6887643946463,185,64112.05416666667,61000.0,838.4727979690149,789.8109623830312,960,1758,798,0.4539249146757679,0.4078811269265004,0.5921188730734996,0.0552812069648005,-0.0382072191231009,0.0934884260879015,-0.1232227488151659,-0.1695795937647615,0.8982857142857142,0.8262857142857143,0.9097142857142856,0.5908571428571429,0.1245714285714285,0.2925714285714286,0.6811428571428572,0.7590857142857143,0.7954285714285714,0.7772571428571429,높음,높음,높음,1,1,0.7590857142857143,0.7954285714285714,높음,0.0217095155260276,0.0217095155260276,0,0,1,1,0,0.45,3단계_안정정체,4,1,0.99724999393691,1,0.9833333333333333
11710,송파구,2024-03,158868.5628742515,152750.0,1968.6335756938952,1838.7902350762488,334,66059.5771632471,62000.0,864.4321756128194,788.4208048952694,1121,2065,944,0.4571428571428571,0.4391026274699842,0.5608973725300158,-0.0423440291630723,0.0309603098713331,-0.0733043390344054,0.8054054054054054,0.1746302616609782,0.8445714285714285,0.1645714285714285,0.1394285714285714,0.6091428571428571,0.7565714285714286,0.9188571428571428,0.6994285714285714,0.4894285714285714,0.5161714285714286,0.5028,보통,보통,보통,0,0,0.4894285714285714,0.5161714285714286,보통,0.0032179424670891,0.0032179424670891,0,0,0,1,0,0.2,1단계_활발관찰,4,0,0.018538609454440833,0,0.01
11710,송파구,2024-04,158072.19444444444,147500.0,1974.5415412017612,1835.2056299162384,360,68525.0671378092,65000.0,871.6640212075592,790.5511439393046,849,1405,556,0.395729537366548,0.44145134605628,0.5585486539437199,0.0030010488395655,0.0083660069566626,-0.0053649581170971,0.0778443113772455,-0.3196125907990315,0.8377142857142857,0.4708571428571428,0.4537142857142857,0.2742857142857143,0.5291428571428571,0.1817142857142857,0.9291428571428572,0.5538285714285714,0.5464000000000001,0.5501142857142858,주의,보통,주의,0,0,0.5538285714285714,0.5464000000000001,주의,-0.061413319776309,0.061413319776309,1,1,0,1,1,0.75,4단계_신중정체,4,0,0.138265699680251,0,0.08
11710,송파구,2024-05,161688.876146789,160250.0,2002.7122236413045,1903.1101892570596,436,69917.41928721174,65000.0,886.6657829163929,800.376647834275,954,1600,646,0.40375,0.4427324966860537,0.5572675033139463,0.0142669484797963,0.0172104863156459,-0.0029435378358495,0.211111111111111,0.1387900355871887,0.8331428571428572,0.5668571428571428,0.4777142857142857,0.32,0.6274285714285714,0.4457142857142857,0.5931428571428572,0.5979428571428571,0.6009714285714286,0.5994571428571429,주의,주의,주의,0,0,0.5979428571428571,0.6009714285714286,주의,0.008020462633452,0.008020462633452,0,0,0,1,0,0.2,1단계_활발관찰,4,0,0.3708802752599896,0,0.38333333333333336
11710,송파구,2024-06,161524.66393442624,154100.0,2017.551362893744,1919.38580991202,610,71087.07709251101,65000.0,908.4362939310488,825.1941681877746,908,1452,544,0.3746556473829201,0.4502667494066135,0.5497332505933865,0.0074095214865463,0.0245532323837389,-0.0171437108971925,0.3990825688073394,-0.0925,0.8171428571428572,0.5051428571428571,0.3805714285714285,0.1737142857142857,0.7017142857142857,0.6731428571428572,0.4148571428571428,0.5437714285714286,0.5668571428571428,0.5553142857142856,주의,주의,주의,0,0,0.5437714285714286,0.5668571428571428,주의,-0.0290943526170798,0.0290943526170798,1,0,0,1,0,0.45,3단계_안정정체,4,0,0.12348395692311215,0,0.043333333333333335
11710,송파구,2024-07,171028.48021828104,157000.0,2056.9157595002093,1969.621098314138,733,73728.97529538131,68000.0,916.8110850806232,842.7642667950879,931,1575,644,0.4088888888888889,0.4457212605067456,0.5542787394932543,0.0195109761914591,0.0092189085855811,0.0102920676058779,0.201639344262295,0.084710743801653,0.8274285714285714,0.608,0.5554285714285714,0.352,0.5371428571428571,0.4308571428571429,0.3817142857142857,0.6178285714285713,0.6283428571428571,0.6230857142857142,주의,주의,주의,1,0,0.6178285714285713,0.6283428571428571,주의,0.0342332415059687,0.0342332415059687,0,1,0,1,0,0.4,2단계_완만정체,4,1,0.5028397559845115,1,0.8466666666666667
11710,송파구,2024-08,169564.5299145299,152000.0,2015.0856964410525,1828.163486486417,468,73480.78034682081,66000.0,900.5269747788323,832.2729559376202,865,1668,803,0.4814148681055156,0.4468926440048181,0.5531073559951819,-0.0203363034513969,-0.0177616856588934,-0.0025746177925034,-0.3615279672578445,0.059047619047619,0.8262857142857143,0.2891428571428571,0.4811428571428571,0.7188571428571429,0.2582857142857143,0.6308571428571429,0.2651428571428571,0.5500571428571428,0.6022857142857143,0.5761714285714286,주의,주의,주의,0,0,0.5500571428571428,0.6022857142857143,주의,0.0725259792166266,0.0725259792166266,0,0,1,1,1,0.55,3단계_안정정체,4,0,0.07478018447019744,0,0.02
11710,송파구,2024-09,169452.79487179487,150000.0,2034.7029841415497,1871.3450292397663,195,70298.26988636363,63750.0,895.0016812937731,809.5645746285195,704,1234,530,0.4294975688816855,0.4398684664392814,0.5601315335607185,0.0097352126190684,-0.0061356224075532,0.0158708350266216,-0.5833333333333333,-0.2601918465227818,0.8411428571428572,0.5291428571428571,0.6022857142857143,0.4788571428571428,0.3782857142857143,0.8257142857142857,0.8765714285714286,0.6147428571428573,0.6812571428571428,0.648,주의,높음,높음,1,0,0.6147428571428573,0.6812571428571428,주의,-0.05191729922383,0.05191729922383,1,1,1,1,0,0.8999999999999999,5단계_거래위축정체,4,0,0.24411922245377635,1,0.81
11710,송파구,2024-10,172232.9457364341,161500.0,2062.5787963971784,1892.3394000078663,258,70256.04187437687,65000.0,890.9710123591325,808.8830061033899,1003,1740,737,0.4235632183908046,0.4319694422901279,0.5680305577098721,0.0137001874341819,-0.0045035322490277,0.0182037196832097,0.323076923076923,0.4100486223662885,0.8525714285714285,0.5588571428571428,0.6182857142857143,0.4445714285714285,0.3977142857142857,0.5931428571428572,0.9748571428571428,0.6255999999999999,0.6685142857142857,0.6470571428571428,주의,높음,높음,1,0,0.6255999999999999,0.6685142857142857,주의,-0.0059343504908809,0.0059343504908809,0,1,0,1,0,0.4,2단계_완만정체,3,1,0.7181454406600264,1,0.8866666666666667
11710,송파구,2024-11,180953.5517241379,180000.0,2164.6518456735585,2011.6616102360256,290,71546.75734597156,65100.0,896.9477771652603,824.0141259564449,1055,1766,711,0.4026047565118912,0.4143612188528007,0.5856387811471992,0.0494880726276623,0.0067081473170518,0.0427799253106104,0.1240310077519379,0.0149425287356321,0.8845714285714286,0.7965714285714286,0.7497142857142857,0.3097142857142857,0.5154285714285715,0.2948571428571429,0.0754285714285714,0.7124571428571428,0.7168,0.7146285714285714,높음,높음,높음,1,0,0.7124571428571428,0.7168,높음,-0.0209584618789133,0.0209584618789133,0,1,0,1,0,0.4,2단계_완만정체,4,1,0.9774050909531508,1,0.99
11710,송파구,2024-12,184379.3795620438,180600.0,2242.4939933992655,2141.395195115905,274,73886.60506329114,70000.0,927.5059259212472,860.8490566037736,1185,1986,801,0.4033232628398791,0.4136046422649699,0.58639535773503,0.0359605854776547,0.0340690389495847,0.0018915465280699,-0.0551724137931034,0.1245753114382786,0.8868571428571429,0.7165714285714285,0.5097142857142857,0.3165714285714285,0.7794285714285715,0.1245714285714285,0.5348571428571428,0.6725714285714286,0.6252571428571428,0.6489142857142858,높음,주의,높음,1,0,0.6725714285714286,0.6252571428571428,높음,0.0007185063279879,0.0007185063279879,0,0,1,1,0,0.45,3단계_안정정체,4,1,0.8695386363753105,1,0.97
11710,송파구,2025-01,175170.7121661721,177000.0,2181.913394024196,2029.372496662216,337,63886.1308623298,57100.0,818.1013807847152,741.4381649121827,1322,2002,680,0.3396603396603396,0.374946770584627,0.625053229415373,-0.0270148323934812,-0.1179556292622774,0.0909407968687961,0.22992700729927,0.0080563947633434,0.9634285714285714,0.2514285714285714,0.9062857142857144,0.048,0.024,0.4731428571428571,0.0422857142857142,0.5427428571428571,0.6661714285714286,0.6044571428571428,주의,높음,주의,0,0,0.5427428571428571,0.6661714285714286,주의,-0.0636629231795395,0.0636629231795395,0,0,0,1,1,0.30000000000000004,2단계_완만정체,4,1,0.5978729112848941,0,0.33
11710,송파구,2025-02,190039.00403768505,195000.0,2348.7189585617616,2202.9372496662218,743,71545.65511551154,68000.0,913.1753504585422,839.9106917537936,1212,2214,1002,0.4525745257452574,0.3887971982044736,0.6112028017955263,0.0764492142513131,0.1162129436606413,-0.0397637294093282,1.2047477744807122,0.1058941058941058,0.9337142857142856,0.8971428571428571,0.2594285714285714,0.5817142857142857,0.9668571428571427,0.9805714285714284,0.4628571428571428,0.7402285714285713,0.7273142857142856,0.7337714285714285,높음,높음,높음,1,1,0.7402285714285713,0.7273142857142856,높음,0.1129141860849178,0.1129141860849178,0,0,0,1,1,0.30000000000000004,2단계_완만정체,4,1,0.9992435134677649,1,0.92
11710,송파구,2025-03,187129.87394957984,170000.0,2265.009456074376,2026.156338821444,952,70837.3815073815,65500.0,911.2811449932724,832.2091062394604,1287,2049,762,0.3718887262079063,0.4023299516694594,0.5976700483305406,-0.0356404933771408,-0.0020743063906825,-0.0335661869864583,0.2812920592193808,-0.0745257452574525,0.9142857142857144,0.2022857142857143,0.2891428571428571,0.1622857142857142,0.4171428571428571,0.5428571428571428,0.3348571428571428,0.4487428571428571,0.5032571428571428,0.476,안정,보통,보통,0,0,0.4487428571428571,0.5032571428571428,안정,-0.0806857995373511,0.0806857995373511,0,1,0,1,1,0.5,3단계_안정정체,4,0,0.03396199232060115,0,0.08333333333333333
11710,송파구,2025-04,184611.9708029197,158000.0,2221.890650191837,1906.4991614934245,137,66118.96325459318,64417.0,822.8349257436965,791.120557326721,1143,1863,720,0.3864734299516908,0.3703309727113049,0.6296690272886951,-0.0190369209130238,-0.0970570056623181,0.0780200847492942,-0.85609243697479,-0.0907759882869692,0.9691428571428572,0.304,0.864,0.2217142857142857,0.0342857142857142,0.9382857142857144,0.408,0.5762285714285714,0.7320000000000001,0.6541142857142858,주의,높음,높음,1,0,0.5762285714285714,0.7320000000000001,주의,0.0145847037437845,0.0145847037437845,0,0,1,1,0,0.45,3단계_안정정체,4,1,0.5478789008865773,1,0.7433333333333333
11710,송파구,2025-05,191306.4734299517,175000.0,2300.980845718538,1978.894965977312,414,72642.5326923077,67000.0,899.6374044566171,827.51617188352,1040,2190,1150,0.5251141552511416,0.3909799623628258,0.6090200376371742,0.0355958991590665,0.0933388658041036,-0.057742966645037,2.021897810218978,0.1755233494363928,0.928,0.712,0.1874285714285714,0.8697142857142857,0.9497142857142856,1.0,0.704,0.7193142857142857,0.7010285714285714,0.7101714285714286,높음,높음,높음,1,0,0.7193142857142857,0.7010285714285714,높음,0.1386407252994507,0.1386407252994507,0,0,0,1,1,0.30000000000000004,2단계_완만정체,3,1,0.9980668353851382,1,0.93
11710,송파구,2025-06,195309.71574344023,170000.0,2371.819419982295,2061.1394525080677,686,75086.11012235818,70000.0,957.3695555936224,876.3144717075614,899,1458,559,0.3834019204389575,0.4036435267912466,0.5963564732087534,0.0307862511743925,0.0641726887421669,-0.0333864375677743,0.6570048309178744,-0.3342465753424657,0.9097142857142856,0.6845714285714286,0.2902857142857142,0.2068571428571428,0.9142857142857144,0.8628571428571429,0.9394285714285714,0.6245714285714286,0.6348571428571429,0.6297142857142857,주의,주의,주의,1,0,0.6245714285714286,0.6348571428571429,주의,-0.1417122348121841,0.1417122348121841,0,0,0,1,1,0.30000000000000004,2단계_완만정체,4,1,0.8278498466566943,1,0.8666666666666667
11710,송파구,2025-07,181667.8859223301,153750.0,2220.754712925103,1940.6307191641577,412,74632.47201946472,70000.0,950.0227057200292,873.379902246284,822,1502,680,0.4527296937416777,0.4277927229832112,0.5722072770167888,-0.0636914875493851,-0.0076739957215767,-0.0560174918278083,-0.3994169096209913,0.0301783264746227,0.8628571428571429,0.0857142857142857,0.192,0.584,0.368,0.6742857142857143,0.1577142857142857,0.4430857142857142,0.4929714285714285,0.4680285714285714,안정,보통,보통,0,0,0.4430857142857142,0.4929714285714285,안정,0.0693277733027202,0.0693277733027202,0,1,1,1,1,0.75,4단계_신중정체,4,0,0.0019344452863725354,0,0.0033333333333333335
11710,송파구,2025-08,163335.15151515152,136000.0,2038.7382824040435,1757.0028121292378,165,72968.08469539376,69000.0,935.1581905935976,859.0256530948458,673,1193,520,0.4358759430008382,0.4586945752992266,0.5413054247007734,-0.0819615194157635,-0.0156464840649946,-0.0663150353507688,-0.5995145631067962,-0.2057256990679095,0.7931428571428571,0.056,0.1577142857142857,0.5165714285714286,0.2891428571428571,0.8308571428571428,0.7885714285714286,0.3898857142857143,0.4629714285714285,0.4264285714285714,안정,보통,안정,0,0,0.3898857142857143,0.4629714285714285,안정,-0.0168537507408395,0.0168537507408395,0,0,1,1,0,0.45,3단계_안정정체,4,0,6.510819949936339e-05,0,0.006666666666666667
11710,송파구,2025-09,183724.74424552429,165000.0,2366.114735544853,2141.940216394645,391,76603.0616966581,73000.0,939.5295584664613,876.4225447219026,778,1373,595,0.4333576110706482,0.3970769229202711,0.6029230770797289,0.1605779692108262,0.0046744688939619,0.1559035003168642,1.3696969696969696,0.1508801341156747,0.92,0.9874285714285714,0.9702857142857144,0.5028571428571429,0.488,0.9908571428571428,0.624,0.8411428571428572,0.9114285714285716,0.8762857142857143,높음,높음,높음,1,1,0.8411428571428572,0.9114285714285716,높음,-0.00251833193019,0.00251833193019,0,1,0,1,0,0.4,2단계_완만정체,3,1,0.9999999257160506,1,0.99
11710,송파구,2025-10,200872.12101910828,180000.0,2403.9196713603646,2068.8550184268147,628,78106.15162454874,75000.0,976.5857263817452,920.0401472064236,831,1510,679,0.4496688741721854,0.4062472377993815,0.5937527622006185,0.015977642693141,0.0394411943523826,-0.0234635516592416,0.6061381074168799,0.099781500364166,0.9005714285714286,0.5817142857142857,0.3417142857142857,0.5657142857142857,0.816,0.8377142857142857,0.4434285714285714,0.6504,0.6573142857142857,0.6538571428571429,높음,높음,높음,1,0,0.6504,0.6573142857142857,높음,0.0163112631015371,0.0163112631015371,0,0,0,1,0,0.2,1단계_활발관찰,4,1,0.8730280917815004,1,0.61
11710,송파구,2025-11,175468.3407572383,153000.0,2248.961142938145,1988.4026838337763,449,82283.85225048923,80000.0,1028.185853925755,974.8902880810352,1022,1779,757,0.4255199550309162,0.4571825783448114,0.5428174216551886,-0.0644607764012886,0.0528372739331226,-0.1172980503344113,-0.2850318471337579,0.1781456953642384,0.8022857142857143,0.0834285714285714,0.0708571428571428,0.4537142857142857,0.8697142857142857,0.5462857142857143,0.7108571428571429,0.4307428571428571,0.4152,0.4229714285714285,안정,안정,안정,0,0,0.4307428571428571,0.4152,안정,-0.0241489191412691,0.0241489191412691,0,0,1,1,0,0.45,3단계_안정정체,4,0,0.00012189079915034887,0,0.006666666666666667
11710,송파구,2025-12,181011.72413793104,155000.0,2333.9646483743027,2038.770053475936,319,70752.5752895753,64000.0,907.2062539190168,826.6512358435976,1295,2583,1288,0.4986449864498645,0.3886975128568983,0.6113024871431016,0.0377967870645845,-0.117663163274248,0.1554599503388326,-0.2895322939866369,0.4519392917369309,0.936,0.7291428571428571,0.9691428571428572,0.7885714285714286,0.0251428571428571,0.5565714285714286,0.984,0.7777142857142858,0.8502285714285714,0.8139714285714286,높음,높음,높음,1,1,0.7777142857142858,0.8502285714285714,높음,0.0731250314189482,0.0731250314189482,0,0,1,1,1,0.55,3단계_안정정체,3,1,0.9995306453593086,1,0.9933333333333333
11710,송파구,2026-01,190908.0316091954,169000.0,2499.0532234760517,2202.4643320363166,348,75442.22532402791,70000.0,975.0736138339388,906.0955518945634,1003,1967,964,0.4900864260294865,0.3901772097825362,0.6098227902174638,0.0707331086684366,0.0748091843742739,-0.0040760757058373,0.0909090909090908,-0.2384823848238482,0.9291428571428572,0.88,0.464,0.7554285714285714,0.9302857142857144,0.2148571428571428,0.8548571428571429,0.7978857142857143,0.7142285714285714,0.7560571428571429,높음,높음,높음,1,1,0.7978857142857143,0.7142285714285714,높음,-0.008558560420378,0.008558560420378,0,0,0,1,0,0.2,1단계_활발관찰,4,1,0.9984842763687085,1,0.9633333333333334
11710,송파구,2026-02,192564.47811447812,177500.0,2445.1816191481366,2146.464646464646,297,74962.1675,71200.0,949.2730619827958,891.607522829172,800,1443,643,0.4455994455994456,0.3882219032521223,0.6117780967478776,-0.0215568055221259,-0.0264601066884546,0.0049033011663287,-0.146551724137931,-0.266395526182003,0.9382857142857144,0.2822857142857143,0.5257142857142857,0.5531428571428572,0.1965714285714285,0.328,0.8834285714285715,0.5598285714285713,0.6044,0.5821142857142857,주의,주의,주의,0,0,0.5598285714285713,0.6044,주의,-0.0444869804300409,0.0444869804300409,0,0,1,1,0,0.45,3단계_안정정체,4,0,0.3858087965412323,0,0.1
11710,송파구,2026-03,183104.7272727273,155000.0,2485.8725011927154,2288.3820603091995,275,74142.14869466516,70000.0,968.0068354054724,900.6367869690723,881,1727,846,0.4898668210770122,0.389403251752061,0.610596748247939,0.0166412514006852,0.0197348625732058,-0.0030936111725206,-0.074074074074074,0.1968121968121967,0.9314285714285714,0.5885714285714285,0.4754285714285714,0.7531428571428571,0.6468571428571429,0.1708571428571428,0.7702857142857142,0.6993142857142856,0.6549714285714285,0.677142857142857,높음,높음,높음,1,0,0.6993142857142856,0.6549714285714285,높음,0.0442673754775665,0.0442673754775665,0,0,1,1,0,0.45,3단계_안정정체,4,1,0.950110299826693,1,0.8766666666666667
11710,송파구,2026-04,199758.09451219512,180000.0,2785.292680783105,2682.244562210434,328,79648.12116040956,76300.0,1002.148485439521,923.7085186452276,586,1168,582,0.4982876712328767,0.3598000642279934,0.6401999357720066,0.1204487275380086,0.0352700505670988,0.0851786769709097,0.1927272727272726,-0.3236826867400115,0.9817142857142858,0.9725714285714284,0.888,0.7862857142857143,0.7897142857142857,0.4182857142857142,0.9325714285714286,0.9121714285714284,0.8805714285714286,0.8963714285714286,높음,높음,높음,1,1,0.9121714285714284,0.8805714285714286,높음,0.0084208501558645,0.0084208501558645,0,0,0,1,0,0.2,1단계_활발관찰,4,1,0.9999980533071604,1,0.9933333333333333
11470,양천구,2023-06,116316.85393258429,110000.0,1438.4716682439612,1446.243046646814,178,46578.05263157895,42000.0,590.5516460448988,615.3088850603002,703,994,291,0.2927565392354124,0.4105410339890981,0.5894589660109019,-0.0255478843744203,-0.0656402935305703,0.0400924091561499,0.2624113475177305,0.0529661016949152,0.8914285714285715,0.2662857142857143,0.7337142857142858,0.008,0.0617142857142857,0.5165714285714286,0.2411428571428571,0.4881142857142856,0.6011428571428572,0.5446285714285715,보통,주의,보통,0,0,0.4881142857142856,0.6011428571428572,보통,0.0,0.0,0,0,0,1,0,0.2,1단계_활발관찰,4,0,0.06019441740801876,0,0.1
11470,양천구,2023-07,120964.15662650602,106000.0,1425.246030258149,1337.3580109088284,166,51512.47145187602,47000.0,652.148996963662,653.53286607312,613,931,318,0.3415682062298603,0.4575694182747808,0.5424305817252191,-0.0091942290402964,0.1043047654363493,-0.1134989944766458,-0.0674157303370787,-0.0633802816901408,0.8,0.376,0.08,0.0537142857142857,0.9554285714285714,0.1542857142857142,0.2754285714285714,0.4536,0.3959999999999999,0.4247999999999999,안정,안정,안정,0,0,0.4536,0.3959999999999999,안정,0.0488116669944478,0.0488116669944478,1,0,1,1,0,0.7,4단계_신중정체,4,0,0.0015377105741850635,0,0.013333333333333334
11470,양천구,2023-08,117037.76041666669,106750.0,1492.601027884701,1444.5557782231128,192,40757.05946601942,35000.0,521.5059007435444,530.0162634232787,824,1155,331,0.2865800865800866,0.349394038326918,0.6506059616730819,0.0472585056871563,-0.20032706763083,0.2475855733179864,0.1566265060240963,0.2406015037593984,0.9908571428571428,0.7897142857142857,0.9908571428571428,0.0045714285714285,0.0057142857142857,0.3485714285714286,0.8582857142857143,0.6941142857142857,0.7877714285714286,0.7409428571428571,높음,높음,높음,1,1,0.6941142857142857,0.7877714285714286,높음,-0.0549881196497736,0.0549881196497736,0,0,0,1,0,0.2,1단계_활발관찰,3,1,0.9998544956178227,1,0.8766666666666667
11470,양천구,2023-09,127799.72777777778,120000.0,1631.3743285769451,1652.073481403408,180,52321.142857142855,46000.0,661.5810510434454,667.8905444275831,630,962,332,0.3451143451143451,0.4055360192044614,0.5944639807955385,0.09297414252013,0.2685974407963301,-0.1756232982762,-0.0625,-0.167099567099567,0.9028571428571428,0.936,0.0308571428571428,0.0628571428571428,0.9977142857142856,0.1445714285714285,0.6708571428571428,0.6202285714285716,0.5316571428571428,0.5759428571428572,주의,보통,주의,0,0,0.6202285714285716,0.5316571428571428,주의,0.0585342585342584,0.0585342585342584,0,0,1,1,0,0.45,3단계_안정정체,4,1,0.7832255917456735,0,0.23
11470,양천구,2023-10,122988.99082568807,118000.0,1516.8943441069553,1527.66308835673,109,51177.0217948718,46750.0,646.988737106031,665.1048336200279,780,1179,399,0.3384223918575064,0.4265219523162861,0.5734780476837138,-0.070173952393778,-0.0220567289743252,-0.0481172234194527,-0.3944444444444445,0.2255717255717255,0.8662857142857143,0.0765714285714285,0.2205714285714285,0.0445714285714285,0.2308571428571428,0.6674285714285715,0.8331428571428572,0.3529142857142857,0.4448571428571429,0.3988857142857143,낮음,안정,안정,0,0,0.3529142857142857,0.4448571428571429,낮음,-0.0066919532568386,0.0066919532568386,0,0,1,1,0,0.45,3단계_안정정체,4,0,0.000270238878801854,0,0.01
11470,양천구,2023-11,133726.2931034483,129000.0,1579.4357832115932,1689.5207679960986,116,59915.55444126074,54000.0,731.0600711063507,740.4403288008682,698,1023,325,0.3176930596285435,0.4628615350348893,0.5371384649651106,0.0412299243830709,0.1299425000446983,-0.0887125756616273,0.0642201834862385,-0.1323155216284987,0.784,0.7554285714285714,0.1051428571428571,0.0205714285714285,0.9714285714285714,0.1462857142857143,0.568,0.5453142857142858,0.4684571428571429,0.5068857142857144,주의,보통,보통,0,0,0.5453142857142858,0.4684571428571429,주의,-0.0207293322289628,0.0207293322289628,0,0,0,1,0,0.2,1단계_활발관찰,4,0,0.04424449154679888,0,0.37
11470,양천구,2023-12,122912.64367816092,113000.0,1546.6039205655652,1663.6370821149137,87,57096.1087928465,52500.0,718.8354062713911,730.0792657488528,671,1009,338,0.3349851337958374,0.4647831268968502,0.5352168731031498,-0.020787082953932,-0.0167218335648662,-0.0040652493890658,-0.25,-0.013685239491691,0.7782857142857142,0.288,0.4651428571428571,0.0354285714285714,0.2765714285714286,0.4994285714285714,0.0685714285714285,0.4314857142857143,0.4997714285714285,0.4656285714285714,안정,보통,보통,0,0,0.4314857142857143,0.4997714285714285,안정,0.0172920741672938,0.0172920741672938,0,0,1,1,0,0.45,3단계_안정정체,4,0,0.003622857991330512,0,0.0033333333333333335
11470,양천구,2024-01,99270.94017094016,89000.0,1300.9226058272295,1200.282419392798,117,54674.67073170731,50000.0,699.7686282762143,715.3635735914813,656,990,334,0.3373737373737374,0.5379018130223404,0.4620981869776596,-0.158852122040719,-0.0265245393157196,-0.1323275827249994,0.3448275862068966,-0.018830525272547,0.5085714285714286,0.016,0.0582857142857142,0.0411428571428571,0.1954285714285714,0.6182857142857143,0.0937142857142857,0.1939428571428571,0.2617142857142857,0.2278285714285714,낮음,낮음,낮음,0,0,0.1939428571428571,0.2617142857142857,낮음,0.0023886035778999,0.0023886035778999,0,0,0,0,0,0.0,1단계_활발관찰,1,0,2.552781193128242e-09,0,0.0
11470,양천구,2024-02,109212.32876712328,94350.0,1359.8143509286704,1244.2967797168783,146,56148.70526315789,51000.0,706.4365325962328,706.939570256076,570,830,260,0.3132530120481928,0.5195095434268506,0.4804904565731493,0.0452692149691662,0.0095287271400605,0.0357404878291056,0.2478632478632478,-0.1616161616161616,0.5817142857142857,0.7782857142857142,0.7062857142857143,0.0148571428571428,0.5462857142857143,0.496,0.6537142857142857,0.5672,0.5869142857142857,0.5770571428571429,주의,주의,주의,0,0,0.5672,0.5869142857142857,주의,-0.0241207253255446,0.0241207253255446,0,1,0,0,0,0.2,1단계_활발관찰,2,0,0.07712463917927362,0,0.11666666666666667
11470,양천구,2024-03,112602.7950310559,100000.0,1378.254502657819,1236.6593257665593,161,53477.865793780686,50000.0,696.770200697842,704.4314381270904,611,981,370,0.3771661569826707,0.5055453832033153,0.4944546167966847,0.0135607862327349,-0.0136832276536803,0.0272440138864152,0.1027397260273972,0.1819277108433734,0.6297142857142857,0.5577142857142857,0.6697142857142857,0.1862857142857142,0.304,0.2457142857142857,0.7222857142857143,0.5206285714285714,0.5425714285714286,0.5316000000000001,보통,보통,보통,0,0,0.5206285714285714,0.5425714285714286,보통,0.0639131449344779,0.0639131449344779,0,0,0,0,1,0.1,1단계_활발관찰,2,0,0.04127385002679573,0,0.043333333333333335
11470,양천구,2024-04,115557.05128205128,103350.0,1388.796642984689,1221.189391628472,156,50714.778523489935,47000.0,678.2493949684598,697.6778838703524,596,860,264,0.3069767441860465,0.4883720006053739,0.5116279993946261,0.0076489068648353,-0.0265809383220363,0.0342298451868716,-0.0310559006211179,-0.1233435270132518,0.6937142857142857,0.5097142857142857,0.6982857142857143,0.0125714285714285,0.1942857142857142,0.0731428571428571,0.5268571428571428,0.4965142857142857,0.5278857142857143,0.5122,보통,보통,보통,0,0,0.4965142857142857,0.5278857142857143,보통,-0.0701894127966242,0.0701894127966242,1,0,1,0,1,0.6,3단계_안정정체,2,0,0.015409961089362873,0,0.20333333333333334
11470,양천구,2024-05,117151.35135135136,105000.0,1437.2607186025891,1390.0909671756,222,52679.04700162075,48500.0,695.2570609004747,698.0138333650613,617,1014,397,0.3915187376725838,0.4837376071729386,0.5162623928270613,0.034896452164332,0.0250758291244856,0.0098206230398463,0.4230769230769231,0.1790697674418604,0.7165714285714285,0.7074285714285714,0.552,0.2502857142857143,0.7074285714285714,0.6925714285714286,0.7177142857142857,0.6105142857142857,0.6245714285714286,0.6175428571428572,주의,주의,주의,1,0,0.6105142857142857,0.6245714285714286,주의,0.0845419934865373,0.0845419934865373,0,0,0,0,1,0.1,1단계_활발관찰,2,0,0.37317002641883745,1,0.8633333333333333
11470,양천구,2024-06,124251.07913669063,123000.0,1589.8885779706047,1556.200689792993,278,55962.38898450947,50200.0,722.3264462035604,719.3041150886584,581,830,249,0.3,0.4543252000247501,0.5456747999752499,0.1061935787937011,0.0389343551118004,0.0672592236819007,0.2522522522522523,-0.1814595660749507,0.808,0.96,0.8308571428571428,0.0102857142857142,0.8125714285714286,0.5051428571428571,0.7211428571428572,0.7313714285714286,0.7340571428571427,0.7327142857142857,높음,높음,높음,1,1,0.7313714285714286,0.7340571428571427,높음,-0.0915187376725838,0.0915187376725838,0,0,0,1,1,0.30000000000000004,2단계_완만정체,2,1,0.9915653453172804,1,0.6833333333333333
11470,양천구,2024-07,118401.6143497758,110000.0,1518.7761996115637,1407.647932491299,446,53359.16271721959,50000.0,705.5447144479778,704.3158163723384,633,947,314,0.3315733896515311,0.4645481767678642,0.5354518232321357,-0.0447279006493722,-0.0232328912277612,-0.0214950094216109,0.60431654676259,0.1409638554216867,0.7805714285714286,0.1554285714285714,0.3474285714285714,0.0285714285714285,0.2194285714285714,0.8365714285714285,0.5965714285714285,0.3687428571428571,0.4776571428571428,0.4231999999999999,안정,보통,안정,0,0,0.3687428571428571,0.4776571428571428,안정,0.0315733896515311,0.0315733896515311,0,0,0,1,0,0.2,1단계_활발관찰,4,0,0.0015680780374529263,0,0.0
11470,양천구,2024-08,118784.26315789472,114500.0,1552.4750252832391,1400.4118906973467,380,56335.364102564105,52000.0,731.7619024850424,725.8514796203239,585,871,286,0.3283582089552239,0.4713518031322514,0.5286481968677486,0.0221881444285827,0.0371587902229231,-0.0149706457943403,-0.147982062780269,-0.0802534318901795,0.7577142857142857,0.6251428571428571,0.3954285714285714,0.0251428571428571,0.8,0.3314285714285714,0.368,0.5464571428571429,0.5247428571428572,0.5356000000000001,주의,보통,보통,0,0,0.5464571428571429,0.5247428571428572,주의,-0.0032151806963072,0.0032151806963072,0,0,1,1,0,0.45,3단계_안정정체,4,0,0.03714572073405693,0,0.16
11470,양천구,2024-09,125412.6404494382,123500.0,1586.3519312156886,1552.6216247603556,178,55700.03301886792,54750.0,727.2519672015723,733.0859616573903,424,674,250,0.3709198813056379,0.4584430181543942,0.5415569818456059,0.0218212244195483,-0.0061631184517183,0.0279843428712667,-0.531578947368421,-0.2261768082663605,0.7965714285714286,0.6217142857142857,0.6765714285714286,0.16,0.3771428571428571,0.7828571428571428,0.8354285714285714,0.5914285714285714,0.6665714285714286,0.629,주의,높음,주의,1,0,0.5914285714285714,0.6665714285714286,주의,0.042561672350414,0.042561672350414,0,1,1,1,0,0.65,4단계_신중정체,4,0,0.1512398148154477,1,0.85
11470,양천구,2024-10,122376.25581395348,98150.0,1472.346638084136,1254.8466894217452,172,55333.449044585985,50000.0,718.1940705756354,733.6776831353061,628,995,367,0.3688442211055276,0.4877887122492922,0.5122112877507078,-0.07186633110106,-0.0124549633888118,-0.0594113677122482,-0.0337078651685393,0.4762611275964392,0.6982857142857143,0.072,0.1817142857142857,0.1474285714285714,0.3211428571428571,0.0777142857142857,0.9862857142857144,0.3180571428571428,0.3267428571428572,0.3224,낮음,낮음,낮음,0,0,0.3180571428571428,0.3267428571428572,낮음,-0.0020756602001102,0.0020756602001102,0,0,1,0,0,0.25,2단계_완만정체,4,0,4.3258870178316005e-05,0,0.05
11470,양천구,2024-11,138711.03184713377,132000.0,1638.964286749878,1566.9180018850143,157,60318.80104712042,57000.0,767.7228231628823,757.7192650123129,573,907,334,0.3682469680264608,0.4684194947806354,0.5315805052193646,0.113164688501989,0.0689629093533861,0.0442017791486029,-0.0872093023255814,-0.0884422110552763,0.7668571428571429,0.9668571428571427,0.7542857142857143,0.144,0.9222857142857144,0.2045714285714285,0.4,0.7364571428571428,0.6851999999999999,0.7108285714285714,높음,높음,높음,1,0,0.7364571428571428,0.6851999999999999,높음,-0.0005972530790668,0.0005972530790668,0,0,1,1,0,0.45,3단계_안정정체,2,1,0.9926136054164777,1,0.87
11470,양천구,2024-12,130527.58620689657,126000.0,1645.920550492214,1529.7717109908212,145,61623.467741935485,57000.0,755.5906499284554,755.0430390690074,558,958,400,0.4175365344467641,0.4590687258279236,0.5409312741720764,0.0042443046493285,-0.0158028039135849,0.0200471085629134,-0.0764331210191082,0.0562293274531422,0.7908571428571428,0.4788571428571428,0.6285714285714286,0.4022857142857143,0.2845714285714286,0.1794285714285714,0.2525714285714285,0.5714857142857143,0.5878857142857142,0.5796857142857142,주의,주의,주의,0,0,0.5714857142857143,0.5878857142857142,주의,0.0492895664203033,0.0492895664203033,1,0,1,1,0,0.7,4단계_신중정체,4,0,0.16812236405835465,0,0.15333333333333332
11470,양천구,2025-01,127784.4827586207,128500.0,1645.8034160292077,1627.9344107585232,116,56718.734375,52000.0,738.2924429906925,730.040139819575,512,832,320,0.3846153846153846,0.4485909044787097,0.5514090955212902,-7.116653532956985e-05,-0.0228936222800014,0.0228224557446719,-0.1999999999999999,-0.1315240083507306,0.8205714285714286,0.4434285714285714,0.6468571428571429,0.2137142857142857,0.2205714285714285,0.4285714285714285,0.5622857142857143,0.5405142857142857,0.6018285714285714,0.5711714285714286,보통,주의,주의,0,0,0.5405142857142857,0.6018285714285714,보통,-0.0329211498313795,0.0329211498313795,1,0,1,1,0,0.7,4단계_신중정체,4,0,0.10094569517898239,0,0.22
11470,양천구,2025-02,120431.02678571428,119500.0,1578.846969885327,1459.880454653662,224,56401.2352,52000.0,712.8223456479797,710.9879963065558,625,986,361,0.3661257606490872,0.4514828601151589,0.5485171398848411,-0.0406831371789377,-0.0344986564396324,-0.0061844807393053,0.9310344827586208,0.1850961538461537,0.8137142857142857,0.1771428571428571,0.448,0.1325714285714285,0.1417142857142857,0.9554285714285714,0.7337142857142858,0.4120571428571428,0.5410285714285714,0.4765428571428571,안정,보통,보통,0,0,0.4120571428571428,0.5410285714285714,안정,-0.0184896239662973,0.0184896239662973,0,0,0,1,0,0.2,1단계_활발관찰,4,0,0.01314262858462771,0,0.02
11470,양천구,2025-03,138380.4828973843,130500.0,1726.462336349562,1622.453813358598,497,56144.86541471048,50000.0,718.7481545143313,701.5590200445434,639,979,340,0.3472931562819203,0.4163126755687326,0.5836873244312675,0.0934956770857635,0.0083131637251985,0.085182513360565,1.21875,-0.0070993914807302,0.8822857142857143,0.9371428571428572,0.8891428571428571,0.0674285714285714,0.528,0.9817142857142858,0.0365714285714285,0.7397142857142858,0.8234285714285714,0.7815714285714286,높음,높음,높음,1,1,0.7397142857142858,0.8234285714285714,높음,-0.0188326043671668,0.0188326043671668,0,1,0,1,0,0.4,2단계_완만정체,3,1,0.9996569538899622,1,0.9333333333333333
11470,양천구,2025-04,144143.57798165138,143000.0,1827.0249233752984,1733.795678847693,327,56399.06375227687,50000.0,707.9428625109657,694.2810072958342,549,949,400,0.4214963119072708,0.387483965573437,0.612516034426563,0.0582477734431012,-0.0150334883442823,0.0732812617873835,-0.3420523138832998,-0.0306435137895811,0.9405714285714286,0.8365714285714285,0.8491428571428571,0.4291428571428571,0.296,0.6102857142857143,0.1611428571428571,0.7551142857142856,0.8127428571428571,0.7839285714285713,높음,높음,높음,1,1,0.7551142857142856,0.8127428571428571,높음,0.0742031556253505,0.0742031556253505,0,0,1,1,1,0.55,3단계_안정정체,4,1,0.9969943876822618,1,0.9833333333333333
11470,양천구,2025-05,134222.0338983051,127000.0,1645.1580745245635,1518.004236290892,413,56280.76451077944,52500.0,724.4018244801205,721.0467706013362,603,945,342,0.3619047619047619,0.4403235383259242,0.5596764616740757,-0.0995426206418403,0.023248997681504,-0.1227916183233444,0.2629969418960245,-0.0042149631190726,0.8388571428571429,0.04,0.0662857142857142,0.1085714285714285,0.6937142857142857,0.5177142857142857,0.0228571428571428,0.3605714285714286,0.3807999999999999,0.3706857142857143,안정,안정,안정,0,0,0.3605714285714286,0.3807999999999999,안정,-0.0595915500025089,0.0595915500025089,0,0,0,1,1,0.30000000000000004,2단계_완만정체,4,0,1.3562609150532059e-05,0,0.013333333333333334
11470,양천구,2025-06,145917.17647058822,136000.0,1770.5691084757154,1531.4576464090246,595,54521.15909090909,50000.0,695.774287153281,710.1434609142889,748,1019,271,0.2659470068694798,0.3929664670091718,0.6070335329908282,0.0762303853308408,-0.0395188641985883,0.1157492495294291,0.4406779661016948,0.0783068783068783,0.9268571428571428,0.8948571428571429,0.936,0.0022857142857142,0.1222857142857142,0.7108571428571429,0.3542857142857142,0.7015428571428571,0.8086857142857143,0.7551142857142857,높음,높음,높음,1,1,0.7015428571428571,0.8086857142857143,높음,-0.095957755035282,0.095957755035282,0,0,0,1,1,0.30000000000000004,2단계_완만정체,3,1,0.997902869569442,1,0.8866666666666667
11470,양천구,2025-07,137255.77889447237,114800.0,1861.4820089433624,1459.3562465902892,199,59726.39897260274,54600.0,747.1064452423155,750.2123843029194,584,931,347,0.3727175080558539,0.4013503443239816,0.5986496556760184,0.051346711084276,0.0737770265973136,-0.0224303155130376,-0.665546218487395,-0.0863591756624141,0.9165714285714286,0.8045714285714286,0.3451428571428571,0.1668571428571428,0.928,0.8685714285714285,0.3908571428571428,0.6629714285714285,0.6715428571428572,0.6672571428571429,높음,높음,높음,1,0,0.6629714285714285,0.6715428571428572,높음,0.1067705011863741,0.1067705011863741,0,0,1,1,1,0.55,3단계_안정정체,4,1,0.825454124971286,1,0.8533333333333334
11470,양천구,2025-08,110003.43511450382,104000.0,1424.2927463877504,1235.730257738025,131,45642.26056338028,38415.0,577.9654054526624,585.3286206547076,710,1085,375,0.3456221198156682,0.4057911598008775,0.5942088401991225,-0.2348608584209602,-0.2263948341856348,-0.0084660242353253,-0.3417085427135679,0.1654135338345865,0.9017142857142856,0.0034285714285714,0.4297142857142857,0.0651428571428571,0.0022857142857142,0.6068571428571429,0.6674285714285715,0.3673142857142857,0.4909142857142857,0.4291142857142856,안정,보통,안정,0,0,0.3673142857142857,0.4909142857142857,안정,-0.0270953882401857,0.0270953882401857,0,0,1,1,0,0.45,3단계_안정정체,4,0,2.7620204936066808e-08,0,0.05
11470,양천구,2025-09,122276.00536193028,112000.0,1584.4709001760673,1362.673570251824,373,56645.08442776735,52500.0,727.3306317654191,730.6889352818371,533,882,349,0.3956916099773243,0.4590369136376046,0.5409630863623953,0.1124615386791487,0.2584328143235042,-0.1459712756443554,1.8473282442748096,-0.1870967741935484,0.792,0.9657142857142856,0.0445714285714285,0.2731428571428571,0.9931428571428572,0.9965714285714286,0.7405714285714285,0.6282285714285715,0.6084571428571429,0.6183428571428572,주의,주의,주의,1,0,0.6282285714285715,0.6084571428571429,주의,0.050069490161656,0.050069490161656,0,0,0,1,0,0.2,1단계_활발관찰,4,1,0.9849897306341365,1,0.8866666666666667
11470,양천구,2025-10,135261.99541284403,118000.0,1713.166900549049,1412.0969639915274,436,54171.08387096774,49785.0,688.6177011151586,709.7313682450089,620,950,330,0.3473684210526316,0.4019559920837048,0.5980440079162952,0.0812233284679957,-0.0532260418570494,0.1344493703250452,0.1689008042895441,0.0770975056689342,0.9154285714285716,0.9108571428571428,0.9508571428571428,0.0685714285714285,0.08,0.3691428571428571,0.3485714285714286,0.7108,0.7840571428571429,0.7474285714285714,높음,높음,높음,1,1,0.7108,0.7840571428571429,높음,-0.0483231889246926,0.0483231889246926,0,0,0,1,0,0.2,1단계_활발관찰,3,1,0.9994411593812123,1,0.8333333333333334
11470,양천구,2025-11,133297.86585365853,120000.0,1867.4347077336488,1441.6563511903328,164,64586.91341991342,59000.0,806.21646424052,811.8765947575968,693,1042,349,0.3349328214971209,0.4317240441669622,0.5682759558330377,0.090048323450073,0.170775109229577,-0.0807267857795039,-0.6238532110091743,0.0968421052631578,0.8548571428571429,0.9302857142857144,0.1222857142857142,0.0342857142857142,0.9828571428571428,0.8468571428571429,0.4342857142857143,0.6169142857142856,0.6039428571428571,0.6104285714285713,주의,주의,주의,0,0,0.6169142857142856,0.6039428571428571,주의,-0.0124355995555107,0.0124355995555107,0,0,1,1,0,0.45,3단계_안정정체,4,1,0.7694347797934702,0,0.45
11470,양천구,2025-12,145355.45454545456,141000.0,1983.9822758329344,1591.1120498670598,220,63858.1265625,59425.0,799.0467587464506,805.0850837111328,640,1056,416,0.3939393939393939,0.4027489400886845,0.5972510599113154,0.062410518352596,-0.0088930278803268,0.0713035462329229,0.3414634146341464,0.0134357005758156,0.912,0.8537142857142858,0.8457142857142858,0.264,0.3474285714285714,0.6057142857142858,0.064,0.7305142857142858,0.7883428571428572,0.7594285714285716,높음,높음,높음,1,1,0.7305142857142858,0.7883428571428572,높음,0.059006572442273,0.059006572442273,0,1,0,1,0,0.4,2단계_완만정체,3,1,0.9971029281615533,1,0.9666666666666667
11470,양천구,2026-01,132649.79338842974,120500.0,1738.1761970060968,1470.5277747352395,242,61076.239092495634,57000.0,780.8659534276082,785.0063781768227,573,944,371,0.3930084745762712,0.4492444176675544,0.5507555823324456,-0.1238952997821721,-0.0227531181621517,-0.1011421816200204,0.1,-0.106060606060606,0.8182857142857143,0.0262857142857142,0.0925714285714285,0.2594285714285714,0.2251428571428571,0.24,0.4651428571428571,0.332,0.3647428571428571,0.3483714285714285,낮음,안정,낮음,0,0,0.332,0.3647428571428571,낮음,-0.0009309193631227,0.0009309193631227,0,0,0,1,0,0.2,1단계_활발관찰,4,0,3.6383640171185245e-06,0,0.006666666666666667
11470,양천구,2026-02,126713.6862745098,109000.0,1648.7531591587656,1295.704650337238,255,61681.17738359202,55965.0,770.122911119191,764.9758738378251,451,713,262,0.367461430575035,0.4670941231203624,0.5329058768796375,-0.0514464747597838,-0.0137578572369055,-0.0376886175228782,0.0537190082644627,-0.2447033898305084,0.7714285714285715,0.128,0.2697142857142857,0.1382857142857143,0.3028571428571429,0.1211428571428571,0.8605714285714285,0.3684,0.3889714285714286,0.3786857142857143,안정,안정,안정,0,0,0.3684,0.3889714285714286,안정,-0.0255470440012361,0.0255470440012361,0,0,0,1,0,0.2,1단계_활발관찰,4,0,0.00046629904545053227,0,0.006666666666666667
11470,양천구,2026-03,116880.24390243902,88500.0,1512.7154635763518,1238.2526076629144,205,58523.71597633136,53500.0,757.1684631482863,763.041065482797,507,852,345,0.4049295774647887,0.500535944385862,0.499464055614138,-0.0825094374053079,-0.0168212733108777,-0.0656881640944301,-0.196078431372549,0.1949509116409538,0.6525714285714286,0.0537142857142857,0.1611428571428571,0.328,0.2754285714285714,0.4228571428571429,0.7657142857142857,0.3181714285714286,0.3545142857142857,0.3363428571428571,낮음,안정,낮음,0,0,0.3181714285714286,0.3545142857142857,낮음,0.0374681468897536,0.0374681468897536,0,0,1,0,0,0.25,2단계_완만정체,4,0,1.370676563365237e-05,0,0.006666666666666667
11470,양천구,2026-04,118043.84955752212,93150.0,1582.106144539307,1242.720682233503,226,56738.00742574257,52500.0,761.9809662751718,778.4128779463149,404,703,299,0.4253200568990042,0.4816244276056792,0.5183755723943207,0.0458716015230664,0.006355921252815,0.0395156802702514,0.102439024390244,-0.1748826291079812,0.7234285714285714,0.784,0.7302857142857143,0.4514285714285714,0.512,0.2445714285714285,0.7005714285714286,0.678,0.6621714285714286,0.6700857142857144,높음,높음,높음,1,0,0.678,0.6621714285714286,높음,0.0203904794342155,0.0203904794342155,0,1,0,0,0,0.2,1단계_활발관찰,2,1,0.7041088394672225,1,0.9633333333333334
11560,영등포구,2023-06,105117.21459227469,95000.0,1402.6477381424202,1343.8602385351924,233,48846.00367647059,47000.0,664.1334960399897,648.0195210093663,544,869,325,0.3739930955120829,0.4734855929825453,0.5265144070174548,0.0192753853385623,-0.0045562172229083,0.0238316025614706,0.2135416666666667,-0.0685959271168275,0.7508571428571429,0.6034285714285714,0.6502857142857142,0.1714285714285714,0.3965714285714286,0.4514285714285714,0.3085714285714285,0.5715428571428571,0.6083428571428571,0.5899428571428571,주의,주의,주의,0,0,0.5715428571428571,0.6083428571428571,주의,0.0,0.0,0,1,0,1,0,0.4,2단계_완만정체,2,0,0.17762615571183543,0,0.46
11560,영등포구,2023-07,107689.85635359117,96500.0,1382.2526368957797,1341.2585240508831,181,49967.52877697842,46100.0,695.1359855009165,650.0565007113529,556,850,294,0.3458823529411765,0.5029008206936986,0.4970991793063014,-0.0145404299968078,0.046681111020276,-0.0612215410170838,-0.223175965665236,-0.0218642117376294,0.6422857142857142,0.3325714285714286,0.1737142857142857,0.0662857142857142,0.8525714285714285,0.4674285714285714,0.1131428571428571,0.4057714285714285,0.3881142857142857,0.3969428571428571,안정,안정,안정,0,0,0.4057714285714285,0.3881142857142857,안정,-0.0281107425709064,0.0281107425709064,0,0,1,0,0,0.25,2단계_완만정체,2,0,0.00042181402363803447,0,0.0
11560,영등포구,2023-08,108482.34183673467,96150.0,1374.5162965732927,1336.8373659071335,196,49921.39962825279,47750.0,683.2856340535668,649.3306443185159,538,936,398,0.4252136752136752,0.4971098820414257,0.5028901179585743,-0.005596907624543,-0.0170475298280095,0.0114506222034664,0.0828729281767954,0.1011764705882352,0.6651428571428571,0.3988571428571428,0.5634285714285714,0.4502857142857143,0.2697142857142857,0.1965714285714285,0.4514285714285714,0.5064571428571428,0.5181142857142857,0.5122857142857142,보통,보통,보통,0,0,0.5064571428571428,0.5181142857142857,보통,0.0793313222724987,0.0793313222724987,1,0,0,0,1,0.35,2단계_완만정체,2,0,0.024517875675756435,0,0.02
11560,영등포구,2023-09,110150.6195652174,100000.0,1409.05748597096,1358.2381803358562,184,52964.83546617916,49000.0,707.1156820271975,688.840779374139,547,830,283,0.3409638554216867,0.501835935770878,0.4981640642291219,0.0251297052525163,0.0348756753925292,-0.0097459701400128,-0.0612244897959183,-0.1132478632478632,0.6457142857142857,0.6491428571428571,0.4194285714285714,0.0525714285714285,0.7862857142857143,0.1394285714285714,0.4937142857142857,0.5264,0.4798857142857142,0.5031428571428571,보통,보통,보통,0,0,0.5264,0.4798857142857142,보통,-0.0842498197919884,0.0842498197919884,0,0,1,0,1,0.35,2단계_완만정체,2,0,0.01915809746023031,0,0.02666666666666667
11560,영등포구,2023-10,100846.06837606838,93000.0,1382.1438507765888,1343.351548269581,117,54022.94953271028,51000.0,706.357790857453,678.7023211619384,535,846,311,0.367612293144208,0.5110595329571302,0.4889404670428697,-0.0191004522259256,-0.0010718064794883,-0.0180286457464372,-0.3641304347826086,0.0192771084337348,0.6102857142857143,0.3028571428571429,0.3725714285714285,0.1405714285714285,0.4262857142857142,0.6365714285714286,0.1005714285714285,0.3970285714285714,0.4450285714285714,0.4210285714285714,안정,안정,안정,0,0,0.3970285714285714,0.4450285714285714,안정,0.0266484377225212,0.0266484377225212,0,1,1,0,0,0.45,3단계_안정정체,2,0,0.000653523876306982,0,0.0
11560,영등포구,2023-11,108938.68131868132,97000.0,1363.0006369006396,1329.8185327276578,91,54251.33826247689,52000.0,723.4311300926632,698.2204646564508,541,873,332,0.3802978235967926,0.5307636038510525,0.4692363961489475,-0.0138503773432795,0.0241709505525307,-0.0380213278958102,-0.2222222222222222,0.0319148936170212,0.5337142857142857,0.3371428571428571,0.2651428571428571,0.1954285714285714,0.6994285714285714,0.4651428571428571,0.1634285714285714,0.3966857142857143,0.3865714285714285,0.3916285714285714,안정,안정,안정,0,0,0.3966857142857143,0.3865714285714285,안정,0.0126855304525845,0.0126855304525845,0,0,1,0,0,0.25,2단계_완만정체,2,0,0.0003985365882396173,0,0.0
11560,영등포구,2023-12,110791.35802469136,97300.0,1325.6053767852252,1280.6572429624262,81,56595.740432612314,55000.0,730.920379538643,710.132706049443,601,947,346,0.365364308342133,0.5513861005235398,0.4486138994764602,-0.0274359813950259,0.0103524014027713,-0.0377883827977972,-0.1098901098901099,0.0847651775486826,0.4502857142857143,0.2468571428571428,0.2674285714285714,0.128,0.5565714285714286,0.2605714285714285,0.3828571428571428,0.3251428571428571,0.3126857142857142,0.3189142857142857,낮음,낮음,낮음,0,0,0.3251428571428571,0.3126857142857142,낮음,-0.0149335152546595,0.0149335152546595,0,0,1,0,0,0.25,2단계_완만정체,2,0,6.300346098225511e-05,0,0.0033333333333333335
11560,영등포구,2024-01,101573.07692307692,98000.0,1349.1197419643129,1328.7037617358387,117,52723.5036075036,50000.0,715.1924918056332,703.125,693,1159,466,0.4020707506471095,0.5301178757967886,0.4698821242032114,0.0177385861515688,-0.0215179220244717,0.0392565081760406,0.4444444444444444,0.2238648363252375,0.536,0.5931428571428572,0.728,0.304,0.2331428571428571,0.7165714285714285,0.8297142857142857,0.5236000000000001,0.5902857142857143,0.5569428571428572,보통,주의,주의,0,0,0.5236000000000001,0.5902857142857143,보통,0.0367064423049764,0.0367064423049764,0,0,0,0,0,0.0,1단계_활발관찰,2,0,0.05787196786457135,0,0.08333333333333333
11560,영등포구,2024-02,100937.34375,96000.0,1323.8041862809032,1297.894176142708,128,55272.29948364888,54000.0,743.9940512269559,717.5925925925925,581,940,359,0.3819148936170213,0.5620121608144582,0.4379878391855418,-0.0187644987290381,0.0402710595417576,-0.0590355582707958,0.0940170940170941,-0.1889559965487489,0.3885714285714285,0.3085714285714285,0.1828571428571428,0.2022857142857143,0.8194285714285714,0.2205714285714285,0.7462857142857143,0.3425714285714286,0.2857142857142857,0.3141428571428571,낮음,낮음,낮음,0,0,0.3425714285714286,0.2857142857142857,낮음,-0.0201558570300882,0.0201558570300882,0,0,0,0,0,0.0,1단계_활발관찰,2,0,6.792292913009158e-05,0,0.0
11560,영등포구,2024-03,102791.54228855722,95500.0,1333.561353149791,1267.8437265214125,201,57582.377966101696,55000.0,753.912110091968,728.1672960187921,590,1156,566,0.4896193771626297,0.5653374014710859,0.4346625985289141,0.007370551453157,0.0133308308697572,-0.0059602794166002,0.5703125,0.2297872340425533,0.376,0.5028571428571429,0.4491428571428571,0.7508571428571429,0.5851428571428572,0.8182857142857143,0.8411428571428572,0.4994857142857143,0.5013714285714286,0.5004285714285714,보통,보통,보통,0,0,0.4994857142857143,0.5013714285714286,보통,0.1077044835456084,0.1077044835456084,1,0,0,0,1,0.35,2단계_완만정체,0,0,0.013326152971734439,0,0.0
11560,영등포구,2024-04,116552.82287822878,108000.0,1469.3650125278243,1435.7403634474178,271,58343.75052410901,55000.0,756.5494074699567,729.9270072992701,477,814,337,0.414004914004914,0.5148818714339916,0.4851181285660084,0.1018353291787239,0.0034981496419614,0.0983371795367624,0.3482587064676616,-0.2958477508650519,0.5988571428571429,0.9485714285714286,0.9142857142857144,0.3817142857142857,0.4708571428571428,0.6217142857142857,0.9074285714285716,0.7040000000000001,0.7282285714285714,0.7161142857142857,높음,높음,높음,1,0,0.7040000000000001,0.7282285714285714,높음,-0.0756144631577157,0.0756144631577157,0,1,0,0,1,0.30000000000000004,2단계_완만정체,2,1,0.9888544337352532,1,0.95
11560,영등포구,2024-05,117066.2271062271,105000.0,1478.9359743919922,1379.0865579621968,273,57311.62947368421,53000.0,767.741635932588,752.0964689070785,475,782,307,0.3925831202046035,0.5191175610210006,0.4808824389789994,0.0065136720845844,0.0147937839249128,-0.0082801118403283,0.0073800738007379,-0.0393120393120393,0.584,0.4937142857142857,0.432,0.2571428571428571,0.6034285714285714,0.0171428571428571,0.1885714285714285,0.4839428571428571,0.4385714285714285,0.4612571428571428,보통,안정,보통,0,0,0.4839428571428571,0.4385714285714285,보통,-0.0214217938003105,0.0214217938003105,1,0,0,0,0,0.25,2단계_완만정체,2,0,0.0073222668699358924,0,0.0
11560,영등포구,2024-06,115789.42934782608,108000.0,1499.443835056358,1464.947679315724,368,47728.0,47400.0,814.4059467271543,802.9283268390601,655,1210,555,0.4586776859504132,0.5431386809473554,0.4568613190526446,0.013866631834956,0.0607812688677258,-0.0469146370327697,0.3479853479853481,0.5473145780051152,0.4845714285714286,0.5645714285714286,0.2274285714285714,0.6251428571428571,0.8994285714285715,0.6205714285714286,0.9954285714285714,0.5157142857142858,0.4639428571428572,0.4898285714285715,보통,보통,보통,0,0,0.5157142857142858,0.4639428571428572,보통,0.0660945657458096,0.0660945657458096,0,0,0,0,1,0.1,1단계_활발관찰,0,0,0.012241878544479048,0,0.016666666666666666
11560,영등포구,2024-07,115453.95569620254,105850.0,1469.4368202095582,1402.6662041102477,474,54874.30272108843,53700.0,804.9339358968547,785.8613030420573,588,989,401,0.4054600606673407,0.5477839705840922,0.4522160294159077,-0.0200120965822451,-0.0116305767023984,-0.0083815198798467,0.2880434782608696,-0.1826446280991736,0.464,0.296,0.4308571428571429,0.3325714285714286,0.3337142857142857,0.5531428571428572,0.7268571428571429,0.3826285714285714,0.4178857142857142,0.4002571428571428,안정,안정,안정,0,0,0.3826285714285714,0.4178857142857142,안정,-0.0532176252830725,0.0532176252830725,0,0,0,0,0,0.0,1단계_활발관찰,2,0,0.0006068796653778398,0,0.0
11560,영등포구,2024-08,116636.2324929972,98700.0,1464.9926890987035,1408.7152516904582,357,55332.51871657754,53000.0,788.6773256504391,755.0969041026932,561,908,347,0.38215859030837,0.5383489839363301,0.4616510160636699,-0.0030243771285251,-0.0201962043360769,0.0171718272075518,-0.2468354430379746,-0.0819009100101112,0.5074285714285715,0.424,0.6091428571428571,0.2034285714285714,0.2445714285714285,0.4937142857142857,0.3748571428571428,0.4350285714285714,0.4844,0.4597142857142857,안정,보통,안정,0,0,0.4350285714285714,0.4844,안정,-0.0233014703589706,0.0233014703589706,1,0,1,0,0,0.5,3단계_안정정체,2,0,0.0017442503206654303,0,0.006666666666666667
11560,영등포구,2024-09,191695.29411764705,129000.0,2014.4160713469848,1648.5605075828405,204,54642.076419213976,55000.0,777.7344689906711,769.2798507884827,458,809,351,0.4338689740420272,0.3860843249084194,0.6139156750915806,0.3750348969907136,-0.0138749477179951,0.3889098447087087,-0.4285714285714286,-0.1090308370044053,0.9428571428571428,1.0,1.0,0.5062857142857143,0.3017142857142857,0.7011428571428572,0.4777142857142857,0.8389714285714285,0.9007428571428572,0.8698571428571429,높음,높음,높음,1,1,0.8389714285714285,0.9007428571428572,높음,0.0517103837336571,0.0517103837336571,0,0,1,1,0,0.45,3단계_안정정체,3,1,0.9999999999999976,1,0.9966666666666667
11560,영등포구,2024-10,125677.09523809524,105000.0,1577.7743511207875,1429.6047851235646,210,57300.53171641791,56000.0,797.1440001082332,766.1742954984053,536,889,353,0.3970753655793025,0.5052332100226968,0.4947667899773031,-0.2167584574194876,0.0249565010828842,-0.2417149585023719,0.0294117647058822,0.0988875154511743,0.632,0.0057142857142857,0.0137142857142857,0.2845714285714286,0.7062857142857143,0.0662857142857142,0.4411428571428571,0.3070857142857142,0.2608571428571428,0.2839714285714285,낮음,낮음,낮음,0,0,0.3070857142857142,0.2608571428571428,낮음,-0.0367936084627246,0.0367936084627246,0,0,0,0,0,0.0,1단계_활발관찰,1,0,4.1725915849349184e-11,0,0.0033333333333333335
11560,영등포구,2024-11,120442.45810055868,105000.0,1570.234745830974,1435.2507614976748,179,55794.489795918365,53000.0,800.281273914826,795.2262536800279,490,1070,580,0.5420560747663551,0.5096570917435114,0.4903429082564886,-0.0047786334493636,0.0039356425014387,-0.0087142759508024,-0.1476190476190476,0.2035995500562428,0.6114285714285714,0.4057142857142857,0.4285714285714285,0.8948571428571429,0.4754285714285714,0.3291428571428571,0.7862857142857143,0.552342857142857,0.5246857142857143,0.5385142857142857,주의,보통,보통,0,0,0.552342857142857,0.5246857142857143,주의,0.1449807091870525,0.1449807091870525,1,1,1,0,1,0.7999999999999999,4단계_신중정체,0,0,0.05210720010749254,0,0.006666666666666667
11560,영등포구,2024-12,119704.90697674418,103350.0,1478.8336330769998,1396.0126752960095,172,57674.8353909465,54600.0,780.2947741039363,771.3043331764316,486,949,463,0.4878819810326659,0.5276420258852119,0.4723579741147881,-0.0582085659463638,-0.0249743439742372,-0.0332342219721265,-0.0391061452513966,-0.1130841121495327,0.5451428571428572,0.1017142857142857,0.2937142857142857,0.7462857142857143,0.2022857142857143,0.0902857142857142,0.4925714285714285,0.3798857142857143,0.3682285714285714,0.3740571428571428,안정,안정,안정,0,0,0.3798857142857143,0.3682285714285714,안정,-0.0541740937336892,0.0541740937336892,0,0,1,0,0,0.25,2단계_완만정체,2,0,0.00017340885309051073,0,0.0033333333333333335
11560,영등포구,2025-01,127018.06930693069,103000.0,1608.177225461821,1449.5410464945712,202,54141.42533936651,52500.0,761.7302383911957,741.0333172861494,442,787,345,0.4383735705209657,0.4736606303900674,0.5263393696099326,0.0874632477188774,-0.0237916955602572,0.1112549432791347,0.1744186046511628,-0.1707060063224447,0.7497142857142857,0.92,0.9291428571428572,0.5257142857142857,0.2114285714285714,0.3828571428571428,0.6845714285714286,0.7407428571428571,0.7695428571428572,0.7551428571428571,높음,높음,높음,1,1,0.7407428571428571,0.7695428571428572,높음,-0.0495084105117001,0.0495084105117001,0,0,0,0,0,0.0,1단계_활발관찰,3,1,0.9968868711004275,1,0.9933333333333333
11560,영등포구,2025-02,125461.46131805156,108000.0,1607.89633642616,1460.5332124074653,349,54080.4759535655,52000.0,755.463362055547,739.7133610725843,603,1021,418,0.4094025465230166,0.4698458134028098,0.5301541865971902,-0.0001746629856548,-0.0082271597211167,0.0080524967354619,0.7277227722772277,0.2973316391359593,0.7611428571428571,0.4411428571428571,0.5394285714285715,0.3565714285714286,0.36,0.8925714285714286,0.9097142857142856,0.536,0.6144000000000001,0.5752,보통,주의,주의,0,0,0.536,0.6144000000000001,보통,-0.028971023997949,0.028971023997949,1,1,0,1,0,0.65,4단계_신중정체,3,0,0.17135221020477576,0,0.09
11560,영등포구,2025-03,134336.37655417406,113000.0,1624.6637275947517,1501.0176390773406,563,55723.78859527121,54000.0,759.1027481986806,748.574144486692,719,1087,368,0.3385464581416743,0.4672368412646851,0.5327631587353149,0.0104281543459825,0.0048174224269872,0.0056107319189953,0.6131805157593124,0.0646425073457395,0.7691428571428571,0.5337142857142857,0.5302857142857142,0.0468571428571428,0.4925714285714285,0.8422857142857143,0.2857142857142857,0.5265142857142857,0.5974285714285714,0.5619714285714286,보통,주의,주의,0,0,0.5265142857142857,0.5974285714285714,보통,-0.0708560883813423,0.0708560883813423,0,1,0,1,1,0.5,3단계_안정정체,2,0,0.09661352795894515,0,0.07
11560,영등포구,2025-04,135228.92287917738,114800.0,1661.645292527227,1519.425680649702,389,56907.64124783362,52500.0,760.1014620702629,741.2218159228564,577,908,331,0.3645374449339207,0.457439060844454,0.5425609391555459,0.022762596532653,0.001315650449102,0.0214469460835509,-0.3090586145648313,-0.1646734130634775,0.8011428571428572,0.6297142857142857,0.64,0.1257142857142857,0.448,0.5862857142857143,0.664,0.5894285714285714,0.6375428571428572,0.6134857142857143,주의,주의,주의,1,0,0.5894285714285714,0.6375428571428572,주의,0.0259909867922464,0.0259909867922464,0,1,1,1,0,0.65,4단계_신중정체,4,0,0.17618824249472764,1,0.8633333333333333
11560,영등포구,2025-05,125362.1186440678,112000.0,1618.352101085513,1509.8431765098433,531,54851.624750499,51500.0,760.351705579002,740.7407407407408,501,846,345,0.4078014184397163,0.4698308267212028,0.5301691732787972,-0.026054412236121,0.0003292238223795,-0.0263836360585005,0.3650385604113111,-0.0682819383259911,0.7622857142857142,0.2617142857142857,0.3188571428571428,0.3474285714285714,0.4377142857142857,0.6388571428571429,0.3051428571428571,0.4537714285714286,0.4974857142857142,0.4756285714285714,안정,보통,보통,0,0,0.4537714285714286,0.4974857142857142,안정,0.0432639735057955,0.0432639735057955,0,1,0,1,0,0.4,2단계_완만정체,4,0,0.00898716221043829,0,0.0033333333333333335
11560,영등포구,2025-06,140217.02872062664,123000.0,1690.494954958608,1549.1092191247376,766,56270.726333907056,53000.0,767.4494394515272,764.6314100555297,581,951,370,0.3890641430073607,0.4539791362289622,0.5460208637710378,0.0445779715209719,0.0093348036447427,0.0352431678762292,0.4425612052730696,0.1241134751773049,0.8091428571428572,0.7748571428571429,0.7028571428571428,0.232,0.5394285714285715,0.7131428571428572,0.5331428571428571,0.6657714285714286,0.7084,0.6870857142857143,높음,높음,높음,1,0,0.6657714285714286,0.7084,높음,-0.0187372754323555,0.0187372754323555,0,1,0,1,0,0.4,2단계_완만정체,3,1,0.8651972761754683,1,0.95
11560,영등포구,2025-07,113468.13671875,96000.0,1557.2655678868043,1422.2160281276304,256,55936.730275229354,54600.0,755.153939940865,730.7240047035108,545,1033,488,0.4724104549854792,0.4849230314426089,0.515076968557391,-0.0788108752889272,-0.0160212502330437,-0.0627896250558834,-0.6657963446475196,0.0862250262881176,0.7085714285714285,0.0628571428571428,0.168,0.6811428571428572,0.2834285714285714,0.8697142857142857,0.3897142857142857,0.3923999999999999,0.4576571428571429,0.4250285714285714,안정,보통,안정,0,0,0.3923999999999999,0.4576571428571429,안정,0.0833463119781184,0.0833463119781184,0,0,1,0,1,0.35,2단계_완만정체,4,0,5.615047280205588e-05,0,0.0033333333333333335
11560,영등포구,2025-08,112719.4693877551,104000.0,1535.683797139893,1495.0445153704015,245,56165.25173210161,53000.0,739.0073932759944,717.7033492822967,433,805,372,0.462111801242236,0.4812236702974568,0.5187763297025432,-0.0138587606327145,-0.0213817949041422,0.0075230342714277,-0.04296875,-0.2207163601161664,0.7245714285714285,0.336,0.5371428571428571,0.6365714285714286,0.2342857142857143,0.0982857142857142,0.8194285714285714,0.5277142857142857,0.5285714285714286,0.5281428571428571,보통,보통,보통,0,0,0.5277142857142857,0.5285714285714286,보통,-0.0102986537432431,0.0102986537432431,0,0,1,0,0,0.25,2단계_완만정체,4,0,0.032831669403421415,0,0.02666666666666667
11560,영등포구,2025-09,126101.3,118000.0,1629.9264157911996,1538.1335169516913,500,57412.705882352944,55000.0,785.0900234500849,777.1663512039811,476,882,406,0.4603174603174603,0.4816720655876886,0.5183279344123114,0.0613685049141152,0.0623574684006986,-0.0009889634865833,1.0408163265306123,0.0956521739130433,0.7222857142857143,0.8514285714285714,0.4948571428571429,0.632,0.9051428571428572,0.9622857142857144,0.4297142857142857,0.7138285714285715,0.7062285714285714,0.7100285714285715,높음,높음,높음,1,0,0.7138285714285715,0.7062285714285714,높음,-0.0017943409247757,0.0017943409247757,0,0,0,0,0,0.0,1단계_활발관찰,3,1,0.9516026288431151,1,0.9533333333333334
11560,영등포구,2025-10,131707.30434782608,123250.0,1664.0963057347376,1565.3403210532392,460,62880.18828451883,60000.0,792.5057229262532,765.0915068989666,478,783,305,0.3895274584929757,0.4762378957246367,0.5237621042753633,0.020964069060106,0.0094456677000935,0.0115184013600124,-0.0799999999999999,-0.1122448979591836,0.7405714285714285,0.616,0.5657142857142857,0.2354285714285714,0.5428571428571428,0.188,0.488,0.5789142857142857,0.5661714285714285,0.5725428571428571,주의,주의,주의,0,0,0.5789142857142857,0.5661714285714285,주의,-0.0707900018244845,0.0707900018244845,0,1,1,0,1,0.55,3단계_안정정체,4,0,0.1266310335086439,0,0.42333333333333334
11560,영등포구,2025-11,126593.11926605504,110000.0,1638.783061973935,1492.9107589658047,109,60664.277039848195,58800.0,797.3551301912864,776.65333019534,527,897,370,0.4124860646599777,0.486553192239406,0.513446807760594,-0.0152114055379902,0.0061190816983973,-0.0213304872363876,-0.7630434782608696,0.1455938697318006,0.7051428571428572,0.328,0.3508571428571428,0.3702857142857143,0.5108571428571429,0.9017142857142856,0.6091428571428571,0.4703428571428572,0.5273142857142857,0.4988285714285714,보통,보통,보통,0,0,0.4703428571428572,0.5273142857142857,보통,0.022958606167002,0.022958606167002,0,1,1,0,0,0.45,3단계_안정정체,4,0,0.0029790863186277814,0,0.006666666666666667
11560,영등포구,2025-12,111856.75105485231,106500.0,1565.6398059034134,1501.5015015015017,237,64462.62378167641,61950.0,827.5497464865018,805.8058058058058,513,943,430,0.4559915164369035,0.5285696897627005,0.4714303102372995,-0.0446326654013738,0.0378684668247781,-0.082501132226152,1.1743119266055049,0.0512820512820513,0.5394285714285715,0.1565714285714285,0.1142857142857142,0.6034285714285714,0.8022857142857143,0.9771428571428572,0.2371428571428571,0.3945714285714286,0.4067428571428571,0.4006571428571428,안정,안정,안정,0,0,0.3945714285714286,0.4067428571428571,안정,0.0435054517769257,0.0435054517769257,0,0,0,0,0,0.0,1단계_활발관찰,2,0,0.0004550368093052429,0,0.013333333333333334
11560,영등포구,2026-01,124825.46468401486,120000.0,1675.284141140948,1617.7451634422948,269,60961.1714770798,58000.0,820.7942162805655,787.2466049990159,589,1031,442,0.4287099903006789,0.4899432855142803,0.5100567144857197,0.0700316476523583,-0.0081632919768486,0.0781949396292069,0.1350210970464134,0.0933191940615059,0.688,0.8788571428571429,0.8651428571428571,0.4754285714285714,0.3622857142857142,0.3085714285714285,0.4171428571428571,0.7066857142857141,0.7112571428571427,0.7089714285714284,높음,높음,높음,1,0,0.7066857142857141,0.7112571428571427,높음,-0.0272815261362245,0.0272815261362245,0,1,0,0,0,0.2,1단계_활발관찰,3,1,0.9598359423842838,1,0.9866666666666667
11560,영등포구,2026-02,132648.43167701864,118250.0,1722.194206779728,1653.5829307568438,322,62514.72344689379,60000.0,824.9720865821421,802.0050125313282,499,984,485,0.4928861788617886,0.4790238425692589,0.5209761574307411,0.0280012593009038,0.0050900337973975,0.0229112255035062,0.1970260223048328,-0.0455868089233754,0.7291428571428571,0.6674285714285715,0.648,0.7668571428571429,0.4948571428571429,0.4262857142857142,0.2091428571428571,0.6797142857142856,0.6700000000000002,0.6748571428571428,높음,높음,높음,1,0,0.6797142857142856,0.6700000000000002,높음,0.0641761885611096,0.0641761885611096,0,1,0,0,1,0.30000000000000004,2단계_완만정체,4,1,0.6751361363849642,1,0.9566666666666667
11560,영등포구,2026-03,118645.21072796934,109000.0,1695.9233540461555,1609.424257507881,261,62449.82254697286,60000.0,832.8002055382699,815.705809167215,479,1061,582,0.5485391140433553,0.4910600491180009,0.5089399508819992,-0.0152542916647567,0.009488950091099,-0.0247432417558558,-0.1894409937888198,0.0782520325203253,0.6845714285714286,0.3268571428571428,0.328,0.904,0.544,0.408,0.3531428571428571,0.5426857142857142,0.5181714285714286,0.5304285714285715,주의,보통,보통,0,0,0.5426857142857142,0.5181714285714286,주의,0.0556529351815667,0.0556529351815667,0,1,1,0,0,0.45,3단계_안정정체,4,0,0.04048507819238012,0,0.016666666666666666
11560,영등포구,2026-04,127299.81412639403,115000.0,1687.9241508946309,1593.8606847697756,269,60830.200617283954,60000.0,872.0069529997663,824.8293078537033,324,636,312,0.490566037735849,0.5166150105368104,0.4833849894631896,-0.004716724451279,0.0470782154000017,-0.0517949398512808,0.0306513409961686,-0.4005655042412818,0.5908571428571429,0.4068571428571428,0.2091428571428571,0.7577142857142857,0.8582857142857143,0.0708571428571428,0.9725714285714284,0.5202857142857144,0.4233142857142857,0.4718,보통,안정,보통,0,0,0.5202857142857144,0.4233142857142857,보통,-0.0579730763075063,0.0579730763075063,1,0,0,0,0,0.25,2단계_완만정체,2,0,0.006556224805113951,0,0.01
11170,용산구,2023-06,204423.115942029,167400.0,2182.3658428491635,2158.5279547062987,69,68762.81927710843,57000.0,794.3326732918786,790.3300790330078,332,627,295,0.4704944178628389,0.3639777793877338,0.6360222206122662,0.0448182263359424,0.0174208359219782,0.0273973904139641,0.4081632653061224,0.1358695652173913,0.976,0.776,0.672,0.6708571428571428,0.6308571428571429,0.6828571428571428,0.584,0.7849142857142857,0.8001714285714285,0.7925428571428571,높음,높음,높음,1,1,0.7849142857142857,0.8001714285714285,높음,0.0,0.0,0,0,0,1,0,0.2,1단계_활발관찰,4,1,0.9988789282246298,1,0.99
11170,용산구,2023-07,225175.4716981132,200000.0,2284.52661872034,2026.7919276270009,53,70621.20833333333,60000.0,780.9566858902515,750.1534091315104,336,564,228,0.4042553191489361,0.341846174822729,0.658153825177271,0.046811938615114,-0.0168392763528084,0.0636512149679224,-0.2318840579710145,-0.1004784688995215,0.9931428571428572,0.7874285714285715,0.8217142857142857,0.3222857142857143,0.2742857142857143,0.4754285714285714,0.4468571428571428,0.7349142857142857,0.7902857142857143,0.7626,높음,높음,높음,1,1,0.7349142857142857,0.7902857142857143,높음,-0.0662390987139028,0.0662390987139028,0,0,1,1,1,0.55,3단계_안정정체,4,1,0.9986151755565565,1,0.98
11170,용산구,2023-08,248798.12307692308,198000.0,2148.066488219814,2092.3573893253065,65,78247.7593220339,61000.0,835.3226398612178,765.7869934024505,295,491,196,0.3991853360488798,0.3888718735859438,0.6111281264140562,-0.0597323442775042,0.0696145573156747,-0.129346901593179,0.2264150943396226,-0.1294326241134752,0.9325714285714286,0.0948571428571428,0.0617142857142857,0.296,0.9234285714285714,0.4697142857142857,0.552,0.4525714285714285,0.4373714285714285,0.4449714285714285,안정,안정,안정,0,0,0.4525714285714285,0.4373714285714285,안정,-0.0050699831000562,0.0050699831000562,0,0,0,1,0,0.2,1단계_활발관찰,4,0,0.0024262461167706556,0,0.043333333333333335
11170,용산구,2023-09,196722.69696969696,162750.0,2051.5134863515054,2083.639245200722,66,72724.57342657342,60000.0,787.8329317512264,751.082568938778,286,490,204,0.4163265306122449,0.3840252267375246,0.6159747732624754,-0.0449487957648487,-0.056851934622389,0.0119031388575402,0.0153846153846153,-0.0020366598778004,0.9474285714285714,0.1542857142857142,0.5702857142857143,0.3965714285714286,0.072,0.0331428571428571,0.0125714285714285,0.5035428571428571,0.5479999999999999,0.5257714285714286,보통,주의,보통,0,0,0.5035428571428571,0.5479999999999999,보통,0.0171411945633651,0.0171411945633651,0,0,0,1,0,0.2,1단계_활발관찰,4,0,0.13725374573654087,0,0.06
11170,용산구,2023-10,226605.84375,191500.0,2202.5206416245255,2118.6642121789564,64,71100.46863468635,60000.0,794.4455478752268,789.2527287993283,271,456,185,0.4057017543859649,0.3606983439162064,0.6393016560837936,0.0736076834384245,0.0083934243638452,0.0652142590745792,-0.0303030303030302,-0.0693877551020408,0.9805714285714284,0.888,0.824,0.336,0.5302857142857142,0.0697142857142857,0.312,0.7844,0.7673714285714284,0.7758857142857142,높음,높음,높음,1,1,0.7844,0.7673714285714284,높음,-0.0106247762262799,0.0106247762262799,0,1,1,1,0,0.65,4단계_신중정체,4,1,0.9996331691176074,1,0.9966666666666667
11170,용산구,2023-11,194560.92682926828,175000.0,1770.725081464771,1720.3807776121116,41,70982.1825095057,64000.0,831.1517264828015,844.3093549476529,263,444,181,0.4076576576576576,0.4693849627945971,0.5306150372054028,-0.1960460901021443,0.0462035172904506,-0.242249607392595,-0.359375,-0.0263157894736841,0.7657142857142857,0.008,0.0125714285714285,0.3451428571428571,0.8502857142857143,0.6285714285714286,0.136,0.3710285714285714,0.3701142857142857,0.3705714285714285,안정,안정,안정,0,0,0.3710285714285714,0.3701142857142857,안정,0.0019559032716927,0.0019559032716927,0,0,1,1,0,0.45,3단계_안정정체,1,0,5.060207097429125e-10,0,0.0
11170,용산구,2023-12,184409.4848484849,170000.0,1867.4450257751157,1712.1771217712178,33,74407.54889589906,65000.0,826.4703111348139,789.2527287993283,317,525,208,0.3961904761904762,0.4425674114780289,0.5574325885219711,0.0546216605405149,-0.0056324437510321,0.060254104291547,-0.1951219512195121,0.1824324324324324,0.8342857142857143,0.824,0.8114285714285714,0.28,0.3805714285714285,0.4205714285714286,0.7257142857142858,0.6986285714285715,0.7297142857142858,0.7141714285714287,높음,높음,높음,1,0,0.6986285714285715,0.7297142857142858,높음,-0.0114671814671813,0.0114671814671813,0,1,1,1,0,0.65,4단계_신중정체,4,1,0.9461382170031875,1,0.97
11170,용산구,2024-01,227194.3829787234,180000.0,2194.9083998434517,2179.9445105033687,47,78763.07580174928,63000.0,864.6306271500741,843.267277396604,343,536,193,0.3600746268656716,0.3939256085637754,0.6060743914362245,0.1753536888896725,0.0461726398409434,0.129181049048729,0.4242424242424243,0.020952380952381,0.9234285714285714,0.992,0.9474285714285714,0.1028571428571428,0.8491428571428571,0.6937142857142857,0.1074285714285714,0.8148571428571428,0.8381142857142856,0.8264857142857143,높음,높음,높음,1,1,0.8148571428571428,0.8381142857142856,높음,-0.0361158493248046,0.0361158493248046,0,0,0,1,0,0.2,1단계_활발관찰,3,1,0.9999995067017908,1,0.9766666666666667
11170,용산구,2024-02,243805.25806451612,196500.0,2181.8135766662467,2078.095220671553,62,72298.46181818182,61000.0,819.0829490366148,800.1882795951989,275,469,194,0.4136460554371002,0.3754138106923653,0.6245861893076348,-0.0059659998467994,-0.052678770197616,0.0467127703508165,0.3191489361702126,-0.125,0.9622857142857144,0.3942857142857143,0.7611428571428571,0.3782857142857143,0.0811428571428571,0.5897142857142857,0.536,0.6043428571428572,0.7027428571428571,0.6535428571428572,주의,높음,높음,1,0,0.6043428571428572,0.7027428571428571,주의,0.0535714285714286,0.0535714285714286,1,0,0,1,0,0.45,3단계_안정정체,4,1,0.8932448314676205,1,0.53
11170,용산구,2024-03,229805.7111111111,189500.0,2223.691519611125,2137.646175303079,90,73826.65870307168,63000.0,835.9162832481352,820.3445447087777,293,519,226,0.4354527938342967,0.3759137793511569,0.6240862206488431,0.0191940976959481,0.0205514401579465,-0.0013573424619983,0.4516129032258065,0.1066098081023454,0.96,0.6022857142857143,0.4902857142857142,0.5131428571428571,0.6594285714285715,0.7222857142857143,0.4674285714285714,0.6795428571428572,0.7025714285714286,0.6910571428571429,높음,높음,높음,1,0,0.6795428571428572,0.7025714285714286,높음,0.0218067383971964,0.0218067383971964,0,0,0,1,0,0.2,1단계_활발관찰,4,1,0.9692366728843234,1,0.71
11170,용산구,2024-04,261189.11392405065,169000.0,2208.4175915451856,2019.8619760983,79,75245.49248120301,65000.0,857.1432994880255,851.6250610000766,266,674,408,0.6053412462908012,0.3881255532330276,0.6118744467669723,-0.0068687261390512,0.0253937106684991,-0.0322624368075503,-0.1222222222222222,0.2986512524084779,0.9394285714285714,0.3874285714285714,0.2982857142857142,0.9714285714285714,0.712,0.2891428571428571,0.9108571428571428,0.6552571428571429,0.6069142857142857,0.6310857142857142,높음,주의,주의,1,0,0.6552571428571429,0.6069142857142857,높음,0.1698884524565045,0.1698884524565045,1,0,1,1,1,0.7999999999999999,4단계_신중정체,4,1,0.937341371627348,1,0.6466666666666666
11170,용산구,2024-05,194753.679245283,179500.0,2111.3692957818907,2086.1756974002865,106,85741.57794676805,68000.0,916.9273257066976,906.8010075566752,263,604,341,0.5645695364238411,0.4342808847028995,0.5657191152971004,-0.043944721385502,0.0697479945936474,-0.1136927159791495,0.3417721518987342,-0.1038575667655786,0.8491428571428571,0.1577142857142857,0.0788571428571428,0.9348571428571428,0.9245714285714286,0.608,0.4594285714285714,0.5426285714285713,0.5027428571428572,0.5226857142857142,보통,보통,보통,0,0,0.5426285714285713,0.5027428571428572,보통,-0.0407717098669601,0.0407717098669601,0,0,0,1,0,0.2,1단계_활발관찰,4,0,0.024324906545604954,0,0.02666666666666667
11170,용산구,2024-06,213945.9263803681,170000.0,2225.135567994116,2162.6460610629474,163,81336.82462686567,70000.0,898.9768372778526,892.6052417760486,268,556,288,0.5179856115107914,0.4040099175117899,0.5959900824882101,0.0538826970911761,-0.0195767842506057,0.0734594813417818,0.5377358490566038,-0.0794701986754966,0.9085714285714286,0.8205714285714286,0.8514285714285714,0.8468571428571429,0.248,0.7954285714285714,0.3622857142857142,0.7998285714285714,0.8592000000000001,0.8295142857142858,높음,높음,높음,1,1,0.7998285714285714,0.8592000000000001,높음,-0.0465839249130497,0.0465839249130497,0,0,0,1,0,0.2,1단계_활발관찰,3,1,0.9994379783345535,1,0.99
11170,용산구,2024-07,230974.1771428571,174500.0,2282.463988972731,2160.6465446148773,175,81241.0142857143,69125.0,874.25323788071,839.4191752003741,210,381,171,0.4488188976377952,0.3830304627387288,0.6169695372612711,0.0257640126755487,-0.0275019314980426,0.0532659441735914,0.0736196319018405,-0.3147482014388489,0.9508571428571428,0.656,0.792,0.5617142857142857,0.192,0.1691428571428571,0.9268571428571428,0.7111142857142856,0.7350857142857141,0.7230999999999999,높음,높음,높음,1,0,0.7111142857142856,0.7350857142857141,높음,-0.0691667138729961,0.0691667138729961,0,0,0,1,1,0.30000000000000004,2단계_완만정체,4,1,0.9855425149847035,1,0.9666666666666667
11170,용산구,2024-08,228878.70967741936,173250.0,2266.18288565542,2174.1928708234673,124,80329.36981132075,70000.0,926.1897097674567,910.6529209621992,265,446,181,0.405829596412556,0.4087003373073248,0.5912996626926752,-0.0071331260409671,0.0594066680412264,-0.0665397940821935,-0.2914285714285715,0.1706036745406824,0.8948571428571429,0.3851428571428571,0.1554285714285714,0.3371428571428571,0.8937142857142857,0.5622857142857143,0.6834285714285714,0.5357714285714286,0.5190285714285714,0.5274,보통,보통,보통,0,0,0.5357714285714286,0.5190285714285714,보통,-0.0429893012252391,0.0429893012252391,1,0,1,1,0,0.7,4단계_신중정체,4,0,0.0814229892148051,0,0.03
11170,용산구,2024-09,301077.5862068966,269000.0,2612.0893201080557,2385.8429758792117,58,78846.51813471502,65000.0,898.7869000722343,883.6278759586529,193,367,174,0.4741144414168937,0.3440873530446706,0.6559126469553294,0.1526383579375561,-0.0295866056448658,0.1822249635824219,-0.532258064516129,-0.1771300448430492,0.992,0.9851428571428572,0.9817142857142858,0.6868571428571428,0.1748571428571428,0.784,0.7085714285714285,0.8607428571428573,0.9367428571428572,0.8987428571428572,높음,높음,높음,1,1,0.8607428571428573,0.9367428571428572,높음,0.0682848450043376,0.0682848450043376,0,0,1,1,1,0.55,3단계_안정정체,3,1,0.9999999456869094,1,0.9933333333333333
11170,용산구,2024-10,264225.31944444444,194745.0,2450.985731394771,2422.8800606705613,72,86457.09489051095,68625.0,909.0446109067284,856.8673585725386,274,447,173,0.3870246085011186,0.3708893933011281,0.6291106066988719,-0.0616761408092355,0.0114128397217065,-0.0730889805309421,0.2413793103448276,0.2179836512261581,0.9668571428571427,0.0914285714285714,0.1405714285714285,0.2251428571428571,0.5622857142857143,0.488,0.816,0.4310285714285714,0.4631428571428571,0.4470857142857143,안정,보통,안정,0,0,0.4310285714285714,0.4631428571428571,안정,-0.0870898329157751,0.0870898329157751,0,0,0,1,1,0.30000000000000004,2단계_완만정체,4,0,0.014420045388183627,0,0.043333333333333335
11170,용산구,2024-11,204517.5,180000.0,2288.9693135830794,2158.369537406774,80,82985.90833333334,60398.5,917.0306448506238,880.6166378494579,240,698,458,0.6561604584527221,0.4006303795375628,0.5993696204624371,-0.0661025544687662,0.0087850847451038,-0.0748876392138701,0.1111111111111111,0.5615212527964206,0.9177142857142856,0.0788571428571428,0.1348571428571428,0.9885714285714284,0.5325714285714286,0.264,0.9965714285714286,0.5235428571428572,0.4959428571428571,0.5097428571428572,보통,보통,보통,0,0,0.5235428571428572,0.4959428571428571,보통,0.2691358499516035,0.2691358499516035,0,1,0,1,1,0.5,3단계_안정정체,4,0,0.19864956915142887,0,0.056666666666666664
11170,용산구,2024-12,198891.6274509804,180000.0,2168.5401730268313,2002.002002002002,51,83226.15384615384,68000.0,924.3362096799364,872.7760993622021,247,674,427,0.6335311572700296,0.4262481374231381,0.5737518625768618,-0.052612824401622,0.0079665438339877,-0.0605793682356098,-0.3625,-0.0343839541547278,0.8674285714285714,0.1211428571428571,0.1771428571428571,0.9828571428571428,0.5245714285714286,0.6331428571428571,0.1748571428571428,0.5258285714285714,0.5337142857142857,0.5297714285714286,보통,보통,보통,0,0,0.5258285714285714,0.5337142857142857,보통,-0.0226293011826924,0.0226293011826924,0,1,1,1,0,0.65,4단계_신중정체,4,0,0.07100388872798348,0,0.013333333333333334
11170,용산구,2025-01,227383.11842105264,170250.0,2343.3065409860815,2331.2456506610997,76,78872.18828451882,65000.0,906.4602504579836,880.4605485946495,239,430,191,0.4441860465116279,0.3868295652332955,0.6131704347667044,0.080591713325427,-0.0193392393749701,0.0999309527003972,0.4901960784313726,-0.3620178041543026,0.9417142857142856,0.9097142857142856,0.9165714285714286,0.5462857142857143,0.2502857142857143,0.744,0.9611428571428572,0.8002285714285714,0.8697142857142859,0.8349714285714287,높음,높음,높음,1,1,0.8002285714285714,0.8697142857142859,높음,-0.1893451107584017,0.1893451107584017,0,0,0,1,1,0.30000000000000004,2단계_완만정체,3,1,0.9998905446628473,1,0.9633333333333334
11170,용산구,2025-02,248918.47272727272,194500.0,2465.753379221761,2438.3726367826844,165,77223.58620689655,64000.0,879.4082614826831,835.5890314228551,319,551,232,0.4210526315789473,0.3566489126176281,0.6433510873823719,0.0522538712259783,-0.029843546875478,0.0820974181014564,1.1710526315789471,0.2813953488372094,0.9862857142857144,0.8102857142857143,0.8788571428571429,0.4251428571428571,0.1714285714285714,0.9748571428571428,0.8948571428571429,0.7551428571428571,0.8669714285714286,0.8110571428571429,높음,높음,높음,1,1,0.7551428571428571,0.8669714285714286,높음,-0.0231334149326806,0.0231334149326806,0,0,0,1,0,0.2,1단계_활발관찰,3,1,0.9998720565206625,1,0.9966666666666667
11170,용산구,2025-03,233709.07692307697,198000.0,2375.1798658949597,2250.2099076406384,299,77366.45671641792,65000.0,880.5403350077872,839.6305625524769,335,567,232,0.4091710758377425,0.3707257490901652,0.6292742509098348,-0.0367325921927309,0.0012873128155466,-0.0380199050082775,0.812121212121212,0.0290381125226859,0.968,0.1931428571428571,0.2662857142857143,0.3542857142857142,0.4468571428571428,0.9222857142857144,0.1485714285714285,0.4897714285714286,0.5716571428571429,0.5307142857142857,보통,주의,보통,0,0,0.4897714285714286,0.5716571428571429,보통,-0.0118815557412048,0.0118815557412048,0,1,0,1,0,0.4,2단계_완만정체,4,0,0.3005286365538657,0,0.043333333333333335
11170,용산구,2025-04,207604.6511627907,168000.0,2315.87797830776,2122.4773834377174,43,77939.93674698795,66500.0,870.1782605710695,839.1612474850438,332,571,239,0.4185639229422067,0.3757444341721835,0.6242555658278165,-0.0249673249755572,-0.011767858921109,-0.0131994660544481,-0.8561872909698997,0.0070546737213403,0.9611428571428572,0.2697142857142857,0.4011428571428571,0.4091428571428571,0.3302857142857143,0.9394285714285714,0.0354285714285714,0.5304,0.6254857142857142,0.5779428571428571,보통,주의,주의,0,0,0.5304,0.6254857142857142,보통,0.0093928471044641,0.0093928471044641,0,0,1,1,0,0.45,3단계_안정정체,4,0,0.1503780637403351,0,0.07666666666666666
11170,용산구,2025-05,226478.17204301077,178500.0,2372.604384222354,2217.1985044778717,93,83726.42857142857,69000.0,940.1978430879436,888.0243572395129,329,578,249,0.430795847750865,0.3962724883002791,0.6037275116997209,0.0244945573324397,0.0804657915389919,-0.0559712342065521,1.1627906976744184,0.0122591943957968,0.9211428571428572,0.6434285714285715,0.1931428571428571,0.4868571428571429,0.936,0.9737142857142858,0.0594285714285714,0.6424571428571428,0.6454285714285715,0.6439428571428572,높음,주의,높음,1,0,0.6424571428571428,0.6454285714285715,높음,0.0122319248086583,0.0122319248086583,0,0,0,1,0,0.2,1단계_활발관찰,4,1,0.9308181156543512,1,0.7266666666666667
11170,용산구,2025-06,220771.3017751479,175000.0,2326.8304123127623,2123.327515997673,169,77856.85018726591,68000.0,883.6911277735015,839.6305625524769,267,589,322,0.5466893039049237,0.3797832120026114,0.6202167879973886,-0.0192927115089162,-0.0601008774162404,0.0408081659073242,0.8172043010752688,0.019031141868512,0.9542857142857144,0.3005714285714285,0.7394285714285714,0.9017142857142856,0.0674285714285714,0.9245714285714286,0.096,0.6513142857142856,0.7615999999999999,0.7064571428571428,높음,높음,높음,1,0,0.6513142857142856,0.7615999999999999,높음,0.1158934561540586,0.1158934561540586,0,0,0,1,1,0.30000000000000004,2단계_완만정체,3,1,0.9782879951494358,0,0.4866666666666667
11170,용산구,2025-07,214777.86842105264,174000.0,2325.8619849091883,2167.713831788482,152,82915.49655172414,68250.0,935.885750163386,897.863032282034,290,553,263,0.4755877034358047,0.4023823237301533,0.5976176762698466,-0.0004162002518315,0.0590643277378954,-0.059480527989727,-0.1005917159763313,-0.0611205432937181,0.9131428571428571,0.44,0.1805714285714285,0.6937142857142857,0.8902857142857142,0.2422857142857143,0.272,0.6131428571428572,0.5463428571428571,0.5797428571428571,주의,보통,주의,0,0,0.6131428571428572,0.5463428571428571,주의,-0.0711016004691189,0.0711016004691189,1,0,1,1,1,0.7999999999999999,4단계_신중정체,4,0,0.423323731767037,0,0.12
11170,용산구,2025-08,151266.9420289855,83250.0,2054.8328143669364,1844.3609090826549,138,80580.63063063064,65887.5,918.50310478229,876.8218401836236,222,438,216,0.4931506849315068,0.4469965139549648,0.5530034860450352,-0.1165284837624766,-0.0185734694411807,-0.0979550143212958,-0.0921052631578946,-0.2079566003616636,0.8251428571428572,0.0297142857142857,0.096,0.7691428571428571,0.2537142857142857,0.2171428571428571,0.7931428571428571,0.4149142857142857,0.4173714285714286,0.4161428571428571,안정,안정,안정,0,0,0.4149142857142857,0.4173714285714286,안정,0.0175629814957021,0.0175629814957021,0,0,1,1,0,0.45,3단계_안정정체,4,0,2.6564602647353392e-05,0,0.01
11170,용산구,2025-09,180817.6923076923,170000.0,2395.515582132488,2175.9410912746703,130,78821.1155378486,67700.0,904.8906157519376,863.1528046421663,251,593,342,0.5767284991568297,0.3777435732421343,0.6222564267578656,0.1657958571537172,-0.0148202972417593,0.1806161543954766,-0.0579710144927536,0.3538812785388128,0.9577142857142856,0.9885714285714284,0.9805714285714284,0.9497142857142856,0.2971428571428571,0.1314285714285714,0.9531428571428572,0.9027428571428572,0.8861714285714286,0.8944571428571428,높음,높음,높음,1,1,0.9027428571428572,0.8861714285714286,높음,0.0835778142253228,0.0835778142253228,0,0,1,1,1,0.55,3단계_안정정체,3,1,0.9999999926388301,1,0.9833333333333333
11170,용산구,2025-10,214138.24193548388,193000.0,2492.7292208429703,2155.1240318778764,124,81738.75799086758,71000.0,939.9662531023564,893.4707903780069,219,434,215,0.4953917050691244,0.377083176641419,0.622916823358581,0.0405815096489343,0.0387622953977395,0.0018192142511948,-0.0461538461538461,-0.2681281618887015,0.9588571428571429,0.7462857142857143,0.5085714285714286,0.776,0.8068571428571428,0.1097142857142857,0.8868571428571429,0.7730285714285714,0.7005714285714285,0.7367999999999999,높음,높음,높음,1,1,0.7730285714285714,0.7005714285714285,높음,-0.0813367940877052,0.0813367940877052,0,0,1,1,1,0.55,3단계_안정정체,4,1,0.9935681817151609,1,0.9866666666666667
11170,용산구,2025-11,203874.60869565216,171000.0,2372.9446127080787,2085.54259455638,115,89439.0,75000.0,981.6618248830764,931.391385937111,228,444,216,0.4864864864864865,0.4136893122687651,0.5863106877312348,-0.0480535980937327,0.044358583771602,-0.0924121818653348,-0.0725806451612903,0.0230414746543778,0.8857142857142857,0.1405714285714285,0.0994285714285714,0.7382857142857143,0.84,0.1668571428571428,0.1211428571428571,0.5154857142857142,0.4534857142857142,0.4844857142857142,보통,안정,보통,0,0,0.5154857142857142,0.4534857142857142,보통,-0.0089052185826378,0.0089052185826378,0,0,1,1,0,0.45,3단계_안정정체,4,0,0.01221732466571851,0,0.02
11170,용산구,2025-12,194860.31746031743,173000.0,2311.4495814354896,2317.4375522887535,63,88816.2169117647,72960.0,968.7438810924848,942.4860064916982,272,563,291,0.5168738898756661,0.4191066458351479,0.580893354164852,-0.0259150723296525,-0.0131592606161804,-0.012755811713472,-0.4521739130434783,0.268018018018018,0.8777142857142857,0.2651428571428571,0.4057142857142857,0.8445714285714285,0.3108571428571428,0.7234285714285714,0.8857142857142857,0.5685142857142856,0.6184571428571428,0.5934857142857142,주의,주의,주의,0,0,0.5685142857142856,0.6184571428571428,주의,0.0303874033891795,0.0303874033891795,0,0,1,1,0,0.45,3단계_안정정체,4,0,0.20568815972491744,0,0.03333333333333333
11170,용산구,2026-01,238800.9090909091,197000.0,2482.198298844022,2297.545212309551,88,88206.7171314741,69300.0,964.5322289824333,950.3167722574192,251,514,263,0.5116731517509727,0.3885798444997819,0.6114201555002181,0.073870837927813,-0.0043475393158632,0.0782183772436763,0.3968253968253967,-0.0870337477797513,0.9371428571428572,0.8914285714285715,0.8662857142857143,0.8342857142857143,0.4,0.6708571428571428,0.3942857142857143,0.8424,0.8733714285714286,0.8578857142857144,높음,높음,높음,1,1,0.8424,0.8733714285714286,높음,-0.0052007381246933,0.0052007381246933,0,1,0,1,0,0.4,2단계_완만정체,3,1,0.9999070331660502,1,0.9933333333333333
11170,용산구,2026-02,236073.63636363635,210000.0,2557.2825121202955,2391.329280880835,99,95582.49145299144,70000.0,994.113934552178,924.5693309999132,234,456,222,0.4868421052631579,0.3887384087759383,0.6112615912240618,0.0302490793387624,0.0306694837983307,-0.0004204044595683,0.125,-0.11284046692607,0.9348571428571428,0.6777142857142857,0.4982857142857143,0.7405714285714285,0.7531428571428571,0.296,0.4914285714285714,0.735942857142857,0.6909714285714285,0.7134571428571428,높음,높음,높음,1,0,0.735942857142857,0.6909714285714285,높음,-0.0248310464878148,0.0248310464878148,0,0,0,1,0,0.2,1단계_활발관찰,4,1,0.9815538762267864,1,0.9733333333333334
11170,용산구,2026-03,243613.75,220500.0,2533.649760539413,2454.534458881597,72,81167.48898678414,68250.0,957.5927072944824,992.063492063492,227,540,313,0.5796296296296296,0.3779499132865985,0.6220500867134015,-0.0092413534558166,-0.0367374663892497,0.0274961129334331,-0.2727272727272727,0.1842105263157893,0.9565714285714284,0.3748571428571428,0.6742857142857143,0.9531428571428572,0.1291428571428571,0.5314285714285715,0.7302857142857143,0.6714285714285714,0.7268,0.6991142857142857,높음,높음,높음,1,0,0.6714285714285714,0.7268,높음,0.0927875243664717,0.0927875243664717,1,0,1,1,1,0.7999999999999999,4단계_신중정체,4,1,0.9715433991255239,1,0.55
11170,용산구,2026-04,211928.33333333337,195000.0,2340.432586458861,2284.7691967511796,60,85699.125,70700.0,982.6125410838235,987.0821549743628,160,460,300,0.6521739130434783,0.4198422747867066,0.5801577252132933,-0.0762604117940185,0.0261278449582502,-0.1023882567522688,-0.1666666666666666,-0.1481481481481481,0.8742857142857143,0.0674285714285714,0.0914285714285714,0.9874285714285714,0.72,0.3662857142857142,0.6148571428571429,0.5175428571428571,0.4777142857142856,0.4976285714285713,보통,보통,보통,0,0,0.5175428571428571,0.4777142857142856,보통,0.0725442834138486,0.0725442834138486,0,0,1,1,1,0.55,3단계_안정정체,4,0,0.013994276522592471,0,0.013333333333333334
11380,은평구,2023-06,77235.65891472869,75500.0,1028.0290154345662,1049.4752623688155,129,41921.64638157895,42000.0,602.9747668226194,619.7723695718389,608,836,228,0.2727272727272727,0.5865347745731974,0.4134652254268026,0.0026755762996755,0.051893834327066,-0.0492182580273905,-0.0373134328358208,0.0232558139534884,0.2868571428571428,0.4674285714285714,0.2148571428571428,0.0034285714285714,0.8674285714285714,0.0845714285714285,0.1234285714285714,0.3331428571428572,0.2564,0.2947714285714286,낮음,낮음,낮음,0,0,0.3331428571428572,0.2564,낮음,0.0,0.0,1,0,1,0,0,0.5,3단계_안정정체,2,0,1.993208962461898e-05,0,0.0033333333333333335
11380,은평구,2023-07,75364.6225165563,78000.0,1050.794538253488,1097.3606705935658,151,43186.96363636364,43000.0,604.8435658058812,612.4571427225369,605,943,338,0.3584305408271474,0.5756059284540858,0.4243940715459142,0.0221448251723694,0.0030992988199316,0.0190455263524378,0.1705426356589148,0.1279904306220096,0.3314285714285714,0.624,0.6262857142857143,0.096,0.4628571428571428,0.3714285714285714,0.5451428571428572,0.4413714285714286,0.4441142857142857,0.4427428571428572,안정,안정,안정,0,0,0.4413714285714286,0.4441142857142857,안정,0.0857032680998747,0.0857032680998747,0,1,0,0,1,0.30000000000000004,2단계_완만정체,2,0,0.002634656156088629,0,0.0
11380,은평구,2023-08,77865.36144578313,80250.0,1056.7683971303434,1051.4094706423332,166,43130.94915254237,45000.0,600.6891196674285,611.83668666902,590,977,387,0.3961105424769703,0.5684207829251906,0.4315792170748094,0.0056850874832148,-0.0068686291353987,0.0125537166186135,0.0993377483443709,0.0360551431601272,0.3622857142857142,0.488,0.576,0.2788571428571428,0.3714285714285714,0.2377142857142857,0.1805714285714285,0.4248571428571428,0.4200571428571428,0.4224571428571428,안정,안정,안정,0,0,0.4248571428571428,0.4200571428571428,안정,0.0376800016498228,0.0376800016498228,1,1,0,0,0,0.45,3단계_안정정체,2,0,0.0016661671279053225,0,0.0
11380,은평구,2023-09,74153.54330708661,76500.0,1094.4032196344815,1113.9926912648828,127,43728.88224299066,46000.0,581.3215097455777,601.7651778550414,535,837,302,0.3608124253285543,0.5311767174257149,0.468823282574285,0.0356131226163989,-0.0322423185100699,0.0678554411264689,-0.2349397590361446,-0.1432958034800409,0.5314285714285715,0.7131428571428572,0.8331428571428572,0.1051428571428571,0.1542857142857142,0.4765714285714286,0.6034285714285714,0.5355428571428572,0.5950857142857142,0.5653142857142857,보통,주의,주의,0,0,0.5355428571428572,0.5950857142857142,보통,-0.035298117148416,0.035298117148416,0,0,1,0,0,0.25,2단계_완만정체,2,0,0.05813057834354321,0,0.02666666666666667
11380,은평구,2023-10,68427.1568627451,65000.0,959.5581544985808,956.6807144392628,102,44313.46808510638,45000.0,593.186765913222,591.3021482476552,564,917,353,0.3849509269356597,0.6181874054555797,0.3818125945444203,-0.1232133300749405,0.0204108328502024,-0.1436241629251429,-0.1968503937007873,0.0955794504181601,0.1508571428571428,0.0274285714285714,0.0491428571428571,0.216,0.6571428571428571,0.4251428571428571,0.4274285714285714,0.1600571428571428,0.1346857142857143,0.1473714285714285,낮음,낮음,낮음,0,0,0.1600571428571428,0.1346857142857143,낮음,0.0241385016071054,0.0241385016071054,0,0,1,0,0,0.25,2단계_완만정체,1,0,8.741223860054478e-10,0,0.0
11380,은평구,2023-11,71044.0,65250.0,1005.4327573882488,985.0571834042908,75,44244.59541984733,43000.0,627.4398782570496,635.5184182652702,393,593,200,0.3372681281618887,0.6240495683539413,0.3759504316460587,0.0478080486050789,0.0577442288198968,-0.0099361802148179,-0.2647058823529411,-0.3533260632497274,0.1325714285714285,0.792,0.4171428571428571,0.04,0.8868571428571429,0.5222857142857142,0.952,0.4158857142857143,0.3653142857142857,0.3906,안정,안정,안정,0,0,0.4158857142857143,0.3653142857142857,안정,-0.0476827987737709,0.0476827987737709,0,0,1,0,0,0.25,2단계_완만정체,2,0,0.00033097259287199414,0,0.01
11380,은평구,2023-12,68990.31746031746,68500.0,993.2065236146432,960.501233874662,63,45653.26415094339,46000.0,619.31105051899,624.8388473950083,424,881,457,0.5187287173666288,0.6235471030386407,0.3764528969613593,-0.012160170517385,-0.0129555484433672,0.0007953779259821,-0.16,0.4856661045531196,0.1348571428571428,0.3497142857142857,0.5017142857142857,0.8537142857142858,0.3165714285714285,0.356,0.9885714285714284,0.3879428571428571,0.3635428571428571,0.3757428571428571,안정,안정,안정,0,0,0.3879428571428571,0.3635428571428571,안정,0.1814605892047401,0.1814605892047401,0,0,1,0,1,0.35,2단계_완만정체,0,0,0.0002655384739557885,0,0.016666666666666666
11380,은평구,2024-01,72425.0,73800.0,1069.1278836895403,1053.0551104518354,90,42709.09195402299,42950.0,611.4080952675944,615.4574505858682,435,716,281,0.3924581005586592,0.5718755488423297,0.4281244511576703,0.0764406578790799,-0.0127608820232948,0.0892015399023747,0.4285714285714286,-0.1872871736662883,0.344,0.896,0.9017142857142856,0.256,0.3177142857142857,0.7011428571428572,0.7428571428571429,0.5777142857142856,0.620742857142857,0.5992285714285713,주의,주의,주의,0,0,0.5777142857142856,0.620742857142857,주의,-0.1262706168079696,0.1262706168079696,0,0,0,0,1,0.1,1단계_활발관찰,2,1,0.5021958074903897,0,0.19333333333333333
11380,은평구,2024-02,68257.0796460177,73000.0,1023.6075775782068,1004.629173643258,113,44308.56308411215,46000.0,620.1566410095767,625.110575978325,428,732,304,0.4153005464480874,0.6058538981089117,0.3941461018910883,-0.0425770450904749,0.014308848393892,-0.056885893484367,0.2555555555555555,0.0223463687150837,0.1942857142857142,0.1634285714285714,0.1897142857142857,0.3908571428571428,0.5942857142857143,0.5131428571428571,0.1142857142857142,0.2551428571428571,0.2385142857142856,0.2468285714285714,낮음,낮음,낮음,0,0,0.2551428571428571,0.2385142857142856,낮음,0.0228424458894281,0.0228424458894281,0,0,0,0,0,0.0,1단계_활발관찰,2,0,5.4127570247076656e-06,0,0.0
11380,은평구,2024-03,73055.5,73500.0,1054.47441714209,1024.407032113922,200,45513.3126142596,46700.0,642.3690844172297,647.8972788314289,547,994,447,0.4496981891348088,0.6091841337964586,0.3908158662035413,0.0301549541445487,0.0358174724558177,-0.005662518311269,0.7699115044247788,0.3579234972677596,0.1817142857142857,0.6754285714285714,0.4502857142857143,0.5691428571428572,0.7954285714285714,0.9074285714285716,0.9577142857142856,0.478342857142857,0.4589142857142857,0.4686285714285714,보통,보통,보통,0,0,0.478342857142857,0.4589142857142857,보통,0.0343976426867214,0.0343976426867214,0,0,0,0,0,0.0,1단계_활발관찰,0,0,0.007062916291611418,0,0.01
11380,은평구,2024-04,75447.44973544973,74500.0,1118.321654248769,1141.3107424402872,189,42926.333333333336,43000.0,608.1385821890909,613.5449130006637,528,823,295,0.3584447144592952,0.543795767415062,0.456204232584938,0.0605488725650851,-0.0532879041948187,0.1138367767599038,-0.055,-0.1720321931589536,0.48,0.8445714285714285,0.9337142857142856,0.0982857142857142,0.0788571428571428,0.1222857142857142,0.6902857142857143,0.5645142857142857,0.5924,0.5784571428571429,주의,주의,주의,0,0,0.5645142857142857,0.5924,주의,-0.0912534746755135,0.0912534746755135,0,0,1,0,1,0.35,2단계_완만정체,2,0,0.3712188526202115,0,0.07333333333333333
11380,은평구,2024-05,77798.86363636363,78200.0,1083.3730466282,1088.7669804076843,220,48261.60243407708,50000.0,677.4565613175014,674.4653628221531,493,949,456,0.4805057955742887,0.6253215948338025,0.3746784051661975,-0.0312509442053553,0.1139838536125918,-0.1452347978179472,0.1640211640211639,0.1530984204131227,0.128,0.2228571428571428,0.0468571428571428,0.7142857142857143,0.9645714285714284,0.3622857142857142,0.632,0.3070857142857143,0.2087428571428571,0.2579142857142857,낮음,낮음,낮음,0,0,0.3070857142857143,0.2087428571428571,낮음,0.1220610811149934,0.1220610811149934,0,0,0,0,1,0.1,1단계_활발관찰,1,0,2.2949124295628177e-06,0,0.0
11380,은평구,2024-06,79150.71942446043,79450.0,1134.123036345447,1141.2892480957344,278,46974.95660749507,48000.0,652.1323736165215,675.3376688344172,507,757,250,0.3302509907529722,0.5750102526070954,0.4249897473929046,0.0468444271114156,-0.0373812715781068,0.0842256986895225,0.2636363636363636,-0.2023182297154899,0.3337142857142857,0.7885714285714286,0.8845714285714286,0.0262857142857142,0.1268571428571428,0.52,0.784,0.4908,0.5502857142857144,0.5205428571428572,보통,주의,보통,0,0,0.4908,0.5502857142857144,보통,-0.1502548048213164,0.1502548048213164,0,0,0,0,1,0.1,1단계_활발관찰,2,0,0.031078003182210823,0,0.01
11380,은평구,2024-07,80759.8606271777,80000.0,1152.8435370842642,1167.6396997497914,287,42630.47928994083,44000.0,604.4214677914799,635.3270051626203,507,777,270,0.3474903474903475,0.5242875102723512,0.4757124897276488,0.0165065871504923,-0.0731613821906307,0.089667969341123,0.0323741007194244,0.0264200792602378,0.5634285714285714,0.5862857142857143,0.904,0.0697142857142857,0.0525714285714285,0.0754285714285714,0.1371428571428571,0.5121142857142857,0.5549714285714286,0.5335428571428571,보통,주의,보통,0,0,0.5121142857142857,0.5549714285714286,보통,0.0172393567373753,0.0172393567373753,0,0,0,0,0,0.0,1단계_활발관찰,2,0,0.04263124848014605,0,0.12
11380,은평구,2024-08,84583.79629629629,82000.0,1161.4791233945114,1160.4044052304685,216,46321.88630490956,48300.0,642.3230932796621,671.4571798798445,387,737,350,0.4748982360922659,0.553021643128999,0.4469783568710009,0.0074906837159256,0.0627072787911926,-0.0552165950752669,-0.2473867595818815,-0.0514800514800515,0.44,0.5062857142857143,0.1954285714285714,0.688,0.9085714285714286,0.4948571428571429,0.2388571428571428,0.4917142857142856,0.4224,0.4570571428571428,보통,안정,안정,0,0,0.4917142857142856,0.4224,보통,0.1274078886019183,0.1274078886019183,1,0,1,0,1,0.6,3단계_안정정체,1,0,0.0019805193349438153,0,0.0
11380,은평구,2024-09,79283.89705882352,75250.0,1050.040932740378,992.5655874592434,136,39874.1129032258,38000.0,537.7151040207586,505.6604475117646,434,828,394,0.4758454106280193,0.5120896597977752,0.4879103402022248,-0.0959450655716022,-0.16285883281073,0.0669137672391277,-0.3703703703703703,0.1234735413839891,0.6068571428571429,0.0422857142857142,0.8297142857142857,0.6948571428571428,0.0137142857142857,0.6411428571428571,0.528,0.4641714285714285,0.5618857142857143,0.5130285714285714,보통,주의,보통,0,0,0.4641714285714285,0.5618857142857143,보통,0.0009471745357534,0.0009471745357534,0,0,1,0,0,0.25,2단계_완만정체,2,0,0.00012850450625987448,0,0.08333333333333333
11380,은평구,2024-10,73672.72727272728,74300.0,1059.1971489021878,1067.7236445917297,132,47355.67741935484,47125.0,680.1099546163978,679.7850214427312,310,727,417,0.5735900962861072,0.6420994951896372,0.3579005048103628,0.0087198659369536,0.2648146751521079,-0.2560948092151542,-0.0294117647058823,-0.1219806763285024,0.08,0.5234285714285715,0.0114285714285714,0.9451428571428572,0.9965714285714286,0.068,0.5211428571428571,0.3985714285714286,0.2368571428571428,0.3177142857142857,안정,낮음,낮음,0,0,0.3985714285714286,0.2368571428571428,안정,0.0977446856580879,0.0977446856580879,1,0,1,0,1,0.6,3단계_안정정체,1,0,5.177362918297076e-06,0,0.0
11380,은평구,2024-11,68618.94354838709,66000.0,1027.683185645611,985.864494294048,124,46075.64262295082,47500.0,658.186828659958,668.660918528946,305,871,566,0.6498277841561424,0.6404569402840545,0.3595430597159454,-0.0297526889014378,-0.0322346788304327,0.0024819899289948,-0.0606060606060605,0.1980742778541953,0.0845714285714285,0.2308571428571428,0.5142857142857142,0.9862857142857144,0.1554285714285714,0.1371428571428571,0.7714285714285715,0.3494285714285714,0.3166857142857142,0.3330571428571428,낮음,낮음,낮음,0,0,0.3494285714285714,0.3166857142857142,낮음,0.0762376878700351,0.0762376878700351,0,0,1,0,1,0.35,2단계_완만정체,0,0,0.0003418628311334001,0,0.01
11380,은평구,2024-12,67511.44791666667,62500.0,1026.4945435814318,1020.357390397688,96,46209.4670846395,46000.0,665.3668785675221,670.8032869361059,319,730,411,0.563013698630137,0.6481932931139235,0.3518067068860765,-0.001156623053468,0.0109088325607829,-0.0120654556142509,-0.2258064516129032,-0.1618828932261767,0.0674285714285714,0.4365714285714285,0.4068571428571428,0.928,0.56,0.4685714285714286,0.656,0.4059428571428571,0.3522857142857143,0.3791142857142857,안정,안정,안정,0,0,0.4059428571428571,0.3522857142857143,안정,-0.0868140855260054,0.0868140855260054,1,0,1,0,1,0.6,3단계_안정정체,0,0,0.00020062906940904887,0,0.0033333333333333335
11380,은평구,2025-01,77778.99159663866,75500.0,1086.237184749757,1041.2968879422554,119,43679.32203389831,43000.0,615.8165510482494,643.4885091337655,413,681,268,0.3935389133627019,0.5669264132125239,0.4330735867874761,0.0582006417295541,-0.0744706854449237,0.1326713271744779,0.2395833333333332,-0.0671232876712328,0.3668571428571429,0.8354285714285714,0.9497142857142856,0.2605714285714285,0.0502857142857142,0.4845714285714286,0.3028571428571429,0.5529714285714286,0.6074285714285714,0.5802,주의,주의,주의,0,0,0.5529714285714286,0.6074285714285714,주의,-0.169474785267435,0.169474785267435,0,0,0,0,1,0.1,1단계_활발관찰,2,0,0.43375999568394763,0,0.09
11380,은평구,2025-02,72693.63636363637,75000.0,1083.4298645434153,1033.2998661311915,165,42987.808712121216,42000.0,604.2457407156278,588.5468961066856,528,801,273,0.3408239700374532,0.5577156034648096,0.4422843965351903,-0.0025844449497357,-0.0187893786110906,0.0162049336613548,0.3865546218487394,0.1762114537444934,0.4137142857142857,0.4262857142857142,0.6045714285714285,0.0514285714285714,0.2525714285714285,0.656,0.7051428571428572,0.3845714285714285,0.4519428571428571,0.4182571428571428,안정,안정,안정,0,0,0.3845714285714285,0.4519428571428571,안정,-0.0527149433252487,0.0527149433252487,1,0,0,0,0,0.25,2단계_완만정체,2,0,0.0010220180846070746,0,0.01
11380,은평구,2025-03,78144.425,74600.0,1130.2194809691223,1101.522745458587,280,45176.75294117647,45000.0,624.9131151393292,635.5042078616577,510,806,296,0.3672456575682382,0.5529130630481514,0.4470869369518486,0.0431865669915101,0.0342035914050868,0.0089829755864232,0.696969696969697,0.0062421972534332,0.4422857142857143,0.768,0.5474285714285714,0.136,0.7817142857142857,0.8811428571428571,0.0308571428571428,0.5327428571428571,0.5469714285714287,0.5398571428571428,보통,주의,보통,0,0,0.5327428571428571,0.5469714285714287,보통,0.026421687530785,0.026421687530785,0,0,0,0,0,0.0,1단계_활발관찰,2,0,0.0458736130993793,0,0.09
11380,은평구,2025-04,76163.65482233503,72000.0,1087.9954357380773,1069.3916349809886,197,45824.34532374101,44100.0,656.1365864281388,647.3634651600754,417,717,300,0.4184100418410041,0.6030692453990187,0.3969307546009812,-0.0373591554047886,0.0499644999158772,-0.0873236553206658,-0.2964285714285714,-0.1104218362282878,0.2068571428571428,0.1897142857142857,0.1062857142857142,0.4068571428571428,0.864,0.5725714285714286,0.4822857142857142,0.2781714285714285,0.2348571428571428,0.2565142857142857,낮음,낮음,낮음,0,0,0.2781714285714285,0.2348571428571428,낮음,0.0511643842727659,0.0511643842727659,0,0,1,0,0,0.25,2단계_완만정체,1,0,2.2423179216048995e-06,0,0.0
11380,은평구,2025-05,80601.25099601594,78000.0,1147.3876951467223,1161.8589743589744,251,45683.32467532468,46000.0,640.261977266235,636.1173283072211,385,638,253,0.396551724137931,0.5580171200845598,0.4419828799154401,0.0545887027259031,-0.0241940618619084,0.0787827645878115,0.2741116751269035,-0.1101813110181311,0.4114285714285714,0.8228571428571428,0.8697142857142857,0.2811428571428571,0.2091428571428571,0.5325714285714286,0.4811428571428571,0.5661714285714284,0.6073714285714287,0.5867714285714285,주의,주의,주의,0,0,0.5661714285714284,0.6073714285714287,주의,-0.0218583177030731,0.0218583177030731,0,0,0,0,0,0.0,1단계_활발관찰,2,0,0.23641780659067646,0,0.06333333333333334
11380,은평구,2025-06,86565.78947368421,83000.0,1249.1178001303265,1275.4251417139046,418,46861.78666666667,47250.0,652.071813455094,651.5176924366929,450,679,229,0.337260677466863,0.5220258756916764,0.4779741243083236,0.0886623635706631,0.0184453186479762,0.0702170449226868,0.6653386454183268,0.0642633228840126,0.5702857142857143,0.9245714285714286,0.8434285714285714,0.0388571428571428,0.6388571428571429,0.8674285714285714,0.2822857142857143,0.6406285714285714,0.6859999999999999,0.6633142857142857,주의,높음,높음,1,0,0.6406285714285714,0.6859999999999999,주의,-0.0592910466710679,0.0592910466710679,0,0,0,0,0,0.0,1단계_활발관찰,2,1,0.8881138199509745,1,0.6033333333333334
11380,은평구,2025-07,78640.09433962264,78100.0,1160.9371120270564,1107.2785031365424,212,47896.41898148148,48000.0,666.1513554464394,651.5176924366929,432,750,318,0.424,0.5738048586312351,0.4261951413687649,-0.0705943731600572,0.0215920113411174,-0.0921863845011746,-0.492822966507177,0.1045655375552283,0.3371428571428571,0.0742857142857142,0.1005714285714285,0.4457142857142857,0.6754285714285714,0.7451428571428571,0.4617142857142857,0.2742285714285714,0.2770857142857142,0.2756571428571428,낮음,낮음,낮음,0,0,0.2742285714285714,0.2770857142857142,낮음,0.0867393225331369,0.0867393225331369,0,0,1,0,1,0.35,2단계_완만정체,1,0,7.213364454631174e-07,0,0.0
11380,은평구,2025-08,80065.18348623853,83000.0,1147.91729774947,1124.965789177399,218,47067.00956937799,45750.0,646.05232979867,617.7197317331451,418,652,234,0.3588957055214724,0.5628038980380181,0.4371961019619819,-0.0112149177958943,-0.0301718603188902,0.0189569425229959,0.0283018867924529,-0.1306666666666667,0.3862857142857143,0.3577142857142857,0.624,0.1005714285714285,0.1702857142857143,0.0628571428571428,0.5565714285714286,0.3622285714285715,0.3790857142857143,0.3706571428571429,안정,안정,안정,0,0,0.3622285714285715,0.3790857142857143,안정,-0.0651042944785276,0.0651042944785276,0,0,0,0,1,0.1,1단계_활발관찰,2,0,0.00035328634275452893,0,0.0
11380,은평구,2025-09,85764.39873417722,86000.0,1222.854456804956,1197.4868707974856,316,45784.22535211268,48900.0,637.5132360449371,648.3087220342934,426,708,282,0.3983050847457627,0.5213320624521548,0.4786679375478452,0.0652809738144053,-0.0132173407011688,0.0784983145155742,0.4495412844036697,0.0858895705521471,0.5737142857142857,0.8651428571428571,0.8674285714285714,0.2914285714285714,0.3074285714285714,0.72,0.3862857142857143,0.6363428571428572,0.6918285714285713,0.6640857142857143,주의,높음,높음,1,0,0.6363428571428572,0.6918285714285713,주의,0.0394093792242903,0.0394093792242903,0,0,0,0,0,0.0,1단계_활발관찰,3,1,0.808417749905934,1,0.9433333333333334
11380,은평구,2025-10,93530.7894736842,91000.0,1292.3615392098675,1264.3213374265829,380,48251.1103117506,49300.0,646.0971013515729,647.134957053771,417,764,347,0.4541884816753926,0.4999352594062711,0.5000647405937289,0.0568400286870751,0.0134646071976309,0.0433754214894441,0.2025316455696202,0.07909604519774,0.6571428571428571,0.8308571428571428,0.752,0.5931428571428572,0.5862857142857143,0.4325714285714285,0.3611428571428571,0.702857142857143,0.6867428571428572,0.6948000000000001,높음,높음,높음,1,0,0.702857142857143,0.6867428571428572,높음,0.0558833969296299,0.0558833969296299,0,0,0,0,0,0.0,1단계_활발관찰,2,1,0.8385499394763926,1,0.87
11380,은평구,2025-11,80127.24043715847,76500.0,1176.7478339331187,1145.4983922829583,183,50497.75063613232,52000.0,690.2233885202749,684.5312630436597,393,631,238,0.3771790808240887,0.5865516541579665,0.4134483458420335,-0.0894592587051402,0.0682966802921636,-0.1577559389973039,-0.5184210526315789,-0.1740837696335078,0.2857142857142857,0.0491428571428571,0.0411428571428571,0.1874285714285714,0.9211428571428572,0.7645714285714286,0.6971428571428572,0.2264571428571428,0.2153142857142857,0.2208857142857143,낮음,낮음,낮음,0,0,0.2264571428571428,0.2153142857142857,낮음,-0.0770094008513039,0.0770094008513039,0,0,1,0,1,0.35,2단계_완만정체,1,0,1.1988157369284112e-08,0,0.006666666666666667
11380,은평구,2025-12,86006.23853211009,84100.0,1215.6320370046635,1151.7301468611277,218,50656.96717171717,52750.0,677.4198411901065,682.5938661096286,396,999,603,0.6036036036036037,0.5572573118912525,0.4427426881087475,0.033043785550537,-0.0185498601512432,0.0515936457017802,0.1912568306010929,0.5832012678288432,0.4148571428571428,0.6994285714285714,0.784,0.9702857142857144,0.2548571428571428,0.4137142857142857,0.9977142857142856,0.6271428571428572,0.6194857142857143,0.6233142857142857,주의,주의,주의,1,0,0.6271428571428572,0.6194857142857143,주의,0.2264245227795149,0.2264245227795149,0,0,0,0,1,0.1,1단계_활발관찰,0,1,0.625069521784477,1,0.7233333333333334
11380,은평구,2026-01,87916.52014652015,86000.0,1285.8320984398968,1231.2046700866797,273,50226.555555555555,52000.0,689.3704355657619,689.6958264560246,405,799,394,0.493116395494368,0.5361278789059448,0.4638721210940552,0.0577477882272723,0.0176413409366049,0.0401064472906673,0.2522935779816513,-0.2002002002002002,0.512,0.8342857142857143,0.7348571428571429,0.768,0.6342857142857142,0.5062857142857143,0.7782857142857142,0.6877714285714285,0.6572,0.6724857142857142,높음,높음,높음,1,0,0.6877714285714285,0.6572,높음,-0.1104872081092356,0.1104872081092356,0,0,0,0,1,0.1,1단계_활발관찰,2,1,0.6600273281836303,1,0.8366666666666667
11380,은평구,2026-02,89241.22807017544,87650.0,1205.3434602386594,1119.1895458731233,342,48787.882697947214,49875.0,669.2294176565867,652.181852648641,341,627,286,0.4561403508771929,0.5552188564777035,0.4447811435222965,-0.0625965383030136,-0.0292165385546967,-0.0333799997483168,0.2527472527472527,-0.2152690863579474,0.4262857142857142,0.0902857142857142,0.2914285714285714,0.6045714285714285,0.1782857142857143,0.5074285714285715,0.8045714285714286,0.3172571428571428,0.3513142857142857,0.3342857142857142,낮음,안정,낮음,0,0,0.3172571428571428,0.3513142857142857,낮음,-0.036976044617175,0.036976044617175,0,0,0,0,0,0.0,1단계_활발관찰,2,0,3.294143492399175e-05,0,0.0033333333333333335
11380,은평구,2026-03,76967.56329113925,79900.0,1134.2983574482946,1080.04004859689,316,49380.95464852608,50000.0,687.8180620227316,694.5409084595083,441,803,362,0.4508094645080946,0.606381960712735,0.393618039287265,-0.0589417913930505,0.0277761913563752,-0.0867179827494257,-0.0760233918128655,0.2807017543859649,0.1931428571428571,0.0971428571428571,0.1074285714285714,0.5737142857142857,0.7348571428571429,0.1782857142857143,0.8937142857142857,0.2632571428571428,0.1890857142857143,0.2261714285714285,낮음,낮음,낮음,0,0,0.2632571428571428,0.1890857142857143,낮음,-0.0053308863690982,0.0053308863690982,0,0,1,0,0,0.25,2단계_완만정체,1,0,1.2940759463201876e-06,0,0.0
11380,은평구,2026-04,81537.85185185185,81000.0,1151.8305531336682,1070.0586530636551,270,45465.62803234501,47000.0,632.9306615429367,630.1664380768804,371,746,375,0.5026809651474531,0.5494998025716428,0.4505001974283572,0.015456423409458,-0.0797993008767207,0.0952557242861787,-0.1455696202531645,-0.070983810709838,0.4571428571428571,0.576,0.912,0.8022857142857143,0.0457142857142857,0.3257142857142857,0.3188571428571428,0.5884571428571429,0.616,0.6022285714285714,주의,주의,주의,0,0,0.5884571428571429,0.616,주의,0.0518715006393584,0.0518715006393584,0,0,1,0,0,0.25,2단계_완만정체,0,0,0.13301520456046362,0,0.07666666666666666
11110,종로구,2023-06,125363.33333333331,118250.0,1382.048126105596,1282.2173508702006,30,65890.12195121951,63000.0,858.1524533230362,769.6498858858703,82,160,78,0.4875,0.620928053888529,0.379071946111471,0.0506365982743233,0.0867754174008319,-0.0361388191265086,-0.1176470588235294,-0.2307692307692307,0.144,0.8034285714285714,0.2811428571428571,0.744,0.9428571428571428,0.2754285714285714,0.8422857142857143,0.5061714285714285,0.3833142857142858,0.4447428571428571,보통,안정,안정,0,0,0.5061714285714285,0.3833142857142858,보통,0.0,0.0,0,0,1,0,0,0.25,2단계_완만정체,0,0,0.0039649528982859256,0,0.01
11110,종로구,2023-07,119448.18181818182,127500.0,1427.6663638408274,1283.479441885857,22,62944.70297029703,55000.0,838.1512937520341,764.9758738378251,101,174,73,0.4195402298850574,0.5870778460432236,0.4129221539567764,0.0330077056460955,-0.0233072334566559,0.0563149391027515,-0.2666666666666667,0.0874999999999999,0.2822857142857143,0.6982857142857143,0.7977142857142857,0.4137142857142857,0.2182857142857142,0.528,0.3954285714285714,0.5026857142857143,0.5320571428571429,0.5173714285714286,보통,보통,보통,0,0,0.5026857142857143,0.5320571428571429,보통,-0.0679597701149425,0.0679597701149425,0,0,1,0,1,0.35,2단계_완만정체,2,0,0.010937472511344032,0,0.023333333333333334
11110,종로구,2023-08,133262.0,137225.0,1582.5904320504912,1401.4083192609469,40,59248.738738738735,48000.0,842.6970273938982,739.5741792901828,111,213,102,0.4788732394366197,0.5324795413441579,0.4675204586558421,0.1085155972946467,0.0054235239815891,0.1030920733130575,0.8181818181818181,0.2241379310344826,0.5257142857142857,0.9622857142857144,0.9188571428571428,0.7108571428571429,0.4994285714285714,0.9257142857142856,0.832,0.7386285714285714,0.7698285714285714,0.7542285714285715,높음,높음,높음,1,1,0.7386285714285714,0.7698285714285714,높음,0.0593330095515622,0.0593330095515622,0,1,0,0,0,0.2,1단계_활발관찰,3,1,0.9980332337798301,1,0.9166666666666666
11110,종로구,2023-09,102655.20833333331,94250.0,1321.018892695977,1148.6121173598608,48,57560.23584905661,51000.0,763.8425694317509,736.1099134833722,106,217,111,0.511520737327189,0.5782222901240095,0.4217777098759905,-0.1652806272912997,-0.0935739125673795,-0.0717067147239202,0.1999999999999999,0.0187793427230047,0.32,0.0125714285714285,0.1451428571428571,0.8331428571428572,0.0365714285714285,0.4285714285714285,0.0925714285714285,0.2568,0.2769714285714286,0.2668857142857143,낮음,낮음,낮음,0,0,0.2568,0.2769714285714286,낮음,0.0326474978905692,0.0326474978905692,0,0,0,0,0,0.0,1단계_활발관찰,0,0,1.541668020006675e-08,0,0.023333333333333334
11110,종로구,2023-10,91894.8275862069,92000.0,1218.7867403452456,1003.780471907183,29,61146.39215686275,58000.0,805.9067104615168,741.8747056052755,102,188,86,0.4574468085106383,0.661236854474826,0.3387631455251739,-0.0773888646982882,0.0550691238131162,-0.1324579885114044,-0.3958333333333333,-0.1336405529953916,0.0457142857142857,0.0662857142857142,0.0571428571428571,0.6137142857142858,0.88,0.6697142857142857,0.5725714285714286,0.2217714285714285,0.1718857142857142,0.1968285714285714,낮음,낮음,낮음,0,0,0.2217714285714285,0.1718857142857142,낮음,-0.0540739288165506,0.0540739288165506,0,0,1,0,0,0.25,2단계_완만정체,1,0,8.647788176410456e-09,0,0.0
11110,종로구,2023-11,82070.83333333333,67000.0,1199.0241893775196,1061.4514287440993,24,66165.3781512605,60000.0,795.6976804131717,754.3391188251001,119,224,105,0.46875,0.6636210407283466,0.3363789592716534,-0.016214937620775,-0.012667756597409,-0.003547181023366,-0.1724137931034483,0.1914893617021276,0.0434285714285714,0.3222857142857143,0.472,0.6594285714285715,0.32,0.3782857142857143,0.752,0.3189142857142857,0.3014285714285714,0.3101714285714285,낮음,낮음,낮음,0,0,0.3189142857142857,0.3014285714285714,낮음,0.0113031914893617,0.0113031914893617,0,0,1,0,0,0.25,2단계_완만정체,0,0,1.271223025793857e-05,0,0.0
11110,종로구,2023-12,96205.0,100250.0,1325.002247946542,1064.8278412073432,20,57682.604166666664,49500.0,972.58300405266,1050.5817054957731,96,209,113,0.5406698564593302,0.7340236634012861,0.2659763365987139,0.1050671535112437,0.2223021732922976,-0.1172350197810538,-0.1666666666666666,-0.0669642857142857,0.0068571428571428,0.9588571428571429,0.072,0.8914285714285715,0.9874285714285714,0.3662857142857142,0.3017142857142857,0.4886285714285714,0.3379428571428571,0.4132857142857142,보통,낮음,안정,0,0,0.4886285714285714,0.3379428571428571,보통,0.0719198564593301,0.0719198564593301,0,0,1,0,1,0.35,2단계_완만정체,1,0,0.0006031788566382205,0,0.05
11110,종로구,2024-01,95822.5,87500.0,1289.2106841839106,1136.956611519512,20,61720.47169811321,61950.0,867.8896419726487,828.8525956703108,106,227,121,0.5330396475770925,0.6731945775969392,0.3268054224030607,-0.0270124551245858,-0.1076446551541246,0.0806322000295388,0.0,0.0861244019138756,0.0297142857142857,0.2525714285714285,0.8742857142857143,0.8834285714285715,0.0285714285714285,0.0045714285714285,0.3885714285714285,0.3822857142857143,0.3682857142857143,0.3752857142857143,안정,안정,안정,0,0,0.3822857142857143,0.3682857142857143,안정,-0.0076302088822376,0.0076302088822376,0,0,0,0,0,0.0,1단계_활발관찰,0,0,7.807859686796221e-05,0,0.043333333333333335
11110,종로구,2024-02,85002.27272727272,60000.0,1052.7455931039765,971.3931121415104,22,62452.84722222222,51500.0,798.0161063261007,745.1204654834437,72,165,93,0.5636363636363636,0.7580331958200687,0.2419668041799313,-0.1834185009330885,-0.0805097010810391,-0.1029087998520493,0.1,-0.2731277533039647,0.0034285714285714,0.0091428571428571,0.0902857142857142,0.9314285714285714,0.0445714285714285,0.24,0.8902857142857142,0.1655428571428571,0.1427428571428571,0.1541428571428571,낮음,낮음,낮음,0,0,0.1655428571428571,0.1427428571428571,낮음,0.030596716059271,0.030596716059271,0,0,0,0,0,0.0,1단계_활발관찰,1,0,2.192002328811871e-12,0,0.0033333333333333335
11110,종로구,2024-03,104163.125,105000.0,1346.8015584443942,1283.2275817913703,32,61211.96,50000.0,784.1201037999078,662.5149065853982,75,176,101,0.5738636363636364,0.5822090855802066,0.4177909144197934,0.279322912645406,-0.0174131855435439,0.2967360981889499,0.4545454545454546,0.0666666666666666,0.3074285714285714,0.9977142857142856,0.9965714285714286,0.9462857142857144,0.2628571428571428,0.7251428571428571,0.2982857142857142,0.7091999999999999,0.7234285714285714,0.7163142857142857,높음,높음,높음,1,0,0.7091999999999999,0.7234285714285714,높음,0.0102272727272727,0.0102272727272727,0,0,0,0,0,0.0,1단계_활발관찰,3,1,0.9999999988222812,1,0.9566666666666667
11110,종로구,2024-04,98387.14285714286,100000.0,1278.524996705149,1142.5959780621572,35,65168.125,64500.0,802.3824444594535,766.1484265657027,64,130,66,0.5076923076923077,0.6275844794018504,0.3724155205981496,-0.0506953391248723,0.023290233946362,-0.0739855730712344,0.09375,-0.2613636363636363,0.1188571428571428,0.1302857142857142,0.1371428571428571,0.8222857142857143,0.6948571428571428,0.2194285714285714,0.8777142857142857,0.2884857142857142,0.2061142857142857,0.2472999999999999,낮음,낮음,낮음,0,0,0.2884857142857142,0.2061142857142857,낮음,-0.0661713286713286,0.0661713286713286,0,0,0,0,1,0.1,1단계_활발관찰,1,0,2.7901294859765467e-06,0,0.0
11110,종로구,2024-05,121948.90476190476,128000.0,1645.2487579369692,1460.1629457200297,63,60468.115942028984,55000.0,807.1939228573024,700.3501750875438,69,159,90,0.5660377358490566,0.4906212017868161,0.5093787982131839,0.286833469957094,0.0059964901164932,0.2808369798406007,0.8,0.2230769230769231,0.6857142857142857,0.9988571428571428,0.9942857142857144,0.936,0.5074285714285715,0.9165714285714286,0.8262857142857143,0.8454285714285714,0.8736,0.8595142857142857,높음,높음,높음,1,1,0.8454285714285714,0.8736,높음,0.0583454281567489,0.0583454281567489,0,1,0,0,0,0.2,1단계_활발관찰,3,1,0.9999999999859068,1,0.9866666666666667
11110,종로구,2024-06,117486.40625,116495.0,1553.2042482029078,1393.8835029006582,64,63753.39473684211,51500.0,826.0031235860766,750.6257092373025,76,144,68,0.4722222222222222,0.5318058616835364,0.4681941383164636,-0.0559456491245001,0.0233019602801189,-0.0792476094046191,0.0158730158730158,-0.0943396226415094,0.5268571428571428,0.1062857142857142,0.1291428571428571,0.68,0.696,0.0342857142857142,0.4194285714285714,0.3820571428571429,0.3093714285714285,0.3457142857142857,안정,낮음,낮음,0,0,0.3820571428571429,0.3093714285714285,안정,-0.0938155136268343,0.0938155136268343,0,0,0,0,1,0.1,1단계_활발관찰,1,0,5.516194176149587e-05,0,0.0
11110,종로구,2024-07,121457.33333333331,107750.0,1478.3169587262778,1323.8210837641254,60,63923.590361445786,57000.0,859.5098041072547,800.6672226855712,83,154,71,0.461038961038961,0.5814110424924104,0.4185889575075896,-0.0482147081192163,0.0405648351252105,-0.0887795432444269,-0.0625,0.0694444444444444,0.312,0.1382857142857143,0.104,0.6331428571428571,0.8205714285714286,0.1445714285714285,0.3137142857142857,0.326,0.2406285714285714,0.2833142857142857,낮음,낮음,낮음,0,0,0.326,0.2406285714285714,낮음,-0.0111832611832611,0.0111832611832611,0,0,1,0,0,0.25,2단계_완만정체,1,0,7.788778438485639e-06,0,0.0
11110,종로구,2024-08,91526.25,89725.0,1248.8599245960957,1185.377837779401,40,72650.0,69458.0,886.3546492991026,824.3052284503061,69,134,65,0.4850746268656716,0.7097310369581808,0.2902689630418191,-0.155215045579862,0.0312327387815323,-0.1864477843613943,-0.3333333333333333,-0.1298701298701299,0.016,0.0171428571428571,0.0274285714285714,0.7314285714285714,0.7577142857142857,0.6011428571428571,0.5542857142857143,0.2000571428571428,0.1491428571428571,0.1745999999999999,낮음,낮음,낮음,0,0,0.2000571428571428,0.1491428571428571,낮음,0.0240356658267105,0.0240356658267105,0,0,1,0,0,0.25,2단계_완만정체,1,0,3.438201032776879e-12,0,0.0
11110,종로구,2024-09,124096.66666666669,123500.0,1244.6932422069824,1073.223814586859,30,72184.875,64000.0,833.7660866868114,776.3244813798729,48,116,68,0.5862068965517241,0.6698566830879948,0.3301433169120051,-0.003336388899228,-0.0593312875990172,0.0559948986997892,-0.25,-0.1343283582089552,0.0342857142857142,0.4205714285714286,0.7965714285714286,0.9565714285714284,0.0697142857142857,0.4994285714285714,0.576,0.4252,0.4408571428571429,0.4330285714285715,안정,안정,안정,0,0,0.4252,0.4408571428571429,안정,0.1011322696860524,0.1011322696860524,1,0,1,0,1,0.6,3단계_안정정체,0,0,0.0004059934989980787,0,0.0033333333333333335
11110,종로구,2024-10,121830.0,124950.0,1356.7602374566552,1324.452552344963,38,68397.04918032787,70000.0,843.8837574865203,765.175790308872,61,139,78,0.5611510791366906,0.6219844407206694,0.3780155592793306,0.09003583489452,0.0121349032555571,0.0779009316389629,0.2666666666666666,0.1982758620689655,0.1405714285714285,0.9291428571428572,0.8628571428571429,0.9245714285714286,0.5714285714285714,0.5268571428571428,0.7725714285714286,0.6428571428571429,0.5958857142857144,0.6193714285714287,높음,주의,주의,1,0,0.6428571428571429,0.5958857142857144,높음,-0.0250558174150334,0.0250558174150334,0,0,0,0,0,0.0,1단계_활발관찰,0,1,0.7919909507442761,1,0.76
11110,종로구,2024-11,121327.17948717948,97490.0,1501.931157481416,1414.141414141414,39,70556.57971014493,70000.0,869.9291998326436,830.932531839554,69,156,87,0.5576923076923077,0.5792071064638045,0.4207928935361955,0.1069982123716228,0.0308637796557416,0.0761344327158812,0.0263157894736842,0.1223021582733812,0.3177142857142857,0.9611428571428572,0.8571428571428571,0.9177142857142856,0.7554285714285714,0.0594285714285714,0.5234285714285715,0.7202285714285713,0.6154285714285714,0.6678285714285714,높음,주의,높음,1,0,0.7202285714285713,0.6154285714285714,높음,-0.0034587714443828,0.0034587714443828,0,0,0,0,0,0.0,1단계_활발관찰,0,1,0.9788262973715928,1,0.7933333333333333
11110,종로구,2024-12,93394.44444444444,89950.0,1179.9781845678742,1075.1201825372327,18,73770.6380952381,73000.0,882.9038351422365,834.4459279038718,105,224,119,0.53125,0.7482374222584202,0.2517625777415798,-0.2143593408458373,0.0149145876607992,-0.2292739285066365,-0.5384615384615384,0.4358974358974359,0.0045714285714285,0.0068571428571428,0.0171428571428571,0.876,0.6045714285714285,0.7965714285714286,0.9794285714285714,0.1983714285714285,0.1745142857142857,0.1864428571428571,낮음,낮음,낮음,0,0,0.1983714285714285,0.1745142857142857,낮음,-0.0264423076923077,0.0264423076923077,0,0,1,0,0,0.25,2단계_완만정체,1,0,1.1997777548142528e-14,0,0.006666666666666667
11110,종로구,2025-01,115193.07692307692,115000.0,1457.3663265337648,1355.2051662777817,26,67000.875,54500.0,868.7126624314972,792.119065966082,80,174,94,0.5402298850574713,0.5960839403347985,0.4039160596652015,0.2350790426413469,-0.0160732937675518,0.2511523364088988,0.4444444444444444,-0.2232142857142857,0.2422857142857143,0.9954285714285714,0.992,0.8902857142857142,0.2822857142857143,0.7165714285714285,0.8274285714285714,0.6817142857142856,0.6925714285714286,0.687142857142857,높음,높음,높음,1,0,0.6817142857142856,0.6925714285714286,높음,0.0089798850574712,0.0089798850574712,0,0,0,0,0,0.0,1단계_활발관찰,3,1,0.9999997855688272,1,0.86
11110,종로구,2025-02,129870.33898305084,135000.0,1708.328838423303,1530.4992934526613,59,72242.73,69500.0,948.7621673945793,835.5710220687827,100,234,134,0.5726495726495726,0.5553744373186584,0.4446255626813415,0.1722027655781191,0.0921472754167369,0.0800554901613821,1.2692307692307692,0.3448275862068966,0.4228571428571429,0.9908571428571428,0.872,0.9428571428571428,0.9462857142857144,0.984,0.9462857142857144,0.7850285714285714,0.7568571428571429,0.7709428571428572,높음,높음,높음,1,1,0.7850285714285714,0.7568571428571429,높음,0.0324196875921013,0.0324196875921013,0,0,0,0,0,0.0,1단계_활발관찰,3,1,0.999986665504502,1,0.9233333333333333
11110,종로구,2025-03,136651.77777777778,123250.0,1764.1417156160935,1536.272696740437,90,69226.11111111111,66075.0,856.9758677064922,800.7536504945831,90,185,95,0.5135135135135135,0.4857749579416352,0.5142250420583647,0.0326710384660502,-0.0967432122005284,0.1294142506665786,0.5254237288135593,-0.2094017094017094,0.7062857142857143,0.6937142857142857,0.9485714285714286,0.8411428571428572,0.0354285714285714,0.7748571428571429,0.7977142857142857,0.7047428571428572,0.7846857142857142,0.7447142857142857,높음,높음,높음,1,1,0.7047428571428572,0.7846857142857142,높음,-0.0591360591360591,0.0591360591360591,0,0,0,0,0,0.0,1단계_활발관찰,3,1,0.9737527731417505,1,0.9533333333333334
11110,종로구,2025-04,99236.74418604652,86000.0,1364.0533885726447,1224.2812644941953,43,66406.45,63500.0,860.4825798556521,800.6184657090834,80,161,81,0.5031055900621118,0.6308276399328235,0.3691723600671764,-0.2267892219212817,0.0040919613740639,-0.2308811832953456,-0.5222222222222221,-0.1297297297297297,0.1074285714285714,0.0045714285714285,0.016,0.8057142857142857,0.48,0.7691428571428571,0.5531428571428572,0.2054285714285714,0.2,0.2027142857142857,낮음,낮음,낮음,0,0,0.2054285714285714,0.2,낮음,-0.0104079234514017,0.0104079234514017,0,1,1,0,0,0.45,3단계_안정정체,1,0,3.3391372600581857e-13,0,0.0
11110,종로구,2025-05,135207.868852459,125500.0,1553.8956221515932,1433.6326934168246,61,72859.22619047618,68500.0,930.2326178695844,881.9049049267718,84,169,85,0.5029585798816568,0.5986454975537823,0.4013545024462177,0.1391750756747143,0.0810592098513289,0.0581158658233853,0.4186046511627908,0.0496894409937889,0.2262857142857142,0.9771428571428572,0.8045714285714286,0.8045714285714286,0.9371428571428572,0.688,0.2314285714285714,0.6874857142857144,0.6250285714285714,0.6562571428571429,높음,주의,높음,1,0,0.6874857142857144,0.6250285714285714,높음,-0.0001470101804549,0.0001470101804549,0,0,0,0,0,0.0,1단계_활발관찰,0,1,0.9874358463724298,1,0.5833333333333334
11110,종로구,2025-06,133290.3738317757,129000.0,1598.084407902241,1396.1634695579648,107,69896.19791666667,65575.0,971.9822969296192,883.9230084557187,96,195,99,0.5076923076923077,0.6082171205246362,0.3917828794753638,0.0284374221284322,0.0448809021077434,-0.0164434799793111,0.7540983606557377,0.1538461538461537,0.1874285714285714,0.672,0.3862857142857143,0.8222857142857143,0.8445714285714285,0.8971428571428571,0.6365714285714286,0.5092857142857143,0.4685142857142857,0.4889,보통,보통,보통,0,0,0.5092857142857143,0.4685142857142857,보통,0.0047337278106508,0.0047337278106508,0,0,0,0,0,0.0,1단계_활발관찰,0,0,0.011804160154179863,0,0.01
11110,종로구,2025-07,115357.75,84100.0,1436.9347001824983,1184.4475720760977,40,73336.58024691358,66000.0,921.6443649667174,833.3333333333334,81,197,116,0.5888324873096447,0.6413961364073563,0.3586038635926437,-0.1008392966747476,-0.051788939080386,-0.0490503575943616,-0.6261682242990654,0.0102564102564102,0.0822857142857142,0.0365714285714285,0.216,0.96,0.0857142857142857,0.8491428571428571,0.0537142857142857,0.2295999999999999,0.2710285714285714,0.2503142857142857,낮음,낮음,낮음,0,0,0.2295999999999999,0.2710285714285714,낮음,0.081140179617337,0.081140179617337,0,0,1,0,1,0.35,2단계_완만정체,0,0,1.5882519754691247e-07,0,0.0
11110,종로구,2025-08,94112.09302325582,88000.0,1319.6715993250034,1348.635268117392,43,73858.44827586207,76500.0,923.9284314735788,831.057025600036,58,187,129,0.6898395721925134,0.7001199631379182,0.2998800368620817,-0.0816064229241607,0.0024782514749537,-0.0840846743991144,0.0749999999999999,-0.0507614213197969,0.0171428571428571,0.0571428571428571,0.1108571428571428,0.9931428571428572,0.4594285714285714,0.1737142857142857,0.2354285714285714,0.2365142857142857,0.1618285714285714,0.1991714285714285,낮음,낮음,낮음,0,0,0.2365142857142857,0.1618285714285714,낮음,0.1010070848828686,0.1010070848828686,0,1,0,0,1,0.30000000000000004,2단계_완만정체,0,0,2.894584734649451e-07,0,0.0
11110,종로구,2025-09,118543.3088235294,107235.0,1456.4392866861135,1415.7721959382177,68,68040.51666666666,61750.0,893.9060001095093,800.7660662033345,60,208,148,0.7115384615384616,0.6137612520350535,0.3862387479649465,0.1036376682131108,-0.0324943256873119,0.1361319939004227,0.5813953488372092,0.1122994652406417,0.1657142857142857,0.9554285714285714,0.9542857142857144,0.9965714285714286,0.1508571428571428,0.824,0.4891428571428571,0.644,0.6697142857142857,0.6568571428571428,높음,높음,높음,1,0,0.644,0.6697142857142857,높음,0.0216988893459482,0.0216988893459482,0,0,0,0,0,0.0,1단계_활발관찰,0,1,0.9986376045284218,1,0.7933333333333333
11110,종로구,2025-10,117897.19101123596,108000.0,1589.513155829772,1367.9753630973632,89,77658.52873563218,79000.0,965.8203563823988,874.704266652703,87,183,96,0.5245901639344263,0.607620234434746,0.392379765565254,0.0913693213030841,0.0804495732930303,0.0109197480100537,0.3088235294117647,-0.1201923076923077,0.1908571428571428,0.9325714285714286,0.5611428571428572,0.8674285714285714,0.9348571428571428,0.5851428571428572,0.5142857142857142,0.6262285714285715,0.5388571428571429,0.5825428571428573,주의,보통,주의,0,0,0.6262285714285715,0.5388571428571429,주의,-0.1869482976040353,0.1869482976040353,0,0,0,0,1,0.1,1단계_활발관찰,0,0,0.48388441235970636,0,0.04
11110,종로구,2025-11,66548.4,64000.0,1160.009175260231,993.193849256365,25,81792.1875,77500.0,969.3508093916492,897.8779459916757,80,203,123,0.6059113300492611,0.8356406398028616,0.1643593601971383,-0.2702110259322311,0.0036553930406624,-0.2738664189728935,-0.7191011235955056,0.1092896174863387,0.0011428571428571,0.0011428571428571,0.0091428571428571,0.9737142857142858,0.4731428571428571,0.8902857142857142,0.4788571428571428,0.1958285714285714,0.1893142857142857,0.1925714285714285,낮음,낮음,낮음,0,0,0.1958285714285714,0.1893142857142857,낮음,0.0813211661148348,0.0813211661148348,0,1,1,0,1,0.55,3단계_안정정체,1,0,6.4759065520199065e-18,0,0.0033333333333333335
11110,종로구,2025-12,114268.18181818182,109950.0,1358.1946514048132,1286.9333520482985,44,78794.48192771085,76000.0,1003.4935806639768,942.2850412249704,83,272,189,0.6948529411764706,0.7388437140626635,0.2611562859373365,0.1708481970413056,0.0352223064565808,0.1356258905847247,0.76,0.3399014778325122,0.0057142857142857,0.9897142857142858,0.9531428571428572,0.9942857142857144,0.7885714285714286,0.8994285714285715,0.9428571428571428,0.6677714285714286,0.6276,0.6476857142857143,높음,주의,높음,1,0,0.6677714285714286,0.6276,높음,0.0889416111272094,0.0889416111272094,0,0,0,0,1,0.1,1단계_활발관찰,0,1,0.9972768599452717,1,0.8266666666666667
11110,종로구,2026-01,139325.65217391303,108995.0,1508.9517474989764,1303.2140188586204,46,69693.25,70000.0,899.1411416496627,852.5676414085741,80,246,166,0.6747967479674797,0.5958713677491352,0.4041286322508648,0.1109981518026386,-0.1039891445496518,0.2149872963522904,0.0454545454545454,-0.0955882352941176,0.2445714285714285,0.9634285714285714,0.9862857142857144,0.992,0.0297142857142857,0.1068571428571428,0.4285714285714285,0.663257142857143,0.6347428571428573,0.6490000000000001,높음,주의,높음,1,0,0.663257142857143,0.6347428571428573,높음,-0.0200561932089908,0.0200561932089908,0,0,0,0,0,0.0,1단계_활발관찰,0,1,0.9996877870931757,0,0.49666666666666665
11110,종로구,2026-02,118036.92307692308,100750.0,1423.2852866684975,1313.828977691889,52,71144.08196721312,63000.0,849.5867144841162,767.690253671562,61,169,108,0.6390532544378699,0.5969194808953269,0.4030805191046731,-0.0567721671501206,-0.0551130683160916,-0.001659098834029,0.1304347826086955,-0.3130081300813008,0.2388571428571428,0.104,0.4891428571428571,0.984,0.0777142857142857,0.3028571428571429,0.9234285714285714,0.3508571428571428,0.3553714285714285,0.3531142857142857,낮음,안정,안정,0,0,0.3508571428571428,0.3553714285714285,낮음,-0.0357434935296098,0.0357434935296098,0,0,0,0,0,0.0,1단계_활발관찰,0,0,0.0002593699021084967,0,0.006666666666666667
11110,종로구,2026-03,106378.70370370372,92000.0,1449.344206645583,1210.9756338087789,54,70951.32075471699,60000.0,867.5034356409627,694.6983546617915,53,158,105,0.6645569620253164,0.598548937970191,0.4014510620298089,0.018308992737557,0.0210887492134641,-0.0027797564759071,0.0384615384615385,-0.0650887573964497,0.2274285714285714,0.5977142857142858,0.4788571428571428,0.9897142857142858,0.6674285714285715,0.0891428571428571,0.2868571428571428,0.5286285714285714,0.4267428571428572,0.4776857142857143,보통,안정,보통,0,0,0.5286285714285714,0.4267428571428572,보통,0.0255037075874465,0.0255037075874465,0,0,0,0,0,0.0,1단계_활발관찰,0,0,0.05287159491872837,0,0.01
11110,종로구,2026-04,111284.35483870968,97750.0,1417.5552012295668,1221.147154345809,62,76151.4705882353,71000.0,886.3321381841857,806.3980975288199,34,78,44,0.5641025641025641,0.6252540553026747,0.3747459446973252,-0.0219333718451808,0.021704470287557,-0.0436378421327379,0.1481481481481481,-0.5063291139240507,0.1302857142857142,0.2788571428571428,0.24,0.9325714285714286,0.6765714285714286,0.3325714285714286,0.992,0.3643428571428571,0.2878857142857143,0.3261142857142857,안정,낮음,낮음,0,0,0.3643428571428571,0.2878857142857143,안정,-0.1004543979227523,0.1004543979227523,0,0,0,0,1,0.1,1단계_활발관찰,0,0,9.269644171940149e-05,0,0.0033333333333333335
11140,중구,2023-06,90930.90909090907,93000.0,1268.6687256554865,1237.122402654095,55,55073.40579710145,55000.0,799.053215930794,787.1802080404835,207,473,266,0.5623678646934461,0.6298359845813531,0.3701640154186468,-0.0413174284849415,0.0209125445918745,-0.0622299730768161,0.0185185185185186,-0.1336996336996336,0.1097142857142857,0.1714285714285714,0.1702857142857143,0.9268571428571428,0.6651428571428571,0.0388571428571428,0.5737142857142857,0.3153714285714286,0.2118285714285714,0.2636,낮음,낮음,낮음,0,0,0.3153714285714286,0.2118285714285714,낮음,0.0,0.0,0,0,0,0,0,0.0,1단계_활발관찰,0,0,1.440822202596847e-05,0,0.0
11140,중구,2023-07,98619.11764705884,95500.0,1287.3558901118024,1281.4015718726314,68,53721.44827586207,50600.0,826.80720118168,817.5397292525014,174,363,189,0.5206611570247934,0.6422522377319256,0.3577477622680743,0.0147297431381552,0.0347335880734254,-0.0200038449352701,0.2363636363636363,-0.2325581395348837,0.0788571428571428,0.5737142857142857,0.3554285714285714,0.8594285714285714,0.7851428571428571,0.4822857142857142,0.8451428571428572,0.4456,0.3653714285714286,0.4054857142857143,안정,안정,안정,0,0,0.4456,0.3653714285714286,안정,-0.0417067076686527,0.0417067076686527,0,0,0,0,0,0.0,1단계_활발관찰,0,0,0.0005488290464426552,0,0.0
11140,중구,2023-08,107202.38095238096,103000.0,1412.846820451099,1411.1406126268314,63,57342.1875,55000.0,811.055413072544,805.9663032600306,176,318,142,0.4465408805031446,0.5740575703837357,0.4259424296162643,0.0974795946507054,-0.0190513436344331,0.1165309382851386,-0.0735294117647058,-0.1239669421487603,0.3348571428571428,0.9428571428571428,0.9371428571428572,0.5577142857142857,0.2514285714285714,0.168,0.5302857142857142,0.6324000000000001,0.6126285714285715,0.6225142857142858,주의,주의,주의,1,0,0.6324000000000001,0.6126285714285715,주의,-0.0741202765216488,0.0741202765216488,0,0,1,0,1,0.35,2단계_완만정체,2,1,0.8973775926981417,1,0.8433333333333334
11140,중구,2023-09,102794.73684210528,99000.0,1359.2909550237468,1352.0280420630947,57,58060.31210191083,57000.0,833.9167227792616,834.1675008341675,157,343,186,0.5422740524781341,0.613493909966239,0.386506090033761,-0.0379063495434364,0.0281871119263128,-0.0660934614697492,-0.0952380952380952,0.0786163522012579,0.168,0.1885714285714285,0.1588571428571428,0.896,0.7382857142857143,0.2262857142857142,0.3565714285714286,0.3375428571428571,0.2484571428571428,0.293,낮음,낮음,낮음,0,0,0.3375428571428571,0.2484571428571428,낮음,0.0957331719749894,0.0957331719749894,0,0,1,0,1,0.35,2단계_완만정체,0,0,2.3303701116568404e-05,0,0.0
11140,중구,2023-10,91511.62790697676,100000.0,1297.923904705331,1288.300835654596,43,60802.46583850931,58000.0,838.2392253671029,823.8977425201855,161,316,155,0.490506329113924,0.645830793568294,0.354169206431706,-0.0451463684736601,0.0051833743943103,-0.0503297428679705,-0.2456140350877192,-0.0787172011661807,0.0742857142857142,0.152,0.2137142857142857,0.7565714285714286,0.4982857142857143,0.4914285714285714,0.3577142857142857,0.2663428571428571,0.2346285714285714,0.2504857142857143,낮음,낮음,낮음,0,0,0.2663428571428571,0.2346285714285714,낮음,-0.05176772336421,0.05176772336421,0,1,1,0,0,0.45,3단계_안정정체,1,0,1.6583366679273609e-06,0,0.0
11140,중구,2023-11,93306.97674418605,84000.0,1221.749075358319,1191.6750587445451,43,64423.120253164554,67000.0,890.5793001829605,850.2985010522699,158,297,139,0.468013468013468,0.728937977646325,0.271062022353675,-0.0586897498927768,0.0624404981679729,-0.1211302480607497,0.0,-0.060126582278481,0.0091428571428571,0.0982857142857142,0.0674285714285714,0.6548571428571428,0.9062857142857144,0.0045714285714285,0.2697142857142857,0.2296571428571428,0.1056571428571428,0.1676571428571428,낮음,낮음,낮음,0,0,0.2296571428571428,0.1056571428571428,낮음,-0.022492861100456,0.022492861100456,0,0,0,0,0,0.0,1단계_활발관찰,1,0,4.519314063003654e-09,0,0.0
11140,중구,2023-12,84626.31578947368,84250.0,1332.7953386800637,1305.802129955026,38,61663.62658227848,63000.0,847.8555503934284,837.3309546548708,158,311,153,0.4919614147909968,0.6361483461017381,0.3638516538982619,0.0908912194504232,-0.0479729876730291,0.1388642071234523,-0.1162790697674418,0.0471380471380471,0.096,0.9314285714285714,0.9565714285714284,0.7611428571428571,0.096,0.2725714285714286,0.216,0.5767428571428572,0.5624,0.5695714285714286,주의,주의,주의,0,0,0.5767428571428572,0.5624,주의,0.0239479467775288,0.0239479467775288,0,0,1,0,0,0.25,2단계_완만정체,0,1,0.5877544296049242,0,0.14666666666666667
11140,중구,2024-01,100654.76190476192,109500.0,1319.6525919158823,1348.9599252453154,42,58033.89880952381,60000.0,833.6868205265832,812.2424955856386,168,376,208,0.5531914893617021,0.631747192885235,0.368252807114765,-0.0098610389628142,-0.0167112544822882,0.006850215519474,0.1052631578947369,0.2090032154340835,0.1051428571428571,0.3657142857142857,0.5348571428571428,0.9137142857142856,0.2777142857142857,0.2525714285714285,0.7942857142857143,0.3947714285714285,0.3602857142857143,0.3775285714285714,안정,안정,안정,0,0,0.3947714285714285,0.3602857142857143,안정,0.0612300745707053,0.0612300745707053,1,0,0,0,1,0.35,2단계_완만정체,0,0,0.0005242603252286149,0,0.0033333333333333335
11140,중구,2024-02,89629.26829268293,93400.0,1311.617583053491,1302.4602026049204,41,57294.770053475935,57880.0,852.9004802490426,839.4075647942695,187,348,161,0.4626436781609195,0.6502661227394199,0.3497338772605801,-0.0060887304064822,0.0230466156467765,-0.0291353460532588,-0.0238095238095238,-0.074468085106383,0.0628571428571428,0.3931428571428571,0.3131428571428571,0.6388571428571429,0.6891428571428572,0.0525714285714285,0.3337142857142857,0.3445142857142857,0.2480571428571428,0.2962857142857142,낮음,낮음,낮음,0,0,0.3445142857142857,0.2480571428571428,낮음,-0.0905478112007826,0.0905478112007826,1,0,1,0,1,0.6,3단계_안정정체,0,0,2.4516615113044674e-05,0,0.0
11140,중구,2024-03,102903.79746835445,107500.0,1447.3426899939518,1371.8362027573908,79,57789.05714285714,57000.0,843.9534550516665,834.1675008341675,175,348,173,0.4971264367816091,0.5831054807449874,0.4168945192550126,0.1034791761669495,-0.0104901162615872,0.1139692924285368,0.9268292682926828,0.0,0.304,0.9531428571428572,0.9348571428571428,0.7828571428571428,0.3382857142857143,0.9542857142857144,0.0028571428571428,0.6677142857142857,0.7044571428571429,0.6860857142857143,높음,높음,높음,1,0,0.6677142857142857,0.7044571428571429,높음,0.0344827586206896,0.0344827586206896,0,0,0,0,0,0.0,1단계_활발관찰,3,1,0.9865925861379972,1,0.92
11140,중구,2024-04,104106.0606060606,100250.0,1466.5698080313744,1492.03743765289,66,54738.248062015504,54000.0,813.5566436921246,834.1675008341675,129,287,158,0.5505226480836237,0.5547343462526266,0.4452656537473733,0.0132844268122174,-0.0360171656121498,0.0493015924243672,-0.1645569620253164,-0.1752873563218391,0.4285714285714285,0.5554285714285714,0.7737142857142857,0.9074285714285716,0.1325714285714285,0.3634285714285714,0.7028571428571428,0.5715428571428571,0.5816,0.5765714285714285,주의,주의,주의,0,0,0.5715428571428571,0.5816,주의,0.0533962113020146,0.0533962113020146,0,0,1,0,0,0.25,2단계_완만정체,0,0,0.07685213680640965,0,0.05
11140,중구,2024-05,105020.28985507246,105500.0,1378.8874603468291,1384.7967000589276,69,53929.10256410256,57000.0,857.2449898704098,845.3725496007089,156,293,137,0.4675767918088737,0.6216932233576107,0.3783067766423893,-0.0597873672322794,0.0537004356328731,-0.1134878028651525,0.0454545454545454,0.0209059233449477,0.1417142857142857,0.0937142857142857,0.0811428571428571,0.6525714285714286,0.8765714285714286,0.1068571428571428,0.1062857142857142,0.2677142857142857,0.1645714285714286,0.2161428571428571,낮음,낮음,낮음,0,0,0.2677142857142857,0.1645714285714286,낮음,-0.08294585627475,0.08294585627475,0,0,0,0,1,0.1,1단계_활발관찰,1,0,4.924543266887648e-07,0,0.0
11140,중구,2024-06,114460.84905660378,113650.0,1462.9035335757014,1496.4572149362443,106,58100.22413793104,60000.0,860.0698247567132,838.7431614789709,116,252,136,0.5396825396825397,0.5879197124191011,0.4120802875808989,0.060930333798046,0.0032952480559034,0.0576350857421426,0.536231884057971,-0.1399317406143344,0.2788571428571428,0.8491428571428571,0.8011428571428572,0.8891428571428571,0.4697142857142857,0.7885714285714286,0.5942857142857143,0.6365142857142857,0.6354857142857143,0.636,주의,주의,주의,1,0,0.6365142857142857,0.6354857142857143,주의,0.0721057478736659,0.0721057478736659,0,1,0,0,1,0.30000000000000004,2단계_완만정체,0,1,0.5524696217192289,1,0.7466666666666667
11140,중구,2024-07,107958.82352941176,111000.0,1451.011825803406,1451.288748360152,136,61456.56790123456,64000.0,818.1687461576212,823.7356034051077,162,305,143,0.4688524590163934,0.5638608394556757,0.4361391605443243,-0.0081288393249205,-0.0487182289076871,0.0405893895827665,0.2830188679245282,0.2103174603174602,0.3805714285714285,0.3817142857142857,0.7371428571428571,0.6605714285714286,0.0937142857142857,0.544,0.7988571428571428,0.4654857142857143,0.5142857142857142,0.4898857142857142,보통,보통,보통,0,0,0.4654857142857143,0.5142857142857142,보통,-0.0708300806661462,0.0708300806661462,1,0,0,0,1,0.35,2단계_완만정체,0,0,0.006452421542565393,0,0.02666666666666667
11140,중구,2024-08,111420.45454545454,108000.0,1510.2932776079804,1500.2082703635033,88,59823.181818181816,60000.0,839.4180863395591,834.446020867835,132,257,125,0.4863813229571984,0.5557980683520216,0.4442019316479784,0.0408552506260595,0.0259718307277458,0.0148834198983136,-0.3529411764705882,-0.1573770491803279,0.4194285714285714,0.7497142857142857,0.5954285714285714,0.7371428571428571,0.7165714285714285,0.6251428571428571,0.6434285714285715,0.6145714285714285,0.5818285714285715,0.5982000000000001,주의,주의,주의,0,0,0.6145714285714285,0.5818285714285715,주의,0.0175288639408049,0.0175288639408049,0,0,1,0,0,0.25,2단계_완만정체,2,0,0.06489381568569266,0,0.03333333333333333
11140,중구,2024-09,108667.70833333331,112375.0,1342.668434977361,1288.0035036586316,48,55610.01801801802,58000.0,775.1753628855315,824.693685202639,111,240,129,0.5375,0.5773393808119143,0.4226606191880857,-0.110988273016818,-0.0765324508722108,-0.0344558221446071,-0.4545454545454546,-0.0661478599221789,0.3245714285714285,0.0331428571428571,0.2845714285714286,0.8868571428571429,0.048,0.7251428571428571,0.2948571428571429,0.3004,0.3525714285714286,0.3264857142857143,낮음,안정,낮음,0,0,0.3004,0.3525714285714286,낮음,0.0511186770428016,0.0511186770428016,0,0,1,0,0,0.25,2단계_완만정체,0,0,8.302571743442243e-07,0,0.0
11140,중구,2024-10,108437.5,110250.0,1477.7481787275642,1490.763142303654,64,59213.10294117647,60000.0,860.6500964456303,827.5198879475905,136,280,144,0.5142857142857142,0.5824064673770771,0.4175935326229228,0.1006054363320763,0.1102650286019484,-0.0096595922698721,0.3333333333333332,0.1666666666666667,0.3062857142857143,0.9462857142857144,0.4217142857142857,0.8422857142857143,0.9622857142857144,0.6,0.6697142857142857,0.6353714285714286,0.5461142857142858,0.5907428571428572,주의,보통,주의,0,0,0.6353714285714286,0.5461142857142858,주의,-0.0232142857142857,0.0232142857142857,0,0,0,0,0,0.0,1단계_활발관찰,0,1,0.7706180435855193,0,0.10666666666666667
11140,중구,2024-11,114725.55555555556,115000.0,1493.0808685578331,1430.082390931785,54,61571.08108108108,60900.0,909.9148793687611,884.5468976558827,111,232,121,0.521551724137931,0.6094210290482445,0.3905789709517555,0.0103757122160497,0.0572413610671607,-0.046865648851111,-0.15625,-0.1714285714285713,0.1794285714285714,0.5325714285714286,0.2285714285714285,0.8628571428571429,0.8857142857142857,0.3474285714285714,0.6868571428571428,0.4506857142857143,0.3474857142857143,0.3990857142857142,안정,안정,안정,0,0,0.4506857142857143,0.3474857142857143,안정,0.0072660098522168,0.0072660098522168,0,0,1,0,0,0.25,2단계_완만정체,0,0,0.0005990958405237978,0,0.0
11140,중구,2024-12,100887.0,104500.0,1479.9850099380294,1516.1621809962476,70,60638.30597014925,60000.0,891.3783905857547,873.3957392840377,134,273,139,0.5091575091575091,0.60228879657577,0.39771120342423,-0.0087710310242291,-0.0203716734425377,0.0116006424183086,0.2962962962962963,0.1767241379310344,0.2102857142857143,0.3794285714285714,0.568,0.8297142857142857,0.2422857142857143,0.5708571428571428,0.7074285714285714,0.4202285714285714,0.4315428571428572,0.4258857142857143,안정,안정,안정,0,0,0.4202285714285714,0.4315428571428572,안정,-0.0123942149804219,0.0123942149804219,1,0,0,0,0,0.25,2단계_완만정체,0,0,0.0013094860094465019,0,0.0
11140,중구,2025-01,97243.50649350647,103300.0,1453.5762011798954,1463.7985309548794,77,56423.48611111111,56500.0,904.9497321393088,878.9627179401431,144,292,148,0.5068493150684932,0.6225677961738393,0.3774322038261607,-0.0178439704326733,0.0152251184198395,-0.0330690888525129,0.1,0.0695970695970695,0.1371428571428571,0.3131428571428571,0.296,0.8194285714285714,0.6114285714285714,0.24,0.3154285714285714,0.3626857142857143,0.2905714285714286,0.3266285714285714,안정,낮음,낮음,0,0,0.3626857142857143,0.2905714285714286,안정,-0.0023081940890159,0.0023081940890159,0,0,0,0,0,0.0,1단계_활발관찰,0,0,8.596190869211392e-05,0,0.0033333333333333335
11140,중구,2025-02,125240.5982905983,112000.0,1519.5924901736114,1550.775387693847,117,56445.82822085889,56000.0,898.8782788711381,867.6036786395974,163,349,186,0.5329512893982808,0.5915258759724737,0.4084741240275262,0.045416462473814,-0.0067091607992607,0.0521256232730747,0.5194805194805194,0.1952054794520548,0.2685714285714285,0.7794285714285715,0.7862857142857143,0.8822857142857143,0.3737142857142857,0.7662857142857142,0.7668571428571429,0.6024,0.6113142857142858,0.606857142857143,주의,주의,주의,0,0,0.6024,0.6113142857142858,주의,0.0261019743297876,0.0261019743297876,0,1,0,0,0,0.2,1단계_활발관찰,0,0,0.2610242167539215,0,0.31333333333333335
11140,중구,2025-03,110886.7231638418,112000.0,1519.3833702026004,1561.0273327049954,177,60597.57978723404,60900.0,907.1602315118616,900.900900900901,188,382,194,0.5078534031413613,0.5970581548427092,0.4029418451572908,-0.000137615822902,0.0092136531000885,-0.0093512689229906,0.5128205128205128,0.0945558739255014,0.2377142857142857,0.4422857142857143,0.4228571428571429,0.824,0.536,0.7565714285714286,0.4217142857142857,0.4436571428571428,0.4354285714285714,0.4395428571428571,안정,안정,안정,0,0,0.4436571428571428,0.4354285714285714,안정,-0.0250978862569195,0.0250978862569195,1,1,0,0,0,0.45,3단계_안정정체,0,0,0.0023259979678487788,0,0.0
11140,중구,2025-04,106693.98148148147,107500.0,1455.087561872484,1425.1522385199228,108,59117.28571428572,60000.0,863.8174488862253,838.5486971816583,161,354,193,0.5451977401129944,0.5936532422657913,0.4063467577342087,-0.0423170409727091,-0.0477785303191716,0.0054614893464625,-0.3898305084745762,-0.0732984293193717,0.2594285714285714,0.1657142857142857,0.5291428571428571,0.8994285714285715,0.0982857142857142,0.6594285714285715,0.3302857142857143,0.3698285714285714,0.4121142857142857,0.3909714285714285,안정,안정,안정,0,0,0.3698285714285714,0.4121142857142857,안정,0.037344336971633,0.037344336971633,0,0,1,0,0,0.25,2단계_완만정체,0,0,0.00011564216667498448,0,0.0033333333333333335
11140,중구,2025-05,120573.22834645669,119000.0,1588.1220325718816,1582.9116158644229,127,58753.828025477706,57750.0,878.1098093422726,867.6036786395974,157,404,247,0.6113861386138614,0.552923384558943,0.447076615441057,0.091427123827656,0.0165455797107076,0.0748815441169483,0.1759259259259258,0.1412429378531072,0.4411428571428571,0.9337142857142856,0.856,0.9782857142857144,0.6194285714285714,0.3885714285714285,0.5977142857142858,0.745657142857143,0.6918285714285715,0.7187428571428572,높음,높음,높음,1,0,0.745657142857143,0.6918285714285715,높음,0.066188398500867,0.066188398500867,0,0,0,0,1,0.1,1단계_활발관찰,0,1,0.9929472840192821,1,0.94
11140,중구,2025-06,117432.32558139534,117000.0,1557.240195109424,1502.253380070105,215,59553.447916666664,58000.0,873.8562570977524,866.2350153117338,192,411,219,0.5328467153284672,0.5611570134409152,0.4388429865590848,-0.0194455065977808,-0.0048439867078881,-0.0146015198898927,0.6929133858267718,0.0173267326732673,0.3908571428571428,0.2994285714285714,0.3977142857142857,0.88,0.3885714285714285,0.88,0.0857142857142857,0.4425142857142857,0.4721142857142857,0.4573142857142857,안정,보통,안정,0,0,0.4425142857142857,0.4721142857142857,안정,-0.0785394232853942,0.0785394232853942,0,1,0,0,1,0.30000000000000004,2단계_완만정체,0,0,0.004689444281744392,0,0.0033333333333333335
11140,중구,2025-07,109547.31578947368,112000.0,1435.990414254453,1394.2534149788034,57,67118.1978021978,65000.0,884.094056008191,872.248257770919,182,344,162,0.4709302325581395,0.6156684941850401,0.3843315058149599,-0.0778619645419895,0.0117156555523678,-0.0895776200943574,-0.7348837209302326,-0.1630170316301703,0.1611428571428571,0.0651428571428571,0.1028571428571428,0.672,0.5657142857142857,0.8948571428571429,0.6617142857142857,0.2425714285714285,0.2518285714285714,0.2471999999999999,낮음,낮음,낮음,0,0,0.2425714285714285,0.2518285714285714,낮음,-0.0619164827703276,0.0619164827703276,0,0,1,0,1,0.35,2단계_완만정체,1,0,1.098227046060563e-07,0,0.0
11140,중구,2025-08,119578.87323943662,123000.0,1497.1968558375945,1416.38908696629,71,64539.90977443609,64000.0,894.751657939735,883.6003770028276,133,303,170,0.5610561056105611,0.597617911399616,0.402382088600384,0.0426231547060282,0.0120548281702792,0.030568326535749,0.2456140350877194,-0.1191860465116279,0.2354285714285714,0.7634285714285715,0.6834285714285714,0.9234285714285714,0.5702857142857143,0.4925714285714285,0.5131428571428571,0.5937142857142857,0.5475428571428572,0.5706285714285715,주의,주의,주의,0,0,0.5937142857142857,0.5475428571428572,주의,0.0901258730524215,0.0901258730524215,0,0,0,0,1,0.1,1단계_활발관찰,0,0,0.12043846915444709,0,0.04666666666666667
11140,중구,2025-09,126665.43209876544,130000.0,1640.1226158158308,1628.1713983559343,162,62677.27272727273,61320.0,908.278121355431,917.5842509175844,165,353,188,0.5325779036827195,0.5537867185031375,0.4462132814968624,0.095462236259024,0.0151175617230396,0.0803446745359843,1.2816901408450705,0.165016501650165,0.4354285714285714,0.9394285714285714,0.8731428571428571,0.8788571428571429,0.6091428571428571,0.9851428571428572,0.6662857142857143,0.7328571428571429,0.7449714285714286,0.7389142857142857,높음,높음,높음,1,1,0.7328571428571429,0.7449714285714286,높음,-0.0284782019278415,0.0284782019278415,0,0,0,0,0,0.0,1단계_활발관찰,3,1,0.995603527280236,1,0.9766666666666667
11140,중구,2025-10,127778.62068965516,130000.0,1612.2593477154946,1536.0169491525426,145,68106.88,65000.0,912.2246786514654,900.900900900901,125,277,152,0.5487364620938628,0.5658051726876636,0.4341948273123364,-0.0169885274623058,0.0043450978320878,-0.0213336252943936,-0.1049382716049383,-0.2152974504249292,0.3737142857142857,0.3188571428571428,0.3497142857142857,0.9051428571428572,0.4845714285714286,0.2514285714285714,0.8057142857142857,0.4459999999999999,0.3976571428571429,0.4218285714285714,안정,안정,안정,0,0,0.4459999999999999,0.3976571428571429,안정,0.0161585584111433,0.0161585584111433,0,1,1,0,0,0.45,3단계_안정정체,0,0,0.0016472352900052435,0,0.0
11140,중구,2025-11,92617.64705882352,87400.0,1464.8425243575314,1438.4100872683734,34,69195.18644067796,68000.0,885.4051699832489,894.0790262497468,118,288,170,0.5902777777777778,0.6044371017775995,0.3955628982224005,-0.0914349317104886,-0.0294001130377918,-0.0620348186726967,-0.7655172413793103,0.0397111913357399,0.2034285714285714,0.048,0.1714285714285714,0.9611428571428572,0.1771428571428571,0.9028571428571428,0.1897142857142857,0.2692,0.3100571428571428,0.2896285714285714,낮음,낮음,낮음,0,0,0.2692,0.3100571428571428,낮음,0.0415413156839149,0.0415413156839149,0,0,1,0,0,0.25,2단계_완만정체,1,0,9.426189755598456e-07,0,0.0
11140,중구,2025-12,105549.35897435895,115000.0,1524.5940284302187,1472.7847037530532,78,68012.02531645569,68000.0,923.0932951988332,918.42187658169,158,353,195,0.5524079320113314,0.6054682610486714,0.3945317389513286,0.0407903942431586,0.0425659647055114,-0.0017755704623527,1.2941176470588234,0.2256944444444444,0.1965714285714285,0.7474285714285714,0.4845714285714286,0.9108571428571428,0.8331428571428572,0.9874285714285714,0.8342857142857143,0.5626857142857142,0.5292571428571429,0.5459714285714286,주의,보통,주의,0,0,0.5626857142857142,0.5292571428571429,주의,-0.0378698457664463,0.0378698457664463,0,0,0,0,0,0.0,1단계_활발관찰,0,0,0.1506833681995951,0,0.03333333333333333
11140,중구,2026-01,121356.32911392405,134500.0,1760.27699655813,1693.3600266933602,79,64050.836257309944,66000.0,917.0635964130868,882.6678904696344,171,408,237,0.5808823529411765,0.520976867962384,0.479023132037616,0.1545873614437409,-0.006532057828941,0.161119419272682,0.0128205128205127,0.1558073654390934,0.576,0.9862857142857144,0.9748571428571428,0.9542857142857144,0.3748571428571428,0.0274285714285714,0.64,0.7949714285714284,0.7407428571428571,0.7678571428571428,높음,높음,높음,1,1,0.7949714285714284,0.7407428571428571,높음,0.028474420929845,0.028474420929845,0,1,0,0,0,0.2,1단계_활발관찰,3,1,0.9999908138197326,1,0.96
11140,중구,2026-02,117322.65625,118500.0,1672.5915039523145,1635.3776577445417,64,62580.259541984735,65000.0,908.4362104037142,860.0377002827522,131,311,180,0.5787781350482315,0.5431309487445619,0.4568690512554381,-0.049813462754593,-0.0094076201946263,-0.0404058425599667,-0.189873417721519,-0.2377450980392157,0.4857142857142857,0.1337142857142857,0.2548571428571428,0.952,0.344,0.4102857142857143,0.8525714285714285,0.4073142857142857,0.3966857142857142,0.4019999999999999,안정,안정,안정,0,0,0.4073142857142857,0.3966857142857142,안정,-0.002104217892945,0.002104217892945,0,1,1,0,0,0.45,3단계_안정정체,0,0,0.0004649915047774405,0,0.0
11140,중구,2026-03,118906.02040816328,118750.0,1637.6303913992267,1584.9182515849184,98,64909.230158730155,65000.0,926.7540665214976,901.0525934739984,126,286,160,0.5594405594405595,0.5659116192449622,0.4340883807550377,-0.0209023616767602,0.0201641633259455,-0.0410665250027058,0.53125,-0.0803858520900321,0.3725714285714285,0.2857142857142857,0.2525714285714285,0.9222857142857144,0.6537142857142857,0.7817142857142857,0.3691428571428571,0.4374285714285714,0.4210857142857143,0.4292571428571428,안정,안정,안정,0,0,0.4374285714285714,0.4210857142857143,안정,-0.019337575607672,0.019337575607672,0,0,0,0,0,0.0,1단계_활발관찰,0,0,0.00241366598906088,0,0.0033333333333333335
11140,중구,2026-04,107164.0,107500.0,1649.5795038307533,1597.6032399025728,80,63475.94520547945,62000.0,943.6753907489295,917.8522257916476,73,179,106,0.5921787709497207,0.572070269154939,0.427929730845061,0.0072965868820478,0.0182586997335172,-0.0109621128514694,-0.183673469387755,-0.3741258741258741,0.3417142857142857,0.5017142857142857,0.4125714285714286,0.9645714285714284,0.6377142857142857,0.3988571428571428,0.9668571428571427,0.5189142857142857,0.4594285714285714,0.4891714285714285,보통,보통,보통,0,0,0.5189142857142857,0.4594285714285714,보통,0.0327382115091612,0.0327382115091612,1,0,1,0,0,0.5,3단계_안정정체,0,0,0.013266776263069656,0,0.0033333333333333335
11260,중랑구,2023-06,54852.00763358779,55662.0,896.2374414094212,922.1715488510788,131,34020.5,33758.0,562.8888318310101,505.748715535161,278,459,181,0.3943355119825708,0.6280577063884011,0.3719422936115989,-0.0161974774876795,-0.0288956724075813,0.0126981949199018,0.9264705882352942,-0.15625,0.1165714285714285,0.3234285714285714,0.5771428571428572,0.2651428571428571,0.1828571428571428,0.9531428571428572,0.6411428571428571,0.2893142857142857,0.3716,0.3304571428571429,낮음,안정,낮음,0,0,0.2893142857142857,0.3716,낮음,0.0,0.0,0,0,0,0,0,0.0,1단계_활발관찰,2,0,7.84584047547882e-05,0,0.0033333333333333335
11260,중랑구,2023-07,58558.602150537634,56000.0,890.5954669671794,887.7086494688922,93,34648.027586206896,35000.0,568.4501914901073,530.0505205300313,290,480,190,0.3958333333333333,0.6382810294621183,0.3617189705378817,-0.0062951782435793,0.0098800319789731,-0.0161752102225525,-0.2900763358778626,0.0457516339869281,0.0925714285714285,0.3908571428571428,0.3885714285714285,0.2754285714285714,0.5531428571428572,0.5588571428571428,0.2102857142857143,0.2998285714285714,0.2911428571428571,0.2954857142857142,낮음,낮음,낮음,0,0,0.2998285714285714,0.2911428571428571,낮음,0.0014978213507625,0.0014978213507625,1,1,1,0,0,0.7,4단계_신중정체,2,0,1.3389763554993575e-05,0,0.0
11260,중랑구,2023-08,63520.27027027027,62000.0,927.0605344746244,883.2829737896141,74,35049.52615384616,35000.0,557.3573727605326,512.0373697448797,325,511,186,0.3639921722113503,0.6012092544489483,0.3987907455510516,0.0409445914109833,-0.0195141437115123,0.0604587351224957,-0.2043010752688172,0.0645833333333334,0.2114285714285714,0.752,0.8137142857142857,0.1171428571428571,0.2491428571428571,0.4354285714285714,0.2845714285714286,0.4566571428571429,0.4830857142857143,0.4698714285714286,안정,보통,보통,0,0,0.4566571428571429,0.4830857142857143,안정,-0.031841161121983,0.031841161121983,0,0,1,0,0,0.25,2단계_완만정체,2,0,0.004857597141487073,0,0.006666666666666667
11260,중랑구,2023-09,65113.46153846154,59500.0,890.3592106121548,847.6256667435543,104,36257.72666666667,35000.0,551.7641954567546,522.4081330236377,300,481,181,0.3762993762993763,0.6197096507570201,0.3802903492429799,-0.039588918412182,-0.010035172363605,-0.0295537460485769,0.4054054054054055,-0.0587084148727984,0.1462857142857143,0.1794285714285714,0.312,0.1817142857142857,0.3417142857142857,0.6788571428571428,0.264,0.2125714285714286,0.2511428571428571,0.2318571428571428,낮음,낮음,낮음,0,0,0.2125714285714286,0.2511428571428571,낮음,0.012307204088026,0.012307204088026,0,0,0,0,0,0.0,1단계_활발관찰,2,0,3.9635179375739194e-06,0,0.0
11260,중랑구,2023-10,61398.61111111111,60000.0,981.1404202694534,959.492759200474,72,35725.2428115016,35000.0,575.4086359617481,531.6164092264981,313,609,296,0.4860426929392447,0.5864691985717212,0.4135308014282788,0.1019602072683487,0.0428524371455827,0.059107770122766,-0.3076923076923077,0.2661122661122661,0.288,0.9497142857142856,0.808,0.7348571428571429,0.8354285714285714,0.584,0.8822857142857143,0.6792,0.6246285714285714,0.6519142857142857,높음,주의,높음,1,0,0.6792,0.6246285714285714,높음,0.1097433166398683,0.1097433166398683,0,0,1,0,1,0.35,2단계_완만정체,0,1,0.7902984898680819,1,0.8466666666666667
11260,중랑구,2023-11,51407.01754385965,57500.0,947.9924943371972,905.5501460564752,57,43328.23877917415,45020.0,584.1677204311309,595.3004208279852,557,782,225,0.2877237851662404,0.616215554364236,0.3837844456357639,-0.033785098694795,0.0152223722793847,-0.0490074709741797,-0.2083333333333333,0.2840722495894909,0.1588571428571428,0.2137142857142857,0.2171428571428571,0.0057142857142857,0.6102857142857143,0.4411428571428571,0.8994285714285715,0.2064,0.1973142857142857,0.2018571428571428,낮음,낮음,낮음,0,0,0.2064,0.1973142857142857,낮음,-0.1983189077730042,0.1983189077730042,0,0,1,0,1,0.35,2단계_완만정체,2,0,5.92812936294816e-07,0,0.0
11260,중랑구,2023-12,54243.220338983054,54500.0,832.2900083862008,818.074424099232,59,39662.805714285714,40000.0,559.6847908580604,542.49547920434,350,642,292,0.454828660436137,0.672463666773174,0.3275363332268259,-0.1220500021278032,-0.0419107881465984,-0.0801392139812048,0.0350877192982457,-0.1790281329923273,0.032,0.0285714285714285,0.1245714285714285,0.5954285714285714,0.1165714285714285,0.0811428571428571,0.7165714285714285,0.1426285714285714,0.1157142857142857,0.1291714285714285,낮음,낮음,낮음,0,0,0.1426285714285714,0.1157142857142857,낮음,0.1671048752698966,0.1671048752698966,0,0,0,0,1,0.1,1단계_활발관찰,1,0,1.2827462384855338e-09,0,0.0
11260,중랑구,2024-01,54078.04878048781,57500.0,858.4010911077586,852.8625617233213,82,38213.16806722689,36900.0,557.4110499826005,527.1084337349397,357,652,295,0.4524539877300613,0.649359670854177,0.350640329145823,0.0313725774170794,-0.0040625382583185,0.035435115675398,0.3898305084745763,0.0155763239875388,0.0662857142857142,0.6891428571428572,0.7051428571428572,0.5805714285714285,0.4022857142857143,0.6605714285714286,0.0811428571428571,0.4605142857142857,0.4614285714285714,0.4609714285714286,보통,보통,보통,0,0,0.4605142857142857,0.4614285714285714,보통,-0.0023746727060757,0.0023746727060757,0,1,0,0,0,0.2,1단계_활발관찰,0,0,0.0017716831665932587,0,0.016666666666666666
11260,중랑구,2024-02,59179.41176470588,59500.0,891.3437178443403,827.3979653198819,68,30144.27149321267,25110.0,449.0418205692179,465.5550730701751,442,816,374,0.4583333333333333,0.5037807655785108,0.4962192344214892,0.0383767298036277,-0.1944152872763561,0.2327920170799838,-0.1707317073170732,0.2515337423312884,0.6388571428571429,0.7325714285714285,0.9897142857142858,0.6234285714285714,0.008,0.3742857142857143,0.864,0.6670571428571429,0.7173142857142858,0.6921857142857144,높음,높음,높음,1,0,0.6670571428571429,0.7173142857142858,높음,0.005879345603272,0.005879345603272,0,0,1,0,0,0.25,2단계_완만정체,3,1,0.9788271127702458,1,0.87
11260,중랑구,2024-03,56071.406015037595,55900.0,885.3435243315072,863.8743455497382,133,30430.49015317287,29000.0,448.89224536809274,471.069004053175,457,754,297,0.3938992042440318,0.5070260673189382,0.4929739326810618,-0.0067316270847167,-0.0003330985985572,-0.0063985284861595,0.9558823529411764,-0.0759803921568627,0.624,0.3897142857142857,0.4457142857142857,0.2628571428571428,0.4342857142857143,0.9588571428571429,0.3417142857142857,0.4566285714285714,0.529942857142857,0.4932857142857142,안정,보통,보통,0,0,0.4566285714285714,0.529942857142857,안정,-0.0644341290893015,0.0644341290893015,1,1,0,0,1,0.55,3단계_안정정체,2,0,0.017208111770810063,0,0.023333333333333334
11260,중랑구,2024-04,57826.159420289856,58000.0,872.0441482575607,870.0076598098188,138,36727.46153846154,36500.0,573.3818907079464,535.5118548841721,260,518,258,0.4980694980694981,0.6575147506621378,0.3424852493378622,-0.0150217127120102,0.2773263441826039,-0.2923480568946142,0.037593984962406,-0.3129973474801061,0.0502857142857142,0.3302857142857143,0.0068571428571428,0.7851428571428571,0.9988571428571428,0.0868571428571428,0.9222857142857144,0.3166857142857143,0.1725714285714285,0.2446285714285714,낮음,낮음,낮음,0,0,0.3166857142857143,0.1725714285714285,낮음,0.1041702938254662,0.1041702938254662,0,0,0,0,1,0.1,1단계_활발관찰,1,0,7.489364783799001e-08,0,0.0033333333333333335
11260,중랑구,2024-05,64602.04081632653,62000.0,905.6340534122444,866.188769414576,147,37446.71678321678,36000.0,548.1295166811409,530.0977809453713,286,516,230,0.4457364341085271,0.6052439333701076,0.3947560666298924,0.0385185832870962,-0.0440411084410543,0.0825596917281505,0.0652173913043479,-0.0038610038610038,0.2,0.7348571428571429,0.88,0.5554285714285714,0.1085714285714285,0.1474285714285714,0.0205714285714285,0.5138857142857143,0.5072571428571429,0.5105714285714286,보통,보통,보통,0,0,0.5138857142857143,0.5072571428571429,보통,-0.0523330639609709,0.0523330639609709,0,0,0,0,0,0.0,1단계_활발관찰,2,0,0.0275986512904741,0,0.006666666666666667
11260,중랑구,2024-06,63877.27272727273,61000.0,926.327762254291,881.1785763458627,209,36116.54012345679,35000.0,632.2030503359161,588.7750851251194,324,590,266,0.4508474576271186,0.6824831081359374,0.3175168918640626,0.0228499676708013,0.1533826059283041,-0.1305326382575027,0.4217687074829932,0.1434108527131783,0.0262857142857142,0.6308571428571429,0.0594285714285714,0.5748571428571428,0.9771428571428572,0.6902857142857143,0.6045714285714285,0.3614285714285714,0.2767428571428572,0.3190857142857143,안정,낮음,낮음,0,0,0.3614285714285714,0.2767428571428572,안정,0.0051110235185914,0.0051110235185914,0,0,0,0,0,0.0,1단계_활발관찰,1,0,8.918968600665987e-06,0,0.0033333333333333335
11260,중랑구,2024-07,70389.06976744186,65500.0,958.1193468582848,909.8497495826376,215,40294.954225352114,37000.0,584.4857892469352,576.991678612768,284,544,260,0.4779411764705882,0.6100344295974083,0.3899655704025917,0.0343200170602968,-0.0754777457394848,0.1097977627997817,0.0287081339712917,-0.0779661016949152,0.1771428571428571,0.7028571428571428,0.9257142857142856,0.7062857142857143,0.0491428571428571,0.064,0.3497142857142857,0.5248571428571429,0.5110285714285714,0.5179428571428571,보통,보통,보통,0,0,0.5248571428571429,0.5110285714285714,보통,0.0270937188434696,0.0270937188434696,0,0,0,0,0,0.0,1단계_활발관찰,0,0,0.045392183732370694,0,0.023333333333333334
11260,중랑구,2024-08,66906.0,64850.0,949.1920044540984,898.4255936502365,200,31738.138095238097,28175.0,456.7339703956195,490.60259986026995,420,745,325,0.436241610738255,0.4811818559916099,0.5188181440083901,-0.0093175682481099,-0.2185713001096468,0.2092537318615369,-0.0697674418604651,0.3694852941176469,0.7257142857142858,0.3725714285714285,0.9851428571428572,0.5188571428571429,0.0034285714285714,0.16,0.9634285714285714,0.5860571428571428,0.6426857142857143,0.6143714285714286,주의,주의,주의,1,0,0.5860571428571428,0.6426857142857143,주의,-0.0416995657323331,0.0416995657323331,1,0,1,0,0,0.5,3단계_안정정체,3,1,0.7188715264335965,1,0.8433333333333334
11260,중랑구,2024-09,62789.69072164949,59500.0,907.5115214336756,883.7044892188052,97,39616.68571428571,39680.0,563.1554674357363,559.3333333333334,175,470,295,0.6276595744680851,0.6205491105458036,0.3794508894541963,-0.0439115403678459,0.2330054340997132,-0.2769169744675591,-0.515,-0.3691275167785235,0.1451428571428571,0.1588571428571428,0.008,0.9805714285714284,0.9897142857142858,0.7611428571428571,0.9622857142857144,0.3309142857142857,0.2587428571428571,0.2948285714285714,낮음,낮음,낮음,0,0,0.3309142857142857,0.2587428571428571,낮음,0.19141796372983,0.19141796372983,0,0,1,0,1,0.35,2단계_완만정체,1,0,2.807392777978252e-07,0,0.0
11260,중랑구,2024-10,62899.51754385965,61850.0,910.9018942294562,889.918974975958,114,38198.35106382979,37000.0,595.0122672822565,587.9118341203978,188,380,192,0.5052631578947369,0.6532122405844651,0.3467877594155348,0.0037359005541048,0.0565683930790488,-0.0528324925249439,0.1752577319587629,-0.1914893617021277,0.0571428571428571,0.4742857142857143,0.2045714285714285,0.816,0.8845714285714286,0.3862857142857143,0.7531428571428571,0.3874857142857142,0.2862285714285714,0.3368571428571428,안정,낮음,낮음,0,0,0.3874857142857142,0.2862285714285714,안정,-0.1223964165733482,0.1223964165733482,1,0,0,0,1,0.35,2단계_완만정체,0,0,6.215217943446354e-05,0,0.0
11260,중랑구,2024-11,61660.63829787234,60000.0,898.995866234268,870.4464887670995,94,39155.23560209424,39680.0,576.4639025508441,567.2027000198531,191,421,230,0.5463182897862233,0.6412308712447674,0.3587691287552326,-0.0130705930799053,-0.0311730795335243,0.018102486453619,-0.175438596491228,0.1078947368421052,0.0834285714285714,0.3451428571428571,0.6148571428571429,0.9005714285714286,0.1622857142857142,0.3874285714285714,0.472,0.3856,0.3807428571428571,0.3831714285714286,안정,안정,안정,0,0,0.3856,0.3807428571428571,안정,0.0410551318914864,0.0410551318914864,0,0,1,0,0,0.25,2단계_완만정체,0,0,0.00021193933988527538,0,0.0033333333333333335
11260,중랑구,2024-12,60824.7191011236,59500.0,900.6022112646549,880.0945067926757,89,36810.63905325444,36000.0,581.5746698350915,568.9424364123159,169,398,229,0.5753768844221105,0.6457619829940519,0.3542380170059481,0.0017868213756262,0.0088657195387817,-0.0070788981631555,-0.0531914893617021,-0.0546318289786222,0.0754285714285714,0.4582857142857143,0.4422857142857143,0.9485714285714286,0.5337142857142857,0.12,0.2468571428571428,0.4213142857142857,0.3354857142857143,0.3784,안정,낮음,안정,0,0,0.4213142857142857,0.3354857142857143,안정,0.0290585946358872,0.0290585946358872,1,1,1,0,0,0.7,4단계_신중정체,0,0,0.00048419336483760794,0,0.0
11260,중랑구,2025-01,73364.43181818182,66000.0,947.386885279254,906.0227372260732,88,40423.748768472906,40000.0,562.6912897054584,553.2275530863035,203,385,182,0.4727272727272727,0.5939403410039797,0.4060596589960202,0.0519482113517162,-0.0324693992174515,0.0844176105691677,-0.0112359550561798,-0.0326633165829145,0.2582857142857143,0.8068571428571428,0.8868571428571429,0.6822857142857143,0.152,0.024,0.1668571428571428,0.5741142857142858,0.5441142857142858,0.5591142857142858,주의,보통,주의,0,0,0.5741142857142858,0.5441142857142858,주의,-0.1026496116948378,0.1026496116948378,0,0,1,0,1,0.35,2단계_완만정체,0,0,0.13929029595212702,0,0.016666666666666666
11260,중랑구,2025-02,63849.25925925926,61000.0,936.7919391499198,894.1129194293751,135,39328.764,38000.0,566.270038294147,554.5363000114303,250,507,257,0.5069033530571992,0.6044779151366328,0.3955220848633671,-0.0111833362842164,0.0063600568449564,-0.0175433931291728,0.5340909090909092,0.316883116883117,0.2022857142857143,0.3588571428571429,0.376,0.8205714285714286,0.5131428571428571,0.7862857142857143,0.928,0.4,0.3972571428571429,0.3986285714285714,안정,안정,안정,0,0,0.4,0.3972571428571429,안정,0.0341760803299265,0.0341760803299265,0,1,0,0,0,0.2,1단계_활발관찰,0,0,0.0007855842491486149,0,0.0
11260,중랑구,2025-03,61672.60638297872,60250.0,907.5663849338616,884.3635153352894,188,39411.61825726141,38500.0,575.8894450963711,557.839107457428,241,479,238,0.4968684759916493,0.6345425025171451,0.3654574974828549,-0.0311974868641361,0.0169873137402818,-0.0481848006044179,0.3925925925925926,-0.0552268244575936,0.0982857142857142,0.224,0.2194285714285714,0.7805714285714286,0.6262857142857143,0.6662857142857143,0.248,0.3090857142857142,0.2787428571428571,0.2939142857142857,낮음,낮음,낮음,0,0,0.3090857142857142,0.2787428571428571,낮음,-0.0100348770655499,0.0100348770655499,0,0,0,0,0,0.0,1단계_활발관찰,0,0,1.7899573234814863e-05,0,0.0
11260,중랑구,2025-04,60245.94594594595,58750.0,889.1525717345926,878.1883258223734,148,39696.438095238096,38000.0,584.3071507907657,567.5029868578256,210,418,208,0.4976076555023923,0.6571506053802185,0.3428493946197815,-0.0202892190642459,0.0146168778852788,-0.0349060969495248,-0.2127659574468084,-0.127348643006263,0.0514285714285714,0.2902857142857142,0.2822857142857143,0.784,0.6011428571428571,0.4502857142857143,0.5405714285714286,0.3221714285714286,0.2700571428571429,0.2961142857142858,낮음,낮음,낮음,0,0,0.3221714285714286,0.2700571428571429,낮음,0.0007391795107429,0.0007391795107429,0,0,1,0,0,0.25,2단계_완만정체,0,0,8.51711633373287e-06,0,0.0
11260,중랑구,2025-05,60235.051546391755,60000.0,886.8722214701228,874.8114630467571,194,40535.8373015873,39180.0,574.417356061719,567.2718714560835,252,529,277,0.5236294896030246,0.6476889704692033,0.3523110295307967,-0.0025646332665059,-0.0169256780713061,0.0143610448048002,0.3108108108108107,0.2655502392344497,0.0685714285714285,0.4274285714285714,0.5942857142857143,0.8662857142857143,0.2708571428571428,0.5874285714285714,0.8811428571428571,0.4033142857142857,0.4034285714285714,0.4033714285714286,안정,안정,안정,0,0,0.4033142857142857,0.4034285714285714,안정,0.0260218341006323,0.0260218341006323,1,0,0,0,0,0.25,2단계_완만정체,0,0,0.0004214055079561773,0,0.006666666666666667
11260,중랑구,2025-06,68655.01730103807,66500.0,959.5824937658974,921.2898057280192,289,42185.48669201521,43000.0,612.9584292101044,588.5100420364316,263,483,220,0.4554865424430642,0.6387761690029785,0.3612238309970215,0.081985060007006,0.0670959412031491,0.0148891188038569,0.4896907216494846,-0.0869565217391304,0.0891428571428571,0.912,0.5965714285714285,0.6,0.92,0.7428571428571429,0.3931428571428571,0.5560571428571428,0.4970285714285714,0.5265428571428571,주의,보통,보통,0,0,0.5560571428571428,0.4970285714285714,주의,-0.0681429471599603,0.0681429471599603,0,0,0,0,1,0.1,1단계_활발관찰,0,0,0.05720413517020471,0,0.04666666666666667
11260,중랑구,2025-07,62949.63503649635,65500.0,925.4503173199572,895.6228956228956,137,43028.275,40975.0,616.4209603578532,584.7891506137137,240,497,257,0.5171026156941649,0.6660767723792754,0.3339232276207245,-0.0355698198619568,0.0056488841375601,-0.0412187039995169,-0.5259515570934257,0.0289855072463767,0.04,0.2034285714285714,0.2502857142857143,0.8457142857142858,0.504,0.7782857142857142,0.1474285714285714,0.2901714285714286,0.2796571428571429,0.2849142857142857,낮음,낮음,낮음,0,0,0.2901714285714286,0.2796571428571429,낮음,0.0616160732511007,0.0616160732511007,0,1,1,0,1,0.55,3단계_안정정체,0,0,1.8592107101166733e-06,0,0.0
11260,중랑구,2025-08,64906.49253731343,64000.0,916.473238836801,884.7680594976342,134,42900.775,42000.0,614.8263211213531,583.6889786569841,240,422,182,0.4312796208530806,0.6708611829208435,0.3291388170791565,-0.0097002273543469,-0.0025869322087529,-0.007113295145594,-0.021897810218978,-0.1509054325955734,0.0331428571428571,0.3691428571428571,0.4411428571428571,0.4891428571428571,0.4102857142857143,0.048,0.6251428571428571,0.3048571428571429,0.2494285714285714,0.2771428571428571,낮음,낮음,낮음,0,0,0.3048571428571429,0.2494285714285714,낮음,-0.0858229948410843,0.0858229948410843,1,1,1,0,1,0.7999999999999999,4단계_신중정체,0,0,7.33475519620646e-06,0,0.0
11260,중랑구,2025-09,61847.5,60000.0,1044.0935805645338,971.5252176375308,260,47976.07324840764,52706.0,611.4573579325722,626.4306117816201,628,841,213,0.253269916765755,0.5856346301851235,0.4143653698148765,0.1392515747537921,-0.0054795363715665,0.1447311111253586,0.9402985074626866,0.9928909952606636,0.2925714285714286,0.9782857142857144,0.9634285714285714,0.0011428571428571,0.3828571428571428,0.9565714285714284,1.0,0.5634857142857143,0.6346857142857143,0.5990857142857142,주의,주의,주의,0,0,0.5634857142857143,0.6346857142857143,주의,-0.1780097040873255,0.1780097040873255,0,1,0,0,1,0.30000000000000004,2단계_완만정체,3,1,0.9781659156160247,0,0.44666666666666666
11260,중랑구,2025-10,71268.30708661418,70000.0,1006.5531040113938,953.003565363116,254,42271.17408906882,43000.0,580.9885745769728,567.0407560543414,247,629,382,0.6073131955484896,0.5772060830785499,0.4227939169214501,-0.0359550879843951,-0.0498297762882743,0.0138746883038791,-0.0230769230769231,-0.2520808561236622,0.3257142857142857,0.1977142857142857,0.5874285714285714,0.9748571428571428,0.0914285714285714,0.0502857142857142,0.8662857142857143,0.42,0.4029142857142857,0.4114571428571428,안정,안정,안정,0,0,0.42,0.4029142857142857,안정,0.3540432787827346,0.3540432787827346,0,0,1,0,1,0.35,2단계_완만정체,0,0,0.0016700082004903606,0,0.0
11260,중랑구,2025-11,65472.77227722772,62500.0,923.881064060404,910.674691162496,101,43832.27074235808,43000.0,598.0205198037345,577.5196356676126,229,621,392,0.6312399355877617,0.6472916732111261,0.3527083267888738,-0.08213380856064,0.0293154563997457,-0.1114492649603857,-0.6023622047244095,-0.012718600953895,0.0708571428571428,0.0548571428571428,0.0822857142857142,0.9817142857142858,0.7451428571428571,0.8342857142857143,0.0617142857142857,0.2732,0.2379428571428571,0.2555714285714285,낮음,낮음,낮음,0,0,0.2732,0.2379428571428571,낮음,0.023926740039272,0.023926740039272,0,0,1,0,0,0.25,2단계_완만정체,1,0,2.443533904749564e-07,0,0.0
11260,중랑구,2025-12,68617.85714285714,64500.0,997.4196650486368,942.95438562358,154,42795.059907834104,43000.0,583.531242654561,576.5384162842688,217,763,546,0.7155963302752294,0.5850408439922894,0.4149591560077106,0.0795974761784106,-0.024228729064228,0.1038262052426386,0.5247524752475248,0.2286634460547503,0.2948571428571429,0.9051428571428572,0.92,0.9977142857142856,0.208,0.7714285714285715,0.84,0.6692,0.6911428571428573,0.6801714285714286,높음,높음,높음,1,0,0.6692,0.6911428571428573,높음,0.0843563946874677,0.0843563946874677,0,0,0,0,1,0.1,1단계_활발관찰,0,1,0.9962773268841272,1,0.91
11260,중랑구,2026-01,68213.38461538461,66000.0,967.4380682908716,932.1785085143864,195,41043.64855072464,41000.0,580.808712654384,575.8990196423474,276,639,363,0.568075117370892,0.6003575129935419,0.3996424870064581,-0.0300591594575221,-0.0046656113694818,-0.0253935480880402,0.2662337662337661,-0.1625163826998689,0.2171428571428571,0.2297142857142857,0.3245714285714285,0.9382857142857144,0.3931428571428571,0.5245714285714286,0.6571428571428571,0.3675428571428571,0.3493714285714285,0.3584571428571428,안정,안정,안정,0,0,0.3675428571428571,0.3493714285714285,안정,-0.1475212129043374,0.1475212129043374,0,1,0,0,1,0.30000000000000004,2단계_완만정체,0,0,0.00033384178059870084,0,0.0
11260,중랑구,2026-02,70483.57487922705,67500.0,991.7082295326446,938.9671361502348,207,32925.321875,26365.0,428.1755840322656,393.21620342589233,320,681,361,0.5301027900146843,0.4317556023852387,0.5682443976147613,0.0250870438504142,-0.2627941442623369,0.2878811881127512,0.0615384615384615,0.0657276995305164,0.8537142857142858,0.648,0.9954285714285714,0.8742857142857143,0.0011428571428571,0.1405714285714285,0.2902857142857142,0.7484571428571429,0.7787428571428572,0.7636000000000001,높음,높음,높음,1,1,0.7484571428571429,0.7787428571428572,높음,-0.0379723273562077,0.0379723273562077,0,0,0,1,0,0.2,1단계_활발관찰,3,1,0.999790576628922,1,0.9766666666666667
11260,중랑구,2026-03,69188.1974248927,65000.0,965.5993561141652,918.0437322650644,233,30101.16265060241,26743.0,424.463416527342,398.6806318765455,332,694,362,0.521613832853026,0.4395854386600862,0.5604145613399139,-0.0263271722881474,-0.0086697318655232,-0.0176574404226241,0.1256038647342994,0.0190895741556533,0.8434285714285714,0.2571428571428571,0.3748571428571428,0.864,0.3508571428571428,0.2982857142857142,0.0971428571428571,0.5569714285714286,0.5565714285714285,0.5567714285714285,주의,주의,주의,0,0,0.5569714285714286,0.5565714285714285,주의,-0.0084889571616583,0.0084889571616583,0,1,0,1,0,0.4,2단계_완만정체,4,0,0.1587291196975217,0,0.013333333333333334
11260,중랑구,2026-04,67502.70516717325,64800.0,964.5355631922046,933.955970647098,329,41797.231292517004,40950.0,600.3924883038437,590.8768612621129,147,565,418,0.7398230088495575,0.6224679640808667,0.3775320359191333,-0.001101691830286,0.414474051063878,-0.4155757428941641,0.4120171673819743,-0.1858789625360231,0.1382857142857143,0.4377142857142857,0.0022857142857142,0.9988571428571428,1.0,0.6845714285714286,0.7382857142857143,0.4012,0.3048571428571429,0.3530285714285714,안정,낮음,안정,0,0,0.4012,0.3048571428571429,안정,0.2182091759965315,0.2182091759965315,1,0,0,0,1,0.35,2단계_완만정체,1,0,5.870606706230869e-06,0,0.016666666666666666
