sggCd,gu,contract_month,avg_sale_price,med_sale_price,avg_sale_price_per_m2,med_sale_price_per_m2,sale_count,avg_jeonse_deposit,med_jeonse_deposit,avg_jeonse_deposit_per_m2,med_jeonse_deposit_per_m2,jeonse_count,total_rent_count,monthly_count,monthly_ratio,jeonse_rate,gap_rate,sale_growth_1m,jeonse_growth_1m,growth_gap_1m,sale_volume_growth_1m,rent_volume_growth_1m,price_gap,purchase_burden_gap,gap_direction,sale_over_jeonse_gap_ratio,jeonse_over_sale_gap_ratio,gap_abs_ratio,monthly_ratio_diff,monthly_ratio_pct_change,monthly_shift_abs,sale_growth_acceleration,sale_growth_vs_market,low_jeonse_rate_score,gap_rate_score,sale_growth_score,growth_gap_score,sale_volume_change_score,rent_volume_change_score,monthly_ratio_score,monthly_shift_score,jeonse_weakness_score,resident_risk_index,investor_risk_index,sale_stagnation_flag,jeonse_stagnation_flag,volume_drop_flag,high_gap_flag,rent_shift_flag,stagnation_score,stagnation_level,resident_risk_grade,investor_risk_grade,total_risk_score,risk_grade,warning_flag,risk_target
11680,강남구,2023-06,228844.3223443223,219000.0,2663.4218038225954,2751.59085552675,273,82748.70833333333,70000.0,988.4261791201932,855.1674304856135,1152,2265,1113,0.4913907284768212,0.3711113942604151,0.6288886057395848,0.0519548911399525,0.027492912177043,0.0244619789629094,0.011111111111111,0.0207300585849481,146095.61401098897,146095.61401098897,매매가>전세가,0.6384061116935709,0.0,0.6384061116935709,0.029470944790476017,0.06380100145372314,0.029470944790476017,,0.033142496159747195,0.7966757909256632,0.7966757909256632,0.49929167411516784,0.5483121831166754,0.005495387083834682,0.02087848382541312,0.47681826030777413,0.08306219627435502,0.5713853707546988,0.611466519705821,0.4974878259603615,0,0,0,1,0,0.2,활발 관찰 구간,우선 점검 구간,우선 점검 구간,0.5544771728330913,높음,1,1
11680,강남구,2023-07,231213.47154471543,214000.0,2623.7942485500907,2696.871985484988,246,86057.53900087642,73000.0,1023.5492468890948,887.7284595300262,1141,2045,904,0.4420537897310513,0.3901027100180238,0.6098972899819761,-0.014878437660768,0.0355343358066102,-0.0504127734673782,-0.0989010989010988,-0.0971302428256071,145155.932543839,145155.932543839,매매가>전세가,0.6278004978432523,0.0,0.6278004978432523,-0.04933693874576989,-0.10040266510257756,0.04933693874576989,-0.0668333288007205,-0.01419377933106328,0.7641053518260879,0.7641053518260879,0.395713601900519,0.45551423684332465,0.04891498393303442,0.09782568609166156,0.3780249077543906,0.1391849121020958,0.5595120483617966,0.5614578337102691,0.45893817968806433,0,0,1,1,0,0.45,안정 정체 구간,우선 점검 구간,신중 투자 구간,0.5101980066991667,높음,0,1
11680,강남구,2023-08,232705.5160142349,212000.0,2612.9974725301104,2722.987222428979,281,85542.61219081272,73000.0,1034.1612982511565,916.573138795361,1132,2041,909,0.4453699167074963,0.395775850961616,0.604224149038384,-0.004114947666322,0.0103678952373957,-0.0144828429037178,0.1422764227642277,-0.0019559902200488,147162.90382342215,147162.90382342215,매매가>전세가,0.6323997228085475,0.0,0.6323997228085475,0.0033161269764450108,0.007501636799590816,0.0033161269764450108,0.010763489994446,-0.032442891108078346,0.7543758157599758,0.7543758157599758,0.41239482314045767,0.5000449185194493,0.07036776143934727,0.0019699949232949722,0.3846651920894986,0.009173146926686427,0.5966707998621424,0.5534377030305925,0.45799196275654375,1,0,0,1,0,0.45,안정 정체 구간,우선 점검 구간,신중 투자 구간,0.5057148328935681,높음,0,1
11680,강남구,2023-09,213373.78640776695,200000.0,2538.890571684745,2544.3028572528856,206,90637.70837166514,80000.0,1080.6872770347356,949.7102262105066,1087,1984,897,0.4521169354838709,0.4256533499660123,0.5743466500339878,-0.0283608773542399,0.0449890929608933,-0.0733499703151333,-0.2669039145907473,-0.0279274865262126,122736.07803610181,122736.07803610181,매매가>전세가,0.5752162911031049,0.0,0.5752162911031049,0.006747018776374569,0.015149246779516456,0.006747018776374569,-0.024245929687917903,-0.013364573201623865,0.7031353817536886,0.7031353817536888,0.37481856139813685,0.4270864331892022,0.13200662923802303,0.02812744466363178,0.3981755683228806,0.018865637821251606,0.5455519108276117,0.5135575606793584,0.4281659406990874,0,0,1,1,0,0.45,안정 정체 구간,신중 매수 구간,신중 투자 구간,0.4708617506892229,주의,0,0
11680,강남구,2023-10,252927.24489795917,220000.0,2709.602322018062,2745.6218462451766,147,90321.6753144654,80000.0,1105.4108641739272,965.3873322345185,1272,2244,972,0.4331550802139037,0.4079605539128109,0.5920394460871891,0.0672387192410726,0.0228776517171829,0.0443610675238896,-0.2864077669902912,0.1310483870967742,162605.56958349375,162605.56958349375,매매가>전세가,0.6428946381363354,0.0,0.6428946381363354,-0.018961855269967187,-0.04194015702967102,0.018961855269967187,0.0955995965953125,0.09744388475505535,0.7334788368205725,0.7334788368205725,0.5229785004214618,0.5729746292848916,0.14165293890855557,0.1319866810378012,0.3602059394732853,0.05337333972405707,0.5781998948851832,0.5724903157859734,0.5024934936371601,0,0,1,1,0,0.45,안정 정체 구간,우선 점검 구간,우선 점검 구간,0.5374919047115667,높음,1,1
11680,강남구,2023-11,207916.38655462183,190000.0,2401.8463586448424,2343.106087366066,119,95791.6944,85000.0,1121.9609473320238,988.8170744672184,1250,2366,1116,0.4716821639898563,0.4671243617618618,0.5328756382381382,-0.1135797533359096,0.0149718839342731,-0.1285516372701828,-0.1904761904761904,0.054367201426025,112124.69215462184,112124.69215462184,매매가>전세가,0.5392778030276392,0.0,0.5392778030276392,0.0385270837759526,0.08894524279139682,0.0385270837759526,-0.1808184725769822,-0.09800552463880409,0.632011870284857,0.6320118702848571,0.24274662889272755,0.35867083035881553,0.09420663572288117,0.054756465398049035,0.4373534047820803,0.1086463737347024,0.589872918714542,0.46081853188183824,0.3664832791819109,0,0,1,1,0,0.45,안정 정체 구간,관찰 필요,선별 검토 가능,0.41365090553187456,보통,0,0
11680,강남구,2023-12,220948.51485148515,192500.0,2446.4982282640526,2527.075812274368,101,93423.27992277993,85000.0,1097.0361118262097,976.5879425746044,1554,3089,1535,0.496924571058595,0.4484107526227914,0.5515892473772086,0.0185906435932077,-0.0222154216375216,0.0408060652307293,-0.1512605042016807,0.3055790363482671,127525.23492870522,127525.23492870522,매매가>전세가,0.577171722626983,0.0,0.577171722626983,0.025242407068738704,0.05351571247727227,0.025242407068738704,0.1321703969291173,0.014398612990254347,0.6641060376704502,0.6641060376704503,0.4475838734744358,0.5685686459447866,0.07481115189758214,0.30776695307629764,0.4878993463065073,0.07111630414038979,0.6447807171737373,0.5403774617927981,0.4540009202671784,0,0,1,1,0,0.45,안정 정체 구간,우선 점검 구간,신중 투자 구간,0.49718919102998826,높음,0,1
11680,강남구,2024-01,224470.7539267016,190000.0,2537.5572564750987,2522.635683257445,191,85224.13646368305,75000.0,1046.2994566431414,949.893137022085,1363,2354,991,0.4209855564995752,0.4123254574742278,0.5876745425257722,0.0372201488474643,-0.0462488469031417,0.0834689957506061,0.891089108910891,-0.2379410812560699,139246.61746301857,139246.61746301857,매매가>전세가,0.6203330056461964,0.0,0.6203330056461964,-0.0759390145590198,-0.15281799086176684,0.0759390145590198,0.018629505254256603,0.02248343969544682,0.7259929507746996,0.7259929507746997,0.4764558191813772,0.6214440439360294,0.4407191621689244,0.2396447166827243,0.3358374221456978,0.2143374941805371,0.6802665489778486,0.5826989464875844,0.5612191291380186,0,0,0,1,1,0.30000000000000004,완만 정체 구간,우선 점검 구간,우선 점검 구간,0.5719590378128014,높음,1,1
11680,강남구,2024-02,242224.0804597701,211000.0,2638.261956660537,2707.581227436823,174,86050.65538461538,75000.0,1072.866916134738,955.253896430367,975,1884,909,0.482484076433121,0.4066567057248375,0.5933432942751625,0.0396856858809666,0.025391831490416,0.0142938543905506,-0.0890052356020942,-0.199660152931181,156173.42507515472,156173.42507515472,매매가>전세가,0.6447477260671978,0.0,0.6447477260671978,0.061498519933545825,0.14608225622963356,0.061498519933545825,0.002465537033502295,0.04099060978053248,0.735714959295892,0.7357149592958921,0.48027690033185316,0.5357100569374267,0.04402063999092745,0.2010897005655331,0.45898338773982367,0.1735421643268537,0.5744876582991699,0.5835080784450059,0.48465493963874273,0,0,1,1,0,0.45,안정 정체 구간,우선 점검 구간,우선 점검 구간,0.5340815090418742,높음,0,1
11680,강남구,2024-03,230100.91286307055,207000.0,2529.7759363996884,2589.3656868333196,241,84569.90179514255,74000.0,1067.9449855907878,953.614315987756,947,1872,925,0.4941239316239316,0.4221500292672795,0.5778499707327205,-0.0411202610062908,-0.0045876431362824,-0.0365326178700083,0.3850574712643677,-0.0063694267515923,145531.011067928,145531.011067928,매매가>전세가,0.6324660309128421,0.0,0.6324660309128421,0.011639855190810566,0.024124848382274022,0.011639855190810566,-0.0808059468872574,-0.07256676210030115,0.7091436381020484,0.7091436381020485,0.3550441107603842,0.472716963952035,0.19044358687082444,0.006415031239073867,0.48229128536723115,0.032688216661100625,0.6187529505919203,0.5302339304607202,0.4455878479749346,0,1,0,1,0,0.4,완만 정체 구간,우선 점검 구간,신중 투자 구간,0.48791088921782744,주의,0,1
11680,강남구,2024-04,241885.15358361776,225000.0,2714.1340751185426,2835.505251592018,293,95478.78219013238,84450.0,1133.3116365151543,1035.9627053426077,831,1572,741,0.4713740458015267,0.4175591938897329,0.582440806110267,0.0728752835641357,0.061207882247048,0.0116674013170876,0.2157676348547716,-0.1602564102564102,146406.3713934854,146406.3713934854,매매가>전세가,0.6052722510018537,0.0,0.6052722510018537,-0.02274988582240489,-0.04604085001031566,0.02274988582240489,0.11399554457042649,0.052711797335775135,0.717017001169094,0.717017001169094,0.5317140291909108,0.5324548949063052,0.10671540063214335,0.16140383085490476,0.4367364222618511,0.06407477065772597,0.5216045449272498,0.568214958491087,0.4862045223892202,0,0,0,1,0,0.2,활발 관찰 구간,우선 점검 구간,우선 점검 구간,0.5272097404401537,높음,0,1
11680,강남구,2024-05,237864.17682926828,211000.0,2664.0305414417967,2693.64330112036,328,76741.2239624119,65000.0,931.2559848364382,916.6302924487125,1277,2356,1079,0.4579796264855688,0.3495665572709366,0.6504334427290633,-0.0184602279364395,-0.1782878117267211,0.1598275837902816,0.1194539249146757,0.4987277353689567,161122.9528668564,161122.9528668564,매매가>전세가,0.6773737643668201,0.0,0.6773737643668201,-0.013394419315957917,-0.02841569118041276,0.013394419315957917,-0.0913355115005752,-0.03203078358121865,0.8336255636550723,0.8336255636550723,0.3901625551624845,0.7160810199582486,0.0590801000480526,0.5022985783429588,0.4099151475056678,0.03764497362069655,0.875224714346859,0.6275053302082825,0.5256441746726994,0,0,0,1,0,0.2,활발 관찰 구간,우선 점검 구간,우선 점검 구간,0.576574752440491,높음,1,1
11680,강남구,2024-06,230921.25748502993,207000.0,2735.455542160067,2804.314329738059,501,92426.6294736842,82000.0,1106.961730605537,1007.8737398927992,950,1950,1000,0.5128205128205128,0.4046718045841164,0.5953281954158836,0.0268108790823451,0.188676098333971,-0.1618652192516259,0.5274390243902438,-0.1723259762308998,138494.62801134575,138494.62801134575,매매가>전세가,0.5997482844138938,0.0,0.5997482844138938,0.054840886334943995,0.11974525320215768,0.054840886334943995,0.045271107018784604,-0.011708325508598696,0.73911909951175,0.73911909951175,0.4603235672828057,0.3173827874532299,0.26086334419300866,0.17355981376954582,0.5197297236784281,0.15473391947485216,0.33339518124152956,0.5536618672816084,0.4688358493527562,0,0,0,1,0,0.2,활발 관찰 구간,우선 점검 구간,신중 투자 구간,0.5112488583171823,높음,0,1
11680,강남구,2024-07,242758.93959731545,219500.0,2730.912021379559,2620.985662195358,596,98153.06370875996,85000.0,1146.4681088491404,1024.9839846252405,879,1570,691,0.4401273885350318,0.4198114402345286,0.5801885597654715,-0.0016609740902314,0.0356890190070007,-0.0373499930972321,0.1896207584830338,-0.1948717948717948,144605.87588855549,144605.87588855549,매매가>전세가,0.5956768312154657,0.0,0.5956768312154657,-0.07269312428548097,-0.14175159235668788,0.07269312428548097,-0.0284718531725765,-0.0061431983975326915,0.7131543592465079,0.713154359246508,0.4161979832828327,0.4717039289841838,0.09378355202951491,0.19626705831956417,0.3741674403606738,0.20516764454503453,0.559283655530924,0.5476959749538772,0.4617687054486118,1,0,0,1,1,0.55,안정 정체 구간,우선 점검 구간,신중 투자 구간,0.5047323402012445,높음,0,1
11680,강남구,2024-08,269747.37387387385,247500.0,2856.793229929789,2797.239686293257,444,92080.80048076923,84000.0,1142.524777736185,1018.5700584959372,832,1528,696,0.4554973821989528,0.3999326117712286,0.6000673882287714,0.0460949336942166,-0.0034395471470324,0.0495344808412491,-0.2550335570469798,-0.0267515923566878,177666.5733931046,177666.5733931046,매매가>전세가,0.6586406045093748,0.0,0.6586406045093748,0.015369993663921,0.03492169327403172,0.015369993663921,0.047755907784448,0.05632059041003569,0.7472468981784361,0.7472468981784361,0.4902099314221021,0.579386431868428,0.1261357303806362,0.02694313120411038,0.4049446478928944,0.04322609873212147,0.6170577639624979,0.5788799782452991,0.49869865645086625,0,1,1,1,0,0.65,신중 정체 구간,우선 점검 구간,우선 점검 구간,0.5387893173480827,높음,1,1
11680,강남구,2024-09,252588.54464285713,242500.0,2878.7038650258537,2792.8163824369785,224,87452.90297339593,78000.0,1102.020121059562,1002.8078620136382,639,1286,647,0.5031104199066874,0.3828181614817351,0.6171818385182649,0.0076696608163704,-0.0354518846907452,0.0431215455071156,-0.4954954954954955,-0.1583769633507853,165135.6416694612,165135.6416694612,매매가>전세가,0.6537732813772361,0.0,0.6537732813772361,0.04761303770773456,0.10452977243881967,0.04761303770773456,-0.038425272877846195,0.018823831158055103,0.7765984801325896,0.7765984801325897,0.4306585704405699,0.5714383958579521,0.2450645591439815,0.15951092728885774,0.5002860237459122,0.1343147803437489,0.6643246189021332,0.6020738654200393,0.522420023212083,1,0,1,1,0,0.7,신중 정체 구간,우선 점검 구간,우선 점검 구간,0.5622469443160611,높음,1,1
11680,강남구,2024-10,270089.7573770492,245000.0,3024.182049696378,3059.071729957806,305,96537.35294117648,86000.0,1163.8464284440995,1053.6963668549272,884,1656,772,0.466183574879227,0.3848466822825523,0.6151533177174476,0.0505360021355365,0.0561027028481959,-0.0055667007126594,0.3616071428571428,0.2877138413685847,173552.4044358727,173552.4044358727,매매가>전세가,0.6425730694910843,0.0,0.6425730694910843,-0.03692684502746035,-0.07339709846261822,0.03692684502746035,0.0428663413191661,0.05403565245646191,0.7731195314358007,0.7731195314358007,0.4970926846229313,0.511095368199156,0.17884541000515725,0.28977384500606856,0.4263429110959642,0.10412559593016485,0.5291424441436645,0.5908348243438263,0.5094688176607377,0,0,0,1,0,0.2,활발 관찰 구간,우선 점검 구간,우선 점검 구간,0.550151821002282,높음,1,1
11680,강남구,2024-11,269868.7626459144,232500.0,3031.684126310657,2917.198703467243,257,94589.20338983052,84000.0,1162.121161256946,1052.3750487171374,826,1617,791,0.4891774891774891,0.3833252782410298,0.6166747217589702,0.0024806960993082,-0.0014823838824339,0.0039630799817421,-0.1573770491803279,-0.0235507246376811,175279.55925608386,175279.55925608386,매매가>전세가,0.6494992511825542,0.0,0.6494992511825542,0.022993914298262086,0.049323733261557035,0.022993914298262086,-0.048055306036228304,-0.024507331754757646,0.7757287660097877,0.7757287660097878,0.42261673006201106,0.5229063465085569,0.07783630230218384,0.023719345577807693,0.4723864220960313,0.06476416686086739,0.6141679733624006,0.583407903386169,0.47876154544895355,1,1,1,1,0,0.8999999999999999,거래 위축 정체 구간,우선 점검 구간,우선 점검 구간,0.5310847244175613,높음,0,1
11680,강남구,2024-12,300522.0416666667,257500.0,2922.791918438082,2884.3677736515356,192,99131.12026515152,89625.0,1182.2393009341183,1081.4459537210764,1056,2004,948,0.4730538922155688,0.4044897255518273,0.5955102744481727,-0.0359180585231645,0.0173115681461413,-0.0532296266693058,-0.2529182879377432,0.2393320964749536,201390.92140151517,201390.92140151517,매매가>전세가,0.6701369399882293,0.0,0.6701369399882293,-0.016123596961920283,-0.03296062741773087,0.016123596961920283,-0.0383987546224727,-0.02189088786254588,0.7394313682406877,0.7394313682406878,0.3631064669850629,0.45202309752589226,0.12508955035188019,0.2410456914377814,0.44010018303090026,0.04535507671508273,0.586418328305581,0.5405306447715854,0.44512583201072203,0,0,1,1,0,0.45,안정 정체 구간,우선 점검 구간,신중 투자 구간,0.49282823839115375,주의,0,1
11680,강남구,2025-01,268796.45248868776,244000.0,3018.7196668550982,3004.3873987881475,221,87245.95066185319,75000.0,1096.5115463239836,1001.5022533800702,831,1591,760,0.4776869893148963,0.3632372884317307,0.6367627115682692,0.0328205876757312,-0.0725130306042095,0.1053336182799408,0.1510416666666667,-0.2060878243512973,181550.50182683457,181550.50182683457,매매가>전세가,0.6754200070199032,0.0,0.6754200070199032,0.004633097099327466,0.009794015387185828,0.004633097099327466,0.06873864619889569,0.002447174683917624,0.8101800203129308,0.8101800203129308,0.4696373938098488,0.6485425250782996,0.07470291817087849,0.20756339349939726,0.449377596806135,0.012893672570985282,0.7190461401092723,0.6190441249273997,0.5196937958698857,0,0,0,1,0,0.2,활발 관찰 구간,우선 점검 구간,우선 점검 구간,0.5693689603986427,높음,1,1
11680,강남구,2025-02,270047.3322683706,250000.0,3100.390848175401,3050.9058401883035,626,88977.1017257039,79800.0,1107.3005377094184,1012.4019235636548,1101,2197,1096,0.4988620846609012,0.3571486925143878,0.6428513074856121,0.0270549074884411,0.0098393778174106,0.0172155296710305,1.832579185520362,0.380892520427404,181070.2305426667,181070.2305426667,매매가>전세가,0.6705129394232294,0.0,0.6705129394232294,0.021175095346004924,0.04432839038880765,0.021175095346004924,-0.005765680187290099,0.0003478258101300806,0.8206220689344587,0.8206220689344587,0.46070176170051014,0.5393311101884353,0.9063658787591682,0.3836196745116097,0.4917790654227653,0.05962588586524489,0.5974511663751905,0.6154564603793722,0.6291417689052493,0,1,0,1,0,0.4,완만 정체 구간,우선 점검 구간,우선 점검 구간,0.6222991146423107,높음,1,1
11680,강남구,2025-03,266316.39344262297,247000.0,3065.2461649540196,3026.9772711180344,915,89892.87852865698,79000.0,1113.642069519262,1003.684111090119,1169,1964,795,0.4047861507128309,0.3633124419995701,0.6366875580004299,-0.0113355653988155,0.0057270195343368,-0.0170625849331523,0.4616613418530351,-0.1060537096040055,176423.514913966,176423.514913966,매매가>전세가,0.6624583362419855,0.0,0.6624583362419855,-0.09407593394807029,-0.18858104642692552,0.09407593394807029,-0.038390472887256596,-0.026751514945850523,0.8100511306279995,0.8100511306279995,0.40120433362944397,0.49684764901970097,0.2283306997612484,0.10681304404031101,0.30339938185114534,0.2655754626986477,0.603523145410162,0.5966308471663507,0.5239354434836808,0,1,0,1,1,0.5,안정 정체 구간,우선 점검 구간,우선 점검 구간,0.5602831453250158,높음,1,1
11680,강남구,2025-04,470417.1875,413750.0,3904.951816244225,4020.1458333914024,128,77996.08500477555,70000.0,986.2198493103118,936.0754102350486,1047,1814,767,0.4228224917309812,0.2525562147035289,0.747443785296471,0.2739439529819301,-0.114419366595908,0.3883633195778381,-0.8601092896174863,-0.0763747454175153,392421.10249522445,392421.10249522445,매매가>전세가,0.8341980542435525,0.0,0.8341980542435525,0.01803634101815027,0.04455770284232341,0.01803634101815027,0.2852795183807456,0.28872311671528567,1.0,1.0,0.8433295888940382,0.9993226500511132,0.4253970132765185,0.07692158130355956,0.3395157409580822,0.05075870219491379,0.7809216811148761,0.8154252801570723,0.7874158699999995,0,0,1,1,0,0.45,안정 정체 구간,우선 점검 구간,우선 점검 구간,0.8014205750785359,높음,1,1
11680,강남구,2025-05,293838.68512110726,270000.0,3305.697317830107,3299.2378660248696,289,89380.56782945736,78750.0,1070.3272595183537,976.7525098637188,1032,1980,948,0.4787878787878787,0.323782596109231,0.676217403890769,-0.1534601517799213,0.0852826175287997,-0.238742769308721,1.2578125,0.091510474090408,204458.11729164992,204458.11729164992,매매가>전세가,0.6958175612832646,0.0,0.6958175612832646,0.05596538705689752,0.13236142388684757,0.05596538705689752,-0.4274041047618514,-0.1742752208295412,0.8778455085752493,0.8778455085752495,0.1809401191152543,0.22210262253425606,0.6220949909747292,0.09216568034881187,0.4515820416823584,0.15791070663225837,0.4860577180603012,0.5603284403665129,0.4969597956406746,0,0,0,1,0,0.2,활발 관찰 구간,우선 점검 구간,우선 점검 구간,0.5286441180035937,높음,0,1
11680,강남구,2025-06,322708.5460526316,290000.0,3485.0834411897513,3343.6593496732103,608,96538.71083070451,84000.0,1154.7929095811442,1030.3030303030305,951,1790,839,0.4687150837988826,0.3313530160950512,0.6686469839049487,0.0542657436880504,0.0789157234963817,-0.0246499798083312,1.1038062283737022,-0.0959595959595959,226169.83522192706,226169.83522192706,매매가>전세가,0.7008486077869172,0.0,0.7008486077869172,-0.010072794988996103,-0.02103811611625772,0.010072794988996103,0.2077258954679717,0.020376324999720363,0.8648621057266301,0.86486210572663,0.5028730257611105,0.48744401643157187,0.5459258241415061,0.09664665750584597,0.4314120592747821,0.028261170393528445,0.495458564100844,0.6269459321590484,0.5854801361034357,0,0,0,1,0,0.2,활발 관찰 구간,우선 점검 구간,우선 점검 구간,0.6062130341312421,높음,1,1
11680,강남구,2025-07,300480.9304812834,258250.0,3375.2463257675213,3163.19767237384,374,91668.06783369803,84000.0,1108.773022353244,1007.9657199888056,914,1745,831,0.4762177650429799,0.328501364148915,0.671498635851085,-0.0315163516959391,-0.0398512034894569,0.0083348517935177,-0.3848684210526315,-0.0251396648044692,208812.86264758537,208812.86264758537,매매가>전세가,0.6949288339633655,0.0,0.6949288339633655,0.007502681244097309,0.01600691230862239,0.007502681244097309,-0.08578209538398951,0.03003611988895817,0.8697527387522856,0.8697527387522859,0.36992821768638584,0.5283246141160021,0.19035008550256505,0.025319662404501196,0.4464355903670373,0.021000433091658468,0.6708203008625016,0.6163578964923705,0.5147165810583282,0,0,1,1,0,0.45,안정 정체 구간,우선 점검 구간,우선 점검 구간,0.5655372387753493,높음,1,1
11680,강남구,2025-08,250291.40625,188250.0,2882.2994528270274,2735.8220341478964,128,85229.81472957422,75000.0,1055.7809076604972,958.1881533101046,869,1776,907,0.5106981981981982,0.3662981327720693,0.6337018672279306,-0.146047673373409,-0.0477934740694512,-0.0982541993039578,-0.6577540106951871,0.0177650429799427,165061.59152042578,165061.59152042578,매매가>전세가,0.6594776624314315,0.0,0.6594776624314315,0.03448043315521826,0.07240476035602383,0.03448043315521826,-0.11453132167746988,-0.14329574952320948,0.804930618667848,0.804930618667848,0.1924279536651171,0.3962207377622172,0.3253151605243344,0.017892238991732267,0.5154799550052652,0.09721432440695636,0.682547221799884,0.5520320409892464,0.45797416133855945,0,0,1,1,0,0.45,안정 정체 구간,우선 점검 구간,신중 투자 구간,0.5050031011639029,높음,0,1
11680,강남구,2025-09,253150.64377682403,220000.0,3244.4243643891364,3118.6868686868684,233,95421.36191536748,80000.0,1166.3225002218935,1024.5208158190117,898,1701,803,0.4720752498530276,0.3594851872718845,0.6405148127281155,0.1256375048772009,0.1047012611795996,0.0209362436976012,0.8203125,-0.0422297297297297,157729.28186145655,157729.28186145655,매매가>전세가,0.6230649051815553,0.0,0.6230649051815553,-0.03862294834517055,-0.07562773567918735,0.03862294834517055,0.2716851782506099,0.0355566944945276,0.816614939508735,0.8166149395087351,0.6134847455002119,0.5439424726187508,0.40571412454873645,0.042532090563116784,0.4381405284109732,0.10891719733347502,0.4573857033624211,0.6366273250466566,0.5890495108675078,0,0,0,1,0,0.2,활발 관찰 구간,우선 점검 구간,우선 점검 구간,0.6128384179570823,높음,1,1
11680,강남구,2025-10,268760.6451612903,231500.0,3237.755378216187,3093.803580662945,310,100409.99171597631,89250.0,1209.2288173692884,1071.9754977029097,845,1679,834,0.4967242406194163,0.3734775102236112,0.6265224897763888,-0.002055522158614,0.0367876956324102,-0.0388432177910242,0.3304721030042918,-0.012933568489124,168350.65344531398,168350.65344531398,매매가>전세가,0.6263962245822201,0.0,0.6263962245822201,0.024648990766388656,0.05221411369069373,0.024648990766388656,-0.1276930270358149,-0.012081441807751541,0.7926178606134395,0.7926178606134396,0.41558651398970603,0.4698532626325645,0.16344649137757392,0.013026171604797918,0.48749820030499025,0.06943986476467633,0.5576614375779899,0.584818703307027,0.48596516672226175,1,0,0,1,0,0.45,안정 정체 구간,우선 점검 구간,우선 점검 구간,0.5353919350146443,높음,0,1
11680,강남구,2025-11,271290.1754385965,242000.0,3193.4589412370824,2980.953055299866,285,104769.2162162162,94500.0,1230.9957387181669,1113.3483358995618,1073,2227,1154,0.5181859003143242,0.3854741085981533,0.6145258914018467,-0.0136812179441145,0.018000663758769,-0.0316818817028836,-0.0806451612903226,0.3263847528290649,166520.9592223803,166520.9592223803,매매가>전세가,0.6138112408721209,0.0,0.6138112408721209,0.02146165969490793,0.043206386843825495,0.02146165969490793,-0.0116256957855005,0.05492093049112319,0.7720434843170767,0.7720434843170767,0.3975690490627888,0.47872884832710705,0.039885873995574715,0.328721636500872,0.5304734915678996,0.060435448656617805,0.5854008648880117,0.5765573207894745,0.45750122495395396,0,0,1,1,0,0.45,안정 정체 구간,우선 점검 구간,신중 투자 구간,0.5170292728717143,높음,0,1
11680,강남구,2025-12,242735.83422459892,197000.0,3063.0798405730043,2867.662677901296,187,96503.57947019867,85000.0,1166.5496572034083,1058.684625222127,1208,2369,1161,0.490080202617138,0.3808420667824264,0.6191579332175736,-0.0408269224884951,-0.0523528063402284,0.0115258838517332,-0.343859649122807,0.0637629097440501,146232.25475440023,146232.25475440023,매매가>전세가,0.6024337330395737,0.0,0.6024337330395737,-0.028105697697186183,-0.05423863845028909,0.028105697697186183,-0.0271457045443806,-0.0660736918273412,0.7799875171472073,0.7799875171472074,0.355498725826322,0.5322795016032165,0.17006776869972762,0.06421944609066621,0.47419403499956925,0.07920528507103028,0.6892791668435772,0.5785004246950943,0.4839819702994924,0,0,1,1,0,0.45,안정 정체 구간,우선 점검 구간,우선 점검 구간,0.5312411974972934,높음,0,1
11680,강남구,2026-01,267668.07511737087,232000.0,3249.939465388629,3148.6146095717886,213,94408.97511961724,80000.0,1143.374065915443,1035.1317440401506,1045,1973,928,0.4703497212366954,0.3518139577958932,0.6481860422041068,0.0610038374907879,-0.0198667850484175,0.0808706225392055,0.1390374331550801,-0.1671591388771633,173259.09999775363,173259.09999775363,매매가>전세가,0.6472908654563325,0.0,0.6472908654563325,-0.019730481380442644,-0.040259698871893734,0.019730481380442644,0.10183075997928301,0.01908377001814405,0.8297712323983701,0.8297712323983703,0.5133157012796387,0.6182236834026952,0.06876580628969665,0.16835598235361077,0.4346852926126459,0.05554475812240509,0.6413129084012128,0.6336395289750402,0.5325971550315914,0,0,0,1,0,0.2,활발 관찰 구간,우선 점검 구간,우선 점검 구간,0.5831183420033158,높음,1,1
11680,강남구,2026-02,261900.6289308176,235000.0,3243.910929444843,3050.7485387356637,159,98900.38532110093,85000.0,1188.1800366281088,1063.570442273918,654,1400,746,0.5328571428571428,0.3662801052405751,0.6337198947594249,-0.0018549686872597,0.0391874995667247,-0.0410424682539845,-0.2535211267605634,-0.2904206791687785,163000.24360971665,163000.24360971665,매매가>전세가,0.6223743878552274,0.0,0.6223743878552274,0.06250742162044742,0.1328956280788176,0.06250742162044742,-0.06285880617804761,-0.0019380509214396,0.8049615362000581,0.8049615362000582,0.4158973310971521,0.4671275651219991,0.12538770529313062,0.29250006350650243,0.5598515047518479,0.17639237674509609,0.5541180791996172,0.6085588906825962,0.4947889103823298,1,0,1,1,1,0.7999999999999999,신중 정체 구간,우선 점검 구간,우선 점검 구간,0.551673900532463,높음,1,1
11680,강남구,2026-03,243211.56647398844,210000.0,3128.6229032341193,3130.671506352087,173,91396.38383838384,80000.0,1147.4072704021132,1073.2414793328498,693,1551,858,0.5531914893617021,0.3667451482299179,0.633254851770082,-0.0355398248343563,-0.0343153099438559,-0.0012245148905004,0.0880503144654087,0.1078571428571428,151815.18263560458,151815.18263560458,매매가>전세가,0.6242103730368485,0.0,0.6242103730368485,0.020334346504559342,0.038160971992470705,0.020334346504559342,-0.0336848561470966,-0.01689469925872496,0.8041639793295181,0.804163979329518,0.3636926523066141,0.5164769676509711,0.04354835047567145,0.10862938970337532,0.6005694397157361,0.05725071609437225,0.6626464436168729,0.5998894482394077,0.46974864093763635,0,0,0,1,0,0.2,활발 관찰 구간,우선 점검 구간,신중 투자 구간,0.534819044588522,높음,0,1
11680,강남구,2026-04,255578.47533632288,225000.0,3262.4269237316985,3511.252503829386,223,96018.41176470587,84000.0,1201.917208184734,1092.3451810772203,527,1082,555,0.5129390018484289,0.368411993979602,0.631588006020398,0.0427677047173895,0.0475070528039425,-0.0047393480865529,0.2890173410404624,-0.3023855577047066,159560.063571617,159560.063571617,매매가>전세가,0.6243094742687053,0.0,0.6243094742687053,-0.04025248751327326,-0.07276411204322475,0.04025248751327326,0.0783075295517458,0.022347780802043592,0.8013053096790637,0.8013053096790638,0.4850534029441617,0.5121207689124075,0.14294359466622147,0.30455060943051593,0.5199669886690458,0.11352075071557152,0.5418340928931134,0.6135775545564789,0.5126853070304764,0,0,0,1,0,0.2,활발 관찰 구간,우선 점검 구간,우선 점검 구간,0.5631314307934776,높음,1,1
11740,강동구,2023-06,108700.19834710743,113000.0,1511.3470597428,1509.1846821056683,242,43918.740196078434,45000.0,631.5791891905573,629.9608592168631,816,1432,616,0.4301675977653631,0.4178915657519716,0.5821084342480284,0.0874418656345361,0.0548643793480128,0.0325774862865233,0.0852017937219731,0.128447596532703,64781.458151029,64781.458151029,매매가>전세가,0.5959644888978518,0.0,0.5959644888978518,0.07476964662273111,0.21038288595176446,0.07476964662273111,,0.0686294706543308,0.7164469776048699,0.7164469776048699,0.5542892699679687,0.5583703454231068,0.04213951530653543,0.12936726906157675,0.3542237400444441,0.21103395424520388,0.5309708534927653,0.581648200540061,0.5007126879604202,0,0,0,1,1,0.30000000000000004,완만 정체 구간,우선 점검 구간,우선 점검 구간,0.5411804442502406,높음,1,1
11740,강동구,2023-07,103876.35514018692,109350.0,1431.255961803699,1438.6629144341596,214,49886.376790830946,50000.0,707.8851236784886,705.9020791415157,698,1216,518,0.4259868421052631,0.4945901659591321,0.5054098340408679,-0.0529931873839294,0.1208176833466068,-0.1738108707305362,-0.1157024793388429,-0.1508379888268156,53989.97834935597,53989.97834935597,매매가>전세가,0.5197523370597043,0.0,0.5197523370597043,-0.004180755660100011,-0.009718899521531155,0.004180755660100011,-0.14043505301846548,-0.05230852905422468,0.5849075351063083,0.5849075351063084,0.3366434886784119,0.30257763767764706,0.05722469194736995,0.15191797442700758,0.34585210454439547,0.011615778793910576,0.43358948455541735,0.4240837248403937,0.3423071442299163,0,0,1,0,0,0.25,완만 정체 구간,매수 검토 가능,안정 관찰,0.38319543453515503,안정,0,0
11740,강동구,2023-08,102046.27705627706,104000.0,1441.236667523268,1457.0552147239264,231,48328.67335243553,49000.0,698.602714941992,695.8930207112605,698,1354,656,0.4844903988183161,0.4847244943764334,0.5152755056235665,0.006973389796044,-0.0131128744283551,0.0200862642243991,0.0794392523364486,0.113486842105263,53717.60370384153,53717.60370384153,매매가>전세가,0.5264043456893291,0.0,0.5264043456893291,0.05850355671305302,0.1373365346777462,0.05850355671305302,0.0599665771799734,-0.021354553645712343,0.6018273346379421,0.6018273346379421,0.42957949191315775,0.5428890287417765,0.03928944971152872,0.11429939706067059,0.46300089105022757,0.1650811998205466,0.6313406246491177,0.5095921545042886,0.42753480869305055,1,0,0,0,0,0.25,완만 정체 구간,신중 매수 구간,신중 투자 구간,0.46856348159866956,주의,0,0
11740,강동구,2023-09,101036.63101604278,101300.0,1403.7463610030086,1411.6166157165978,187,50356.01935483871,50700.0,717.7052724350997,675.9816059426954,775,1527,752,0.4924688932547478,0.5112784562606332,0.4887215437393668,-0.0260125955473263,0.0273439496934877,-0.0533565452408141,-0.1904761904761904,0.1277695716395863,50680.61166120407,50680.61166120407,매매가>전세가,0.5016063100239052,0.0,0.5016063100239052,0.007978494436431671,0.016467807114220356,0.007978494436431671,-0.0329859853433703,-0.011016291394710262,0.5562868249944611,0.5562868249944612,0.3784579207857576,0.451865797736609,0.09420663572288117,0.12868438957495326,0.4789772007634277,0.02234463608701655,0.5716053168330519,0.45282415396062997,0.37713059141966854,0,0,1,0,0,0.25,완만 정체 구간,관찰 필요,선별 검토 가능,0.4149773726901492,보통,0,0
11740,강동구,2023-10,100707.31707317074,99000.0,1366.9139376699632,1346.2404322377306,123,52531.62600690449,51000.0,751.0324885322016,713.7954701441319,869,1455,586,0.4027491408934708,0.5494365576609812,0.4505634423390188,-0.02623865988634,0.046435796666264,-0.072674456552604,-0.3422459893048128,-0.0471512770137524,48175.69106626625,48175.69106626625,매매가>전세가,0.47837329467593026,0.0,0.47837329467593026,-0.089719752361277,-0.1821835928931782,0.089719752361277,-0.00022606433901370057,0.003966505627642752,0.4908450128694888,0.4908450128694889,0.3781075670198792,0.4279236485095529,0.1692696770207919,0.047488875655855634,0.29932042935926617,0.25326896840292745,0.5434158239489508,0.4215861285403786,0.3837193460036191,0,0,1,0,1,0.35,완만 정체 구간,매수 검토 가능,선별 검토 가능,0.40265273727199885,안정,0,0
11740,강동구,2023-11,92445.63218390803,87500.0,1279.136280848139,1275.6224157649335,87,52644.76720901126,53000.0,721.16904645617,702.4586051179127,799,1284,485,0.3777258566978193,0.5637937546247962,0.4362062453752038,-0.0642159351827589,-0.0397631827278149,-0.0244527524549439,-0.2926829268292683,-0.1175257731958763,39800.86497489677,39800.86497489677,매매가>전세가,0.430532671308022,0.0,0.430532671308022,-0.02502328419565153,-0.062131191987496504,0.02502328419565153,-0.037977275296418894,-0.048641706485653385,0.4662221686538006,0.4662221686538007,0.31925051121023845,0.4876884552143287,0.14475653781808576,0.11836724651231455,0.2492132642122095,0.07049726787342503,0.6706903364521698,0.38612298249914884,0.353328759773799,0,0,1,0,0,0.25,완만 정체 구간,매수 검토 가능,선별 검토 가능,0.3697258711364739,안정,0,0
11740,강동구,2023-12,104459.02678571428,108250.0,1412.660792809485,1469.7985625669114,112,53650.17562724014,55000.0,735.7047013058071,720.4116638078902,837,1521,684,0.4497041420118343,0.5207936010191415,0.4792063989808585,0.1043864629285722,0.0201556832216598,0.0842307797069124,0.2873563218390804,0.1845794392523365,50808.851158474135,50808.851158474135,매매가>전세가,0.4863998136101983,0.0,0.4863998136101983,0.07197828531401501,0.19055694503751597,0.07197828531401501,0.1686023981113311,0.10019443232561885,0.5399681851047275,0.5399681851047277,0.5805499508836692,0.6223881804353791,0.1421220797543466,0.18590101041643436,0.3933441385223875,0.20314817828784845,0.5822189356644598,0.5100740439312447,0.4712096208424012,0,0,0,0,1,0.1,활발 관찰 구간,신중 매수 구간,우선 점검 구간,0.4906418323868229,주의,0,1
11740,강동구,2024-01,101877.14285714286,109750.0,1413.8223051485709,1466.0339366249427,140,52826.969696969696,52000.0,740.1377937904319,718.3598282411087,858,1472,614,0.4171195652173913,0.5235012852005153,0.4764987147994847,0.0008222160231232,0.0060256410986045,-0.0052034250754813,0.25,-0.0322156476002629,49050.17316017316,49050.17316017316,매매가>전세가,0.48146396516982937,0.0,0.48146396516982937,-0.03258457679444299,-0.07245780892448506,0.03258457679444299,-0.103564246905449,-0.013914493128894284,0.5353244593167981,0.5353244593167982,0.42004642311815293,0.5115456031844758,0.12364620938628158,0.03244630856160129,0.32809607763956244,0.09185840775735667,0.6030822247138583,0.4493964821434852,0.401414738205083,1,1,0,0,0,0.45,안정 정체 구간,관찰 필요,조건부 관찰,0.42540561017428413,보통,0,0
11740,강동구,2024-02,99620.51829268291,100000.0,1388.967551903033,1415.1175257093537,164,53725.63826606876,54000.0,728.0148691291919,710.0591715976332,669,1167,498,0.4267352185089974,0.524141019804051,0.4758589801959489,-0.0175798282111032,-0.0163792806730697,-0.0012005475380335,0.1714285714285714,-0.2072010869565217,45894.880026614155,45894.880026614155,매매가>전세가,0.4606970613400745,0.0,0.4606970613400745,0.00961565329160613,0.023052510822873407,0.00961565329160613,-0.018402044234226398,-0.01627490431153731,0.5342273032687237,0.5342273032687236,0.3915269957487157,0.5165066722044332,0.08478597215059307,0.20868462695859702,0.34735066963125133,0.026969715577154066,0.6361635386250815,0.4407507403481747,0.3840011571149875,0,0,0,0,0,0.0,활발 관찰 구간,관찰 필요,선별 검토 가능,0.4123759487315811,보통,0,0
11740,강동구,2024-03,106147.74590163934,108750.0,1480.3593918687593,1453.330127598661,244,52118.544715447155,52000.0,722.2340859587857,706.8803016022621,861,1506,645,0.4282868525896414,0.4878775315817465,0.5121224684182535,0.0657983981270908,-0.0079404740418568,0.0737388721689477,0.4878048780487805,0.2904884318766068,54029.201186192186,54029.201186192186,매매가>전세가,0.5089999860784398,0.0,0.5089999860784398,0.00155163408064396,0.003636058176930801,0.00155163408064396,0.083378226338194,0.034351897033080454,0.5964198206149498,0.5964198206149499,0.5207462955166138,0.6093847655270025,0.24126089636347625,0.2925683013172507,0.350457695252618,0.004188340548814712,0.6237034723035733,0.5031941730441607,0.47138111793335863,0,1,0,0,0,0.2,활발 관찰 구간,신중 매수 구간,우선 점검 구간,0.4872876454887597,주의,0,1
11740,강동구,2024-04,103249.37238493725,105000.0,1464.866606146188,1452.9058116232463,239,50391.00541271989,50000.0,705.9474603022363,677.2673733804476,739,1155,416,0.3601731601731602,0.4819192801175682,0.5180807198824318,-0.0104655570854409,-0.0225503420195524,0.0120847849341114,-0.0204918032786884,-0.2330677290836653,52858.36697221736,52858.36697221736,매매가>전세가,0.5119485547587572,0.0,0.5119485547587572,-0.06811369241648119,-0.159037551595691,0.06811369241648119,-0.07626395521253171,-0.03062904331380146,0.6066383262167128,0.6066383262167129,0.40255266963974146,0.5329721900052642,0.01013493519559679,0.23473647177400178,0.21406536529292616,0.19223045378504808,0.6452752337985279,0.4842774739629047,0.420171671762695,0,0,1,0,1,0.35,완만 정체 구간,신중 매수 구간,조건부 관찰,0.4522245728627998,주의,0,0
11740,강동구,2024-05,109012.8125,112000.0,1517.9533473469446,1526.0092238917828,320,51626.689801699715,51000.0,737.0761018830758,727.8362825480867,706,1301,595,0.4573405073020753,0.4855723024500891,0.5144276975499109,0.0362399832025788,0.0440948417995759,-0.007854858596997,0.3389121338912133,0.1264069264069263,57386.122698300285,57386.122698300285,매매가>전세가,0.526416311828486,0.0,0.526416311828486,0.09716734712891512,0.26977953349494466,0.09716734712891512,0.046705540288019695,0.022669427557799646,0.6003733289448365,0.6003733289448366,0.47493676170257076,0.5082594809938742,0.16762080268265783,0.12731198793251286,0.40863536143819695,0.2743089045714845,0.5468722905050993,0.5159605274778531,0.459343924529529,0,0,0,0,1,0.1,활발 관찰 구간,신중 매수 구간,신중 투자 구간,0.48765222600369107,주의,0,1
11740,강동구,2024-06,115234.92462311558,119950.0,1571.040508353587,1583.7876664743355,597,50929.4295154185,50000.0,725.6010481162173,713.0124777183601,908,1453,545,0.3750860289057123,0.4618601775434994,0.5381398224565006,0.0349728541390468,-0.0155683432654269,0.0505411974044738,0.8656250000000001,0.1168332052267486,64305.49510769708,64305.49510769708,매매가>전세가,0.5580382450720821,0.0,0.5580382450720821,-0.08225447839636302,-0.1798539099053249,0.08225447839636302,-0.0012671290635319979,-0.0035463504518969957,0.6410400384055637,0.6410400384055638,0.47297296926543003,0.5806341318809736,0.42812500000000003,0.11766971982264417,0.24392721598190242,0.23217908736038076,0.6349661733667702,0.5261717147089707,0.5225220924072661,0,0,0,1,1,0.30000000000000004,완만 정체 구간,우선 점검 구간,우선 점검 구간,0.5243469035581184,높음,0,1
11740,강동구,2024-07,107763.0241935484,108500.0,1499.8853717940112,1467.4506841696095,496,52852.19521410579,50300.0,747.5499925370997,713.9130867321874,794,1211,417,0.3443435177539223,0.4984047491862368,0.5015952508137632,-0.0452917262038932,0.0302493284400091,-0.0755410546439023,-0.169179229480737,-0.1665519614590502,54910.8289794426,54910.8289794426,매매가>전세가,0.5095516703467758,0.0,0.5095516703467758,-0.030742511151789997,-0.08196122697899244,0.030742511151789997,-0.08026458034294,-0.04977395051119449,0.5783654580709718,0.578365458070972,0.3485791877761276,0.4243708565866512,0.08367348172873995,0.1677444576031484,0.18236774715783566,0.08665445336014366,0.5673154671596563,0.43202745574170065,0.37823438679272126,0,0,1,0,0,0.25,완만 정체 구간,관찰 필요,선별 검토 가능,0.40513092126721095,안정,0,0
11740,강동구,2024-08,108962.29261363635,108000.0,1479.3366917831006,1454.6407173949974,352,55236.60551948052,53000.0,778.6168095490225,752.4805535618574,616,1031,415,0.4025218234723569,0.5263283293612667,0.4736716706387333,-0.0137001669576471,0.0415581798168247,-0.0552583467744719,-0.2903225806451612,-0.1486374896779521,53725.68709415583,53725.68709415583,매매가>전세가,0.4930667830628244,0.0,0.4930667830628244,0.058178305718434575,0.1689542643285955,0.058178305718434575,0.0315915592462461,-0.0034745102418280074,0.530476029074008,0.5304760290740083,0.39753968194420747,0.4495087511913498,0.1435891463840689,0.14970171991430972,0.2988652440418034,0.16416234475672548,0.5506177225219231,0.4385980383871905,0.3930309032362972,0,0,1,0,0,0.25,완만 정체 구간,관찰 필요,조건부 관찰,0.41581447081174383,보통,0,0
11740,강동구,2024-09,100273.31125827816,91000.0,1337.4297256746938,1255.4688986113754,151,53985.55789473684,50000.0,745.0900730559708,695.6104053662486,570,894,324,0.3624161073825503,0.5571059613469372,0.4428940386530627,-0.0959260774755481,-0.0430593535637516,-0.0528667239117964,-0.5710227272727273,-0.1328806983511153,46287.75336354132,46287.75336354132,매매가>전세가,0.4616158854504766,0.0,0.4616158854504766,-0.040105716089806565,-0.09963612840624236,0.040105716089806565,-0.082225910517901,-0.0847719071338634,0.4776918512417374,0.4776918512417373,0.2701062374283241,0.4524728703732237,0.2824191828027568,0.13383211146580107,0.2185566912659002,0.1131061119660888,0.6755571984407932,0.38039907211429974,0.36538145811194,0,0,1,0,0,0.25,완만 정체 구간,거주 안정권,선별 검토 가능,0.37289026511311985,안정,0,0
11740,강동구,2024-10,103186.80952380953,98500.0,1382.460098658609,1360.0184397411435,210,58337.38035264484,55550.0,809.7269702216726,776.6012434667756,794,1227,433,0.3528932355338223,0.5857145323813285,0.4142854676186714,0.033669337625346,0.0867504473661753,-0.0530811097408292,0.390728476821192,0.3724832214765101,44849.42917116469,44849.42917116469,매매가>전세가,0.43464304573556994,0.0,0.43464304573556994,-0.00952287184872802,-0.02627607232334217,0.00952287184872802,0.1295954151008941,0.03716898794627141,0.4286276509254322,0.4286276509254322,0.4709527836782109,0.45220716579326037,0.1932483802328639,0.37515016578302446,0.19948788684088423,0.026707602009393303,0.4838904380263279,0.37540736676846453,0.36630968495406446,0,0,0,0,0,0.0,활발 관찰 구간,거주 안정권,선별 검토 가능,0.3708585258612645,안정,0,0
11740,강동구,2024-11,107976.05325443788,103800.0,1506.1225196171229,1463.8828893688503,169,58975.7075,58000.0,802.463848606651,782.2630886865963,800,1257,457,0.3635640413683373,0.5328011753058765,0.4671988246941235,0.0894509874668372,-0.0089698403068297,0.098420827773667,-0.1952380952380952,0.0244498777506112,49000.34575443788,49000.34575443788,매매가>전세가,0.4538075274799317,0.0,0.4538075274799317,0.010670805834515018,0.030238057180022926,0.010670805834515018,0.055781649841491206,0.06246295961277136,0.5193749849267442,0.519374984926744,0.5574030003472322,0.6399749807301911,0.09656180161595322,0.024624936541188365,0.22085533909142196,0.029950589650399883,0.6252233521267754,0.46437478249916775,0.4387361701472781,0,1,1,0,0,0.45,안정 정체 구간,관찰 필요,신중 투자 구간,0.4515554763232229,주의,0,0
11740,강동구,2024-12,91136.53603603604,87500.0,1494.6688429430014,1295.3509414401824,222,60680.02406159769,58000.0,851.4792846428095,804.8289738430583,1039,1738,699,0.4021864211737629,0.569677550089455,0.430322449910545,-0.0076047443185651,0.0610811765804351,-0.0686859208990002,0.3136094674556213,0.3826571201272872,30456.51197443835,30456.51197443835,매매가>전세가,0.33418553413524105,0.0,0.33418553413524105,0.0386223798054256,0.1062326726814442,0.0386223798054256,-0.0970557317854023,0.006422426342053519,0.4561313563950845,0.45613135639508456,0.40698634781614335,0.43286694254764774,0.15510648751415204,0.38539690857688585,0.2981936272294399,0.10891559117198045,0.5217916283714263,0.3947545935922529,0.36177416505535864,1,0,0,0,0,0.25,완만 정체 구간,매수 검토 가능,선별 검토 가능,0.37826437932380574,안정,0,0
11740,강동구,2025-01,110162.62376237624,111500.0,1540.5180586185493,1534.8430016844516,202,56872.96523754345,53500.0,782.5991179810782,745.975657636435,863,1333,470,0.3525881470367591,0.5080103498967545,0.4919896501032454,0.0306751665374056,-0.0808947063117644,0.11156987284917,-0.09009009009009,-0.2330264672036823,53289.65852483279,53289.65852483279,매매가>전세가,0.4837362864539249,0.0,0.4837362864539249,-0.049598274137003795,-0.12332160293292216,0.049598274137003795,0.0382799108559707,0.0003017535455920248,0.5618916846394806,0.5618916846394805,0.46631242721632593,0.656271587247835,0.04455719257163296,0.2346949144628972,0.19887697103993318,0.13992320145882056,0.731421851482398,0.48321346173923974,0.4418547915482774,0,0,1,0,0,0.25,완만 정체 구간,신중 매수 구간,신중 투자 구간,0.4625341266437586,주의,0,0
11740,강동구,2025-02,121001.51904761903,124250.0,1633.8122010159773,1565.0677559274163,420,48329.40302491103,45147.5,678.1867983978768,628.0843427545984,1124,2549,1425,0.559042761867399,0.415094707932864,0.584905292067136,0.0605602393788806,-0.1334173744695248,0.1939776138484055,1.0792079207920793,0.9122280570142536,72672.11602270801,72672.11602270801,매매가>전세가,0.6005884603325399,0.0,0.6005884603325399,0.20645461483063987,0.5855404288707298,0.20645461483063987,0.029885072841475003,0.03385315770056958,0.7212436377431184,0.7212436377431186,0.5126282143910771,0.7584057362572126,0.5337598741823641,0.9187595228162648,0.6122861542553221,0.5830524933703567,0.8089726186972414,0.6708107762313705,0.6450112938041397,0,0,0,1,1,0.30000000000000004,완만 정체 구간,우선 점검 구간,우선 점검 구간,0.657911035017755,높음,1,1
11740,강동구,2025-03,120166.86342943854,125100.0,1620.8079103152031,1587.4874539979926,659,42660.48201989289,40000.0,589.1820680887176,565.0449092985203,1307,2099,792,0.3773225345402572,0.3635113478525272,0.6364886521474727,-0.0079594770394585,-0.1312392552013996,0.1232797781619411,0.569047619047619,-0.1765398195370733,77506.38140954566,77506.38140954566,매매가>전세가,0.6449896352254968,0.0,0.6449896352254968,-0.18172022732714177,-0.3250560417241294,0.18172022732714177,-0.06851971641833911,-0.023375426586493525,0.8097100036069454,0.8097100036069454,0.40643658421703927,0.6707845589613948,0.2814423242221076,0.17780382779151532,0.24840564320617298,0.5131762513783404,0.8057565821504844,0.6425963627386891,0.5923767036692679,1,0,0,1,1,0.55,안정 정체 구간,우선 점검 구간,우선 점검 구간,0.6174865332039785,높음,1,1
11740,강동구,2025-04,114534.20245398772,116800.0,1569.283037573878,1509.1938468280568,326,52336.82763157895,50000.0,727.3920671723832,678.9561459716716,760,1381,621,0.4496741491672701,0.4635187214518907,0.5364812785481092,-0.0317896231955736,0.234579439140117,-0.2663690623356907,-0.5053110773899848,-0.3420676512625059,62197.37482240877,62197.37482240877,매매가>전세가,0.5430462996186276,0.0,0.5430462996186276,0.0723516146270129,0.19175004937133844,0.0723516146270129,-0.023830146156115103,-0.01701045946221799,0.638195606558308,0.638195606558308,0.36950470241890987,0.18786326717297475,0.2499191971206784,0.34451682298992237,0.3932840802021424,0.20420285770588797,0.26561798289835914,0.46245169250873974,0.39275022155247524,0,0,1,1,1,0.55,안정 정체 구간,관찰 필요,조건부 관찰,0.4276009570306075,보통,0,0
11740,강동구,2025-05,126484.54513888888,130000.0,1723.7673525259413,1731.0852241390503,576,49307.70916334661,50000.0,679.0337313323853,687.2437906920666,753,1330,577,0.4338345864661654,0.3939242324884247,0.6060757675115753,0.0984426080274831,-0.0664818026239728,0.164924410651456,0.7668711656441718,-0.0369297610427227,77176.83597554226,77176.83597554226,매매가>전세가,0.6101681109798568,0.0,0.6101681109798568,-0.015839562701104704,-0.03522453476686893,0.015839562701104704,0.13023223122305672,0.07762753897786323,0.7575513738669788,0.7575513738669788,0.5713381841914232,0.7223979031515279,0.3792828508781644,0.03719417460627441,0.36156659748021674,0.04455266158594456,0.7101409116903714,0.6134480259415481,0.5852378921123519,0,0,0,1,0,0.2,활발 관찰 구간,우선 점검 구간,우선 점검 구간,0.59934295902695,높음,1,1
11740,강동구,2025-06,130154.138071066,132500.0,1715.8120411348027,1620.9434593509534,985,50632.61538461538,50000.0,719.8494855341786,718.3427998663549,793,1419,626,0.4411557434813248,0.4195386605738499,0.5804613394261501,-0.0046150725499477,0.0601085812360242,-0.064723653785972,0.7100694444444444,0.0669172932330826,79521.52268645063,79521.52268645063,매매가>전세가,0.6109795959236483,0.0,0.6109795959236483,0.007321157015159396,0.016875457244648118,0.007321157015159396,-0.1030576805774308,-0.03850449123827773,0.71362218114148,0.71362218114148,0.4116197312478035,0.437777679995732,0.35118958082631363,0.06739641466434572,0.37622664053283383,0.020487615422456598,0.5232276847979982,0.5238921278527994,0.4743744443144178,1,0,0,1,0,0.45,안정 정체 구간,우선 점검 구간,우선 점검 구간,0.4991332860836086,높음,0,1
11740,강동구,2025-07,111181.17289719626,104500.0,1496.88991322655,1418.2159576921836,214,55084.37925696594,54500.0,767.8283179756768,765.2911076147393,646,1194,548,0.4589614740368509,0.5129490894361235,0.4870509105638765,-0.1275909730552199,0.0666512005713173,-0.1942421736265372,-0.782741116751269,-0.1585623678646934,56096.79364023032,56096.79364023032,매매가>전세가,0.5045529938067864,0.0,0.5045529938067864,0.01780573055552609,0.04036155216979487,0.01780573055552609,-0.12297590050527221,-0.06603850147032264,0.5534216598424238,0.5534216598424239,0.2210320868529423,0.27725557801270306,0.38713188806831716,0.1596976592813857,0.4118812202648093,0.050107212745662655,0.5135673768425335,0.39765282295210586,0.35643561840279125,0,0,1,0,0,0.25,완만 정체 구간,매수 검토 가능,선별 검토 가능,0.3770442206774486,안정,0,0
11740,강동구,2025-08,115188.23955431757,110000.0,1615.1503728706705,1541.549578482537,359,54237.66185897436,54000.0,761.1722314447976,765.4975308413354,624,1135,511,0.4502202643171806,0.4712701951657517,0.5287298048342483,0.0790041128603837,-0.0086687171794177,0.0876728300398015,0.6775700934579438,-0.0494137353433835,60950.57769534321,60950.57769534321,매매가>전세가,0.5291388941368591,0.0,0.5291388941368591,-0.008741209719670295,-0.019045628476799914,0.008741209719670295,0.2065950859156036,0.08175603671058322,0.6249016933954921,0.6249016933954921,0.5412124685897753,0.6266541738643258,0.33511589459833324,0.04976753297114042,0.3943776329825016,0.024499356016711753,0.6247787378225897,0.5295185419657825,0.5050062409706636,0,1,0,1,0,0.4,완만 정체 구간,우선 점검 구간,우선 점검 구간,0.5172623914682231,높음,0,1
11740,강동구,2025-09,140073.66946107784,141000.0,1856.9141625657992,1816.9672678690713,835,57807.02164502165,60000.0,801.492660061788,788.0910683012258,693,1400,707,0.505,0.4316261226390357,0.5683738773609642,0.1496850037965396,0.0529714918008206,0.0967135119957189,1.3259052924791086,0.2334801762114537,82266.64781605618,82266.64781605618,매매가>전세가,0.5873098643918624,0.0,0.5873098643918624,0.05477973568281941,0.12167318982387476,0.05477973568281941,0.0706808909361559,0.05960419341386629,0.6928919720244613,0.6928919720244613,0.6507534798928357,0.6378589750982369,0.6557726536810031,0.2351518719838507,0.5040697597676875,0.1545611649336199,0.5337657397139919,0.6056009467310223,0.6140566957522884,0,0,0,1,0,0.2,활발 관찰 구간,우선 점검 구간,우선 점검 구간,0.6098288212416554,높음,1,1
11740,강동구,2025-10,132021.92176870749,130000.0,1761.060405859736,1658.7087885404308,588,61317.16124260355,63000.0,852.8239293493983,843.7735993903366,676,1311,635,0.4843630816170862,0.4842672781193194,0.5157327218806805,-0.0516199179468893,0.0640445906062985,-0.1156645085531878,-0.295808383233533,-0.0635714285714286,70704.76052610393,70704.76052610393,매매가>전세가,0.5355531837354509,0.0,0.5355531837354509,-0.020636918382913816,-0.040865184916661024,0.020636918382913816,-0.2013049217434289,-0.061645837596026834,0.6026114685256483,0.6026114685256483,0.3387717771158176,0.3746428241148003,0.14630234116604338,0.06402659393112856,0.46274594833454685,0.05810550119017808,0.5174160884504413,0.46040306939988934,0.3813528355240248,0,0,1,0,0,0.25,완만 정체 구간,관찰 필요,선별 검토 가능,0.4208779524619571,보통,0,0
11740,강동구,2025-11,117839.1304347826,116000.0,1558.1037020410024,1525.254209034839,115,63166.70141570141,64995.0,848.7096489459999,842.4262847514743,777,1321,544,0.4118092354277063,0.5447067790380397,0.4552932209619603,-0.1152468723636153,-0.0048243022525612,-0.110422570111054,-0.804421768707483,0.0076277650648359,54672.42901908118,54672.42901908118,매매가>전세가,0.4639581844957633,0.0,0.4639581844957633,-0.07255384618937988,-0.14979227142405827,0.07255384618937988,-0.063626954416726,-0.04664472392837761,0.4989566660355561,0.49895666603555605,0.24016293333033836,0.3811395550705954,0.3978548097939537,0.007682379134512529,0.3174625584868958,0.20477417492926295,0.6191023824977915,0.394897379619534,0.37905096975465075,0,1,1,0,1,0.55,안정 정체 구간,매수 검토 가능,선별 검토 가능,0.3869741746870924,안정,0,0
11740,강동구,2025-12,119645.99069767442,117000.0,1566.653270161749,1430.5898975626983,215,59881.64391691395,60348.5,818.6232469051583,802.7866047302019,674,1359,685,0.5040470934510669,0.522529944880937,0.477470055119063,0.0054871624459573,-0.0354495817011217,0.0409367441470791,0.8695652173913044,0.0287660862982588,59764.346780760476,59764.346780760476,매매가>전세가,0.4995098158514569,0.0,0.4995098158514569,0.0922378580233606,0.22398200450157968,0.0922378580233606,0.12073403480957261,-0.0197596068928888,0.5369903249749537,0.5369903249749536,0.42727614167522965,0.568730606213968,0.43007377177837075,0.028972048729988573,0.5021616390972041,0.26038277951227207,0.664321218492016,0.4941506165318041,0.4776973070370561,1,0,0,0,1,0.35,완만 정체 구간,신중 매수 구간,우선 점검 구간,0.4859239617844301,주의,0,1
11740,강동구,2026-01,122000.29285714286,125000.0,1666.3404110377446,1641.768837782913,280,61635.073781291176,60000.0,855.5421032973697,833.6112037345782,759,1400,641,0.4578571428571428,0.5134257668062944,0.4865742331937056,0.0636306340238916,0.0450987148627708,0.0185319191611208,0.3023255813953489,0.0301692420897718,60365.21907585169,60365.21907585169,매매가>전세가,0.4947956899295052,0.0,0.4947956899295052,-0.04618995059392411,-0.09163816475495312,0.04618995059392411,0.0581434715779343,0.02171056655124775,0.5526041498050229,0.5526041498050227,0.517386701869932,0.5409626112914263,0.1495256485601545,0.030385250983015987,0.40966988364064655,0.13029446734726677,0.5453900519028402,0.48905090697550646,0.4405396090827795,0,0,0,0,0,0.0,활발 관찰 구간,신중 매수 구간,신중 투자 구간,0.464795258029143,주의,0,0
11740,강동구,2026-02,124928.74074074074,127000.0,1698.5022919631988,1717.849158724556,297,62101.24590163935,62000.0,851.5431017493686,828.1439451906438,549,949,400,0.4214963119072708,0.5013493981012649,0.4986506018987351,0.0193009067729592,-0.0046742311484011,0.0239751379213604,0.0607142857142857,-0.3221428571428572,62827.4948391014,62827.4948391014,매매가>전세가,0.5029066527572275,0.0,0.5029066527572275,-0.03636083094987197,-0.0794152314037766,0.03636083094987197,-0.0443297272509324,0.0192178245387793,0.5733153336151069,0.573315333615107,0.4486846370043067,0.5477088041758316,0.030028365136668376,0.3244493692465053,0.33686016981395167,0.10252656960898102,0.6188807995190015,0.48005535692686746,0.4146959667327135,0,1,0,0,0,0.2,활발 관찰 구간,신중 매수 구간,조건부 관찰,0.4473756618297905,주의,0,0
11740,강동구,2026-03,115612.44541484716,110000.0,1714.073193971513,1710.6057556852486,229,61086.273703041144,60000.0,830.2142150458895,793.6507936507937,559,1146,587,0.512216404886562,0.4843516706088148,0.5156483293911852,0.0091674306722995,-0.0250473366053486,0.0342147672776481,-0.2289562289562289,0.2075869336143307,54526.17171180601,54526.17171180601,매매가>전세가,0.4716289108508353,0.0,0.4716289108508353,0.09072009297929112,0.21523342059336814,0.09072009297929112,-0.0101334761006597,0.027812556247930838,0.6024667339282852,0.6024667339282853,0.43297980921592594,0.5603995516443927,0.11323827930326123,0.20907323624164093,0.5185200448938031,0.25609499524870694,0.6489620961124943,0.5277017751074414,0.45213447046732347,1,0,1,0,1,0.6,안정 정체 구간,우선 점검 구간,신중 투자 구간,0.48991812278738245,주의,0,1
11740,강동구,2026-04,128284.140969163,130000.0,1876.8177565803203,1770.2791376144191,227,58633.17016806723,57750.0,808.5021224424477,768.9577664734413,476,922,446,0.4837310195227766,0.4307835002134619,0.5692164997865381,0.0949460986737256,-0.0261523980316835,0.1210984967054091,-0.0087336244541484,-0.1954624781849913,69650.97080109577,69650.97080109577,매매가>전세가,0.5429429567434879,0.0,0.5429429567434879,-0.028485385363785365,-0.055612012993011994,0.028485385363785365,0.0857786680014261,0.07452617475837969,0.6943370842402956,0.6943370842402957,0.565919305544475,0.668081131800166,0.004319518231835129,0.19686197086889337,0.4614802935349954,0.08027792724860254,0.6505937413513536,0.5864444298002036,0.4984937874126672,0,0,1,1,0,0.45,안정 정체 구간,우선 점검 구간,우선 점검 구간,0.5424691086064354,높음,1,1
11305,강북구,2023-06,53853.22580645161,52500.0,889.7201060850299,859.375,93,35332.201257861634,37000.0,491.4633620369668,472.22714125494366,159,308,149,0.4837662337662338,0.5523797413093393,0.4476202586906607,0.0282168168870222,0.0194950775978068,0.0087217392892153,0.631578947368421,-0.0032362459546925,18521.02454858998,18521.02454858998,매매가>전세가,0.3439167156885737,0.0,0.3439167156885737,0.020983062245198192,0.04534102261374984,0.020983062245198192,,0.009404421906816895,0.48579740137162264,0.4857974013716227,0.4625024850484667,0.5288041130642357,0.3123693710811324,0.0032594171667786036,0.4615508072972435,0.05908337995437281,0.583194333045308,0.4436581091278783,0.42105415376021554,0,0,0,0,0,0.0,활발 관찰 구간,관찰 필요,조건부 관찰,0.43235613144404694,보통,0,0
11305,강북구,2023-07,59763.07692307692,63000.0,844.8594344335464,829.5625942684766,65,35759.28021978022,36000.0,484.99227312487704,470.36688617121354,182,307,125,0.4071661237785016,0.5740508460440525,0.4259491539559474,-0.050421105856403,-0.0131669813295318,-0.0372541245268711,-0.3010752688172042,-0.0032467532467532,24003.7967032967,24003.7967032967,매매가>전세가,0.40164927810180856,0.0,0.40164927810180856,-0.0766001099877322,-0.15834116695450684,0.0766001099877322,-0.0786379227434252,-0.04973644752669828,0.4486310772479395,0.4486310772479394,0.3406296921337935,0.4718227461575687,0.14890726291681217,0.0032699996900473756,0.3081650913605242,0.2162051314587996,0.631420514567986,0.39862042664960645,0.36346796727845304,0,0,1,0,1,0.35,완만 정체 구간,매수 검토 가능,선별 검토 가능,0.38104419696402975,안정,0,0
11305,강북구,2023-08,41093.706293706295,42500.0,903.9811256224503,972.644376899696,143,36856.67484662577,37000.0,506.5329376487171,486.2508383635144,163,257,94,0.3657587548638132,0.560335745173812,0.439664254826188,0.0699781392966787,0.0444144488840005,0.0255636904126781,1.2000000000000002,-0.1628664495114006,4237.031447080524,4237.031447080524,매매가>전세가,0.10310657833580338,0.0,0.10310657833580338,-0.04140736891468838,-0.10169649805447467,0.04140736891468838,0.1203992451530817,0.041650195854922356,0.47215271541878245,0.47215271541878256,0.5272240445749167,0.549677617480142,0.5935018050541517,0.16403255774179248,0.22525008083309134,0.116783365254377,0.5464003842696816,0.43181495162639694,0.4813373900911461,0,0,0,0,0,0.0,활발 관찰 구간,관찰 필요,우선 점검 구간,0.45657617085877156,주의,0,0
11305,강북구,2023-09,64137.5,65150.0,889.4993017996708,858.0741147145985,52,35827.86394557823,37000.0,532.6101954118087,519.449855380438,147,280,133,0.475,0.5987752821550397,0.4012247178449603,-0.0160200510965401,0.051481859963816,-0.0675019110603561,-0.6363636363636364,0.0894941634241244,28309.636054421768,28309.636054421768,매매가>전세가,0.44138976502703986,0.0,0.44138976502703986,0.10924124513618677,0.2986702127659575,0.10924124513618677,-0.0859981903932188,-0.001023746943924063,0.4062282363441112,0.40622823634411126,0.3939443331686832,0.4343343755317623,0.31473580571053494,0.09013493309064557,0.4439971113232069,0.3084184461489227,0.5359652108353061,0.4025974802243354,0.38588783993200054,0,0,1,0,1,0.35,완만 정체 구간,매수 검토 가능,선별 검토 가능,0.394242660078168,안정,0,0
11305,강북구,2023-10,46339.08045977011,34900.0,878.9020333543755,893.953708077468,87,35089.28571428572,35000.0,500.890099549383,480.57669203043656,147,243,96,0.3950617283950617,0.5699043585525793,0.4300956414474207,-0.0119137456587705,-0.059555930651872,0.0476421849931014,0.6730769230769231,-0.1321428571428571,11249.794745484396,11249.794745484396,매매가>전세가,0.24277121241650565,0.0,0.24277121241650565,-0.07993827160493827,-0.16829109811565957,0.07993827160493827,0.004106305437769599,0.01829141985521225,0.45574237590896427,0.45574237590896416,0.4003082717723836,0.577041166438493,0.3328936406553735,0.13308898738493005,0.283926988410445,0.2256356535988511,0.699914723571845,0.42542986788704323,0.42747733066850396,0,0,0,0,1,0.1,활발 관찰 구간,매수 검토 가능,신중 투자 구간,0.4264535992777736,보통,0,0
11305,강북구,2023-11,59923.68421052631,59900.0,834.6989062606059,829.060253388441,38,36334.258278145695,39000.0,530.2337664235774,501.72467858262775,151,245,94,0.3836734693877551,0.6352395605727921,0.3647604394272079,-0.0502935770043289,0.0585830442657839,-0.1088766212701128,-0.5632183908045977,0.008230452674897,23589.425932380618,23589.425932380618,매매가>전세가,0.3936578039745569,0.0,0.3936578039745569,-0.011388259007306611,-0.028826530612244827,0.011388259007306611,-0.0383798313455584,-0.03471934830722339,0.34369136029646097,0.343691360296461,0.34082733592749065,0.38305556644728184,0.2785592763185194,0.008289381930325856,0.26112289241909103,0.03197744119515049,0.5254801705647416,0.30973814886587053,0.3100501921460088,0,0,1,0,0,0.25,완만 정체 구간,거주 안정권,안정 관찰,0.3098941705059397,낮음,0,0
11305,강북구,2023-12,55501.25,61500.0,852.2894832266038,839.8043405396346,40,36692.81451612903,37000.0,515.5405838009141,500.51523670649806,124,276,152,0.5507246376811594,0.6048890593477426,0.3951109406522574,0.0210741583989877,-0.0277107637293052,0.0487849221282929,0.0526315789473683,0.1265306122448979,18808.43548387097,18808.43548387097,매매가>전세가,0.3388830969369333,0.0,0.3388830969369333,0.16705116829340433,0.43539932161578787,0.16705116829340433,0.07136773540331659,0.016882127796034346,0.39574300139436724,0.3957430013943673,0.45143281651700434,0.5784574470382158,0.026030780923427643,0.1274365593492766,0.595629762590072,0.4717352123111048,0.6528946993889168,0.4590915377205843,0.39556624156869724,0,0,0,0,1,0.1,활발 관찰 구간,관찰 필요,조건부 관찰,0.4273288896446408,보통,0,0
11305,강북구,2024-01,56932.92682926829,59700.0,840.6737718812469,823.5429760019578,41,37092.15757575758,40000.0,577.058067679188,547.9213776308923,165,282,117,0.4148936170212766,0.6864233035221929,0.313576696477807,-0.0136288333646709,0.1193261710353146,-0.1329550043999855,0.0249999999999999,0.0217391304347827,19840.769253510713,19840.769253510713,매매가>전세가,0.3484937514807494,0.0,0.3484937514807494,-0.13583102065988284,-0.24664053751399784,0.13583102065988284,-0.0347029917636586,-0.028365542516688384,0.25591034481027075,0.2559103448102707,0.39765023451097614,0.3532134042830002,0.012364620938628109,0.021894780533361094,0.3236387908582016,0.3835362791150476,0.4357917322345275,0.31130222522155676,0.279949669494689,0,0,0,0,1,0.1,활발 관찰 구간,거주 안정권,안정 관찰,0.29562594735812286,낮음,0,0
11305,강북구,2024-02,59175.555555555555,61000.0,825.4431363451812,814.5918186647777,45,34992.91366906475,36000.0,550.1960413141669,530.2039517867873,139,260,121,0.4653846153846154,0.6665462671968814,0.3334537328031186,-0.0181171770138407,-0.0465499537560487,0.028432776742208,0.0975609756097561,-0.0780141843971631,24182.641886490805,24182.641886490805,매매가>전세가,0.4086593131143063,0.0,0.4086593131143063,0.05049099836333881,0.12169625246548321,0.05049099836333881,-0.004488343649169802,-0.01681225311427481,0.289999810194165,0.28999981019416493,0.39069421434917845,0.553233493264963,0.048252179272695254,0.07857275850979194,0.42474305733459145,0.14244520504846672,0.680711139252403,0.34330788747750945,0.31176782248653695,0,0,0,0,0,0.0,활발 관찰 구간,거주 안정권,안정 관찰,0.3275378549820232,낮음,0,0
11305,강북구,2024-03,58310.6125,59450.0,820.784614253331,800.2431651893721,80,36359.28846153846,38500.0,572.7481275384295,540.3815708370563,156,310,154,0.4967741935483871,0.6978056332835372,0.3021943667164628,-0.0056436620364629,0.0409891830017459,-0.0466328450382088,0.7777777777777777,0.1923076923076923,21951.324038461542,21951.324038461542,매매가>전세가,0.3764550413265088,0.0,0.3764550413265088,0.03138957816377169,0.0674486803519061,0.03138957816377169,0.012473514977377802,-0.03709016313047325,0.23638944994259325,0.23638944994259334,0.4100256266591907,0.46019898816338756,0.3846770958684315,0.19368459702588578,0.48759822712968476,0.08848245945521634,0.5514578576692772,0.30633648585317347,0.3233310407702097,1,0,0,0,0,0.25,완만 정체 구간,거주 안정권,안정 관찰,0.31483376331169155,낮음,0,0
11305,강북구,2024-04,57156.06060606061,58950.0,859.698965092556,892.7311135280547,66,32770.43065693431,34500.0,560.5695501795255,500.30018010806486,137,242,105,0.4338842975206611,0.6520533034713775,0.3479466965286225,0.0474111602038562,-0.0212634084222069,0.0686745686260632,-0.175,-0.2193548387096774,24385.629949126298,24385.629949126298,매매가>전세가,0.4266499421155093,0.0,0.4266499421155093,-0.06288989602772599,-0.126596543951916,0.06288989602772599,0.0530548222403191,0.02724767397549564,0.3148554967836926,0.31485549678369257,0.4922498149190441,0.6031081909430386,0.0865523465703971,0.2209253984140426,0.3616661399702342,0.17747289164504945,0.6433750506713318,0.3756453524326871,0.36000116619677347,0,0,1,0,1,0.35,완만 정체 구간,거주 안정권,선별 검토 가능,0.36782325931473026,안정,0,0
11305,강북구,2024-05,57599.375,59750.0,812.7005560725447,783.2391788890724,80,37952.64383561643,40000.0,595.1713680852835,558.4063140446593,146,281,135,0.4804270462633452,0.7323378378889115,0.2676621621110885,-0.0546684489901083,0.0617261816926668,-0.1163946306827752,0.2121212121212121,0.1611570247933884,19646.73116438357,19646.73116438357,매매가>전세가,0.3410927838085669,0.0,0.3410927838085669,0.046542748742684104,0.10726995424504349,0.046542748742684104,-0.1020796091939645,-0.06823900463488745,0.17716611431758233,0.17716611431758242,0.3340471737748011,0.37373792851307497,0.10491193523684497,0.1623108937059902,0.4548643460655359,0.13129114490047492,0.5208392654571734,0.2533663715985737,0.2324310652443033,0,0,0,0,0,0.0,활발 관찰 구간,거주 안정권,안정 관찰,0.2428987184214385,낮음,0,0
11305,강북구,2024-06,62668.3962264151,63750.0,869.566366278919,878.6967238680969,106,36092.453237410075,37000.0,569.21523178954,545.4223481494599,139,241,102,0.4232365145228215,0.6545966516912874,0.3454033483087125,0.0699714178629136,-0.0436111978626366,0.1135826157255502,0.3249999999999999,-0.1423487544483985,26575.942989005023,26575.942989005023,매매가>전세가,0.42407249250465273,0.0,0.42407249250465273,-0.05719053174052369,-0.11904103273397892,0.05719053174052369,0.12463986685302189,0.0314522132719698,0.3104936100475194,0.3104936100475193,0.5272136277190694,0.6587661317937858,0.16074007220216602,0.14336795794086912,0.3403447891454897,0.1613718194807648,0.6763720075558428,0.38331542981331346,0.38611690819760425,0,0,0,0,0,0.0,활발 관찰 구간,거주 안정권,선별 검토 가능,0.38471616900545885,안정,0,0
11305,강북구,2024-07,63257.08955223881,63500.0,908.1333387510138,923.7590799031476,134,35371.14201183432,40000.0,544.8916350073595,531.2555339118115,169,295,126,0.4271186440677966,0.6000128084238898,0.3999871915761102,0.0443519597441792,-0.0427318093820332,0.0870837691262125,0.2641509433962263,0.2240663900414938,27885.947540404486,27885.947540404486,매매가>전세가,0.4408351338607791,0.0,0.4408351338607791,0.003882129544975077,0.009172482552343153,0.003882129544975077,-0.025619458118734395,0.03986973543687791,0.40410585712151526,0.40410585712151537,0.4875086761516438,0.6259241061013391,0.13064505142701444,0.22567068400360474,0.34811844925786367,0.010772140734037275,0.6750735729228983,0.40495690489789515,0.38479757823058286,0,0,0,0,0,0.0,활발 관찰 구간,매수 검토 가능,선별 검토 가능,0.394877241564239,안정,0,0
11305,강북구,2024-08,66361.86440677966,67250.0,908.611552959064,919.320328998555,118,39177.56028368794,41000.0,596.9687175173856,542.208875542209,141,253,112,0.4426877470355731,0.6570120262869704,0.3429879737130296,0.000526590300834,0.0955732831342195,-0.0950466928333855,-0.1194029850746268,-0.1423728813559321,27184.304123091715,27184.304123091715,매매가>전세가,0.40963743809938097,0.0,0.40963743809938097,0.015569102967776527,0.03645147123407999,0.015569102967776527,-0.043825369443345204,0.010752247016653093,0.30635120031796514,0.30635120031796526,0.4195882633502461,0.40019604323524327,0.05905490597553744,0.14339225759475738,0.3792943575638356,0.04378859537357269,0.4708633450239841,0.3184515414405469,0.2844168768620736,1,0,1,0,0,0.5,안정 정체 구간,거주 안정권,안정 관찰,0.30143420915131025,낮음,0,0
11305,강북구,2024-09,56296.0,58900.0,860.5249126942128,832.3364026895307,50,39523.142857142855,42250.0,580.41347550339,548.2616472013382,112,216,104,0.4814814814814814,0.6744877073763926,0.3255122926236073,-0.0529232102632285,-0.0277321767928541,-0.0251910334703744,-0.576271186440678,-0.1462450592885376,16772.857142857145,16772.857142857145,매매가>전세가,0.29794047788221445,0.0,0.29794047788221445,0.03879373444590828,0.0876322751322749,0.03879373444590828,-0.0534498005640625,-0.0417690399215438,0.2763801012160725,0.2763801012160725,0.33675193898892897,0.4867734476880154,0.28501499112769996,0.14729215995170133,0.45697576993775507,0.10939967909706569,0.6529263162043772,0.31835640351306,0.31513032933987584,0,0,1,0,0,0.25,완만 정체 구간,거주 안정권,안정 관찰,0.31674336642646794,낮음,0,0
11305,강북구,2024-10,60522.94117647059,64500.0,882.8643270840564,836.5440128191533,85,38183.10317460317,39500.0,576.260750526399,552.0898063935974,126,235,109,0.4638297872340425,0.6527172214893828,0.3472827785106172,0.0259602180718989,-0.0071547700945251,0.0331149881664241,0.7,0.087962962962963,22339.838001867414,22339.838001867414,매매가>전세가,0.36911355541578406,0.0,0.36911355541578406,-0.017651694247438898,-0.03666121112929621,0.017651694247438898,0.0788834283351274,0.029459868392824308,0.31371686575630364,0.3137168657563037,0.4590052156586797,0.5590365121742997,0.3462093862815884,0.08859276938035891,0.42162963583855984,0.04967205022797609,0.6225433647527479,0.35669486065975237,0.37030786154633805,0,1,0,0,0,0.2,활발 관찰 구간,거주 안정권,선별 검토 가능,0.3635013611030452,낮음,0,0
11305,강북구,2024-11,58590.38461538462,59950.0,889.3810491369447,865.4392587514412,52,38601.480769230766,39000.0,559.1228214324833,559.3860559930083,104,199,95,0.4773869346733668,0.6286650946465028,0.3713349053534972,0.0073813403180666,-0.0297398861162426,0.0371212264343093,-0.388235294117647,-0.1531914893617021,19988.90384615385,19988.90384615385,매매가>전세가,0.34116355400925596,0.0,0.34116355400925596,0.01355714743932429,0.02922871236918545,0.01355714743932429,-0.0185788777538323,-0.019606687535999246,0.3549666844918711,0.35496668449187113,0.43021173228466536,0.5640017464017865,0.1920152898704608,0.154288325801046,0.4487767609063104,0.03810469107784592,0.65589073906853,0.375303509247319,0.355693797897799,1,0,1,0,0,0.5,안정 정체 구간,거주 안정권,선별 검토 가능,0.36549865357255895,낮음,0,0
11305,강북구,2024-12,60998.88888888889,59500.0,916.2872965184026,966.9889963321108,45,38111.47863247863,40000.0,543.5817093985625,529.723366686286,117,255,138,0.5411764705882353,0.5932437473093847,0.4067562526906153,0.0302527779376091,-0.0277955244146612,0.0580483023522704,-0.1346153846153845,0.2814070351758795,22887.410256410258,22887.410256410258,매매가>전세가,0.37521028125775024,0.0,0.37521028125775024,0.06378953591486847,0.13362229102167178,0.06378953591486847,0.0228714376195425,0.04427994859822772,0.41571491547245987,0.41571491547246,0.4656578107595755,0.5899382550867585,0.06657872813107464,0.28342188268310536,0.5765103064213257,0.18001443242307547,0.6530198502315828,0.4418493414976202,0.38460768604659656,0,0,1,0,1,0.35,완만 정체 구간,관찰 필요,선별 검토 가능,0.41322851377210834,보통,0,0
11305,강북구,2025-01,58833.96226415094,61000.0,865.3233867871963,893.2461873638345,53,36994.47321428572,39500.0,604.9419874722413,594.2211660988122,112,293,181,0.6177474402730375,0.699093537409513,0.300906462590487,-0.0556200112397637,0.1128814252075736,-0.1685014364473374,0.1777777777777778,0.1490196078431371,21839.489049865224,21839.489049865224,매매가>전세가,0.3712054774045465,0.0,0.3712054774045465,0.07657096968480226,0.14148983528713455,0.07657096968480226,-0.0858727891773728,-0.08599342423157727,0.23418067181281155,0.23418067181281146,0.3325724457434408,0.30915802133651665,0.0879261933413558,0.15008657400907838,0.7298376711855958,0.21612280822120314,0.4453075280037896,0.30794595390907925,0.2451105383737992,0,0,0,0,1,0.1,활발 관찰 구간,거주 안정권,안정 관찰,0.2765282461414392,낮음,0,0
11305,강북구,2025-02,58731.9587628866,60000.0,861.7814461841166,848.2774893817838,97,36596.29530201342,38000.0,560.6172998914482,531.2555339118115,149,284,135,0.4753521126760563,0.6505330352304594,0.3494669647695406,-0.0040931987476154,-0.073270972256372,0.0691777735087565,0.8301886792452831,-0.030716723549488,22135.663460873177,22135.663460873177,매매가>전세가,0.3768929885386516,0.0,0.3768929885386516,-0.1423953275969812,-0.23050735351334528,0.1423953275969812,0.0515268124921483,-0.03080028042592642,0.317462783439753,0.31746278343975287,0.4124285295428291,0.6037318508304237,0.4105987330563313,0.03093665235771822,0.44470218935659284,0.4020808701214627,0.7201652560775003,0.39583375472366994,0.4161419472491601,1,0,0,0,1,0.35,완만 정체 구간,매수 검토 가능,조건부 관찰,0.405987850986415,안정,0,0
11305,강북구,2025-03,64363.84615384616,69900.0,900.9359429435124,875.2132950901037,104,38538.89189189189,39000.0,558.1290461643398,520.6185517760911,148,248,100,0.4032258064516129,0.6194991447902904,0.3805008552097095,0.0454343696220984,-0.0044384176649385,0.049872787287037,0.0721649484536082,-0.1267605633802817,25824.95426195427,25824.95426195427,매매가>전세가,0.4012338572841962,0.0,0.4012338572841962,-0.07212630622444344,-0.15173237753882918,0.07212630622444344,0.0495275683697138,0.03001842007506338,0.37068644900907777,0.3706864490090777,0.4891861914050775,0.5798057206455012,0.035691689307380224,0.1276681569128374,0.3002749147759282,0.2035663469186873,0.6185326162068514,0.3960761374815872,0.36924902765126877,0,1,0,0,1,0.30000000000000004,완만 정체 구간,매수 검토 가능,선별 검토 가능,0.382662582566428,안정,0,0
11305,강북구,2025-04,68539.10891089108,70500.0,936.9878708496188,934.9452078622368,101,35302.40666666667,38825.0,508.6006716922045,488.7593252969874,150,286,136,0.4755244755244755,0.5428039012191568,0.4571960987808432,0.0400160834834923,-0.0887400052237233,0.1287560887072157,-0.0288461538461538,0.153225806451613,33236.70224422441,33236.70224422441,매매가>전세가,0.4849304692221202,0.0,0.4849304692221202,0.07229866907286264,0.17930069930069936,0.07229866907286264,-0.0054182861386061,0.05479524721684791,0.5022201348180719,0.502220134818072,0.48078894944489364,0.677571764998967,0.014266870313801697,0.15432288859804458,0.4450473324498587,0.20405328309630116,0.7430055918176135,0.489774236130231,0.4299945489317976,0,0,1,0,1,0.35,완만 정체 구간,신중 매수 구간,신중 투자 구간,0.4598843925310143,주의,0,0
11305,강북구,2025-05,58266.50406504065,60000.0,912.376584966787,883.3333333333334,123,36748.5,38000.0,545.7108591592956,506.7474385315627,144,242,98,0.4049586776859504,0.5981201930770297,0.4018798069229703,-0.0262663868428898,0.0729652741975721,-0.099231661040462,0.2178217821782178,-0.1538461538461538,21518.00406504065,21518.00406504065,매매가>전세가,0.3693031598570069,0.0,0.3693031598570069,-0.07056579783852512,-0.14839572192513373,0.07056579783852512,-0.0662824703263821,-0.04708145589250967,0.40735172558479615,0.40735172558479615,0.3780645958742047,0.3950092954700664,0.10773135075240374,0.15494767762070857,0.3037448535912586,0.19915780995412422,0.5042445211853096,0.369927212848577,0.3332633658318058,0,0,0,0,1,0.1,활발 관찰 구간,거주 안정권,안정 관찰,0.3515952893401914,낮음,0,0
11305,강북구,2025-06,65569.27374301676,64000.0,951.6939825239814,953.3333333333334,179,38016.640625,39187.5,530.9906047393005,506.4722695083185,128,221,93,0.420814479638009,0.5579425892040042,0.4420574107959958,0.0430933873194756,-0.0269744575775396,0.0700678448970153,0.4552845528455285,-0.0867768595041322,27552.63311801676,27552.63311801676,매매가>전세가,0.4202064708845607,0.0,0.4202064708845607,0.0158558019520586,0.03915412318773659,0.0158558019520586,0.0693597741623654,0.009203968631145566,0.476257019815869,0.47625701981586904,0.48555814476509535,0.6048349836513834,0.2251768366059112,0.08739817353399472,0.3354948541403027,0.04459853851858593,0.6518075286685924,0.4396968184362951,0.4230049619615952,0,0,0,0,0,0.0,활발 관찰 구간,관찰 필요,신중 투자 구간,0.4313508901989451,보통,0,0
11305,강북구,2025-07,63488.50574712644,67000.0,894.2399128891223,888.3084489310885,87,39190.56428571429,40000.0,557.6034005379408,531.2555339118115,140,268,128,0.4776119402985074,0.6235501150205076,0.3764498849794924,-0.0603703193357234,0.0501191462920636,-0.110489465627787,-0.5139664804469274,0.2126696832579184,24297.94146141215,24297.94146141215,매매가>전세가,0.3827140231995758,0.0,0.3827140231995758,0.0567974606604984,0.1349703097416144,0.0567974606604984,-0.103463706655199,0.0011821522491738748,0.36373896412380224,0.3637389641238023,0.32521043394731675,0.3810566463948906,0.25420002823548393,0.21419237788745002,0.4492273170335472,0.16026136829599114,0.5379772847539641,0.34875841264618607,0.322718194576694,0,0,1,0,0,0.25,완만 정체 구간,거주 안정권,안정 관찰,0.33573830361144,낮음,0,0
11305,강북구,2025-08,59469.78723404255,62000.0,917.0825128760922,907.7967910995412,94,40533.05825242718,42000.0,570.6667245636792,531.2555339118115,103,222,119,0.536036036036036,0.6222632277372652,0.3777367722627348,0.0255441516954546,0.0234276261822212,0.0021165255132333,0.0804597701149425,-0.1716417910447761,18936.72898161537,18936.72898161537,매매가>전세가,0.31842604223704596,0.0,0.31842604223704596,0.0584240957375286,0.12232545045045051,0.0584240957375286,0.085914471031178,0.02829607554565412,0.36594599835048947,0.3659459983504894,0.45836039736279716,0.520617771831545,0.039794182331217044,0.1728707298828055,0.5662169891644548,0.1648567174332677,0.5773878466171061,0.40292709521416825,0.3463315323545491,0,0,0,0,0,0.0,활발 관찰 구간,매수 검토 가능,안정 관찰,0.3746293137843587,안정,0,0
11305,강북구,2025-09,65058.916666666664,67500.0,942.8225145715768,944.2705714764538,120,37129.126760563384,37900.0,554.0845843644398,519.5240489358137,142,277,135,0.4873646209386281,0.5876870522297811,0.4123129477702189,0.0280672691214671,-0.0290574857188627,0.0571247548403299,0.2765957446808511,0.2477477477477476,27929.78990610328,27929.78990610328,매매가>전세가,0.4292999535974948,0.0,0.4292999535974948,-0.04867141509740791,-0.09079877438339967,0.04867141509740791,0.002523117426012498,-0.06201354126120621,0.4252447448426354,0.4252447448426355,0.4622707164153886,0.5887936327726648,0.13680006144865198,0.24952159797028514,0.4687562955497226,0.13730476481735815,0.6548831612698247,0.4308881308362338,0.3932990162315667,0,0,0,0,0,0.0,활발 관찰 구간,관찰 필요,조건부 관찰,0.41209357353390025,보통,0,0
11305,강북구,2025-10,67385.36585365854,70700.0,992.5319613293354,995.0,123,39667.74257425743,40000.0,554.3805867315692,529.9105040037682,101,190,89,0.4684210526315789,0.5585518737241131,0.4414481262758869,0.0527240768962193,0.0005342187375037,0.0521898581587156,0.0249999999999999,-0.3140794223826715,27717.623279401116,27717.623279401116,매매가>전세가,0.4113300110233986,0.0,0.4113300110233986,-0.018943568307049186,-0.03886939571150094,0.018943568307049186,0.024656807774752203,0.04269815724708176,0.47521208619411237,0.4752120861941125,0.5004837556594919,0.5826774419037687,0.012364620938628109,0.3163282010632157,0.4308232849099436,0.05332167787288018,0.6111904193684969,0.4484947190098277,0.3901433306086737,0,1,0,0,0,0.2,활발 관찰 구간,관찰 필요,조건부 관찰,0.41931902480925065,보통,0,0
11305,강북구,2025-11,62649.31506849315,65000.0,939.8692257973244,874.8317631224764,73,39967.7,42750.0,557.455166385299,530.1830869484979,110,222,112,0.5045045045045045,0.5931199267774621,0.4068800732225379,-0.0530589820618753,0.0055459727979587,-0.058604954859834,-0.4065040650406504,0.168421052631579,22681.615068493156,22681.615068493156,매매가>전세가,0.36204091048235454,0.0,0.36204091048235454,0.036083451872925554,0.07703208826804331,0.036083451872925554,-0.1057830589580946,0.015543166373362394,0.4159272698530482,0.4159272698530481,0.33654152030386114,0.4453610465616411,0.20105074696956354,0.16962693129003897,0.5030775688774632,0.10174295580405099,0.6037904645277989,0.38573107242450083,0.342286965447507,0,1,1,0,0,0.45,안정 정체 구간,매수 검토 가능,안정 관찰,0.3640090189360039,낮음,0,0
11305,강북구,2025-12,66602.56410256411,68500.0,919.4963339667556,917.7453115568844,117,44678.24561403509,45575.0,641.2189089337447,608.9483938614924,114,284,170,0.5985915492957746,0.6973588531533264,0.3026411468466736,-0.0216763048213283,0.1502609493990236,-0.171937254220352,0.6027397260273972,0.2792792792792793,21924.318488529017,21924.318488529017,매매가>전세가,0.32918129780659544,0.0,0.32918129780659544,0.09408704479127017,0.18649396378269634,0.09408704479127017,0.031382677240547,-0.0469230741601744,0.2371556856899033,0.23715568568990325,0.3851782898294777,0.3048997523906248,0.29810592947925424,0.28127889225741254,0.6914795010416654,0.2656068515482022,0.3901159149184509,0.3177981844369538,0.29229667301219503,0,0,0,0,1,0.1,활발 관찰 구간,거주 안정권,안정 관찰,0.3050474287245744,낮음,0,0
11305,강북구,2026-01,69367.6,67500.0,953.989011664852,983.6612204068024,125,43599.2,44050.0,635.7648977809923,623.6027767972703,120,251,131,0.5219123505976095,0.6664279043125334,0.3335720956874666,0.0375125777275184,-0.0085056929494198,0.0460182706769383,0.0683760683760683,-0.1161971830985915,25768.40000000001,25768.40000000001,매매가>전세가,0.37147602050525036,0.0,0.37147602050525036,-0.07667919869816509,-0.1280993672369346,0.07667919869816509,0.0591888825488467,-0.004407489745125455,0.2902028046135886,0.2902028046135886,0.4769090244937477,0.5750285265489102,0.03381776666975219,0.11702914383676757,0.5379354161616875,0.2164285621731548,0.6245380292951217,0.3783284327966772,0.3386740130410659,0,1,0,0,1,0.30000000000000004,완만 정체 구간,거주 안정권,안정 관찰,0.35850122291887154,낮음,0,0
11305,강북구,2026-02,70591.25,72750.0,956.8502014042052,919.7394344225164,160,45007.29807692308,45000.0,614.2010542045771,565.3943764216297,104,236,132,0.559322033898305,0.6418988607654774,0.3581011392345226,0.0029991852153099,-0.0339179524564495,0.0369171376717595,0.28,-0.0597609561752987,25583.951923076922,25583.951923076922,매매가>전세가,0.362423840392073,0.0,0.362423840392073,0.037409683300695495,0.07167809548453863,0.037409683300695495,-0.0345133925122085,0.0029161029811299996,0.3322705438485669,0.3322705438485669,0.42342028278134164,0.5637488037554689,0.1384837545126354,0.06018883891641062,0.612845374606422,0.10548964523273255,0.66205973736055,0.3860441368887205,0.3450500353545291,1,0,0,0,0,0.25,완만 정체 구간,매수 검토 가능,안정 관찰,0.3655470861216248,낮음,0,0
11305,강북구,2026-03,71769.06474820143,71500.0,947.4340928916577,891.6150246616922,139,41006.47899159664,43000.0,629.4437032427375,589.2057506481264,119,239,120,0.502092050209205,0.6643667437822681,0.3356332562177319,-0.0098407342118227,0.0248170349656928,-0.0346577691775156,-0.1312499999999999,0.0127118644067796,30762.585756604793,30762.585756604793,매매가>전세가,0.42863294742008906,0.0,0.42863294742008906,-0.05722998368910004,-0.10232027386839104,0.05722998368910004,-0.0128399194271326,0.008804391363808636,0.29373773101796674,0.29373773101796674,0.4035210180653894,0.47504060580178376,0.06491425992779778,0.012802880142388999,0.4982468182517999,0.16148327378321672,0.5753363568335021,0.344626118292561,0.3044059969972144,1,0,1,0,0,0.5,안정 정체 구간,거주 안정권,안정 관찰,0.32451605764488767,낮음,0,0
11305,강북구,2026-04,74177.96610169491,75000.0,996.4192966471894,958.2335096142532,118,45027.98095238095,45700.0,653.3445974094036,600.6006006006006,105,192,87,0.453125,0.6556924375188399,0.3443075624811601,0.0517030198966395,0.0379714564519984,0.0137315634446411,-0.1510791366906474,-0.1966527196652719,29149.985149313958,29149.985149313958,매매가>전세가,0.39297363733794666,0.0,0.39297363733794666,-0.048967050209205,-0.09752604166666667,0.048967050209205,0.061543754108462204,0.0312830959812936,0.3086143181639027,0.3086143181639028,0.4989013248942506,0.5350131672210022,0.07472145027660178,0.1980607343645459,0.40019413849910657,0.13813995309967758,0.5559135911151598,0.3632277420591177,0.33982012263187455,0,0,1,0,0,0.25,완만 정체 구간,거주 안정권,안정 관찰,0.3515239323454961,낮음,0,0
11500,강서구,2023-06,80372.16346153847,75000.0,1127.7227985619509,1127.6168258066666,208,38418.55839416059,36875.0,594.09627243029,567.5954592363261,822,1349,527,0.3906597479614529,0.5268105541431543,0.4731894458568457,0.0484153606142614,0.0267101820238944,0.021705178590367,0.1366120218579234,0.0923076923076922,41953.60506737788,41953.60506737788,매매가>전세가,0.5219917352038742,0.0,0.5219917352038742,0.05219820949991444,0.1542219826133835,0.05219820949991444,,0.029602965634056098,0.529649005128367,0.5296490051283669,0.4938061213980625,0.5448954718147485,0.06756623463731229,0.09296860657242507,0.27511236764218955,0.14726818675739128,0.5725410874390937,0.4628677969860631,0.4179792243088266,0,0,0,0,0,0.0,활발 관찰 구간,관찰 필요,조건부 관찰,0.4404235106474449,보통,0,0
11500,강서구,2023-07,74895.35483870968,69800.0,1140.3488143090772,1151.1511511511512,155,40246.67545076283,40000.0,610.0604515710753,586.2068965517242,721,1182,461,0.3900169204737733,0.5349770560692021,0.4650229439307979,0.0111960277501055,0.0268713672877967,-0.0156753395376911,-0.2548076923076923,-0.1237954040029651,34648.67938794685,34648.67938794685,매매가>전세가,0.4626278820971508,0.0,0.4626278820971508,-0.0006428274876796314,-0.0016454919940793733,0.0006428274876796314,-0.03721933286415591,0.01188068607981022,0.5156433113136907,0.5156433113136908,0.43612372226634316,0.4985669672077086,0.12602402110524852,0.12468176727744933,0.273825155986262,0.0016209032348754005,0.5723030941817481,0.4255698650000668,0.3864789903438769,0,0,1,0,0,0.25,완만 정체 구간,매수 검토 가능,선별 검토 가능,0.4060244276719719,안정,0,0
11500,강서구,2023-08,73675.3807106599,71000.0,1116.31647284484,1111.111111111111,197,41437.33722627737,40000.0,605.0368885339481,592.1601334445371,685,1133,448,0.3954104148278906,0.5419940520917529,0.4580059479082471,-0.0210745529461509,-0.0082345331912438,-0.012840019754907,0.2709677419354839,-0.0414551607445008,32238.043484382528,32238.043484382528,매매가>전세가,0.4375687396986615,0.0,0.4375687396986615,0.00539349435411729,0.013828872725741181,0.00539349435411729,-0.0322705806962564,-0.049402496387907245,0.5036090402536201,0.5036090402536202,0.38611088289794915,0.5020809935561168,0.13401653662513102,0.04175197573789818,0.2846252056603346,0.015041843920619231,0.6241376565032983,0.4150000065530154,0.3755082042654118,0,1,0,0,0,0.2,활발 관찰 구간,매수 검토 가능,선별 검토 가능,0.3952541054092136,안정,0,0
11500,강서구,2023-09,75037.62626262626,71750.0,1069.9044149823435,1068.6069010318947,198,39769.697860962566,37725.0,595.6827984085766,578.6684072269945,748,1110,362,0.3261261261261261,0.5567626323127257,0.4432373676872743,-0.0415760754154411,-0.0154603633309651,-0.026115712084476,0.0050761421319796,-0.0203000882612532,35267.928401663696,35267.928401663696,매매가>전세가,0.47000325247801017,0.0,0.47000325247801017,-0.06928428870176445,-0.1752212033462034,0.06928428870176445,-0.0205015224692902,-0.026579771262825066,0.47828066654777657,0.4782806665477766,0.3543376910947078,0.48562742351342586,0.0025105829317011016,0.02044543495524785,0.14588884839676824,0.19553746388561516,0.6348067388396406,0.3992777316933466,0.3553215900416652,0,0,0,0,1,0.1,활발 관찰 구간,매수 검토 가능,선별 검토 가능,0.3772996608675059,안정,0,0
11500,강서구,2023-10,69192.20472440944,69000.0,1013.0106665027788,976.8153465929151,127,39996.18757612668,38000.0,600.2055242408362,589.430894308943,821,1279,458,0.3580922595777951,0.5924967466659836,0.4075032533340164,-0.053176477901069,0.0075925070261262,-0.0607689849271952,-0.3585858585858585,0.1522522522522522,29196.017148282765,29196.017148282765,매매가>전세가,0.42195529488574124,0.0,0.42195529488574124,0.03196613345166899,0.09801770202031101,0.03196613345166899,-0.011600402485627895,-0.022971312387086246,0.4169960346573426,0.41699603465734264,0.3363594256403855,0.4426790003523816,0.17735112861466648,0.1533423638435571,0.2098985249624836,0.09011126537625198,0.6007687159172921,0.35535476026145996,0.3373700931584485,0,1,1,0,0,0.45,안정 정체 구간,거주 안정권,안정 관찰,0.3463624267099542,낮음,0,0
11500,강서구,2023-11,67494.28571428571,64000.0,1001.5846639717288,975.177304964539,105,41687.72141918528,40000.0,609.6923846948143,622.6189999976469,761,1242,481,0.3872785829307568,0.6087277557516834,0.3912722442483166,-0.0112792519455853,0.0158060198895662,-0.0270852718351515,-0.1732283464566929,-0.0289288506645817,25806.564295100427,25806.564295100427,매매가>전세가,0.3823518394482136,0.0,0.3823518394482136,0.029186323352961674,0.081505038359035,0.029186323352961674,0.041897225955483695,0.00429497675152021,0.3891595698384879,0.38915956983848776,0.4012916080332482,0.4844257747502361,0.08567611359049432,0.02913597847363598,0.2683418497014636,0.08225812233312421,0.5886413003378791,0.3624973895402253,0.3344265552720542,0,0,1,0,0,0.25,완만 정체 구간,거주 안정권,안정 관찰,0.34846197240613974,낮음,0,0
11500,강서구,2023-12,75019.81132075471,70250.0,1105.273347031417,1117.6061355040506,106,44676.95918367347,43000.0,635.7245807875986,620.2307370788346,686,1242,556,0.4476650563607085,0.5751740802354917,0.4248259197645083,0.1035246313062705,0.04269726299077,0.0608273683155005,0.0095238095238094,0.0,30342.852137081245,30342.852137081245,매매가>전세가,0.40446452214265566,0.0,0.40446452214265566,0.06038647342995174,0.155925155925156,0.06038647342995174,0.1148038832518558,0.09933260070331715,0.4467047109395824,0.4467047109395823,0.5792142870821877,0.5933825618200066,0.004710331786143999,0.0,0.3892610293401121,0.17040056114058008,0.5489358434940785,0.4552080418531895,0.40861262449127234,0,0,0,0,0,0.0,활발 관찰 구간,관찰 필요,조건부 관찰,0.43191033317223093,보통,0,0
11500,강서구,2024-01,72611.07142857143,69250.0,1094.766175280782,1095.3930896344518,140,44597.38837516512,43000.0,659.764266179324,643.6314363143631,757,1313,556,0.4234577303884234,0.6026531336795365,0.3973468663204634,-0.0095064010896992,0.0378146230588452,-0.0473210241485444,0.320754716981132,0.0571658615136876,28013.683053406312,28013.683053406312,매매가>전세가,0.38580456812242164,0.0,0.38580456812242164,-0.024207325972285143,-0.05407463823305425,0.024207325972285143,-0.1130310323959697,-0.024243110241716687,0.39957765307079496,0.39957765307079496,0.40403916643370297,0.45934607571914515,0.15864041958994615,0.057575163624764114,0.34078775657631116,0.068192133199552,0.5561451587485369,0.370194601835911,0.34314450326379503,1,0,0,0,0,0.25,완만 정체 구간,거주 안정권,안정 관찰,0.356669552549853,낮음,0,0
11500,강서구,2024-02,73702.6119402985,72000.0,1099.7470460541233,1058.9142886966506,134,43053.65076923077,42000.0,654.3330923900257,639.0891457325242,650,1022,372,0.3639921722113503,0.5949850874687626,0.4050149125312374,0.0045497119712014,-0.0082319914365019,0.0127817034077034,-0.0428571428571428,-0.2216298552932216,30648.961171067735,30648.961171067735,매매가>전세가,0.4158463365707362,0.0,0.4158463365707362,-0.05946555817707311,-0.14042855734981474,0.05946555817707311,0.0140561130609006,0.0058546358707672885,0.4127284866048372,0.4127284866048371,0.4258232840259953,0.5338359338036761,0.021196493037648242,0.22321670389913964,0.22171263754544054,0.16779891608043113,0.6241339035517209,0.3892642813394564,0.3563461794413176,1,1,1,0,0,0.7,신중 정체 구간,매수 검토 가능,선별 검토 가능,0.372805230390387,안정,0,0
11500,강서구,2024-03,76853.72549019608,75500.0,1124.529037173591,1101.4686248331109,255,39367.289696969696,37000.0,612.6960053000466,602.1505376344086,825,1299,474,0.3648960739030023,0.5448467625522649,0.455153237447735,0.0225342647733268,-0.0636328615719173,0.0861671263452442,0.9029850746268656,0.2710371819960862,37486.43579322639,37486.43579322639,매매가>전세가,0.4877634175067854,0.0,0.4877634175067854,0.0009039016916520537,0.0024832998087860325,0.0009039016916520537,0.0179845528021254,-0.00891223632068355,0.49871659185727324,0.49871659185727313,0.4536956845530004,0.6247880413428031,0.4466027264400021,0.2729777823445068,0.22352262983047338,0.0023584547207195503,0.7059343933986284,0.43371896326812637,0.4574738067672786,0,0,0,0,0,0.0,활발 관찰 구간,관찰 필요,신중 투자 구간,0.4455963850177025,주의,0,0
11500,강서구,2024-04,77812.33050847458,70350.0,1115.053897560031,1086.1921703496769,236,43327.03686635945,40500.0,656.5446862392351,648.0499587604571,651,1037,386,0.3722275795564127,0.588800853192739,0.411199146807261,-0.0084258736771929,0.0715667811767684,-0.0799926548539613,-0.0745098039215685,-0.201693610469592,34485.29364211513,34485.29364211513,매매가>전세가,0.44318546195399355,0.0,0.44318546195399355,0.007331505653410397,0.020092037645105698,0.007331505653410397,-0.0309601384505197,-0.028589359905553457,0.42333455668631803,0.42333455668631814,0.4057137642484579,0.4188536516047969,0.036851419268068175,0.20313771746579432,0.2382033952200082,0.02051685099380893,0.5063094240265393,0.36122441534252897,0.32065997600045343,1,0,1,0,0,0.5,안정 정체 구간,거주 안정권,안정 관찰,0.3409421956714912,낮음,0,0
11500,강서구,2024-05,80031.03448275862,77400.0,1125.3642139142396,1115.1295961422545,261,42312.50924608819,40000.0,643.4382649209268,631.3131313131313,703,1178,475,0.4032258064516129,0.5717600195255198,0.4282399804744802,0.0092464735352881,-0.0199627254519162,0.0292091989872044,0.1059322033898304,0.1359691417550625,37718.52523667043,37718.52523667043,매매가>전세가,0.47129873405292877,0.0,0.47129873405292877,0.030998226895200154,0.08327761992311533,0.030998226895200154,0.017672347212481,-0.00432408210949105,0.45255988484409926,0.45255988484409937,0.433102309583895,0.5541957721031293,0.05239246160435655,0.13694266782968106,0.3002749147759282,0.08737686684886131,0.6414545663207205,0.41313983283758227,0.37245213195837923,1,0,0,0,0,0.25,완만 정체 구간,매수 검토 가능,선별 검토 가능,0.39279598239798075,안정,0,0
11500,강서구,2024-06,86486.51226158038,80700.0,1214.1604789036448,1197.6470588235295,367,43183.43108504399,41343.0,650.5643914338114,631.3131313131313,682,1078,396,0.3673469387755102,0.535814171798158,0.4641858282018419,0.0789044683414574,0.0110750741778782,0.0678293941635792,0.4061302681992338,-0.0848896434634974,43303.0811765364,43303.0811765364,매매가>전세가,0.500691726885289,0.0,0.500691726885289,-0.035878867676102655,-0.08897959183673454,0.035878867676102655,0.0696579948061693,0.0403852637505136,0.514207643178989,0.5142076431789889,0.5410580398434844,0.6020607022794303,0.20086587271947665,0.08549744520667278,0.22843029462617648,0.10116499223640989,0.5956266360502838,0.46153116159419033,0.4488428036687916,0,0,0,0,0,0.0,활발 관찰 구간,관찰 필요,신중 투자 구간,0.45518698263149093,주의,0,0
11500,강서구,2024-07,88718.51685393258,85000.0,1234.0184786790023,1187.2602968150743,445,35843.520692974016,29000.0,521.2485768564813,517.2621195717551,1039,1556,517,0.3322622107969151,0.4223993285858003,0.5776006714141997,0.0163553336814987,-0.1987748119633852,0.2151301456448839,0.2125340599455041,0.4434137291280149,52874.996160958566,52874.996160958566,매매가>전세가,0.5959860245185647,0.0,0.5959860245185647,-0.03508472797859513,-0.09550842616395339,0.03508472797859513,-0.06254913465995869,0.011873109374197409,0.708716085405064,0.708716085405064,0.4441195975568398,0.7846216694721173,0.10511612351095329,0.4465885290979052,0.1581758769718973,0.09892149630708258,0.9054741788544848,0.5643789700847737,0.5194584514549151,0,0,0,1,0,0.2,활발 관찰 구간,우선 점검 구간,우선 점검 구간,0.5419187107698444,높음,1,1
11500,강서구,2024-08,79603.9349112426,75500.0,1177.9639062168935,1159.4619589096965,338,33899.53756260434,25811.0,503.43335068444816,426.9250575548285,1198,1704,506,0.2969483568075117,0.4273758712193963,0.5726241287806036,-0.0454244190266213,-0.0341779852512448,-0.0112464337753764,-0.2404494382022471,0.0951156812339331,45704.39734863826,45704.39734863826,매매가>전세가,0.5741474639362752,0.0,0.5741474639362752,-0.0353138539894034,-0.1062830886025371,0.0353138539894034,-0.06177975270812,-0.03519876231080221,0.7001812276394013,0.7001812276394014,0.3483735408777683,0.504056045243241,0.11892264633107527,0.0957967004313121,0.08746265244105907,0.09956879208409099,0.6624436809689902,0.49665819619036705,0.4433446230560627,0,0,1,1,0,0.45,안정 정체 구간,신중 매수 구간,신중 투자 구간,0.4700014096232149,주의,0,0
11500,강서구,2024-09,81334.01360544217,74700.0,1128.2479628960075,1088.3709925470248,147,41635.279411764706,38251.0,635.3747946245792,615.6062759707931,612,975,363,0.3723076923076923,0.5631517321721438,0.4368482678278562,-0.0422049801853029,0.2620832405337243,-0.3042882207190273,-0.5650887573964497,-0.4278169014084507,39698.73419367747,39698.73419367747,매매가>전세가,0.48809510847773,0.0,0.48809510847773,0.07535933550018059,0.25377926421404684,0.07535933550018059,0.003219438841318402,-0.0310508098436182,0.46732324840317485,0.4673232484031748,0.35336301655974467,0.14086718493999836,0.2794843312755004,0.4308800295808262,0.23836381472479276,0.212699863404864,0.22500807151700486,0.3529025222395145,0.3256018132728712,0,0,1,0,1,0.35,완만 정체 구간,거주 안정권,안정 관찰,0.3392521677561928,낮음,0,0
11500,강서구,2024-10,78885.42713567839,76000.0,1134.887639149636,1131.6451509005285,199,43043.796992481206,38568.5,620.5181079629388,617.6412041975792,798,1251,453,0.3621103117505995,0.546766117241253,0.453233882758747,0.0058849441541075,-0.0233825559139763,0.0292675000680838,0.3537414965986394,0.283076923076923,35841.63014319718,35841.63014319718,매매가>전세가,0.4543504604665656,0.0,0.4543504604665656,-0.010197380557092794,-0.027389658521116966,0.010197380557092794,0.0480899243394104,0.009384594475032908,0.4954248649539845,0.49542486495398463,0.427892622452587,0.5542680290441611,0.17495518062820792,0.28510372682210383,0.21794435948276553,0.028613132668875108,0.6465040142139779,0.4196922794166686,0.39893542339436294,1,0,0,0,0,0.25,완만 정체 구간,매수 검토 가능,조건부 관찰,0.4093138514055158,보통,0,0
11500,강서구,2024-11,86359.14110429448,80500.0,1202.2373173097951,1145.2682338758289,163,40683.47442455243,37650.0,603.2378842188016,595.5541508638853,782,1306,524,0.4012251148545176,0.5017627348056756,0.4982372651943244,0.0593447984072006,-0.0278480571676874,0.0871928555748881,-0.1809045226130653,0.04396482813749,45675.666679742055,45675.666679742055,매매가>전세가,0.5289036701347032,0.0,0.5289036701347032,0.03911480310391813,0.10801902579029043,0.03911480310391813,0.053459854253093096,0.03235677055313475,0.5726064539287044,0.5726064539287041,0.5107445279879549,0.6260593051914832,0.08947263392776153,0.0442796121098348,0.29626868667732387,0.110306718789881,0.653097415889307,0.4974813424879883,0.4522245924790864,0,0,1,0,0,0.25,완만 정체 구간,신중 매수 구간,신중 투자 구간,0.47485296748353734,주의,0,0
11500,강서구,2024-12,76606.55844155845,71200.0,1146.69029064666,1089.0509190834346,154,47810.4335154827,47000.0,683.2276350301661,674.0815638692281,549,1004,455,0.4531872509960159,0.5958257784190963,0.4041742215809036,-0.0462030464895489,0.1326006752957034,-0.1788037217852524,-0.0552147239263803,-0.2312404287901991,28796.124926075747,28796.124926075747,매매가>전세가,0.37589633984202164,0.0,0.37589633984202164,0.051962136141498305,0.12950868282594796,0.051962136141498305,-0.1055478448967495,-0.03217587582893028,0.4112866869028633,0.4112866869028633,0.34716682660764875,0.29638961956890236,0.027308365263227802,0.2328960881848783,0.40031879123907266,0.1466012642747456,0.4161916619049367,0.35686881592929615,0.29141801086827107,0,0,1,0,0,0.25,완만 정체 구간,거주 안정권,안정 관찰,0.3241434133987836,낮음,0,0
11500,강서구,2025-01,76331.05555555556,72500.0,1133.3800019680823,1087.5936480144835,180,43873.692556634305,42000.0,662.9543535093835,648.9059629196593,618,1014,396,0.3905325443786982,0.5849356370839276,0.4150643629160724,-0.0116075707513589,-0.0296728066625809,0.018065235911222,0.1688311688311687,0.0099601593625497,32457.362998921257,32457.362998921257,매매가>전세가,0.42521831727190007,0.0,0.42521831727190007,-0.0626547066173177,-0.13825346251381754,0.0626547066173177,0.034595475738189996,-0.041980983743172474,0.42996347000046287,0.4299634700004629,0.4007827806325476,0.5403842154270647,0.08350133620891736,0.01003147315273502,0.2748576524385995,0.1768084663726094,0.6557916949171516,0.4013233962902942,0.368926660780683,0,0,0,0,1,0.1,활발 관찰 구간,매수 검토 가능,선별 검토 가능,0.3851250285354886,안정,0,0
11500,강서구,2025-02,78772.97297297297,74000.0,1223.9489505777806,1209.542876209543,259,43035.483253588514,41500.0,644.0457589711319,635.7408610405716,836,1372,536,0.39067055393586,0.5262031220069284,0.4737968779930716,0.0799104876144167,-0.0285217141092112,0.108432201723628,0.4388888888888889,0.3530571992110454,35737.48971938446,35737.48971938446,매매가>전세가,0.4536770464616843,0.0,0.4536770464616843,0.00013800955716175567,0.0003533881084900603,0.00013800955716175567,0.0915180583657756,0.05320340593610568,0.5306907618793253,0.5306907618793253,0.5426171651896813,0.652382834002172,0.21706778981147212,0.35558505505265187,0.2751340057589114,0.00019475998108400825,0.6540920838010335,0.4721282573924402,0.45732141096596374,0,0,0,0,0,0.0,활발 관찰 구간,신중 매수 구간,신중 투자 구간,0.46472483417920196,주의,0,0
11500,강서구,2025-03,84414.43695652173,80250.0,1252.2803557872026,1235.5427082317574,460,44771.674775928295,43000.0,665.7167407228803,662.8787878787879,781,1223,442,0.3614063777596075,0.5316035963084326,0.4683964036915674,0.0231475382989199,0.0336482019326824,-0.0105006636337625,0.7760617760617761,-0.108600583090379,39642.76218059344,39642.76218059344,매매가>전세가,0.4696206432202081,0.0,0.4696206432202081,-0.029264176176252488,-0.0749075554362284,0.029264176176252488,-0.0567629493154968,0.007731588751884878,0.5214288538793231,0.521428853879323,0.45464613383722835,0.5049803346103169,0.38382838743849573,0.10937815289770866,0.21653478684379945,0.08247806158649205,0.5622969626497314,0.4345596820498225,0.44024745682169575,0,0,0,0,0,0.0,활발 관찰 구간,관찰 필요,신중 투자 구간,0.4374035694357591,보통,0,0
11500,강서구,2025-04,84573.3983286908,80900.0,1227.6819951811722,1180.0326061641176,359,43880.01114206128,42000.0,644.5194898931311,635.5558193021266,718,1223,505,0.4129190515126738,0.5249889567680902,0.4750110432319098,-0.0196428543275898,-0.0318412464838,0.0121983921562102,-0.2195652173913043,0.0,40693.38718662952,40693.38718662952,매매가>전세가,0.4811606012150116,0.0,0.4811606012150116,0.051512673753066285,0.14253393665158387,0.051512673753066285,-0.0427903926265097,-0.004863690594234192,0.5327730765263532,0.5327730765263533,0.38832972468787563,0.5331129920319875,0.10859362737403859,0.0,0.3196848782039052,0.14533150400209102,0.6589934395674738,0.4511045839917556,0.4015813146345111,0,0,1,0,0,0.25,완만 정체 구간,관찰 필요,조건부 관찰,0.4263429493131333,보통,0,0
11500,강서구,2025-05,79043.74784482758,76000.0,1249.159391327962,1233.704290548054,464,44245.73381294964,43000.0,657.9671765984167,631.3131313131313,695,1332,637,0.4782282282282282,0.5267279589508126,0.4732720410491874,0.0174942666187918,0.020864670372521,-0.0033704037537292,0.2924791086350975,0.0891251022076859,34798.01403187794,34798.01403187794,매매가>전세가,0.4402373999293485,0.0,0.4402373999293485,0.06530917671555442,0.15816460024380796,0.06530917671555442,0.0371371209463816,-0.0033208024308280758,0.5297906573296371,0.5297906573296373,0.44588471206098684,0.5138174052086926,0.14465573242963306,0.08976322943112994,0.4504613853049703,0.1843075158202146,0.5811721019939081,0.472327536367789,0.41749626496577535,0,0,0,0,1,0.1,활발 관찰 구간,신중 매수 구간,조건부 관찰,0.4449119006667822,보통,0,0
11500,강서구,2025-06,92712.03305785124,87000.0,1296.0344870427582,1265.29244176303,605,44658.50682852807,43500.0,681.6799829547431,660.6890042472864,659,1340,681,0.5082089552238805,0.5259736448141703,0.4740263551858297,0.0375253118538894,0.0360394974091531,0.0014858144447362,0.3038793103448276,0.006006006006006,48053.526229323164,48053.526229323164,매매가>전세가,0.5183094863138027,0.0,0.5183094863138027,0.02998072699565235,0.06269125330959024,0.02998072699565235,0.020031045235097602,0.003635893165559366,0.5310843192835022,0.5310843192835023,0.4769287598007348,0.5198360838800169,0.1502940993402216,0.006049008435643274,0.5104954410689627,0.08450236392463895,0.5587661671790849,0.474556666693224,0.4162268317788733,0,0,0,0,0,0.0,활발 관찰 구간,신중 매수 구간,조건부 관찰,0.44539174923604863,주의,0,0
11500,강서구,2025-07,69922.18045112782,68750.0,1220.321515231151,1203.3745121184577,266,46249.75974025974,45000.0,676.4444061880115,659.189924968786,616,1165,549,0.471244635193133,0.5543165450622092,0.4456834549377908,-0.0584189483910775,-0.0076804026781569,-0.0507385457129205,-0.5603305785123966,-0.1305970149253731,23672.42071086808,23672.42071086808,매매가>전세가,0.3385538116537133,0.0,0.3385538116537133,-0.036964320030747566,-0.07273449169045776,0.036964320030747566,-0.09594426024496691,0.003133523193819772,0.4824757490182092,0.48247574901820933,0.3282346621916522,0.45511048264904763,0.27713100814512037,0.1315320770847433,0.43647728766241706,0.10423146523450798,0.623319471747376,0.41281052152490205,0.377528338869732,0,1,1,0,0,0.45,안정 정체 구간,매수 검토 가능,선별 검토 가능,0.39516943019731704,안정,0,0
11500,강서구,2025-08,85863.04195804195,79350.0,1262.7709528527002,1234.567901234568,286,45720.07692307692,44300.0,667.55424298886,656.5656565656566,624,1145,521,0.4550218340611354,0.5286423808536312,0.4713576191463687,0.0347854537445477,-0.0131424890468834,0.0479279427914312,0.0751879699248121,-0.0171673819742489,40142.96503496503,40142.96503496503,매매가>전세가,0.467523210446951,0.0,0.467523210446951,-0.01622280113199759,-0.0344254340961333,0.01622280113199759,0.0932044021356252,0.03753737759474722,0.5265073902410118,0.5265073902410118,0.4726825367530475,0.5773953277005458,0.037186829890611034,0.01729029879029364,0.4039924000228433,0.04563533490194741,0.6313843512241033,0.46572814828102393,0.40443471744885917,0,0,0,0,0,0.0,활발 관찰 구간,관찰 필요,조건부 관찰,0.43508143286494155,보통,0,0
11500,강서구,2025-09,94682.4092409241,89000.0,1360.666521057315,1349.6790179653233,606,46450.85855263158,44000.0,669.6671711511478,649.659738282953,608,1058,450,0.4253308128544423,0.4921611289669848,0.5078388710330153,0.0775244061351436,0.003165178237543,0.0743592278976006,1.1188811188811187,-0.0759825327510916,48231.55068829252,48231.55068829252,매매가>전세가,0.5094035003436059,0.0,0.5094035003436059,-0.02969102120669309,-0.06525186042545794,0.02969102120669309,0.04273895239059589,-0.012556404247529712,0.5890733760850543,0.5890733760850545,0.5389192239946959,0.6101536193222988,0.5533816364141273,0.07652656043188699,0.3445384573926003,0.08368392636223955,0.6073057551864264,0.5097198529155604,0.527365888391511,0,1,0,0,0,0.2,활발 관찰 구간,신중 매수 구간,우선 점검 구간,0.5185428706535358,높음,0,1
11500,강서구,2025-10,95648.3940397351,89600.0,1362.6169681451977,1335.1709676899395,604,45873.39882697947,45000.0,659.9122890210082,657.1312320936256,682,1153,471,0.4084995663486557,0.4842977186166152,0.5157022813833848,0.0014334497525274,-0.0145667617443022,0.0160002114968297,-0.0033003300330033,0.0897920604914934,49774.995212755624,49774.995212755624,매매가>전세가,0.5203955143468239,0.0,0.5203955143468239,-0.0168312465057866,-0.03957213067360499,0.0168312465057866,-0.07609095638261619,-0.00859246989661014,0.602559262539713,0.6025592625397131,0.42099371113298506,0.5378248744150412,0.0016322931932182384,0.09043496307257806,0.3108352055851166,0.04735423237502173,0.6334873182720875,0.4809213628980743,0.4076397262149898,1,0,1,0,0,0.5,안정 정체 구간,신중 매수 구간,조건부 관찰,0.44428054455653204,보통,0,0
11500,강서구,2025-11,90751.5425531915,86750.0,1272.9015409244764,1222.6614272605402,188,47803.13384615385,46000.0,669.1562460311227,673.1518727093949,650,1119,469,0.419124218051832,0.5256936412734101,0.4743063587265899,-0.0658405328262147,0.0140078570499544,-0.0798483898761691,-0.6887417218543046,-0.0294882914137033,42948.40870703765,42948.40870703765,매매가>전세가,0.4732526577370807,0.0,0.4732526577370807,0.01062465170317628,0.026008966908200204,0.01062465170317628,-0.0672739825787421,0.0027616156090229937,0.5315645302593184,0.5315645302593185,0.31673271514870516,0.4190324501079472,0.3406412126138618,0.02969942476511406,0.3321102378054486,0.029820201248831384,0.591296323638871,0.412340083823585,0.38727882065905433,0,0,1,0,0,0.25,완만 정체 구간,매수 검토 가능,조건부 관찰,0.3998094522413197,안정,0,0
11500,강서구,2025-12,87911.70886075949,89000.0,1260.19448285521,1199.9239657713774,316,48655.02586206896,47000.0,678.4273627050011,679.8507351071626,580,1247,667,0.5348837209302325,0.5383513195264076,0.4616486804735924,-0.0099827501662363,0.0138549355682875,-0.0238376857345239,0.6808510638297873,0.1143878462913314,39256.682998690536,39256.682998690536,매매가>전세가,0.44654669448944423,0.0,0.44654669448944423,0.11575950287840053,0.2761937819209599,0.11575950287840053,0.0558577826599784,-0.0352295195050824,0.5098563903945962,0.5098563903945963,0.40330092220833963,0.4884507539415158,0.3367386127966818,0.11520685235069654,0.5639095684895149,0.3268329452060288,0.5915221152569068,0.4777651979893308,0.43999415830818495,1,0,0,0,1,0.35,완만 정체 구간,신중 매수 구간,신중 투자 구간,0.45887967814875785,주의,0,0
11500,강서구,2026-01,92977.32368421053,88250.0,1312.0208028404531,1237.438691253859,380,49432.11345218801,47250.0,721.3210149672323,706.2146892655368,617,1265,648,0.5122529644268775,0.5497786417758102,0.4502213582241898,0.0411256521833207,0.0632251212439414,-0.0220994690606206,0.2025316455696202,0.0144346431435444,43545.21023202252,43545.21023202252,매매가>전세가,0.46834226353858144,0.0,0.46834226353858144,-0.022630756503355,-0.042309675201924524,0.022630756503355,0.051108402349557,-0.0007944152893231554,0.4902583326219918,0.49025833262199164,0.4825085553508126,0.49060505739202137,0.10016908102179771,0.014537993810443286,0.5185932525075587,0.06373822263828959,0.5186260513100768,0.4493293557370057,0.38761232338336254,0,0,0,0,0,0.0,활발 관찰 구간,관찰 필요,조건부 관찰,0.41847083956018416,보통,0,0
11500,강서구,2026-02,92068.48387096774,90000.0,1305.0796392666468,1232.6702833031948,403,49834.33531746032,48000.0,715.7030430514686,687.9944960440316,504,882,378,0.4285714285714285,0.5483979839373159,0.4516020160626841,-0.0052904371323831,-0.0077884489695878,0.0024980118372046,0.0605263157894737,-0.3027667984189723,42234.148553507424,42234.148553507424,매매가>전세가,0.4587253615764738,0.0,0.4587253615764738,-0.08368153585544902,-0.1633597883597886,0.08368153585544902,-0.0464160893157038,-0.005373519366563001,0.49262618499304267,0.4926261849930425,0.41057305344877765,0.521090576698965,0.029935398061941863,0.3049345797919005,0.351027536349606,0.23621061683866287,0.6234790042518942,0.4447864523375095,0.386863262170271,1,1,0,0,1,0.55,안정 정체 구간,관찰 필요,조건부 관찰,0.4158248572538903,보통,0,0
11500,강서구,2026-03,92152.51396648044,87700.0,1387.6814061048742,1334.1860270874945,358,43377.35379644588,40000.0,654.9753270754985,648.9290495314592,619,1168,549,0.4700342465753425,0.4719925799928162,0.5280074200071838,0.0632925105510366,-0.0848504370151224,0.1481429475661591,-0.1116625310173697,0.3242630385487528,48775.16017003456,48775.16017003456,매매가>전세가,0.5292873527875326,0.0,0.5292873527875326,0.04146281800391399,0.09674657534246589,0.04146281800391399,0.0685829476834197,0.08193763612666793,0.6236627907666978,0.623662790766698,0.5168626792285749,0.7015993661383001,0.055226594763103425,0.3265847309488632,0.4340535793318261,0.11694001251222473,0.7372625667716383,0.5497000613727853,0.4819523763074072,0,0,1,1,0,0.45,안정 정체 구간,우선 점검 구간,우선 점검 구간,0.5158262188400963,높음,0,1
11500,강서구,2026-04,85014.17410714286,80000.0,1313.3636304804509,1280.3375356789852,448,48099.6693877551,47625.0,713.5026389993917,706.422560875144,490,867,377,0.4348327566320646,0.5432635885755267,0.4567364114244733,-0.0535553588146923,0.0893580406840985,-0.1429133994987909,0.2513966480446927,-0.2577054794520548,36914.504719387754,36914.504719387754,매매가>전세가,0.4342158834933175,0.0,0.4342158834933175,-0.035201489943277875,-0.07489133015254745,0.035201489943277875,-0.1168478693657289,-0.0739752827300382,0.5014317629518682,0.5014317629518683,0.3357722372519537,0.3408712117100345,0.12433697033257364,0.2595506260829764,0.36356535499567777,0.09925135639755302,0.4800402744782416,0.39849406995955544,0.3394054880151929,0,0,0,0,0,0.0,활발 관찰 구간,매수 검토 가능,안정 관찰,0.36894977898737413,안정,0,0
11620,관악구,2023-06,72356.5,73000.0,1002.6363783798456,1002.0613834173156,100,41224.97666666667,42000.0,571.3147313083114,582.1822537382209,300,591,291,0.4923857868020304,0.5698124899791642,0.4301875100208358,0.0144034683126461,0.0211878035468751,-0.0067843352342289,-0.074074074074074,0.0610412926391381,31131.52333333333,31131.52333333333,매매가>전세가,0.43025192392298317,0.0,0.43025192392298317,0.02380409918982218,0.050800318960654955,0.02380409918982218,,-0.004408926667559205,0.4558999321211703,0.45589993212117047,0.44109460305550185,0.5095862616011959,0.036635913892231545,0.061478342467103285,0.47881078660617565,0.06705299149955805,0.5806949894163738,0.4251384735696633,0.36190183540753973,0,0,1,0,0,0.25,완만 정체 구간,매수 검토 가능,선별 검토 가능,0.3935201544886015,안정,0,0
11620,관악구,2023-07,74702.85714285714,75000.0,1036.628464569127,1024.0112994350284,105,42325.31578947369,42000.0,591.6879940019048,583.4305717619603,323,690,367,0.5318840579710145,0.5707811566295732,0.4292188433704268,0.0339027058286163,0.0356603139690423,-0.001757608140426,0.05,0.1675126903553299,32377.541353383458,32377.541353383458,매매가>전세가,0.43341771107183547,0.0,0.43341771107183547,0.03949827116898408,0.08021813835350367,0.03949827116898408,0.0194992375159702,0.03458736415832102,0.4542386518524615,0.4542386518524616,0.4713144569487884,0.5158162648484964,0.02472924187725632,0.1687120652266091,0.5579029785428137,0.11139004083725206,0.5593260390920547,0.44211823613383006,0.3712580628731322,0,0,0,0,0,0.0,활발 관찰 구간,관찰 필요,선별 검토 가능,0.4066881495034811,안정,0,0
11620,관악구,2023-08,75275.83333333333,74600.0,1037.2170918721667,1048.6626605396489,120,43977.86486486487,42000.0,610.7236293552279,591.7159763313609,296,516,220,0.4263565891472868,0.5888098394646367,0.4111901605353633,0.0005678286128141,0.0321717451533447,-0.0316039165405306,0.1428571428571428,-0.2521739130434782,31297.96846846846,31297.96846846846,매매가>전세가,0.41577711042900173,0.0,0.41577711042900173,-0.10552746882372765,-0.19840314302008744,0.10552746882372765,-0.0333348772158022,-0.027760114828942244,0.42331914507264623,0.42331914507264623,0.41965217434993646,0.4788254764522412,0.07065497679216087,0.2539794541869876,0.346592494013358,0.2979267882383757,0.5644769805355949,0.4108831483818231,0.3682481562785234,1,0,0,0,1,0.35,완만 정체 구간,매수 검토 가능,선별 검토 가능,0.38956565233017326,안정,0,0
11620,관악구,2023-09,76751.33035714286,74000.0,1046.125217973317,1041.413397206743,112,38013.25,40000.0,538.968886837653,582.4129602995848,268,479,211,0.4405010438413361,0.5152049463847265,0.4847950536152735,0.0085884875702069,-0.117491348080522,0.126079835650729,-0.0666666666666666,-0.0717054263565891,38738.080357142855,38738.080357142855,매매가>전세가,0.5047219400222123,0.0,0.5047219400222123,0.014144454694049291,0.03317517555513372,0.014144454694049291,0.0080206589573928,0.023584791722822934,0.5495528256710794,0.5495528256710793,0.4320825651086404,0.6742548820806432,0.03297232250300839,0.0722188303639155,0.3749156558225082,0.03976387199950921,0.7854575230543228,0.4821949826961339,0.4225332139981367,1,0,1,0,0,0.5,안정 정체 구간,신중 매수 구간,신중 투자 구간,0.4523640983471353,주의,0,0
11620,관악구,2023-10,74043.5,75750.0,968.7204425794416,952.8669256328812,70,43418.35825545171,42500.0,592.4210718709093,589.3446487505893,321,526,205,0.3897338403041825,0.611550087962892,0.388449912037108,-0.0739918836330446,0.0991748992170618,-0.1731667828501064,-0.375,0.0981210855949896,30625.141744548288,30625.141744548288,매매가>전세가,0.413610131133027,0.0,0.413610131133027,-0.05076720353715358,-0.11524877011514956,0.05076720353715358,-0.0825803712032515,-0.043786718119061846,0.38431922067167923,0.38431922067167923,0.30409977859343873,0.30337590452439345,0.18546931407942238,0.09882362320068164,0.27325831013594765,0.14322550250124166,0.46554548703552867,0.3249293440672334,0.29814981122069173,0,0,1,0,0,0.25,완만 정체 구간,거주 안정권,안정 관찰,0.31153957764396256,낮음,0,0
11620,관악구,2023-11,68600.65217391304,72500.0,996.7132994249176,1000.8247076746308,46,43494.843205574914,43500.0,611.945275296725,601.5037593984962,287,491,204,0.4154786150712831,0.6139631884613203,0.3860368115386797,0.0288967338925338,0.0329566322888497,-0.0040598983963158,-0.3428571428571428,-0.0665399239543725,25105.808968338126,25105.808968338126,매매가>전세가,0.3659704124195656,0.0,0.3659704124195656,0.025744774767100576,0.06605732452436541,0.025744774767100576,0.1028886175255784,0.04447096258963931,0.38018071105874085,0.38018071105874074,0.4635562181777387,0.5129628623257884,0.16957194430118613,0.06701634345762576,0.3248102035981598,0.07253552533010964,0.563318079023725,0.37630279049772636,0.3610564091494535,0,0,1,0,0,0.25,완만 정체 구간,거주 안정권,선별 검토 가능,0.36867959982358994,안정,0,0
11620,관악구,2023-12,55428.333333333336,60500.0,948.0569217791976,956.069260634516,48,42610.03448275862,43000.0,593.2758026402852,604.6653211855962,290,582,292,0.5017182130584192,0.6257807827898113,0.3742192172101887,-0.0488168239290011,-0.030508402319778,-0.018308421609223,0.0434782608695651,0.185336048879837,12818.298850574713,12818.298850574713,매매가>전세가,0.23125896233408988,0.0,0.23125896233408988,0.08623959798713615,0.20756687554746978,0.08623959798713615,-0.0777135578215349,-0.053008854531954454,0.3599133298360683,0.3599133298360683,0.3431160029656924,0.49530358935768043,0.021503688588918476,0.18666303729663775,0.49749823866064524,0.2434373075549421,0.6570254685727928,0.3798131583880988,0.3212228679511305,0,0,0,0,1,0.1,활발 관찰 구간,거주 안정권,안정 관찰,0.3505180131696146,낮음,0,0
11620,관악구,2024-01,63869.59459459459,68400.0,971.4886267698588,1020.0725227042096,74,42932.514950166114,43000.0,639.0985429637532,634.9206349206349,301,585,284,0.4854700854700854,0.657854889242211,0.342145110757789,0.0247155043672775,0.0772368266488212,-0.0525213222815437,0.5416666666666667,0.0051546391752577,20937.07964442848,20937.07964442848,매매가>전세가,0.3278098096179308,0.0,0.3278098096179308,-0.016248127588333827,-0.03238496663154211,0.016248127588333827,0.07353232829627859,0.009978795215260015,0.30490567558954007,0.3049056755895401,0.4570761624707371,0.4529009527492791,0.2679001203369435,0.0051915458996628855,0.4649626367774771,0.04570688377662648,0.49793748878555,0.34001635713318284,0.33346811592854647,0,0,0,0,0,0.0,활발 관찰 구간,거주 안정권,안정 관찰,0.33674223653086466,낮음,0,0
11620,관악구,2024-02,68133.92857142857,69500.0,947.0498266993226,899.1978195196275,84,44645.05839416059,44500.0,611.1284127367146,612.0167148835294,274,507,233,0.4595660749506903,0.6452970007572166,0.3547029992427833,-0.0251560331198048,-0.0437649726086527,0.0186089394888478,0.1351351351351351,-0.1333333333333333,23488.870177267978,23488.870177267978,매매가>전세가,0.34474557198978034,0.0,0.34474557198978034,-0.025904010519395115,-0.053358613217768136,0.025904010519395115,-0.0498715374870823,-0.02385110922023891,0.32644267425462203,0.326442674254622,0.37978541840657365,0.5410580684115153,0.06683578885744948,0.13428798727128077,0.41309188620301884,0.07298537661345111,0.6765990590357105,0.34995558643167135,0.31574753934269806,0,0,0,0,0,0.0,활발 관찰 구간,거주 안정권,안정 관찰,0.3328515628871847,낮음,0,0
11620,관악구,2024-03,67994.53125,71525.0,968.568699794954,932.263393910786,128,45059.58255451713,45000.0,630.5850026199298,623.8229755178908,321,566,245,0.4328621908127208,0.6510482970938711,0.3489517029061288,0.0227220073210188,0.0318371548069349,-0.0091151474859161,0.5238095238095237,0.1163708086785009,22934.948695482868,22934.948695482868,매매가>전세가,0.33730578436016306,0.0,0.33730578436016306,-0.02670388413796948,-0.05810673501266317,0.02670388413796948,0.0478780404408236,-0.008724493772991549,0.31657910032075354,0.3165791003207534,0.4539866473332711,0.5066975096109076,0.2590682482379233,0.11720401255925388,0.35961945140560614,0.0752450712400768,0.564971009856208,0.3458786259665719,0.3493242608607957,0,0,0,0,0,0.0,활발 관찰 구간,거주 안정권,선별 검토 가능,0.3476014434136838,낮음,0,0
11620,관악구,2024-04,70819.32773109243,68900.0,970.3978797660444,941.8236372728788,119,43556.91463414634,44000.0,608.1348586149562,614.0405258771113,246,486,240,0.4938271604938271,0.6266860957709149,0.373313904229085,0.001888539214077,-0.035602089982633,0.03749062919671,-0.0703125,-0.1413427561837456,27262.41309694609,27262.41309694609,매매가>전세가,0.3849572421876695,0.0,0.3849572421876695,0.06096496968110626,0.14084152179390275,0.06096496968110626,-0.0208334681069418,-0.018274947014283557,0.3583607022196653,0.35836070221966526,0.4216990072772645,0.5644595751970188,0.0347754963898917,0.14235475682467932,0.4816970244416565,0.17203485040816072,0.6645464000117798,0.3924773259659569,0.3450777717710394,1,0,1,0,0,0.5,안정 정체 구간,매수 검토 가능,안정 관찰,0.3687775488684981,안정,0,0
11620,관악구,2024-05,75943.38235294117,76500.0,1035.8383886969646,1013.009278138894,136,44937.84668989547,46000.0,633.7736538848526,625.0,287,521,234,0.4491362763915547,0.611846076376943,0.388153923623057,0.0674367806189943,0.0421597198494581,0.0252770607695362,0.1428571428571428,0.0720164609053497,31005.535663045703,31005.535663045703,매매가>전세가,0.40827172430837755,0.0,0.40827172430837755,-0.0446908841022724,-0.09049904030710165,0.0446908841022724,0.0655482414049173,0.05386622497421515,0.3838115953582427,0.3838115953582428,0.5232854552907378,0.5493223756748432,0.07065497679216087,0.0725320918903522,0.3922070321300287,0.12605950770179492,0.5497295366647034,0.4046236263071409,0.37205982185750486,0,0,0,0,0,0.0,활발 관찰 구간,매수 검토 가능,선별 검토 가능,0.38834172408232287,안정,0,0
11620,관악구,2024-06,74810.24880382775,76500.0,1042.1673880060196,1002.5062656641604,209,45529.138059701494,45000.0,644.109045773094,648.5748421232291,268,487,219,0.4496919917864476,0.6180475931083094,0.3819524068916906,0.0061100258284658,0.0163077020082615,-0.0101976761797957,0.536764705882353,-0.0652591170825336,29281.110744126257,29281.110744126257,매매가>전세가,0.3914050709938029,0.0,0.3914050709938029,0.0005557153948929083,0.0012372979518768812,0.0005557153948929083,-0.0613267547905285,-0.032409178762477994,0.37317588556319903,0.37317588556319903,0.4282414532880283,0.5053558498883257,0.2654756848587811,0.06572636613085722,0.3933198086484483,0.001374805947237485,0.5879005566824744,0.36609699971762116,0.3572898539059313,1,0,0,0,0,0.25,완만 정체 구간,거주 안정권,선별 검토 가능,0.36169342681177624,낮음,0,0
11620,관악구,2024-07,78546.90265486726,79250.0,1075.6012045234684,1045.085697411481,226,44617.43410852713,45000.0,640.9188144553559,645.8613216031247,258,545,287,0.5266055045871559,0.5958703018925188,0.4041296981074812,0.0320810427405695,-0.0049529366784609,0.0370339794190305,0.0813397129186603,0.1190965092402465,33929.468546340126,33929.468546340126,매매가>전세가,0.43196443652813654,0.0,0.43196443652813654,0.07691351280070835,0.17103598508650664,0.07691351280070835,0.025971016912103698,0.027598818433268207,0.41121032836625027,0.41121032836625027,0.46849124951216525,0.5638936145739866,0.040229388699842814,0.1199492288768115,0.5473330891520152,0.2170905146443506,0.6192923137935284,0.4369052541756845,0.37814404751482944,0,1,0,0,1,0.30000000000000004,완만 정체 구간,관찰 필요,선별 검토 가능,0.40752465084525696,안정,0,0
11620,관악구,2024-08,75965.03067484662,76700.0,1019.2870332008532,1019.0114068441064,163,48263.201550387595,49000.0,694.7255015371751,683.6182170010322,258,516,258,0.5,0.6815798483725807,0.3184201516274193,-0.0523559950340186,0.0839524224726393,-0.136308417506658,-0.2787610619469026,-0.0532110091743118,27701.82912445903,27701.82912445903,매매가>전세가,0.36466554253142164,0.0,0.36466554253142164,-0.026605504587155937,-0.05052264808362361,0.026605504587155937,-0.08443703777458811,-0.04213033831819951,0.2642169552102779,0.2642169552102779,0.3376310072775598,0.3490572656754625,0.1378709945369157,0.05359199492018992,0.49405765169360744,0.07496714265588442,0.48802177759438237,0.2920141979830415,0.25799095236032754,0,0,1,0,0,0.25,완만 정체 구간,거주 안정권,안정 관찰,0.2750025751716845,낮음,0,0
11620,관악구,2024-09,71637.05882352941,71000.0,1074.1091386091107,1046.324450008943,85,46663.71844660194,48000.0,662.061625217159,677.5958796450282,206,473,267,0.5644820295983086,0.6163820801994835,0.3836179198005165,0.0537847570140281,-0.0470169530954929,0.1008017101095211,-0.4785276073619632,-0.0833333333333333,24973.340376927474,24973.340376927474,매매가>전세가,0.34860923643510755,0.0,0.34860923643510755,0.06448202959830862,0.12896405919661724,0.06448202959830862,0.10614075204804671,0.0649389273557128,0.37603226936824097,0.37603226936824097,0.5021275942024833,0.6429257883644663,0.23667249894797457,0.08392999204455048,0.6231778615284669,0.18197077179857704,0.6814006730924194,0.4402890054018673,0.41431992281432817,0,0,1,0,1,0.35,완만 정체 구간,관찰 필요,조건부 관찰,0.42730446410809775,보통,0,0
11620,관악구,2024-10,77102.44680851063,81000.0,1068.5121492278124,1018.3039156207738,94,48316.633466135456,50000.0,703.7730573647742,679.6232264218432,251,701,450,0.6419400855920114,0.6586476886326222,0.3413523113673777,-0.0052108199996752,0.0630023408076758,-0.068213160807351,0.1058823529411765,0.482029598308668,28785.81334237518,28785.81334237518,매매가>전세가,0.37334500439223123,0.0,0.37334500439223123,0.07745805599370281,0.13721970219109147,0.07745805599370281,-0.0589955770137033,-0.0017111696787497918,0.3035460107515089,0.30354601075150883,0.41069644381806075,0.4334528699018102,0.05236780632830751,0.4854808842154126,0.7782815470918868,0.21862888433001212,0.5189549910680678,0.378086445575925,0.30478902588924967,1,0,0,0,1,0.35,완만 정체 구간,거주 안정권,안정 관찰,0.34143773573258734,낮음,0,0
11620,관악구,2024-11,73950.0,76300.0,1049.993369657952,1042.490167503165,92,47349.263392857145,47625.0,654.2574540113594,652.0552264141411,224,497,273,0.5492957746478874,0.6231062718276893,0.3768937281723107,-0.0173313701517042,-0.0703573443672628,0.0530259742155585,-0.0212765957446808,-0.2910128388017118,26600.736607142855,26600.736607142855,매매가>전세가,0.35971246257123535,0.0,0.35971246257123535,-0.09264431094412406,-0.144319248826291,0.09264431094412406,-0.012120550152029001,-0.04431939800577005,0.36450016297205257,0.3645001629720526,0.3919120552284773,0.5837137037998389,0.01052308164989628,0.29309646294587677,0.5927685763676366,0.26153103526130217,0.7158632263805266,0.41402390650316756,0.35043177461949626,0,0,1,0,1,0.35,완만 정체 구간,매수 검토 가능,선별 검토 가능,0.3822278405613319,안정,0,0
11620,관악구,2024-12,72774.09090909091,77250.0,1027.026959108818,1034.2404672360924,88,45877.47727272727,47000.0,643.0566322712625,636.213133405292,264,573,309,0.5392670157068062,0.6261341307235616,0.3738658692764384,-0.0218729100704853,-0.0171198993170392,-0.004753010753446,-0.0434782608695651,0.1529175050301809,26896.61363636364,26896.61363636364,매매가>전세가,0.3695905136068656,0.0,0.3695905136068656,-0.010028758941081128,-0.018257484226070764,0.010028758941081128,-0.0045415399187811005,-0.007845739409866681,0.3593073319418695,0.3593073319418695,0.3848735916637514,0.5121038357355069,0.021503688588918476,0.15401237976786714,0.5726867726942363,0.028136765714413443,0.6372570768261671,0.3742826339216884,0.31119228151928513,0,0,1,0,0,0.25,완만 정체 구간,거주 안정권,안정 관찰,0.3427374577204868,낮음,0,0
11620,관악구,2025-01,70943.54838709677,75500.0,1078.0467409867588,1047.5517890772128,93,44843.59479553904,45000.0,644.2614084084485,618.4474025209095,269,495,226,0.4565656565656565,0.5976191791264472,0.4023808208735527,0.0496771593242424,0.0018735148301491,0.0478036444940932,0.0568181818181818,-0.1361256544502618,26099.953591557736,26099.953591557736,매매가>전세가,0.36789749293545065,0.0,0.36789749293545065,-0.08270135914114973,-0.15335883102873393,0.08270135914114973,0.0715500693947277,0.019303746332428828,0.4082109732837843,0.4082109732837842,0.4957616528708769,0.5772412754153115,0.028101411224154896,0.13710030114083646,0.4070837835753358,0.23344155432302024,0.6092129219725055,0.429108459674656,0.3850337934224874,0,1,0,0,1,0.30000000000000004,완만 정체 구간,매수 검토 가능,선별 검토 가능,0.4070711265485717,안정,0,0
11620,관악구,2025-02,73179.72027972028,77500.0,1047.833212299979,1048.6626605396489,143,44813.11516853933,45000.0,628.4179367673398,617.6484644413944,356,657,301,0.4581430745814307,0.5997308821582121,0.4002691178417878,-0.0280261769161551,-0.0245916819389315,-0.0034344949772235,0.5376344086021505,0.3272727272727274,28366.60511118095,28366.60511118095,매매가>전세가,0.3876293186521234,0.0,0.3876293186521234,0.0015774180157742124,0.003454964238089442,0.0015774180157742124,-0.0777033362403975,-0.05473325859446612,0.40458936560423575,0.4045893656042357,0.3753372790315139,0.5137379721057925,0.26590582663716467,0.3296159687567803,0.4102424395057223,0.0042611818306298845,0.6482893129084969,0.37710633260634907,0.3597333203675815,0,0,0,0,0,0.0,활발 관찰 구간,거주 안정권,선별 검토 가능,0.36841982648696525,안정,0,0
11620,관악구,2025-03,79021.9540229885,80000.0,1118.8210747501253,1088.7476459510358,261,46041.70724637681,45000.0,645.0491589288457,637.7979187646862,345,607,262,0.4316309719934102,0.5765436256846604,0.4234563743153395,0.0677472918560468,0.0264652251128587,0.0412820667431881,0.8251748251748252,-0.076103500761035,32980.24677661169,32980.24677661169,매매가>전세가,0.41735549549960904,0.0,0.41735549549960904,-0.026512102588020503,-0.05786860930342019,0.026512102588020503,0.0957734687722019,0.05233134230901178,0.4443559165108245,0.44435591651082446,0.5237666845802557,0.5691585906370288,0.40811895685541894,0.07664839456123333,0.35715403222925035,0.07470327597662249,0.5729027712044412,0.42930248035859225,0.4427977969482206,0,0,0,0,0,0.0,활발 관찰 구간,매수 검토 가능,신중 투자 구간,0.4360501386534064,보통,0,0
11620,관악구,2025-04,78664.17112299465,82000.0,1104.783731584144,1073.746312684366,187,46468.264492753624,45000.0,644.2373717252443,627.4798637268075,276,527,251,0.476280834914611,0.5831343758126085,0.4168656241873915,-0.0125465487581347,-0.0012584888955586,-0.011288059862576,-0.2835249042145593,-0.1317957166392092,32195.90663024103,32195.90663024103,매매가>전세가,0.40928298322626966,0.0,0.40928298322626966,0.04464986292120077,0.10344452974491936,0.04464986292120077,-0.0802938406141815,0.0022326149752209083,0.4330526646244013,0.43305266462440134,0.3993275556192344,0.5040044548836319,0.1402271186909553,0.13273936138841594,0.44656188284123505,0.1259436202162061,0.6138373879482023,0.4092766841933747,0.3658632645443777,0,1,1,0,0,0.45,안정 정체 구간,매수 검토 가능,선별 검토 가능,0.3875699743688762,안정,0,0
11620,관악구,2025-05,79928.78787878787,83000.0,1118.1190453281902,1079.331450094162,231,46531.60727272727,46000.0,655.4748682448085,659.1337099811676,275,539,264,0.4897959183673469,0.5862299466086043,0.4137700533913957,0.0120705196526786,0.0174430994114336,-0.0053725797587549,0.2352941176470588,0.0227703984819733,33397.1806060606,33397.1806060606,매매가>전세가,0.41783669554338143,0.0,0.41783669554338143,0.013515083452735943,0.02837629075534598,0.013515083452735943,0.0246170684108133,-0.008744549396941276,0.4277437064997379,0.4277437064997379,0.43747900692837044,0.5113359569859802,0.11637290295179442,0.02293343236131917,0.47362477807303577,0.03798585759933021,0.5862241197686973,0.40735516140425815,0.36072781126048065,0,0,0,0,0,0.0,활발 관찰 구간,매수 검토 가능,선별 검토 가능,0.3840414863323694,안정,0,0
11620,관악구,2025-06,80191.45161290323,81800.0,1106.421569904992,1071.4711576281345,310,48284.95017793594,48000.0,674.7785583996508,669.6878147029205,281,538,257,0.4776951672862453,0.6098747319772462,0.3901252680227538,-0.0104617441873238,0.0294499317823315,-0.0399116759696553,0.341991341991342,-0.0018552875695733,31906.501434967286,31906.501434967286,매매가>전세가,0.39787908552877926,0.0,0.39787908552877926,-0.012100751081101646,-0.02470570012391582,0.012100751081101646,-0.0225322638400024,-0.04435116287565384,0.38719248552583896,0.38719248552583896,0.4025585788566487,0.4685290415642111,0.16914373232062763,0.0018685712514556862,0.44939397255272956,0.0339902773148585,0.5684957922704383,0.3725978108128073,0.33850548159779564,0,0,0,0,0,0.0,활발 관찰 구간,거주 안정권,안정 관찰,0.35555164620530144,낮음,0,0
11620,관악구,2025-07,77809.93377483444,80000.0,1084.8194839188302,1076.59724673491,151,46641.546428571426,46000.0,643.6955744983286,647.8317749580752,280,512,232,0.453125,0.5933665315200884,0.4066334684799115,-0.0195242813171263,-0.0460639768623364,0.02653969554521,-0.5129032258064516,-0.0483271375464684,31168.387346263014,31168.387346263014,매매가>전세가,0.4005707990506426,0.0,0.4005707990506426,-0.02457016728624528,-0.05143482490272355,0.02457016728624528,-0.009062537129802498,0.04202819026777098,0.41550433840091006,0.41550433840090994,0.38851348874782715,0.5508872544927723,0.25367415861185516,0.04867315523773189,0.40019413849910657,0.069217183343017,0.6799935846749608,0.3956034128707573,0.3782795092145184,0,0,1,0,0,0.25,완만 정체 구간,매수 검토 가능,선별 검토 가능,0.3869414610426378,안정,0,0
11620,관악구,2025-08,77992.22972972973,79200.0,1159.0336287442742,1091.3456380691173,148,48263.236514522825,47250.0,660.5336058847076,654.3624161073825,241,500,259,0.518,0.5699002940927143,0.4300997059072857,0.0684115153954931,0.0261583768064614,0.0422531385890316,-0.0198675496688741,-0.0234375,29728.99321520691,29728.99321520691,매매가>전세가,0.3811789112611376,0.0,0.3811789112611376,0.06487500000000002,0.14317241379310341,0.06487500000000002,0.0879357967126194,0.07116343924569263,0.4557493465288094,0.45574934652880933,0.5247960960276576,0.5703621134541765,0.009826188825399824,0.023605310262529832,0.5301012407602957,0.18308093856055585,0.5733558388496,0.463466622618765,0.39832593536131566,0,0,1,0,1,0.35,완만 정체 구간,관찰 필요,조건부 관찰,0.43089627899004035,보통,0,0
11620,관악구,2025-09,88237.78877887789,90000.0,1211.7708633205475,1178.2726522917403,303,49496.86330935252,50000.0,666.89185055214,660.963871608346,278,482,204,0.4232365145228215,0.5503448471476644,0.4496551528523356,0.045501039200571,0.0096259215440162,0.0358751176565548,1.0472972972972974,-0.036,38740.92546952537,38740.92546952537,매매가>전세가,0.43905140876330595,0.0,0.43905140876330595,-0.0947634854771785,-0.18294109165478478,0.0947634854771785,-0.022910476194922105,-0.04457977118210231,0.4892872804938925,0.4892872804938926,0.48928951569757456,0.56245734950356,0.5179773636452337,0.03625775656324582,0.3403447891454897,0.2675178401690076,0.5977663388207113,0.4631919329585662,0.48604830977677516,0,1,0,0,1,0.30000000000000004,완만 정체 구간,관찰 필요,우선 점검 구간,0.4746201213676707,주의,0,0
11620,관악구,2025-10,86342.44966442953,89950.0,1197.314255424952,1166.1105639467082,298,49824.944223107566,50000.0,681.5602584179683,671.615411806292,251,444,193,0.4346846846846847,0.5692409117571795,0.4307590882428205,-0.0119301497776409,0.0219951823578048,-0.0339253321354457,-0.0165016501650164,-0.0788381742738589,36517.50544132196,36517.50544132196,매매가>전세가,0.42293802855081686,0.0,0.42293802855081686,0.01144817016186317,0.02704910793146098,0.01144817016186317,-0.057431188978211895,-0.02195606942677844,0.45688019878133257,0.4568801987813327,0.40028284872314357,0.47594837044971233,0.008161465966091143,0.07940264807534238,0.3632688525276963,0.03214669407570891,0.5795028784970935,0.39941633692693523,0.3395932027105221,0,0,1,0,0,0.25,완만 정체 구간,매수 검토 가능,안정 관찰,0.3695047698187287,안정,0,0
11620,관악구,2025-11,82689.70873786407,86750.0,1074.7609429677443,1031.0509554140126,103,49426.40727272727,49000.0,678.0458442711756,660.3656774939122,275,486,211,0.434156378600823,0.6308806146219672,0.3691193853780328,-0.1023568473372189,-0.0051564246937612,-0.0972004226434577,-0.6543624161073825,0.0945945945945945,33263.3014651368,33263.3014651368,매매가>전세가,0.4022665211046432,0.0,0.4022665211046432,-0.0005283060838616738,-0.0012153777266040722,0.0005283060838616738,-0.09042669755957801,-0.03375469890198121,0.35116702893583907,0.3511670289358391,0.2601398515385232,0.3975267629142369,0.3236377292661062,0.09527188286138157,0.3622109610061329,0.0012973728735386875,0.6195927679071345,0.31058434002380075,0.30311717969536556,0,1,1,0,0,0.45,안정 정체 구간,거주 안정권,안정 관찰,0.30685075985958316,낮음,0,0
11620,관악구,2025-12,82953.47305389222,88500.0,1128.654188133581,1077.3578240904274,167,51692.10332103321,50925.0,695.2673253613088,683.4472412068678,271,552,281,0.5090579710144928,0.6160144822667516,0.3839855177332484,0.0501444023607902,0.0253986972055619,0.0247457051552282,0.6213592233009708,0.1358024691358024,31261.369732859006,31261.369732859006,매매가>전세가,0.3768542603701414,0.0,0.3768542603701414,0.07490159241366978,0.1725221512466517,0.07490159241366978,0.1525012496980091,0.0248976330219441,0.37666270626023857,0.3766627062602387,0.4964857845855435,0.5486638264556721,0.3073148505134765,0.13677480185037855,0.5121955286394048,0.2114067096253868,0.5744775209338052,0.4174640186127808,0.4080997679388869,0,0,0,0,1,0.1,활발 관찰 구간,매수 검토 가능,조건부 관찰,0.41278189327583387,보통,0,0
11620,관악구,2026-01,85721.21212121213,87800.0,1159.8526031184751,1165.5953709366245,198,49255.786008230454,49000.0,670.4200447523064,667.3728813559322,243,555,312,0.5621621621621622,0.5780217615150062,0.4219782384849938,0.0276421381437355,-0.0357377366987441,0.0633798748424796,0.18562874251497,0.0054347826086955,36465.42611298167,36465.42611298167,매매가>전세가,0.4253955959164293,0.0,0.4253955959164293,0.0531041911476694,0.10431855342887375,0.0531041911476694,-0.0225022642170547,-0.014277929328908354,0.4418208876767171,0.44182088767671707,0.4616118498303728,0.5965460763007191,0.09180916146047252,0.005473695133340097,0.6185325088308194,0.14982764341868512,0.6647466850938895,0.4564701479829728,0.39502303447400877,0,0,0,0,0,0.0,활발 관찰 구간,관찰 필요,조건부 관찰,0.4257465912284908,보통,0,0
11620,관악구,2026-02,87492.1875,93100.0,1168.5447846286,1126.508646229296,224,48922.33490566038,50000.0,687.6223298644982,665.1695578924391,212,501,289,0.5768463073852296,0.5884432833980309,0.4115567166019691,0.0074942121841639,0.0256589659674442,-0.0181647537832803,0.1313131313131312,-0.0972972972972973,38569.85259433962,38569.85259433962,매매가>전세가,0.4408376758706556,0.0,0.4408376758706556,0.01468414522306738,0.026120835252571695,0.01468414522306738,-0.0201479259595716,0.007411129949984,0.4239477951459927,0.42394779514599257,0.43038666072990994,0.4954816477653587,0.06494548371804683,0.09799393665742114,0.647936358620587,0.04128853259606264,0.5740932289152543,0.41977663296895157,0.34742606581746444,1,0,0,0,0,0.25,완만 정체 구간,매수 검토 가능,안정 관찰,0.383601349393208,안정,0,0
11620,관악구,2026-03,85537.56880733946,82500.0,1157.7230993688086,1058.885610039646,218,48937.89592760181,49000.0,675.7532609700227,656.25,221,467,246,0.5267665952890792,0.5836916110065039,0.4163083889934961,-0.0092608220088293,-0.0172610288802202,0.0080002068713909,-0.0267857142857143,-0.0678642714570858,36599.67287973765,36599.67287973765,매매가>전세가,0.4278783391912029,0.0,0.4278783391912029,-0.050079712096150364,-0.08681638671339564,0.050079712096150364,-0.0167550341929932,0.009384303566802036,0.4320969965085869,0.43209699650858696,0.4044197640820499,0.5279098633422604,0.013247808148530178,0.06835017316202913,0.5476556606554922,0.14128329478365872,0.6374654574413428,0.4247918379118551,0.35381537496351295,1,0,1,0,0,0.5,안정 정체 구간,매수 검토 가능,선별 검토 가능,0.389303606437684,안정,0,0
11620,관악구,2026-04,88018.36283185841,87000.0,1228.8899094906096,1121.584755680378,226,49336.52352941177,48912.5,687.1595775700569,686.1286755714366,170,321,151,0.470404984423676,0.559170982089757,0.440829017910243,0.0614713571497373,0.0168794103688982,0.0445919467808391,0.036697247706422,-0.3126338329764454,38681.83930244664,38681.83930244664,매매가>전세가,0.4394746511741034,0.0,0.4394746511741034,-0.0563616108654032,-0.10699541574854998,0.0563616108654032,0.07073217915856661,0.04105143323439139,0.4741503045052283,0.4741503045052285,0.5140402617027895,0.573260775418089,0.018149902295233986,0.31487226137484475,0.4347959528127595,0.1590300644785857,0.5870564178840161,0.4595529095498805,0.40203830579314936,0,0,0,0,0,0.0,활발 관찰 구간,관찰 필요,조건부 관찰,0.4307956076715149,보통,0,0
11215,광진구,2023-06,117183.58208955223,102900.0,1480.0665936501605,1484.5704753961634,67,65255.86642599278,60500.0,808.7726542723253,769.7456492637216,277,471,194,0.4118895966029724,0.5464434220339499,0.4535565779660501,0.0027520332834329,0.0740038515129655,-0.0712518182295325,-0.0821917808219178,0.1745635910224439,51927.71566355945,51927.71566355945,매매가>전세가,0.44313132213244727,0.0,0.44313132213244727,0.10765019510671314,0.3538338380146884,0.10765019510671314,,-0.016060361696772406,0.49597829288553685,0.49597829288553696,0.42303724753369926,0.42968683183084283,0.040650808565352844,0.17581344966938262,0.3176234754412407,0.3039236270690009,0.5027110410624268,0.4380524685984739,0.38062720237454933,1,0,1,0,1,0.6,안정 정체 구간,관찰 필요,선별 검토 가능,0.40933983548651165,보통,0,0
11215,광진구,2023-07,121374.26470588236,115500.0,1492.087076650463,1536.050572583524,68,61649.82638888889,58750.0,809.8043906573965,774.1781800857552,288,472,184,0.3898305084745763,0.5427326617393536,0.4572673382606463,0.0081215825368081,0.0012756815894072,0.0068459009474008,0.0149253731343284,0.0021231422505307,59724.43831699347,59724.43831699347,매매가>전세가,0.49206838419758475,0.0,0.49206838419758475,-0.02205908812839613,-0.053555827363271025,0.02205908812839613,0.0053695492533752005,0.008806240866512821,0.5023423117734778,0.5023423117734777,0.43135895723013773,0.526479244667198,0.007381863246942204,0.0021383437463578887,0.27345188056980885,0.06212322256189153,0.6100956346775572,0.4284043964845093,0.3747070512434148,1,1,0,0,0,0.45,안정 정체 구간,매수 검토 가능,선별 검토 가능,0.40155572386396204,안정,0,0
11215,광진구,2023-08,116172.61904761904,116400.0,1512.772440365292,1532.6567877578364,84,63716.882575757576,60000.0,835.9937017583579,822.079662305709,264,411,147,0.3576642335766423,0.5526235668045942,0.4473764331954057,0.013863375696052,0.0323402927955243,-0.0184769170994723,0.2352941176470588,-0.1292372881355932,52455.73647186146,52455.73647186146,매매가>전세가,0.4515327010950826,0.0,0.4515327010950826,-0.032166274897934,-0.08251348778165679,0.032166274897934,0.0057417931592438996,-0.014464567745704345,0.48537923637739655,0.4853792363773965,0.4402575693023128,0.4950947601469794,0.11637290295179442,0.13016261478095545,0.2090414364460719,0.09067667788666359,0.5642281165798642,0.41296427903936567,0.38347680185338273,0,0,0,0,0,0.0,활발 관찰 구간,매수 검토 가능,선별 검토 가능,0.3982205404463742,안정,0,0
11215,광진구,2023-09,121817.08860759494,115000.0,1531.107776001335,1647.6403436507003,79,57391.036697247706,55000.0,789.117485392784,780.8951169293714,218,340,122,0.3588235294117647,0.5153899011953657,0.4846100988046343,0.0121203527687321,-0.0560724515830424,0.0681928043517745,-0.0595238095238095,-0.1727493917274939,64426.05191034723,64426.05191034723,매매가>전세가,0.5288753215723336,0.0,0.5288753215723336,0.0011592958351224203,0.003241296518607495,0.0011592958351224203,-0.0017430229273199,0.027116656921348136,0.5492356249319109,0.5492356249319108,0.43755623812702377,0.6025111040240069,0.029439573663400366,0.17398626088067404,0.21136283548428722,0.0030799596688390525,0.6947712972410814,0.4520721933039226,0.4049698691727689,0,0,1,0,0,0.25,완만 정체 구간,관찰 필요,조건부 관찰,0.42852103123834573,보통,0,0
11215,광진구,2023-10,144076.7441860465,134000.0,1434.6487935680664,1479.8507919036265,43,65782.95348837209,62000.0,841.7600999716328,817.1093030231716,258,438,180,0.410958904109589,0.5867360037839783,0.4132639962160217,-0.0629994726335871,0.0667107440315377,-0.1297102166651249,-0.4556962025316455,0.2882352941176471,78293.79069767441,78293.79069767441,매매가>전세가,0.5434172679289139,0.0,0.5434172679289139,0.05213537469782431,0.1452953065349203,0.05213537469782431,-0.0751198254023192,-0.03279430711960435,0.4268758095819154,0.42687580958191546,0.32113578085078304,0.3572349152478394,0.22538043229904486,0.29029903130703355,0.31575983667574276,0.14709067438374754,0.513479459735793,0.3614785603117001,0.33359680485662635,0,0,1,0,0,0.25,완만 정체 구간,거주 안정권,안정 관찰,0.34753768258416323,낮음,0,0
11215,광진구,2023-11,130480.55555555556,117500.0,1501.7550271375844,1472.2226668582232,36,63775.704280155645,61290.0,804.1422583123104,800.847956659993,257,403,146,0.3622828784119106,0.5354683312397784,0.4645316687602215,0.0467753737851202,-0.0446895043618604,0.0914648781469806,-0.1627906976744185,-0.0799086757990867,66704.85127539991,66704.85127539991,매매가>전세가,0.5112244578618348,0.0,0.5112244578618348,-0.04867602569767843,-0.11844499586435087,0.04867602569767843,0.1097748464187073,0.06234960248222571,0.5148007657929581,0.514800765792958,0.4912644752273868,0.631353946018412,0.08051381076316005,0.08048081428929495,0.21828991069537151,0.1373177900608652,0.6779641486111369,0.46135391615897253,0.43051280289725563,0,0,1,0,0,0.25,완만 정체 구간,관찰 필요,신중 투자 구간,0.4459333595281141,주의,0,0
11215,광진구,2023-12,108055.6603773585,104000.0,1462.598219514582,1505.9368664929048,53,64637.8629032258,62000.0,832.0271505364158,823.8686546509048,248,409,161,0.393643031784841,0.5688692488717476,0.4311307511282524,-0.0260740313269581,0.0346765661620975,-0.0607505974890557,0.4722222222222223,0.0148883374689825,43417.79747413269,43417.79747413269,매매가>전세가,0.4018095611327203,0.0,0.4018095611327203,0.03136015337293041,0.08656261513212993,0.03136015337293041,-0.0728494051120783,-0.03026606192991145,0.45751760713839607,0.4575176071383962,0.37836270781741593,0.4427017892957996,0.23355395106297638,0.014994936543939415,0.2810861596532728,0.08839933252089871,0.5607785623520181,0.3888670273535975,0.3682170878326181,0,0,0,0,0,0.0,활발 관찰 구간,매수 검토 가능,선별 검토 가능,0.3785420575931078,안정,0,0
11215,광진구,2024-01,128421.47457627118,119500.0,1406.4428296699075,1504.9448186899815,59,64246.93227091633,62000.0,814.9277884805293,793.8010173902757,251,398,147,0.3693467336683417,0.5794247524954804,0.4205752475045196,-0.0383942692500417,-0.02055144720321,-0.0178428220468317,0.1132075471698113,-0.0268948655256723,64174.54230535485,64174.54230535485,매매가>전세가,0.49971815474864956,0.0,0.49971815474864956,-0.024296298116499304,-0.06172165173694544,0.024296298116499304,-0.012320237923083597,-0.05313097840205918,0.4394147335760734,0.4394147335760735,0.35926884377985135,0.49588064212611416,0.05599073632586335,0.027087430195307183,0.23243472714478092,0.06844348525259063,0.6423238257298536,0.3780676109136687,0.3400680129069574,0,0,0,0,0,0.0,활발 관찰 구간,거주 안정권,안정 관찰,0.359067811910313,낮음,0,0
11215,광진구,2024-02,123722.72727272728,115200.0,1463.8205176027589,1446.930503671183,66,65870.93103448275,63000.0,828.0902577033105,823.8686546509048,232,366,134,0.366120218579235,0.5657047757872948,0.4342952242127051,0.0407963172924119,0.0161517000755653,0.0246446172168466,0.11864406779661,-0.0804020100502512,57851.796238244526,57851.796238244526,매매가>전세가,0.4675923131788014,0.0,0.4675923131788014,-0.0032265150891067074,-0.008735734731050826,0.0032265150891067074,0.07919058654245359,0.042101241191977785,0.46294473389437774,0.4629447338943777,0.48199815322472567,0.5485385405245626,0.058679556996879316,0.08097768076660145,0.22597388358982362,0.00891998755800883,0.5881308966479013,0.4095422581243653,0.3778319279182227,0,0,0,0,0,0.0,활발 관찰 구간,매수 검토 가능,선별 검토 가능,0.393687093021294,안정,0,0
11215,광진구,2024-03,118516.39344262295,110500.0,1516.3345667203375,1538.826233569786,122,68131.23481781376,63000.0,818.3171565192152,800.0941287210261,247,376,129,0.3430851063829787,0.5396679429983212,0.4603320570016788,0.03587465026353,-0.0118019758029767,0.0476766260665068,0.8484848484848484,0.0273224043715847,50385.15862480919,50385.15862480919,매매가>전세가,0.4251323986601232,0.0,0.4251323986601232,-0.023035112196256313,-0.06291679898380453,0.023035112196256313,-0.0049216670288819014,0.004428149169519648,0.5075983580835988,0.5075983580835989,0.47437056992038346,0.5770838518668348,0.4196477409473799,0.02751803017854115,0.17984787702832788,0.06488055358317454,0.6294050566799958,0.4359901853710324,0.4573855261871277,0,0,0,0,0,0.0,활발 관찰 구간,관찰 필요,신중 투자 구간,0.44668785577908005,주의,0,0
11215,광진구,2024-04,126510.625,119750.0,1570.4651535573885,1584.571579438394,80,69566.09375,63500.0,842.8531597167624,825.0528875069202,192,313,121,0.3865814696485623,0.536690137827985,0.463309862172015,0.0356983135681787,0.029983488678049,0.0057148248901297,-0.3442622950819672,-0.1675531914893616,56944.53125,56944.53125,매매가>전세가,0.45011659099779167,0.0,0.45011659099779167,0.04349636326558365,0.12678009758030595,0.04349636326558365,-0.00017633669535129654,0.015534827339818143,0.5127053460979484,0.5127053460979485,0.47409728389239514,0.5250774165237068,0.17026691128602708,0.168752856344894,0.266945934997222,0.12268490919851019,0.567707984870948,0.4451919625309627,0.41709033883025737,0,0,1,0,0,0.25,완만 정체 구간,관찰 필요,조건부 관찰,0.43114115068061004,보통,0,0
11215,광진구,2024-05,119316.36363636365,117850.0,1519.5302575595322,1578.2345028526706,110,62790.985,60000.0,831.5004082050478,823.8201718253501,200,325,125,0.3846153846153846,0.5472088522544417,0.4527911477455583,-0.0324329997914818,-0.013469429853629,-0.0189635699378527,0.375,0.0383386581469649,56525.37863636365,56525.37863636365,매매가>전세가,0.4737437256186761,0.0,0.4737437256186761,-0.0019660850331777446,-0.00508582326764162,0.0019660850331777446,-0.0681313133596605,-0.04600355543626095,0.4946655666532054,0.49466556665320555,0.36850759949574263,0.49449161446056333,0.18546931407942238,0.03861315927928207,0.26300900383022063,0.005359191254091996,0.6318670858468152,0.4036194849284799,0.37408910735720563,0,0,0,0,0,0.0,활발 관찰 구간,매수 검토 가능,선별 검토 가능,0.3888542961428427,안정,0,0
11215,광진구,2024-06,111443.82978723403,115000.0,1561.350264745636,1576.6088576752186,235,66779.5076923077,63000.0,851.8622644614929,849.8583569405099,195,319,124,0.3887147335423197,0.5455933134902771,0.4544066865097229,0.0275216679484022,0.0244880893088195,0.0030335786395827,1.1363636363636362,-0.0184615384615384,44664.322094926334,44664.322094926334,매매가>전세가,0.4007787795896679,0.0,0.4007787795896679,0.004099348926935142,0.01065830721003147,0.004099348926935142,0.059954667739884004,-0.010997536642541595,0.49743624392500774,0.4974362439250077,0.4614251455195767,0.5217543451621615,0.5620282244830981,0.018593721314484973,0.27121762872818844,0.011385799515644505,0.5758220516574188,0.4244553883891479,0.4561813971341295,0,0,0,0,0,0.0,활발 관찰 구간,매수 검토 가능,신중 투자 구간,0.4403183927616387,보통,0,0
11215,광진구,2024-07,129946.9512195122,126250.0,1622.809689318261,1644.5297219233598,246,68146.15789473684,63450.0,864.2247222754285,837.9420144126026,190,324,134,0.4135802469135802,0.5325484115383163,0.4674515884616836,0.0393629962221433,0.0145122730864837,0.0248507231356596,0.0468085106382978,0.0156739811912225,61800.79332477535,61800.79332477535,매매가>전세가,0.47558478859868514,0.0,0.47558478859868514,0.024865513371260473,0.06396853843090389,0.024865513371260473,0.011841328273741101,0.03488077191484201,0.5198084792145002,0.5198084792145001,0.4797767969645021,0.5487939831852705,0.023150779629771835,0.015786205400228865,0.3210088701662971,0.07005155510601285,0.5905515432992504,0.45329589915694696,0.39812489621009667,0,0,0,0,0,0.0,활발 관찰 구간,관찰 필요,조건부 관찰,0.4257103976835218,보통,0,0
11215,광진구,2024-08,134065.11627906977,138500.0,1689.1244292562062,1736.709532016439,129,71543.67475728155,65000.0,892.3801271354962,870.546764389934,206,339,133,0.3923303834808259,0.5283092895225305,0.4716907104774694,0.0408641508455644,0.032578800553098,0.0082853502924664,-0.4756097560975609,0.0462962962962962,62521.44152178822,62521.44152178822,매매가>전세가,0.4663513019422865,0.0,0.4663513019422865,-0.021249863432754312,-0.05138026680755525,0.021249863432754312,0.001501154623421097,0.05108980756138349,0.5270786477069336,0.5270786477069336,0.4821032814413368,0.5282632631600935,0.2352293739543893,0.04662777335808352,0.27845768431666135,0.059837110538677435,0.5638759551182457,0.4489237850292152,0.427818952764739,0,0,1,0,0,0.25,완만 정체 구간,관찰 필요,신중 투자 구간,0.43837136889697714,보통,0,0
11215,광진구,2024-09,113209.74324324324,111750.0,1545.0738722906483,1569.123881300047,74,69580.4129032258,65000.0,866.8282904130856,870.6906694905283,155,292,137,0.4691780821917808,0.5610270848266755,0.4389729151733245,-0.08528119922402,-0.0286333547167068,-0.0566478445073131,-0.4263565891472868,-0.1386430678466076,43629.33034001743,43629.33034001743,매매가>전세가,0.3853849420564019,0.0,0.3853849420564019,0.07684769871095493,0.1958749613760431,0.07684769871095493,-0.12614535006958438,-0.0741270288823353,0.47096705580740506,0.47096705580740517,0.2866036345808813,0.4477866415111984,0.210869504379705,0.13963573897677423,0.43233917726434656,0.21690458559066192,0.6542569233849177,0.4105664456030153,0.3650374089670297,0,0,1,0,1,0.35,완만 정체 구간,매수 검토 가능,선별 검토 가능,0.3878019272850225,안정,0,0
11215,광진구,2024-10,127340.02739726027,125000.0,1524.2114981334962,1566.5488810365134,73,68947.53023255814,62500.0,839.4302006507735,835.8408559010364,215,355,140,0.3943661971830985,0.5507307887906072,0.4492692112093928,-0.0135025091882647,-0.0316072860857548,0.01810477689749,-0.0135135135135134,0.2157534246575343,58392.49716470213,58392.49716470213,매매가>전세가,0.4585557138490018,0.0,0.4585557138490018,-0.0748118850086823,-0.15945306877762944,0.0748118850086823,0.0717786900357553,-0.010002858867339292,0.48862538381764864,0.4886253838176487,0.39784601130230246,0.5404332215633149,0.006683578885744894,0.21729819858109659,0.2825342416778307,0.21115328041318196,0.6586479923729063,0.4344233290477682,0.38079259578348046,0,0,1,0,1,0.35,완만 정체 구간,관찰 필요,선별 검토 가능,0.40760796241562436,안정,0,0
11215,광진구,2024-11,137758.0,131000.0,1670.0576640481754,1687.0273414776032,75,65222.40291262136,63000.0,861.6305509369769,867.6501927210734,206,352,146,0.4147727272727273,0.5159286229964104,0.4840713770035896,0.0956863047505403,0.0264469282484622,0.069239376502078,0.0273972602739727,-0.0084507042253521,72535.59708737864,72535.59708737864,매매가>전세가,0.5265436278646514,0.0,0.5265436278646514,0.020406530089628783,0.051745129870130135,0.020406530089628783,0.109188813938805,0.06869827689647445,0.5483117076090414,0.5483117076090414,0.5670664744773085,0.6038082000813925,0.013550269521784331,0.008511210460855814,0.3233967186126968,0.05745463938365727,0.5729297868896939,0.4878721907879612,0.433862036941538,0,0,0,0,0,0.0,활발 관찰 구간,신중 매수 구간,신중 투자 구간,0.4608671138647496,주의,0,0
11215,광진구,2024-12,119923.73333333334,120000.0,1604.256755699682,1602.6396417629037,75,65093.80357142857,60750.0,843.7152556852789,838.8567982711317,224,466,242,0.51931330472103,0.525922831671231,0.474077168328769,-0.0394003810557018,-0.0207923166515116,-0.0186080644041902,0.0,0.3238636363636364,54829.929761904765,54829.929761904765,매매가>전세가,0.45720666158301243,0.0,0.45720666158301243,0.1045405774483027,0.25204303603974343,0.1045405774483027,-0.1350866858062421,-0.02537321039508318,0.5311714647134811,0.5311714647134812,0.35770957502678047,0.4949322193686518,0.0,0.3261824690822304,0.5327310305205261,0.2951387563714344,0.6426794742749407,0.47626898020525144,0.3859522471659483,0,0,0,0,1,0.1,활발 관찰 구간,신중 매수 구간,선별 검토 가능,0.4311106136855999,보통,0,0
11215,광진구,2025-01,132030.94791666666,128250.0,1623.9716589440156,1648.6104569006122,96,63125.58767772512,60000.0,837.0946929385213,812.1019108280256,211,427,216,0.5058548009367682,0.5154613926469878,0.4845386073530122,0.0122891196650971,-0.0078469160088615,0.0201360356739587,0.28,-0.0836909871244635,68905.36023894153,68905.36023894153,매매가>전세가,0.5218879461687437,0.0,0.5218879461687437,-0.013458503784261833,-0.02591596183250422,0.013458503784261833,0.051689500720798906,-0.018084293326716475,0.5491130158404232,0.549113015840423,0.43781779250554737,0.5429507142652976,0.1384837545126354,0.0842902066026816,0.505781431639837,0.037826016382095054,0.6235653320016352,0.47603252873803154,0.41289842171342184,0,1,0,0,0,0.2,활발 관찰 구간,신중 매수 구간,조건부 관찰,0.44446547522572666,보통,0,0
11215,광진구,2025-02,135276.82926829267,129500.0,1650.2170657786812,1723.9343488015115,164,62876.28515625,60000.0,824.3899510904574,805.0478633317273,256,465,209,0.4494623655913978,0.4995645531646807,0.5004354468353193,0.0161612468358787,-0.0151771859925015,0.0313384328283802,0.7083333333333333,0.0889929742388759,72400.54411204267,72400.54411204267,매매가>전세가,0.5352028466637969,0.0,0.5352028466637969,-0.05639243534537036,-0.11147949024293125,0.05639243534537036,0.0038721271707816,-0.010545834842432319,0.5763763739374927,0.5763763739374927,0.4438188024045964,0.5568346927163332,0.35033092659446446,0.0896301554386769,0.3928600001921526,0.1591171456250729,0.6343886218508055,0.4934839258186084,0.4703237834539853,0,0,0,0,0,0.0,활발 관찰 구간,신중 매수 구간,우선 점검 구간,0.4819038546362968,주의,0,1
11215,광진구,2025-03,145395.67567567568,143000.0,1747.1131821145736,1765.121204989409,259,66773.2723880597,60350.0,832.043862163464,806.6057303014596,268,518,250,0.4826254826254826,0.4762392446472306,0.5237607553527694,0.0587171944499134,0.0092843332974672,0.0494328611524461,0.5792682926829269,0.1139784946236559,78622.40328761598,78622.40328761598,매매가>전세가,0.5407478793454192,0.0,0.5407478793454192,0.03316311703408481,0.07378396852081082,0.03316311703408481,0.042555947614034695,0.04330124490287837,0.61637968651693,0.6163796865169302,0.5097718694480231,0.5792604868987851,0.28649731443162807,0.1147945697641594,0.45926654255587734,0.09349282129525462,0.5982707006804683,0.5268206330955995,0.48586324084455684,0,1,0,0,0,0.2,활발 관찰 구간,우선 점검 구간,우선 점검 구간,0.5063419369700781,높음,0,1
11215,광진구,2025-04,134567.82857142857,127000.0,1661.3578462214136,1674.9015995310276,175,67806.24745762712,64000.0,859.05760176613,822.4891558224892,295,506,211,0.41699604743083,0.5170816171362284,0.4829183828637716,-0.0490840185805067,0.0324667254108759,-0.0815507439913826,-0.3243243243243243,-0.0231660231660231,66761.58111380145,66761.58111380145,매매가>전세가,0.4961184394705784,0.0,0.4961184394705784,-0.06562943519465259,-0.13598418972332016,0.06562943519465259,-0.10780121303042009,-0.03430485484715109,0.5463343024680593,0.5463343024680591,0.3427019055773738,0.4169225938400566,0.1604058932578788,0.023331889680338298,0.3278487429539379,0.18521226670528476,0.5640414363013213,0.4384169271125664,0.38572401640651716,0,0,1,0,1,0.35,완만 정체 구간,관찰 필요,선별 검토 가능,0.4120704717595418,보통,0,0
11215,광진구,2025-05,146906.6535433071,139125.0,1730.637403719333,1748.3712495803547,254,67692.14285714286,63000.0,869.9919905246882,831.316565533593,252,409,157,0.3838630806845965,0.502700328014972,0.497299671985028,0.0417005629795461,0.012728353414344,0.028972209565202,0.4514285714285715,-0.191699604743083,79214.51068616424,79214.51068616424,매매가>전세가,0.5392166302584269,0.0,0.5392166302584269,-0.033132966746233505,-0.0794563088795931,0.033132966746233505,0.0907845815600528,0.020885493929926224,0.5709984651556606,0.5709984651556606,0.48339955020378444,0.5539020531800409,0.2232697266632285,0.1930721556123652,0.2615025741782996,0.0934076447850326,0.5931855362793584,0.47658549498173725,0.45014100695923376,0,0,0,0,0,0.0,활발 관찰 구간,신중 매수 구간,신중 투자 구간,0.4633632509704855,주의,0,0
11215,광진구,2025-06,147907.3033707865,139750.0,1772.6179457085193,1765.8485452625991,356,73486.92783505155,69000.0,893.1215910170666,872.6003490401396,291,425,134,0.3152941176470588,0.5038432523936137,0.4961567476063863,0.024257271857736,0.0265859924508375,-0.0023287205931015,0.4015748031496062,0.0391198044009779,74420.37553573496,74420.37553573496,매매가>전세가,0.5031555159191272,0.0,0.5031555159191272,-0.06856896303753773,-0.17862869988759833,0.06856896303753773,-0.0174432911218101,-0.009632146830594036,0.569038329831437,0.5690383298314371,0.45636599524106186,0.5151084419712353,0.19861280877796406,0.03939989846590136,0.1241986004864134,0.19351662268995035,0.5727244558209459,0.4620118528151994,0.44260188646915205,0,0,0,0,1,0.1,활발 관찰 구간,관찰 필요,신중 투자 구간,0.4523068696421757,주의,0,0
11215,광진구,2025-07,137132.92682926828,134250.0,1740.1053802052982,1772.579815701497,82,71777.74893617022,65000.0,873.3712397661532,839.7715821296607,235,397,162,0.4080604534005038,0.5019070969501356,0.4980929030498644,-0.0183415527197687,-0.0221138436799206,0.0037722909601518,-0.7696629213483146,-0.0658823529411765,65355.177893098065,65355.177893098065,매매가>전세가,0.4765826807916515,0.0,0.4765826807916515,0.092766335753445,0.2942215872777174,0.092766335753445,-0.042598824577504704,0.043210918865128574,0.5723588703228903,0.5723588703228905,0.39034647762127855,0.5226698872375688,0.3806636109195635,0.06635406429875056,0.3099559163263917,0.2618757632277389,0.6446307352931441,0.4803150578456853,0.46621599554548954,0,0,1,0,1,0.35,완만 정체 구간,신중 매수 구간,신중 투자 구간,0.4732655266955874,주의,0,0
11215,광진구,2025-08,137441.03773584907,136500.0,1776.0012977300914,1765.5093479081795,106,69003.89690721649,62300.0,859.6173877059152,834.4459511448607,194,311,117,0.3762057877813505,0.4840184457098048,0.5159815542901951,0.0206285883217935,-0.015748002033958,0.0363765903557516,0.2926829268292683,-0.216624685138539,68437.14082863257,68437.14082863257,매매가>전세가,0.4979381846647827,0.0,0.4979381846647827,-0.03185466561915329,-0.07806359414076458,0.03185466561915329,0.0389701410415622,0.02338051217199302,0.6030382204655105,0.6030382204655104,0.4507422734831549,0.5630788625648677,0.14475653781808576,0.21817569720397004,0.24616944535786245,0.08979636155103736,0.6352314431221948,0.48718886133084854,0.44452072120034974,0,0,0,0,0,0.0,활발 관찰 구간,신중 매수 구간,신중 투자 구간,0.46585479126559914,주의,0,0
11215,광진구,2025-09,148376.9607843137,145000.0,1896.4037753995824,1930.81819056268,306,69554.11666666667,64000.0,866.0533529612657,859.2279790724024,240,423,183,0.4326241134751773,0.4566819388338243,0.5433180611661756,0.0677941383395257,0.0074870114860359,0.0603071268534898,1.8867924528301887,0.360128617363344,78822.84411764704,78822.84411764704,매매가>전세가,0.5312337151333546,0.0,0.5312337151333546,0.05641832569382682,0.14996666060495856,0.05641832569382682,0.047165550017732205,-0.022286672043147604,0.6499208084737969,0.6499208084737969,0.5238392871056101,0.5927377872107578,0.9331789387643893,0.36270710388384525,0.3591427201989112,0.15919028753140654,0.6009244821865755,0.5442802661573855,0.6066835673969015,0,1,0,1,0,0.4,완만 정체 구간,우선 점검 구간,우선 점검 구간,0.5754819167771434,높음,1,1
11215,광진구,2025-10,152147.5,158500.0,1897.571215556613,1917.335614544889,260,74500.36150234741,70000.0,904.5257184316348,898.5507246376811,213,376,163,0.4335106382978723,0.4766755055178844,0.5233244944821156,0.0006156073786471,0.0444226274730328,-0.0438070200943856,-0.1503267973856209,-0.1111111111111111,77647.13849765259,77647.13849765259,매매가>전세가,0.5103412050651676,0.0,0.5103412050651676,0.0008865248226949674,0.002049180327868605,0.0008865248226949674,-0.0671785309608786,-0.00941031227049044,0.6156314914839731,0.6156314914839732,0.4197262217234038,0.4637012468394206,0.07434935466364644,0.11190665605940067,0.3609179166659465,0.002309363943754194,0.5463883084198355,0.47665259408738025,0.4035398553258779,1,0,1,0,0,0.5,안정 정체 구간,신중 매수 구간,조건부 관찰,0.44009622470662907,보통,0,0
11215,광진구,2025-11,115657.65789473684,105000.0,1636.5191861406977,1519.5613763415558,38,72947.83208955223,68625.0,913.8357267876332,879.8391151332328,268,517,249,0.4816247582205029,0.5584020856747032,0.4415979143252968,-0.1375716638594463,0.0102926961238218,-0.1478643599832682,-0.8538461538461538,0.375,42709.825805184606,42709.825805184606,매매가>전세가,0.3692779759041634,0.0,0.3692779759041634,0.048114119922630594,0.11098717233686561,0.048114119922630594,-0.1381872712380934,-0.06896951542420861,0.47546897532193366,0.4754689753219337,0.20556404521230057,0.33473511175474224,0.4222993612885309,0.3776849642004773,0.457262670376872,0.13573036995966395,0.5967818328533456,0.37807866523967687,0.3513919139453314,0,0,1,0,0,0.25,완만 정체 구간,거주 안정권,선별 검토 가능,0.3647352895925041,낮음,0,0
11215,광진구,2025-12,140544.14705882352,159500.0,1879.7314069166343,1959.660978775994,68,75643.77777777778,70000.0,915.1951960805496,914.5748200038918,243,464,221,0.4762931034482758,0.4868755146150187,0.5131244853849812,0.1486155633466719,0.0014876517223672,0.1471279116243047,0.7894736842105263,-0.1025145067698258,64900.36928104574,64900.36928104574,매매가>전세가,0.46177923904495477,0.0,0.46177923904495477,-0.005331654772227079,-0.011070142639523661,0.005331654772227079,0.2861872272061182,0.1233687940078258,0.598138297260175,0.598138297260175,0.6490960646161562,0.700341355290312,0.39046171385141554,0.10324850085170999,0.4465864496182276,0.014867143108309472,0.6097826565480322,0.5476301208887114,0.5392918594108982,0,1,0,0,0,0.2,활발 관찰 구간,우선 점검 구간,우선 점검 구간,0.5434609901498049,높음,1,1
11215,광진구,2026-01,138812.35294117648,149000.0,1828.61294622303,1964.9293181608855,68,73373.13617021276,68250.0,931.2645527648916,890.7892392659896,235,445,210,0.4719101123595505,0.5092737392505087,0.4907262607494913,-0.0271945558314925,0.0175583927375944,-0.0447529485690869,0.0,-0.0409482758620689,65439.216770963714,65439.216770963714,매매가>전세가,0.4714221420819401,0.0,0.4714221420819401,-0.004382991088725308,-0.009202298032436884,0.004382991088725308,-0.1758101191781644,-0.06911462330413636,0.5597249497733608,0.559724949773361,0.3766261226415524,0.4625288861046657,0.0,0.04124146160809803,0.437809853524618,0.012187106939714948,0.5860538868728423,0.4507354222450465,0.3649534448638915,0,0,0,0,0,0.0,활발 관찰 구간,관찰 필요,선별 검토 가능,0.407844433554469,안정,0,0
11215,광진구,2026-02,140761.64556962025,148000.0,1868.840401212831,1837.790249807417,79,74414.01734104047,68250.0,902.738041022451,875.1458576429404,173,419,246,0.5871121718377088,0.4830471561063194,0.5169528438936806,0.021998889963505,-0.0306320171402922,0.0526309071037973,0.161764705882353,-0.0584269662921348,66347.62822857978,66347.62822857978,매매가>전세가,0.47134734721301946,0.0,0.47134734721301946,0.11520205947815831,0.2441186498465735,0.11520205947815831,0.0491934457949975,0.0219158077293251,0.6047039991446785,0.6047039991446785,0.4528659624411635,0.5832240672344864,0.08000637077935871,0.05884529779303314,0.6684929474950028,0.3252581316018242,0.6572079883210509,0.5571406119333695,0.46339117441285366,0,0,0,0,1,0.1,활발 관찰 구간,우선 점검 구간,신중 투자 구간,0.5102658931731116,높음,0,1
11215,광진구,2026-03,129663.33333333331,129000.0,1805.6643224458596,1952.9161354663815,60,77438.52071005917,70000.0,926.2695968177612,924.1620448517,169,421,252,0.5985748218527316,0.5129799516463194,0.4870200483536806,-0.0338049620106519,0.0260668707044382,-0.0598718327150902,-0.240506329113924,0.0047732696897375,52224.81262327415,52224.81262327415,매매가>전세가,0.4027724051256394,0.0,0.4027724051256394,0.01146265001502278,0.01952378193615667,0.01146265001502278,-0.055803851974156896,-0.01515983643502056,0.5533687306114798,0.55336873061148,0.36638133698027386,0.44379090897412227,0.11895078371338479,0.0048074458450339495,0.6914460056481555,0.03218760059596321,0.5734909494345273,0.4705735628233112,0.37677488252150126,0,0,1,0,0,0.25,완만 정체 구간,신중 매수 구간,선별 검토 가능,0.42367422267240623,보통,0,0
11215,광진구,2026-04,139903.4090909091,145500.0,1851.6218468705629,1812.0286882263977,88,77664.69677419355,70000.0,939.5692156290244,938.4950561421148,155,279,124,0.4444444444444444,0.5074304006603703,0.4925695993396297,0.0254518649194173,0.0143582590392201,0.0110936058801971,0.4666666666666665,-0.33729216152019,62238.71231671554,62238.71231671554,매매가>전세가,0.4448691616676252,0.0,0.4448691616676252,-0.15413037740828717,-0.25749559082892415,0.15413037740828717,0.0592568269300692,0.005031941004071394,0.562886307735931,0.5628863077359308,0.4582173716221319,0.5317437468036916,0.23080625752105888,0.3397071411969455,0.3828120064260508,0.43523314366319527,0.5907789481121832,0.5117418366407637,0.4731466843872189,0,0,0,0,1,0.1,활발 관찰 구간,신중 매수 구간,우선 점검 구간,0.49244426051399126,주의,0,1
11530,구로구,2023-06,63573.21428571428,62500.0,926.8635391211432,925.5531416520062,140,36390.58588235294,36000.0,512.9360589606245,500.3335557038025,425,765,340,0.4444444444444444,0.5534105478428821,0.4465894521571178,0.0650816983040687,0.0266001147724024,0.0384815835316663,0.0218978102189781,-0.0192307692307692,27182.62840336134,27182.62840336134,매매가>전세가,0.42757989679734704,0.0,0.42757989679734704,-0.013247863247863256,-0.028944911297852483,0.013247863247863256,,0.04626930332386339,0.4840295501151477,0.4840295501151476,0.5196355564982632,0.5656877398873827,0.01083032490974729,0.019368459702588547,0.3828120064260508,0.03723094326404702,0.5727036039314547,0.4468175644844305,0.3918226448802977,0,0,0,0,0,0.0,활발 관찰 구간,관찰 필요,조건부 관찰,0.41932010468236414,보통,0,0
11530,구로구,2023-07,69297.96621621621,65500.0,944.902507855924,959.099702348612,148,36607.217054263565,36000.0,523.8196841191501,515.3231333707802,387,707,320,0.4526166902404526,0.5543637356913658,0.4456362643086342,0.0194623781963474,0.0212182882610738,-0.0017559100647264,0.0571428571428571,-0.0758169934640522,32690.749161952648,32690.749161952648,매매가>전세가,0.4717418265920592,0.0,0.4717418265920592,0.00817224579600817,0.018387553041018467,0.00817224579600817,-0.045619320107721295,0.02014703652605212,0.482394816262805,0.4823948162628049,0.44893488488290895,0.5158183694022,0.02826199071686434,0.07635983589935567,0.3991762880495669,0.022891996189874763,0.5806499781277749,0.42811722469811303,0.36831733477552064,0,0,0,0,0,0.0,활발 관찰 구간,매수 검토 가능,선별 검토 가능,0.39821727973681686,안정,0,0
11530,구로구,2023-08,69179.19254658386,69500.0,961.8344555769974,954.3108932821226,161,32310.506072874497,31250.0,458.7675394037739,459.04495115765417,494,924,430,0.4653679653679654,0.4769714130573152,0.5230285869426847,0.0179192536587649,-0.1241880492230207,0.1421073028817856,0.0878378378378379,0.306930693069307,36868.68647370936,36868.68647370936,매매가>전세가,0.5329447354980724,0.0,0.5329447354980724,0.012751275127512784,0.02817234848484862,0.012751275127512784,-0.0015431245375824992,-0.010408689782991445,0.6151240048719265,0.6151240048719265,0.44654335557173996,0.694118934978718,0.043443262757342206,0.3091282875304237,0.4247097169813644,0.03582804975544235,0.7953453358716265,0.5247151226922125,0.4535251542044115,0,0,0,0,0,0.0,활발 관찰 구간,우선 점검 구간,신중 투자 구간,0.48912013844831204,주의,0,1
11530,구로구,2023-09,64784.43708609272,65000.0,917.3117847113814,879.7476034461838,151,32992.06882591093,31000.0,464.47267586198336,463.1058968817536,494,824,330,0.4004854368932038,0.5063411193481209,0.4936588806518791,-0.0462893282804129,0.0124357893011,-0.058725117581513,-0.062111801242236,-0.1082251082251082,31792.368260181793,31792.368260181793,매매가>전세가,0.4907408274294732,0.0,0.4907408274294732,-0.06488252847476156,-0.1394219914201853,0.06488252847476156,-0.0642085819391778,-0.03129302412779686,0.564754444261896,0.5647544442618959,0.34703310737316967,0.44521211980824976,0.03071955512702647,0.10899998966824738,0.2947875395395861,0.18310220698793025,0.5936175130283966,0.44900298086091245,0.3790312548957945,0,0,1,0,1,0.35,완만 정체 구간,관찰 필요,선별 검토 가능,0.4140171178783535,보통,0,0
11530,구로구,2023-10,63882.04918032787,61100.0,927.0266719709236,880.2378566532656,122,33876.62813102119,33000.0,482.5475486783219,471.48572223361646,519,929,410,0.4413347685683531,0.5205325405065121,0.4794674594934879,0.0105906055296116,0.038914824823214,-0.0283242192936024,-0.1920529801324503,0.1274271844660195,30005.42104930668,30005.42104930668,매매가>전세가,0.46970035298345886,0.0,0.46970035298345886,0.04084933167514926,0.10199954333431216,0.04084933167514926,0.0568799338100245,0.04079577104359435,0.5404159084555697,0.54041590845557,0.43518544090882394,0.48289025341690184,0.09498649197886531,0.12833955094190985,0.37658512423669355,0.11520687401580974,0.554520688897507,0.4570985082018941,0.3985293680230054,0,0,1,0,0,0.25,완만 정체 구간,관찰 필요,조건부 관찰,0.4278139381124498,보통,0,0
11530,구로구,2023-11,61051.6129032258,59500.0,920.7259850508284,884.070058381985,93,37159.68309859155,36000.0,511.3450460249307,506.0847879775573,426,691,265,0.3835021707670043,0.555371581042868,0.444628418957132,-0.0067966619630257,0.0596780512624797,-0.0664747132255054,-0.2377049180327869,-0.2561894510226049,23891.929804634252,23891.929804634252,매매가>전세가,0.3913398625930793,0.0,0.3913398625930793,-0.05783259780134875,-0.13104020331086097,0.05783259780134875,-0.0173872674926373,0.00877756673407981,0.4806663438356251,0.48066634383562523,0.40823871118153876,0.4356074595340009,0.11756524826892348,0.2580237430346999,0.2607798803583115,0.1631856975658691,0.523863370891802,0.4093066553175616,0.3709558114825022,1,0,1,0,0,0.5,안정 정체 구간,매수 검토 가능,선별 검토 가능,0.39013123340003186,안정,0,0
11530,구로구,2023-12,63344.642857142855,63750.0,894.903091411904,871.5366790611022,84,34277.26865671642,33000.0,464.7954707441116,470.8097928436912,603,934,331,0.354389721627409,0.5193807857013834,0.4806192142986166,-0.0280462309722896,-0.0910335900243562,0.0629873590520666,-0.0967741935483871,0.3516642547033284,29067.374200426435,29067.374200426435,매매가>전세가,0.4588765977571337,0.0,0.4588765977571337,-0.02911244913959532,-0.07591208436022778,0.02911244913959532,-0.0212495690092639,-0.032238261575242955,0.5423911881158566,0.5423911881158565,0.3753061993215583,0.5960596017809656,0.047863048794689646,0.35418213719523767,0.20248448294095384,0.0820494229097232,0.7463921155263314,0.4453538548083745,0.39949447567123036,0,0,1,0,0,0.25,완만 정체 구간,관찰 필요,조건부 관찰,0.4224241652398024,보통,0,0
11530,구로구,2024-01,62340.29197080292,60000.0,862.8417322270341,856.7729786983641,137,38198.939457202505,38000.0,543.8372889410961,550.1833944648216,479,884,405,0.4581447963800905,0.6302862606534191,0.3697137393465809,-0.0358266269192188,0.170057204022326,-0.2058838309415449,0.6309523809523809,-0.0535331905781584,24141.352513600417,24141.352513600417,매매가>전세가,0.38725119421813137,0.0,0.38725119421813137,0.10375507475268148,0.29277111727795924,0.10375507475268148,-0.007780395946929197,-0.05056333607123628,0.35218635640020557,0.3521863564002056,0.3632481673828453,0.2628271912069279,0.312059480832044,0.05391648311213089,0.41024588727257494,0.29291966053019525,0.36088635008739123,0.3403210367688458,0.3245811846358527,0,0,0,0,1,0.1,활발 관찰 구간,거주 안정권,안정 관찰,0.33245111070234923,낮음,0,0
11530,구로구,2024-02,62736.86440677966,64000.0,918.603709657802,906.0422458849214,118,36458.18625277162,38000.0,546.3928033543468,531.0674455655868,451,848,397,0.4681603773584906,0.5948079651865209,0.4051920348134791,0.0646259625004965,0.0046990422783008,0.0599269202221957,-0.1386861313868613,-0.0407239819004524,26278.67815400804,26278.67815400804,매매가>전세가,0.41887139885761066,0.0,0.41887139885761066,0.010015580978400107,0.02186116934544624,0.010015580978400107,0.1004525894197153,0.0659308864000624,0.41303225442064095,0.413032254420641,0.5189292586552521,0.5922665683633038,0.06859205776173284,0.04101556172312867,0.4303013031086635,0.02809953711883449,0.6050409743339621,0.41903558528585366,0.37989921682707894,0,1,1,0,0,0.45,안정 정체 구간,매수 검토 가능,선별 검토 가능,0.3994674010564663,안정,0,0
11530,구로구,2024-03,65103.00925925926,61650.0,892.5140113267373,869.0647998016811,216,38549.52760736196,38000.0,551.5067207663604,531.5291266149627,489,882,393,0.445578231292517,0.6179250003554972,0.3820749996445027,-0.0284014728623113,0.0093594157547809,-0.0377608886170922,0.8305084745762712,0.0400943396226414,26553.481651897302,26553.481651897302,매매가>전세가,0.4078687291727723,0.0,0.4078687291727723,-0.022582146065973585,-0.0482359190527597,0.022582146065973585,-0.0930274353628078,-0.059847973956321646,0.373386134281112,0.3733861342811119,0.374755646613821,0.471194675074978,0.41075689897815576,0.04038141126671759,0.38508232571722545,0.06360089501352746,0.5981598399345602,0.3584539374669511,0.3678488356842251,0,1,0,0,0,0.2,활발 관찰 구간,거주 안정권,선별 검토 가능,0.3631513865755881,낮음,0,0
11530,구로구,2024-04,64248.642533936654,64000.0,923.4963150264272,900.900900900901,221,33593.418386491554,32000.0,475.96193039930824,478.9272030651341,533,885,352,0.3977401129943503,0.5153912610746995,0.4846087389253005,0.034713520803594,-0.1369789116297204,0.1716924324333144,0.0231481481481481,0.0034013605442175,30655.2241474451,30655.2241474451,매매가>전세가,0.4771341920765526,0.0,0.4771341920765526,-0.0478381182981667,-0.1073618838142062,0.0478381182981667,0.0631149936659053,0.014550034575233444,0.5492332927150392,0.5492332927150392,0.4725710553187629,0.7307860246651786,0.011448723091322345,0.003425713961001873,0.2892902436248508,0.13495064754695002,0.8142312993569468,0.4975442974722909,0.44811544166544537,0,0,0,0,0,0.0,활발 관찰 구간,신중 매수 구간,신중 투자 구간,0.47282986956886813,주의,0,0
11530,구로구,2024-05,65798.70689655172,62750.0,933.9314465416978,917.8630265944928,232,37542.86265060241,36800.0,556.573919183736,548.6908236946645,415,866,451,0.5207852193995381,0.5959472948948253,0.4040527051051746,0.0112995919371612,0.169366463231205,-0.1580668712940438,0.0497737556561086,-0.0214689265536722,28255.844245949316,28255.844245949316,매매가>전세가,0.4294285644605898,0.0,0.4294285644605898,0.12304510640518784,0.3093605658198615,0.12304510640518784,-0.0234139288664328,-0.0022709637076179495,0.4110782840189957,0.41107828401899565,0.4362842257013537,0.3220903674886146,0.024617344855187285,0.021622642018256963,0.5356784242879358,0.3474152456581293,0.36190624264382265,0.4076046979825996,0.33398644433873315,0,0,0,0,1,0.1,활발 관찰 구간,매수 검토 가능,안정 관찰,0.37079557116066636,안정,0,0
11530,구로구,2024-06,74217.64705882352,70000.0,983.8804776458298,942.6092759426092,255,39151.09819121447,38000.0,575.0366441295472,550.4587155963302,387,804,417,0.5186567164179104,0.5844578251064199,0.4155421748935801,0.0534825455220411,0.0331720986367602,0.0203104468852808,0.0991379310344826,-0.0715935334872979,35066.54886760905,35066.54886760905,매매가>전세가,0.47248262720880874,0.0,0.47248262720880874,-0.0021285029816277,-0.004087103286229632,0.0021285029816277,0.0421829535848799,0.014963340931097302,0.4307829259093158,0.4307829259093156,0.5016592278304527,0.5431668752767521,0.04903211751524951,0.07210613635236207,0.5314162639103241,0.005818032447072046,0.562999938663086,0.4258388080564781,0.367675865561696,0,0,0,0,0,0.0,활발 관찰 구간,매수 검토 가능,선별 검토 가능,0.3967573368090871,안정,0,0
11530,구로구,2024-07,70363.16614420063,70900.0,1004.2837551748612,999.1039426523296,319,37783.30580357143,36400.0,563.0409022747075,540.5651759330644,448,1054,606,0.5749525616698292,0.5606392609394278,0.4393607390605721,0.0207375570433627,-0.0208608303093414,0.0415983873527042,0.2509803921568627,0.3109452736318407,32579.860340629202,32579.860340629202,매매가>전세가,0.4630243652461687,0.0,0.4630243652461687,0.056295845251918775,0.10854162969434689,0.056295845251918775,-0.0327449884786784,0.016255332736061407,0.47163218056559353,0.4716321805655935,0.4509111528479025,0.5695506307035967,0.12413109648191403,0.31317161210653166,0.644144281267104,0.15884427237348742,0.6427806360573818,0.46918421317958076,0.4036677116178934,0,0,0,0,0,0.0,활발 관찰 구간,신중 매수 구간,조건부 관찰,0.4364259623987371,보통,0,0
11530,구로구,2024-08,66526.4798206278,64000.0,948.491758772454,941.008732846195,223,39599.6608040201,39000.0,567.0639775707398,562.5366044705063,398,980,582,0.5938775510204082,0.5978586237846059,0.4021413762153941,-0.0555540165963284,0.0071452629458692,-0.0626992795421976,-0.3009404388714733,-0.0702087286527514,26926.819016607704,26926.819016607704,매매가>전세가,0.40475340179142516,0.0,0.40475340179142516,0.018924989350578958,0.03291574055364732,0.018924989350578958,-0.07629157363969111,-0.04532835988050931,0.4078003215018955,0.4078003215018955,0.3326747240238464,0.44028664017541125,0.14884057807000664,0.07071141644740117,0.6820400890028663,0.05326919112106192,0.6014290807230565,0.39337529339322924,0.3249753911881222,0,1,1,0,0,0.45,안정 정체 구간,매수 검토 가능,안정 관찰,0.3591753422906757,낮음,0,0
11530,구로구,2024-09,64722.35294117647,64620.0,944.6566793180148,930.285769726861,136,37912.75153374233,37150.0,549.2595356612917,557.9528832408255,326,763,437,0.5727391874180865,0.5814382597260881,0.4185617402739119,-0.0040433450464586,-0.0313975893614703,0.0273542443150116,-0.3901345291479821,-0.2214285714285714,26809.601407434136,26809.601407434136,매매가>전세가,0.41422476453846324,0.0,0.41422476453846324,-0.021138363602321686,-0.035593808127620696,0.021138363602321686,0.0515106715498698,0.007110825295226101,0.435961533415111,0.4359615334151112,0.4125057926442075,0.5518967864180692,0.19295462271939906,0.22301397886123417,0.6397121728237372,0.059522116317281125,0.6583383709766388,0.4325645824809988,0.3803624575473822,1,0,1,0,0,0.5,안정 정체 구간,관찰 필요,선별 검토 가능,0.4064635200141905,안정,0,0
11530,구로구,2024-10,68431.31868131868,66000.0,968.6704823894252,951.875837427423,182,39527.378531073446,38000.0,572.4721900869843,564.4836654622083,354,735,381,0.5183673469387755,0.5909875447787608,0.4090124552212392,0.0254206672086911,0.0422617231355759,-0.0168410559268847,0.3382352941176469,-0.036697247706422,28903.94015024523,28903.94015024523,매매가>전세가,0.42237882751974243,0.0,0.42237882751974243,-0.054371840479310984,-0.09493298463550182,0.054371840479310984,0.0294640122551497,0.028920317529616508,0.4195843423230219,0.41958434232302194,0.4581690215130992,0.49712220667971796,0.16728604799320443,0.03695999649668277,0.5308368242106363,0.15340883464269572,0.549578926778071,0.42151042127576677,0.37834655611487134,0,0,0,0,0,0.0,활발 관찰 구간,매수 검토 가능,선별 검토 가능,0.39992848869531905,안정,0,0
11530,구로구,2024-11,68337.51937984496,67000.0,998.412734377734,955.8424394043096,129,40018.206896551725,38000.0,557.37089547077,536.2654320987654,319,677,358,0.5288035450516987,0.5582569976114682,0.4417430023885318,0.0307041997552597,-0.0263790885875515,0.0570832883428112,-0.2912087912087912,-0.0789115646258503,28319.312483293237,28319.312483293237,매매가>전세가,0.41440357713138704,0.0,0.41440357713138704,0.010436198112923178,0.02013282313122966,0.010436198112923178,0.0052835325465686,0.003716171901193853,0.4757178038911588,0.475717803891159,0.46635742280145503,0.5887422402046231,0.1440274526917126,0.07947656389524779,0.5517344928884558,0.02928780768643055,0.6509284544789335,0.4542260814539798,0.4020540626355212,0,0,1,0,0,0.25,완만 정체 구간,관찰 필요,조건부 관찰,0.42814007204475046,보통,0,0
11530,구로구,2024-12,68457.6,64000.0,945.9666926934336,917.2781854569712,125,38918.114457831325,38000.0,576.1909883018978,565.3930274120487,332,776,444,0.5721649484536082,0.6091028286221365,0.3908971713778635,-0.0525294198265484,0.0337658334585839,-0.0862952532851324,-0.0310077519379845,0.1462333825701625,29539.48554216868,29539.48554216868,매매가>전세가,0.43150045491178013,0.0,0.43150045491178013,0.043361403401909526,0.08199907850025911,0.043361403401909526,-0.0832336195818081,-0.03850224916592978,0.38851631329739733,0.3885163132973974,0.3373622341069457,0.4110423644670816,0.01533596395488764,0.1472803996291374,0.6385623043091962,0.12230363886820714,0.5621232773553189,0.3826054407525431,0.3001923878489484,0,0,1,0,0,0.25,완만 정체 구간,거주 안정권,안정 관찰,0.34139891430074576,낮음,0,0
11530,구로구,2025-01,65956.25,64800.0,947.0116832209804,936.3518282613236,136,38386.09063444109,37000.0,549.3762875129564,531.0255504533144,331,803,472,0.5877957658779577,0.5801156387473652,0.4198843612526348,0.0011046800438303,-0.0465378690978272,0.0476425491416575,0.088,0.0347938144329897,27570.15936555891,27570.15936555891,매매가>전세가,0.41800677518141055,0.0,0.41800677518141055,0.015630817424349464,0.027318725948862976,0.015630817424349464,0.0536340998703787,-0.029268732947983274,0.4382298515553146,0.43822985155531446,0.4204841849244229,0.5770416177553528,0.043523465703971115,0.035042934822724706,0.6698617909769565,0.04396294269878082,0.6806932960134839,0.44012626954719736,0.36381042270578895,1,0,0,0,0,0.25,완만 정체 구간,관찰 필요,선별 검토 가능,0.4019683461264931,안정,0,0
11530,구로구,2025-02,66225.55555555556,64000.0,962.9351849275575,930.9309309309308,225,39868.472160356345,37000.0,554.6201115144368,530.0977735893509,449,1005,556,0.5532338308457712,0.5759682688883794,0.4240317311116206,0.0168144722907939,0.0095450497603732,0.0072694225304206,0.6544117647058822,0.2515566625155665,26357.083395199217,26357.083395199217,매매가>전세가,0.39798961555088325,0.0,0.39798961555088325,-0.03456193503218652,-0.05879922421789363,0.03456193503218652,0.0157097922469636,-0.00989260938751712,0.4453426634920752,0.44534266349207535,0.4448311690569204,0.5270041470118605,0.3236621363346782,0.2533577842042221,0.6006542252186392,0.09744457247261121,0.5978857476224255,0.4382565089254798,0.4085307731334454,0,1,0,0,0,0.2,활발 관찰 구간,관찰 필요,조건부 관찰,0.4233936410294626,보통,0,0
11530,구로구,2025-03,69533.61344537816,67000.0,981.0321009800308,924.170616113744,357,39966.2802690583,39150.0,567.1807398306029,546.9382671155556,446,889,443,0.4983127109111361,0.578146973237676,0.4218530267623239,0.0187934934102906,0.0226472644164819,-0.0038537710061912,0.5866666666666667,-0.1154228855721393,29567.33317631986,29567.33317631986,매매가>전세가,0.4252235963480649,0.0,0.4252235963480649,-0.054921119934635054,-0.09927288765163356,0.054921119934635054,0.0019790211194967017,0.0033775438632555783,0.4416061473796349,0.4416061473796348,0.44789824945090684,0.5132183315975173,0.2901564380264741,0.11624930241394459,0.49067898755162315,0.1549605845752962,0.5785400663302487,0.42953451805977294,0.40580499195405767,0,0,0,0,0,0.0,활발 관찰 구간,매수 검토 가능,조건부 관찰,0.4176697550069153,보통,0,0
11530,구로구,2025-04,69527.95698924731,68500.0,977.926463846942,964.7172319674348,279,38348.661577608145,39000.0,539.878651699684,531.3014827018121,393,1004,611,0.6085657370517928,0.5520646711777523,0.4479353288222477,-0.0031656834980081,-0.0481364866851314,0.0449708031871233,-0.2184873949579832,0.1293588301462316,31179.295411639163,31179.295411639163,매매가>전세가,0.4484425655777737,0.0,0.4484425655777737,0.11025302614065674,0.22125268676985077,0.11025302614065674,-0.0219591769082987,0.011613480235347508,0.4863377521647918,0.4863377521647917,0.41386598961294574,0.57373032082952,0.10806055274095197,0.13028502702078693,0.7114520301945496,0.311276792825236,0.6830536867690755,0.4935812049507443,0.41507423753983663,1,0,1,0,1,0.6,안정 정체 구간,신중 매수 구간,조건부 관찰,0.4543277212452905,주의,0,0
11530,구로구,2025-05,61032.96444444444,58950.0,1053.4630032526743,1109.1815881150796,450,39401.547215496365,38850.0,555.2841516789437,541.813898704358,413,825,412,0.4993939393939394,0.5271036096801189,0.472896390319881,0.0772415331809193,0.0285351160501696,0.0487064171307496,0.6129032258064515,-0.1782868525896414,21631.417228948078,21631.417228948078,매매가>전세가,0.3544218673605176,0.0,0.3544218673605176,-0.10917179765785345,-0.17939195556216836,0.10917179765785345,0.08040721667892739,0.05642646413129942,0.529146409750494,0.5291464097504939,0.5384808284246118,0.5783601498544823,0.3031326423663677,0.17956336943395862,0.4928440628361431,0.3082222525378593,0.5698465359469833,0.5122059831545113,0.4848615606772327,0,0,0,0,1,0.1,활발 관찰 구간,신중 매수 구간,우선 점검 구간,0.498533771915872,높음,0,1
11530,구로구,2025-06,74515.75203252032,72000.0,1013.5110662251768,996.5879458573138,492,41106.28080229226,39900.0,574.2615193412984,565.5042412818096,349,702,353,0.5028490028490028,0.5666060672431887,0.4333939327568112,-0.0379243854830612,0.0341759576695557,-0.0721003431526169,0.0933333333333332,-0.149090909090909,33409.47123022806,33409.47123022806,매매가>전세가,0.4483544796762895,0.0,0.4483544796762895,0.003455063455063412,0.006918512986474168,0.003455063455063412,-0.11516591866398049,-0.07181380417139124,0.4613990032641343,0.46139900326413424,0.35999706808981974,0.42863519068789147,0.04616125150421172,0.15015838576697754,0.49976255657912305,0.009565651451008485,0.5615177207769912,0.399927161251737,0.3270968557687219,0,0,0,0,0,0.0,활발 관찰 구간,매수 검토 가능,안정 관찰,0.36351200851022947,낮음,0,0
11530,구로구,2025-07,66406.23853211009,65000.0,934.4981057412762,885.7586995532315,218,41869.125382262995,41808.0,576.0099264446904,556.9007263922518,327,666,339,0.509009009009009,0.6163842632808544,0.3836157367191456,-0.0779596425899762,0.0030446182523209,-0.0810042608422971,-0.556910569105691,-0.0512820512820513,24537.113149847093,24537.113149847093,매매가>전세가,0.36950012065481486,0.0,0.36950012065481486,0.006160006160006226,0.012250210550494023,0.006160006160006226,-0.040035257106915,-0.01640717100507893,0.37602852534545983,0.37602852534545983,0.2979505588681009,0.4175998917577404,0.2754395233483021,0.051649225873569564,0.5120974860613193,0.017207289271973,0.6074837644094404,0.3482773077999354,0.31775673142552185,0,1,1,0,0,0.45,안정 정체 구간,거주 안정권,안정 관찰,0.3330170196127286,낮음,0,0
11530,구로구,2025-08,66954.82456140351,65000.0,973.9221740760216,922.9558317097304,228,36983.14416475973,36750.0,516.3164508220202,522.8867357166722,437,795,358,0.450314465408805,0.5301413855905471,0.4698586144094528,0.0421874245571349,-0.1036327203441035,0.1458201449012385,0.0458715596330274,0.1936936936936937,29971.68039664378,29971.68039664378,매매가>전세가,0.44764033948228915,0.0,0.44764033948228915,-0.05869454360020404,-0.11531140424110886,0.05869454360020404,0.1201470671471111,0.04493934840733442,0.523936570866681,0.523936570866681,0.4841540866685533,0.6987205410349573,0.022687377869042433,0.1950805220494958,0.39456626328450956,0.16562075011027902,0.7649949827607492,0.495418180928346,0.43991790703542477,0,0,0,0,0,0.0,활발 관찰 구간,신중 매수 구간,신중 투자 구간,0.4676680439818854,주의,0,0
11530,구로구,2025-09,76860.57471264368,74950.0,1061.5235610250877,1028.593742228375,348,35313.91421568627,33600.0,481.0635863650901,482.2744285680657,408,786,378,0.4809160305343511,0.4531822034176412,0.5468177965823587,0.0899470094026504,-0.0682776316749244,0.1582246410775748,0.5263157894736843,-0.0113207547169811,41546.660496957404,41546.660496957404,매매가>전세가,0.5405457954521763,0.0,0.5405457954521763,0.030601565125546126,0.06795598959443905,0.030601565125546126,0.04775958484551549,-0.0001338009800229134,0.6559229159997986,0.6559229159997986,0.5581717335049192,0.7140943717636984,0.26030780923427704,0.011401810240014376,0.4558434987391032,0.0862562717340073,0.712792489105854,0.5730113508375031,0.5316980402121954,0,0,0,1,0,0.2,활발 관찰 구간,우선 점검 구간,우선 점검 구간,0.5523546955248493,높음,1,1
11530,구로구,2025-10,75769.38218390805,72125.0,1062.549003807389,1024.4958108756573,348,36286.56167979003,35000.0,501.28949118357616,495.6629491945477,381,873,492,0.563573883161512,0.47178011497571,0.52821988502429,0.00096601038352,0.0420441400923996,-0.0410781297088795,0.0,0.1106870229007632,39482.82050411802,39482.82050411802,매매가>전세가,0.5210920211581639,0.0,0.5210920211581639,0.08265785262716091,0.17187585228822355,0.08265785262716091,-0.0889809990191304,-0.00905990926561754,0.6240271719917152,0.6240271719917152,0.4202692751429211,0.46708336718253407,0.0,0.11147953141795242,0.6213593694740072,0.2333186456114428,0.5499001924814922,0.530584283853221,0.4192119032233356,1,0,0,1,1,0.55,안정 정체 구간,우선 점검 구간,조건부 관찰,0.4748980935382783,주의,0,0
11530,구로구,2025-11,76683.21212121213,70000.0,1032.1700409322875,992.4937447873228,165,41508.26050420168,40285.0,571.4787263847558,563.063063063063,357,707,350,0.495049504950495,0.5536672289660516,0.4463327710339484,-0.0285906464231254,0.1400173680789884,-0.1686080145021139,-0.5258620689655172,-0.1901489117983963,35174.95161701045,35174.95161701045,매매가>전세가,0.4587047235503107,0.0,0.4587047235503107,-0.06852437821101703,-0.1215889881671095,0.06852437821101703,-0.0295566568066454,0.040011502012112295,0.48358933749392097,0.483589337493921,0.37446246605414046,0.3090259310887355,0.26008340595045437,0.19151035985423207,0.4841446734024389,0.1933906676758352,0.4052407670681982,0.4120714624262193,0.3643055252115992,0,0,1,0,1,0.35,완만 정체 구간,매수 검토 가능,선별 검토 가능,0.38818849381890924,안정,0,0
11530,구로구,2025-12,75972.18309859154,72500.0,1048.1319511876418,990.6214777628828,284,36098.75203252032,35000.0,497.7284276287885,507.2814251809841,492,1023,531,0.5190615835777126,0.47487191575909,0.5251280842409101,0.0154644192549289,-0.1290516958041828,0.1445161150591117,0.7212121212121212,0.4469589816124468,39873.43106607122,39873.43106607122,매매가>전세가,0.5248425073467508,0.0,0.5248425073467508,0.024012078627217603,0.048504398826979545,0.024012078627217603,0.0440550656780543,-0.0097823500839172,0.6187246795047081,0.6187246795047083,0.4427388613213685,0.697104358178911,0.3567005798052729,0.4501591652516767,0.5322269786622411,0.06764054684107401,0.8025266070648197,0.5403255752277276,0.5047914233816022,0,0,0,0,0,0.0,활발 관찰 구간,우선 점검 구간,우선 점검 구간,0.5225584993046649,높음,0,1
11530,구로구,2026-01,76677.34627831716,72750.0,1069.4736522683268,1000.3125976867772,309,41164.606060606064,40285.0,575.8331371570055,576.6062602965403,429,845,416,0.4923076923076923,0.5384266699190559,0.4615733300809441,0.0203616549008953,0.1569223399601929,-0.1365606850592975,0.0880281690140845,-0.1739980449657868,35512.74021771109,35512.74021771109,매매가>전세가,0.4631451392280825,0.0,0.4631451392280825,-0.026753891270020314,-0.05154280747501094,0.026753891270020314,0.0048972356459664,-0.021558412571748554,0.5097271631516709,0.5097271631516708,0.4503285809491688,0.3487446114090174,0.04353739767122591,0.17524385435694995,0.4786544085027149,0.07538634461747563,0.3802802388788271,0.43012863574158244,0.35228838968715354,0,0,0,0,0,0.0,활발 관찰 구간,관찰 필요,선별 검토 가능,0.39120851271436796,안정,0,0
11530,구로구,2026-02,75187.5,70000.0,1032.0637087325017,965.4249882882052,372,42034.99173553719,42000.0,587.4499928930509,564.2062430275649,363,754,391,0.5185676392572944,0.5691993507014312,0.4308006492985687,-0.0349797710831676,0.0201739965737295,-0.0551537676568971,0.2038834951456309,-0.1076923076923076,33152.50826446281,33152.50826446281,매매가>전세가,0.44093111573682875,0.0,0.44093111573682875,0.026259946949602153,0.05334051724137945,0.026259946949602153,-0.0553414259840629,-0.0350628533173475,0.45695147671975667,0.45695147671975656,0.3645606217602631,0.44963836400500223,0.1008376853247344,0.10846337433449595,0.5312378938785203,0.07399092001441077,0.5821918956348289,0.41112846761396116,0.3452975588051191,0,0,0,0,0,0.0,활발 관찰 구간,매수 검토 가능,안정 관찰,0.37821301320954015,안정,0,0
11530,구로구,2026-03,75529.9191374663,69000.0,1045.810401896199,976.4646970455684,371,42093.688953488374,40000.0,580.5602884300686,577.8438170711573,344,881,537,0.6095346197502838,0.5551295792979611,0.4448704207020388,0.0133196168486344,-0.0117281548154459,0.0250477716640804,-0.0026881720430107,0.1684350132625995,33436.23018397793,33436.23018397793,매매가>전세가,0.4426885473440422,0.0,0.4426885473440422,0.09096698049298935,0.17541970151333497,0.09096698049298935,0.048299387931801996,0.03196474242426574,0.4810813810660667,0.4810813810660666,0.4394148536367037,0.5490382003367149,0.0013295291331857973,0.16964099187784482,0.7133921418522292,0.2567924684183799,0.629296058519385,0.48582710965610704,0.3919477703796229,0,0,1,0,1,0.35,완만 정체 구간,신중 매수 구간,조건부 관찰,0.43888744001786495,보통,0,0
11530,구로구,2026-04,71658.85802469136,67600.0,1043.347242450715,974.1162229956728,324,35353.20466321243,32000.0,495.5203399855474,497.5759399693178,386,761,375,0.492772667542707,0.4749332914530174,0.5250667085469826,-0.0023552638614208,-0.1464790998269676,0.1441238359655468,-0.1266846361185983,-0.1362088535754824,36305.65336147893,36305.65336147893,매매가>전세가,0.5066457150205932,0.0,0.5066457150205932,-0.11676195220757679,-0.19155918043738385,0.11676195220757679,-0.0156748807100552,-0.022775187776766705,0.6186194191148136,0.6186194191148137,0.4151219752887887,0.6966181770154717,0.06265630017418038,0.137184095963851,0.47958548496366254,0.32966492929701746,0.82825851673229,0.5569957738291139,0.48122976510686566,1,0,1,0,1,0.6,안정 정체 구간,우선 점검 구간,우선 점검 구간,0.5191127694679898,높음,0,1
11545,금천구,2023-06,56907.37704918033,57000.0,837.9018077828326,742.2522998039511,61,33621.40909090909,32550.0,514.1322791121228,466.9546943106753,154,379,225,0.5936675461741425,0.6135949037663081,0.3864050962336919,-0.0056539384531534,-0.0184455106423208,0.0127915721891673,0.5249999999999999,-0.259765625,23285.96795827124,23285.96795827124,매매가>전세가,0.40919067378816476,0.0,0.40919067378816476,-0.09773870382585748,-0.14136219310406506,0.09773870382585748,,-0.024466333433358706,0.38081232576007573,0.3808123257600758,0.4100097003025483,0.5338481649312905,0.2596570397111913,0.2616255220763723,0.6816195707594879,0.2759230241373584,0.6392143683901731,0.4277391021547983,0.3885967454332088,1,0,0,0,1,0.35,완만 정체 구간,매수 검토 가능,조건부 관찰,0.4081679237940036,안정,0,0
11545,금천구,2023-07,60496.26865671642,54900.0,844.3040460218505,728.0080889787664,67,33883.13385826772,31500.0,537.7178051777047,484.78769642260113,127,252,125,0.496031746031746,0.6368769730659193,0.3631230269340807,0.0076407977397241,0.0458744315885257,-0.0382336338488016,0.098360655737705,-0.3350923482849604,26613.1347984487,26613.1347984487,매매가>전세가,0.4399136573110622,0.0,0.4399136573110622,-0.09763580014239653,-0.16446208112874794,0.09763580014239653,0.0132947361928775,0.00832545606942882,0.3408831691964359,0.3408831691964359,0.4306138385397226,0.47060876613786334,0.048647688938864925,0.3374915775089577,0.48611153417449615,0.2756323145862782,0.5442446906838901,0.3817993601759333,0.33441401495372736,1,0,0,0,1,0.35,완만 정체 구간,거주 안정권,안정 관찰,0.35810668756483033,낮음,0,0
11545,금천구,2023-08,55040.87719298246,52300.0,832.7624493362399,762.5547691270643,57,33507.96296296296,30000.0,543.9931733766566,500.5840704342586,162,328,166,0.5060975609756098,0.6532393166985985,0.3467606833014015,-0.0136699530696218,0.0116703745691999,-0.0253403276388217,-0.1492537313432835,0.3015873015873016,21532.914230019494,21532.914230019494,매매가>전세가,0.39121677066521887,0.0,0.39121677066521887,0.010065814943863771,0.020292682926829286,0.010065814943863771,-0.0213107508093459,-0.04199789651137814,0.31282146332958527,0.31282146332958516,0.39758650732806794,0.4865884161283398,0.0738186324694218,0.30374663787551615,0.5062675395888271,0.028241451315273,0.5947476631479242,0.3424878692736638,0.30021943685857694,0,0,1,0,0,0.25,완만 정체 구간,거주 안정권,안정 관찰,0.3213536530661204,낮음,0,0
11545,금천구,2023-09,58951.78571428572,58000.0,820.1134000323697,779.406808223795,56,35399.19852941176,34000.0,548.410986207567,480.2605380644168,136,262,126,0.4809160305343511,0.6687014090806483,0.3312985909193516,-0.0151892647344417,0.008121081379548,-0.0233103461139897,-0.0175438596491228,-0.2012195121951219,23552.587184873955,23552.587184873955,매매가>전세가,0.3995228795786331,0.0,0.3995228795786331,-0.025181530441258648,-0.0497562770164629,0.025181530441258648,-0.0015193116648198994,-0.000192960581825663,0.2863037041227332,0.2863037041227331,0.39523188312844887,0.4891043258357228,0.008676926974475897,0.20266022469293898,0.4558434987391032,0.07094432373647429,0.599988265340889,0.32848106565355006,0.28546950965560974,0,1,1,0,0,0.45,안정 정체 구간,거주 안정권,안정 관찰,0.30697528765457993,낮음,0,0
11545,금천구,2023-10,61563.82978723404,57000.0,893.8668368221713,844.3093549476529,47,32734.474025974025,32000.0,506.3433376214771,474.3819042472621,154,283,129,0.4558303886925795,0.5664639482784735,0.4335360517215265,0.0899307788250876,-0.0767082528324256,0.1666390316575132,-0.1607142857142857,0.0801526717557252,28829.355761260016,28829.355761260016,매매가>전세가,0.46828398851882524,0.0,0.46828398851882524,-0.02508564184177159,-0.05216220763923929,0.02508564184177159,0.1051200435595293,0.12013594433907035,0.46164273977740355,0.46164273977740344,0.5581465794094245,0.7245229627054464,0.07948684889118102,0.08072655723368981,0.40561146729360664,0.07067343225063961,0.7252404694121497,0.470850291160357,0.43709923790380656,0,0,1,0,0,0.25,완만 정체 구간,신중 매수 구간,신중 투자 구간,0.45397476453208174,주의,0,0
11545,금천구,2023-11,54285.294117647056,48400.0,805.8060771116507,775.1164724832774,34,36120.920245398775,35000.0,561.21222598058,518.3984316091087,163,287,124,0.4320557491289198,0.6964606521611275,0.3035393478388725,-0.0985166426171371,0.1083630103969508,-0.2068796530140879,-0.276595744680851,0.0141342756183746,18164.37387224828,18164.37387224828,매매가>전세가,0.33460947697699606,0.0,0.33460947697699606,-0.023774639563659716,-0.052156767414850425,0.023774639563659716,-0.1884474214422247,-0.0829424139200316,0.23869611612078956,0.23869611612078961,0.26609138812892236,0.26159299356104315,0.13680006144865195,0.014235475682467972,0.35800461514687437,0.06696976615320849,0.451979057601376,0.2409981534438979,0.2162975028128881,0,0,1,0,0,0.25,완만 정체 구간,거주 안정권,안정 관찰,0.22864782812839302,낮음,0,0
11545,금천구,2023-12,52216.666666666664,56250.0,768.2179736889534,712.8547579298831,33,36698.67441860465,35000.0,554.3546902692746,500.7511266900351,172,273,101,0.36996336996337,0.7216111953320806,0.2783888046679194,-0.0466465871756998,-0.0122191488243571,-0.0344274383513426,-0.0294117647058823,-0.048780487804878,15517.992248062015,15517.992248062015,매매가>전세가,0.2971846584371915,0.0,0.2971846584371915,-0.06209237916554983,-0.1437138130686516,0.06209237916554983,0.05187005544143731,-0.05083861777865315,0.19556249414714733,0.19556249414714744,0.3464794287173348,0.4753260722232214,0.014546612868974278,0.049129751440712445,0.2336694929904256,0.17521985500744305,0.6300210209674956,0.261941007014444,0.25251195057070325,0,0,1,0,1,0.35,완만 정체 구간,거주 안정권,안정 관찰,0.25722647879257365,낮음,0,0
11545,금천구,2024-01,58553.333333333336,53900.0,836.2924027434767,765.8158648770924,45,36035.43506493507,37000.0,551.3906881813464,500.87731930157656,154,260,106,0.4076923076923077,0.6593276303509351,0.3406723696490649,0.0886134292427871,-0.005346761089887,0.0939601903326742,0.3636363636363635,-0.0476190476190476,22517.89826839827,22517.89826839827,매매가>전세가,0.3845707321256678,0.0,0.3845707321256678,0.037728937728937706,0.10198019801980185,0.037728937728937706,0.1352600164184869,0.07387672009076962,0.30237989879748606,0.30237989879748606,0.5561049553781823,0.6344465752242158,0.1798490318345913,0.04795999545402885,0.30921873340289807,0.10639155960929517,0.6198738033926914,0.37133370829032203,0.38155978143571795,0,1,0,0,0,0.2,활발 관찰 구간,거주 안정권,선별 검토 가능,0.37644674486302,안정,0,0
11545,금천구,2024-02,57446.42857142857,59350.0,851.4152208870235,797.8109042231846,42,36079.4540229885,35000.0,563.5380351773648,517.1838505171838,174,280,106,0.3785714285714285,0.6618839096983236,0.3381160903016764,0.0180831705441015,0.0220303811007112,-0.0039472105566096,-0.0666666666666666,0.0769230769230768,21366.97454844007,21366.97454844007,매매가>전세가,0.37194609098932047,0.0,0.37194609098932047,-0.029120879120879184,-0.07142857142857162,0.029120879120879184,-0.07053025869868561,0.01938809444366739,0.2979958349512377,0.2979958349512377,0.4467973934191921,0.5131025248923452,0.03297232250300839,0.07747383881035419,0.2509064556088051,0.08207323815124054,0.5794509068510759,0.32628087459835403,0.309431698085816,0,0,1,0,0,0.25,완만 정체 구간,거주 안정권,안정 관찰,0.317856286342085,낮음,0,0
11545,금천구,2024-03,59191.69841269841,59000.0,859.9762282784734,762.7018743369091,63,33340.77127659575,33000.0,540.979974239835,483.68065993464904,188,307,119,0.3876221498371335,0.6290638699662492,0.3709361300337508,0.0100550321176204,-0.0400293494483119,0.0500843815659324,0.5,0.0964285714285715,25850.927136102662,25850.927136102662,매매가>전세가,0.4367323092482316,0.0,0.4367323092482316,0.009050721265704997,0.02390756560752272,0.009050721265704997,-0.0080281384264811,-0.021391468976389952,0.35428277783516615,0.3542827778351662,0.4343554110040008,0.5800679654461497,0.24729241877256317,0.09711899079440853,0.26902981550092775,0.025373746121863345,0.6710833369242631,0.3587452515473848,0.3665148849604091,0,0,0,0,0,0.0,활발 관찰 구간,거주 안정권,선별 검토 가능,0.362630068253897,낮음,0,0
11545,금천구,2024-04,64344.20289855073,60500.0,902.6147528558934,820.3728810632033,69,34542.42944785276,32500.0,534.7586949544744,500.8347245409015,163,260,97,0.3730769230769231,0.5924550792710688,0.4075449207289312,0.0495810502376037,-0.0115000177115658,0.0610810679491695,0.0952380952380953,-0.1530944625407165,29801.77345069797,29801.77345069797,매매가>전세가,0.463161747417796,0.0,0.463161747417796,-0.014545226760210417,-0.0375242404654168,0.014545226760210417,0.039526018119983304,0.029417564009243145,0.4170674949692996,0.4170674949692996,0.4956127033258673,0.5936969909728336,0.04710331786144063,0.15419060427728487,0.23990413904388205,0.04089607896743007,0.6289592095348107,0.4000102234305862,0.37499066767495415,0,0,0,0,0,0.0,활발 관찰 구간,매수 검토 가능,선별 검토 가능,0.3875004455527702,안정,0,0
11545,금천구,2024-05,64102.58620689655,61000.0,926.1552590177596,826.1036124509858,58,37598.76056338028,35850.0,592.4405455954621,531.2078013889675,142,224,82,0.3660714285714285,0.6396773541228704,0.3603226458771296,0.0260803472216506,0.1078651944984239,-0.0817848472767732,-0.1594202898550725,-0.1384615384615384,26503.82564351627,26503.82564351627,매매가>전세가,0.4134595374665995,0.0,0.4134595374665995,-0.007005494505494592,-0.018777614138439147,0.007005494505494592,-0.0235007030159531,0.012509791576871451,0.3360804666435867,0.3360804666435868,0.45919139141815984,0.416632451924458,0.07884685815936798,0.13945290985863773,0.22587618542360485,0.019595848447833693,0.4527140927055818,0.3239610132103299,0.30657954556246747,0,0,1,0,0,0.25,완만 정체 구간,거주 안정권,안정 관찰,0.3152702793863987,낮음,0,0
11545,금천구,2024-06,62011.34020618557,60000.0,893.3134096327581,830.615668828231,97,36569.72268907563,37000.0,570.7435486966616,530.1802141456793,119,184,65,0.3532608695652174,0.6389062814262407,0.3610937185737592,-0.0354604145095845,-0.0366230789909777,0.0011626644813931,0.6724137931034482,-0.1785714285714286,25441.61751710994,25441.61751710994,매매가>전세가,0.4102736278964047,0.0,0.4102736278964047,-0.012810559006211086,-0.03499469777306441,0.012810559006211086,-0.0615407617312351,-0.0739796191005283,0.3374028698213055,0.33740286982130546,0.36381572216564095,0.519435579678491,0.3325656666251711,0.17984998295260826,0.20022404517169176,0.03599553054119303,0.6660539106484678,0.32481108775856105,0.3482256678541783,0,0,0,0,0,0.0,활발 관찰 구간,거주 안정권,선별 검토 가능,0.3365183778063697,낮음,0,0
11545,금천구,2024-07,67467.72727272728,65350.0,986.6244393620068,891.8903859823979,110,36290.82113821138,32600.0,563.7078532830269,517.8298222902201,123,218,95,0.4357798165137614,0.5713499795804211,0.4286500204195789,0.104454974842042,-0.0123272447488916,0.1167822195909337,0.134020618556701,0.1847826086956521,31176.9061345159,31176.9061345159,매매가>전세가,0.46210102807359055,0.0,0.46210102807359055,0.082518946948544,0.23359209597741692,0.082518946948544,0.1399153893516265,0.09997275053474071,0.45326311053054913,0.45326311053054924,0.5806561304208594,0.662731642970231,0.06628456585656331,0.18610563453356846,0.36546176817331255,0.23292622809911395,0.6301806267562813,0.47297852090118075,0.44055495105230624,0,0,0,0,1,0.1,활발 관찰 구간,신중 매수 구간,신중 투자 구간,0.4567667359767435,주의,0,0
11545,금천구,2024-08,64808.10526315789,63000.0,959.7922194375394,874.3169398907104,95,36911.95041322314,37500.0,543.7629920408285,500.94295143800093,121,216,95,0.4398148148148148,0.5665424047295219,0.4334575952704781,-0.0271959814231017,-0.0353815564676628,0.008185575044561,-0.1363636363636363,-0.0091743119266054,27896.154849934755,27896.154849934755,매매가>전세가,0.4304423765617039,0.0,0.4304423765617039,0.004034998301053416,0.009259259259259522,0.004034998301053416,-0.1316509562651437,-0.01697032470728261,0.4615081855899288,0.46150818558992884,0.3766239132643854,0.5281396041456193,0.06744338693797174,0.009239999124170593,0.37354153598708784,0.011204004841900785,0.6642207778779012,0.404943174489364,0.35371747696336187,0,0,1,0,0,0.25,완만 정체 구간,매수 검토 가능,선별 검토 가능,0.37933032572636294,안정,0,0
11545,금천구,2024-09,55597.142857142855,60000.0,863.7435171048872,797.4087161366313,35,34956.416666666664,34165.0,546.058977211113,495.07903123550255,108,175,67,0.3828571428571428,0.6322003770765242,0.3677996229234758,-0.1000723910732876,0.0042224005750506,-0.1042947916483383,-0.631578947368421,-0.1898148148148147,20640.72619047619,20640.72619047619,매매가>전세가,0.37125516042276924,0.0,0.37125516042276924,-0.05695767195767204,-0.12950375939849645,0.05695767195767204,-0.0728764096501859,-0.0889182207316029,0.3489036132146385,0.3489036132146386,0.2636802943104555,0.3887341745932112,0.3123693710811324,0.19117387076814268,0.2594882625294452,0.1607139755566147,0.6057447453164762,0.3143342007514752,0.3155259616236881,0,1,1,0,0,0.45,안정 정체 구간,거주 안정권,안정 관찰,0.3149300811875817,낮음,0,0
11545,금천구,2024-10,57173.40425531915,53000.0,844.2042891178241,800.4718570947084,47,38485.710743801654,40000.0,599.6239436010753,565.3710247349823,121,229,108,0.4716157205240174,0.7102829863938145,0.2897170136061855,-0.0226215625357804,0.098093738268959,-0.1207153008047394,0.3428571428571427,0.3085714285714285,18687.693511517493,18687.693511517493,매매가>전세가,0.32685990549143973,0.0,0.32685990549143973,0.08875857766687462,0.23183210584631442,0.08875857766687462,0.07745082853750719,-0.019121912214854993,0.2149905708554839,0.21499057085548395,0.38371333254595064,0.36838299509655104,0.16957194430118608,0.31078077054210695,0.4372203569499212,0.250553587820604,0.4671418427415308,0.28908712905116973,0.276157115755158,0,0,0,0,1,0.1,활발 관찰 구간,거주 안정권,안정 관찰,0.28262212240316387,낮음,0,0
11545,금천구,2024-11,55953.48837209302,50500.0,890.3347877750455,844.9548810500411,43,36219.25396825397,33750.0,635.4461191228578,534.3873834067356,126,235,109,0.4638297872340425,0.7137159278150226,0.2862840721849774,0.0546437624777134,0.0597410692219033,-0.0050973067441899,-0.0851063829787234,0.0262008733624454,19734.23440383905,19734.23440383905,매매가>전세가,0.35268997479845354,0.0,0.35268997479845354,-0.0077859332899749,-0.016509062253743045,0.0077859332899749,0.0772653250134938,0.027655734623647555,0.2091030162005585,0.20910301620055852,0.5034588780326764,0.5116771236621558,0.04209232659958522,0.026388469114443813,0.42162963583855984,0.021800638413083023,0.5237703236176816,0.3011649357796684,0.2847071688404081,0,0,1,0,0,0.25,완만 정체 구간,거주 안정권,안정 관찰,0.2929360523100383,낮음,0,0
11545,금천구,2024-12,63156.25,59950.0,831.1936292656843,756.4033951162673,48,38869.54330708661,36000.0,604.1348148094678,550.5505505505506,127,243,116,0.4773662551440329,0.7268280140010084,0.2731719859989916,-0.0664257527858205,-0.0492745228448491,-0.0171512299409714,0.1162790697674418,0.0340425531914894,24286.706692913387,24286.706692913387,매매가>전세가,0.38454953694865335,0.0,0.38454953694865335,0.013536467909990413,0.029184128062823333,0.013536467909990413,-0.1210695152635339,-0.052398582125201876,0.18661555877318492,0.186615558773185,0.31582574318837914,0.4967377845539633,0.057509864830828615,0.034286294622454715,0.44873535176978807,0.03804627007203728,0.684734019859528,0.26387047073212644,0.24025925785091126,0,0,0,0,0,0.0,활발 관찰 구간,거주 안정권,안정 관찰,0.25206486429151886,낮음,0,0
11545,금천구,2025-01,60497.560975609755,50900.0,866.5654453419886,793.3514086997525,41,35902.693181818184,31801.0,562.9544934117184,527.2413010690976,176,276,100,0.3623188405797101,0.6496387508153517,0.3503612491846483,0.0425554465661068,-0.0681641256028868,0.1107195721689937,-0.1458333333333333,0.1358024691358024,24594.86779379157,24594.86779379157,매매가>전세가,0.406543129957045,0.0,0.406543129957045,-0.11504741456432283,-0.24100449775112454,0.11504741456432283,0.1089811993519273,0.012182033574293222,0.3189964968723409,0.3189964968723409,0.4847244459624249,0.6552177452747526,0.0721269554753309,0.13677480185037855,0.21836192211748887,0.3248212497335962,0.7126248951263627,0.3848078943068556,0.3829383804474141,0,0,1,0,1,0.35,완만 정체 구간,매수 검토 가능,선별 검토 가능,0.3838731373771348,안정,0,0
11545,금천구,2025-02,62406.45161290323,59600.0,858.6669711609384,758.9618383952368,62,36170.264,35000.0,538.8525820332239,500.8347245409015,125,301,176,0.584717607973422,0.6275454863539031,0.3724545136460969,-0.0091146885945043,-0.0428132498462313,0.0336985612517269,0.5121951219512195,0.0905797101449275,26236.187612903224,26236.187612903224,매매가>전세가,0.42040825803783727,0.0,0.42040825803783727,0.2223987673937119,0.6138205980066449,0.2223987673937119,-0.0516701351606111,-0.035821770272815315,0.356886832320222,0.35688683232022195,0.4046462411648697,0.559759778456441,0.2533239411816501,0.09122825222233746,0.6636980210550975,0.6280957540008163,0.6751938213927956,0.452283696608899,0.418599761813669,1,0,0,0,1,0.35,완만 정체 구간,관찰 필요,조건부 관찰,0.435441729211284,보통,0,0
11545,금천구,2025-03,61047.9381443299,56800.0,890.7293033154756,805.6478405315615,97,35852.31578947369,34625.0,540.5570016179007,505.5611729019211,152,461,309,0.6702819956616052,0.6068701227250947,0.3931298772749053,0.0373396592990973,0.0031630535725477,0.0341766057265495,0.564516129032258,0.5315614617940199,25195.622354856212,25195.622354856212,매매가>전세가,0.41271864571885414,0.0,0.41271864571885414,0.0855643876881832,0.14633454939854063,0.0855643876881832,0.0464543478936016,0.021923709752062277,0.39234544300989393,0.3923454430098939,0.4766410360845568,0.5603522551465264,0.2792011179690229,0.5353673911147407,0.835034000420413,0.24152979485674148,0.607308892296673,0.4593780947173249,0.4107527104807071,0,1,0,0,1,0.30000000000000004,완만 정체 구간,관찰 필요,조건부 관찰,0.435065402599016,보통,0,0
11545,금천구,2025-04,62017.74193548387,54750.0,875.3525049028408,781.1717576364547,62,37109.37762237762,36200.0,555.3648205313218,505.5611729019211,143,480,337,0.7020833333333333,0.6344470569521752,0.3655529430478248,-0.0172631554338665,0.0273936307717796,-0.0446567862056462,-0.3608247422680413,0.0412147505422992,24908.36431310625,24908.36431310625,매매가>전세가,0.4016328801364301,0.0,0.4016328801364301,0.0318013376717281,0.047444714131607224,0.0318013376717281,-0.0546028147329638,-0.002483991700510892,0.34505051788411545,0.3450505178841155,0.3920177741728586,0.4626480673980449,0.17845844653690127,0.041509844221599666,0.8987136863543443,0.08964570665575472,0.5715319617299557,0.39956107447870315,0.32743418721973183,0,0,1,0,0,0.25,완만 정체 구간,매수 검토 가능,안정 관찰,0.3634976308492175,낮음,0,0
11545,금천구,2025-05,60294.155844155845,54300.0,840.4013124321934,748.9918363332349,77,37877.99137931035,39500.0,606.8283216573816,591.6341880376552,116,469,353,0.7526652452025586,0.7220696977509096,0.2779303022490904,-0.0399281344085794,0.0926661164400444,-0.1325942508486238,0.2419354838709677,-0.0229166666666666,22416.164464845497,22416.164464845497,매매가>전세가,0.37178005315780926,0.0,0.37178005315780926,0.05058191186922534,0.07204545310750188,0.05058191186922534,-0.022664978974712896,-0.06074320345819927,0.19477615446957697,0.1947761544695769,0.35689166462374083,0.3536605134565277,0.11965762198672408,0.02308074781225132,1.0,0.14270204157359884,0.4751558346377549,0.3182411081041887,0.24250093713577411,0,0,0,0,0,0.0,활발 관찰 구간,거주 안정권,안정 관찰,0.2803710226199814,낮음,0,0
11545,금천구,2025-06,64378.72340425532,58500.0,937.0680374545058,836.5065600965163,141,38288.360544217685,38000.0,550.1931910291869,505.5611729019211,147,323,176,0.544891640866873,0.5871432692590356,0.4128567307409644,0.1150244812713947,-0.0933297418840171,0.2083542231554118,0.8311688311688312,-0.3113006396588486,26090.362860037632,26090.362860037632,매매가>전세가,0.4052637498915225,0.0,0.4052637498915225,-0.2077736043356856,-0.2760504828142678,0.2077736043356856,0.1549526156799741,0.08113506258306466,0.426177342160173,0.426177342160173,0.5970367165723737,0.7762237560136942,0.4110835013362089,0.31352952252036775,0.583949643689992,0.5867787238996742,0.74978242954891,0.5361505787269634,0.544154561863673,0,0,0,0,1,0.1,활발 관찰 구간,우선 점검 구간,우선 점검 구간,0.5401525702953182,높음,1,1
11545,금천구,2025-07,59554.76190476191,55500.0,849.1168269183935,752.9854697335137,63,36167.1724137931,34800.0,533.9207425132619,501.50653165728545,116,268,152,0.5671641791044776,0.628795385495965,0.3712046145040349,-0.0938578705288326,-0.0295758813108645,-0.0642819892179681,-0.5531914893617021,-0.1702786377708978,23387.589490968807,23387.589490968807,매매가>전세가,0.39270729565453555,0.0,0.39270729565453555,0.022272538237604556,0.04087516960651283,0.022272538237604556,-0.2088823518002273,-0.032305398943935325,0.3547432334033944,0.35474323340339436,0.2733115377227399,0.43832506831451984,0.27360012289730395,0.1714978165616202,0.6285486556737877,0.06272623290456368,0.6556485827019534,0.3532445964651213,0.3138000946236919,0,0,1,0,0,0.25,완만 정체 구간,거주 안정권,안정 관찰,0.33352234554440663,낮음,0,0
11545,금천구,2025-08,62594.05405405405,60900.0,908.0523718350896,852.282501182643,74,34257.69090909091,31750.0,562.5805874705176,503.8382468725396,110,241,131,0.5435684647302904,0.6195464104494265,0.3804535895505735,0.0694080520469537,0.053678088666023,0.0157299633809306,0.1746031746031746,-0.1007462686567164,28336.363144963143,28336.363144963143,매매가>전세가,0.45270055715664054,0.0,0.45270055715664054,-0.02359571437418717,-0.041602970080803714,0.02359571437418717,0.16326592257578632,0.07215997589715323,0.37060538757594486,0.37060538757594486,0.5263405252383783,0.537489935476004,0.08635608274597444,0.10146760232251627,0.5813000871938903,0.06646429093833678,0.532722435347895,0.40965370070835244,0.362077819300187,0,0,0,0,0,0.0,활발 관찰 구간,매수 검토 가능,선별 검토 가능,0.38586576000426975,안정,0,0
11545,금천구,2025-09,66933.5294117647,63000.0,923.3097266658584,818.869603916333,85,38826.42857142857,36700.0,580.8176723531301,522.6130653266332,133,280,147,0.525,0.629060493546956,0.3709395064530439,0.0168022850928029,0.0324168399848461,-0.0156145548920432,0.1486486486486486,0.1618257261410789,28107.100840336127,28107.100840336127,매매가>전세가,0.41992557522890506,0.0,0.41992557522890506,-0.01856846473029039,-0.03416030534351133,0.01856846473029039,-0.0526057669541508,-0.0732785252898704,0.35428856845338164,0.3542885684533816,0.4448122813777301,0.49864230221848316,0.07351936774319442,0.16298438289149234,0.5441181920640079,0.05226198604513787,0.5641150931279286,0.3783004895770374,0.3289460194439192,0,0,0,0,0,0.0,활발 관찰 구간,거주 안정권,안정 관찰,0.35362325451047827,낮음,0,0
11545,금천구,2025-10,62574.31578947369,57600.0,933.8746513682232,848.0565371024734,95,39695.25252525252,37000.0,558.3318239864296,492.4052745785345,99,216,117,0.5416666666666666,0.5978659161252697,0.4021340838747302,0.0114424492640354,-0.0387141256835403,0.0501565749475758,0.1176470588235294,-0.2285714285714285,22879.063264221164,22879.063264221164,매매가>전세가,0.36563025860635784,0.0,0.36563025860635784,0.016666666666666607,0.03174603174603163,0.016666666666666607,-0.005359835828767501,0.0014165296148978598,0.40778781500995376,0.4077878150099537,0.4365056255146638,0.5801574401667141,0.05818645147589721,0.23020797817933847,0.5774918856442748,0.046889283701288476,0.6691413828005528,0.41883148429173994,0.3594752444812728,0,0,0,0,0,0.0,활발 관찰 구간,매수 검토 가능,선별 검토 가능,0.3891533643865064,안정,0,0
11545,금천구,2025-11,72366.03773584905,70000.0,952.0235158206818,843.5756296184587,53,36037.6976744186,35000.0,588.1581532240442,530.8392315470171,129,231,102,0.4415584415584415,0.6177979256289995,0.3822020743710005,0.019433940546377,0.0534204355837317,-0.0339864950373547,-0.4421052631578948,0.0694444444444444,36328.34006143045,36328.34006143045,매매가>전세가,0.5020081408082113,0.0,0.5020081408082113,-0.10010822510822515,-0.18481518481518489,0.10010822510822515,0.0079914912823416,0.08803608898161469,0.3736040696623839,0.37360406966238396,0.4488908123069187,0.4758725666373317,0.21865855975679271,0.06994166003712539,0.37703301186669713,0.2826170747787393,0.5331028652633544,0.39148155033737314,0.3767745916120773,0,0,1,0,1,0.35,완만 정체 구간,매수 검토 가능,선별 검토 가능,0.38412807097472523,안정,0,0
11545,금천구,2025-12,65298.19277108434,57500.0,967.205331998902,913.0881465842256,83,39352.18699186992,37000.0,585.3985567937203,543.0510896748839,123,247,124,0.5020242914979757,0.6052474458385068,0.3947525541614932,0.0159468919894618,-0.0046919292288934,0.0206388212183553,0.5660377358490567,0.0692640692640693,25946.005779214414,25946.005779214414,매매가>전세가,0.3973464605700994,0.0,0.3973464605700994,0.06046584993953419,0.13693736603953344,0.06046584993953419,-0.003487048556915201,-0.0092998773493843,0.3951283622866547,0.3951283622866546,0.44348659597166634,0.5435738544350013,0.27995368162931683,0.06975999338767838,0.4981111367438422,0.17062480490611825,0.6189069310878754,0.41249684286932353,0.394762549616672,0,1,0,0,0,0.2,활발 관찰 구간,매수 검토 가능,조건부 관찰,0.40362969624299777,안정,0,0
11545,금천구,2026-01,64313.983050847455,61250.0,949.0496377229916,826.5104405932574,118,38736.166666666664,39450.0,593.8376769220127,528.0509314313374,126,284,158,0.5563380281690141,0.6257182483592518,0.3742817516407482,-0.0187712925841593,0.0144160248267679,-0.0331873174109272,0.4216867469879517,0.1497975708502024,25577.81638418079,25577.81638418079,매매가>전세가,0.39770225961527905,0.0,0.39770225961527905,0.05431373667103845,0.10818945933666524,0.05431373667103845,-0.034718184573621094,-0.06069136005680315,0.3600205774795786,0.3600205774795786,0.3896804681989424,0.47686304794154877,0.20855987125396888,0.15087010715700575,0.606870137035355,0.1532446876321043,0.5906936557746035,0.3860032986276089,0.34592435479725653,0,0,0,0,0,0.0,활발 관찰 구간,매수 검토 가능,안정 관찰,0.3659638267124327,낮음,0,0
11545,금천구,2026-02,68150.96153846153,65350.0,980.2493430411228,905.5063741950488,104,38241.516949152545,36000.0,587.3156480574597,531.4128503007239,118,215,97,0.4511627906976744,0.5991492391470249,0.4008507608529751,0.0328746822905776,-0.0109828478690643,0.043857530159642,-0.1186440677966101,-0.2429577464788732,29909.444589308987,29909.444589308987,매매가>전세가,0.4388704709973807,0.0,0.4388704709973807,-0.10517523747133972,-0.18904916102443337,0.10517523747133972,0.0516459748747369,0.032791600056397696,0.40558689355413446,0.4055868935541345,0.46972122946525496,0.5723505573279583,0.058679556996879365,0.24469730074960497,0.3962649681793367,0.2969317119215212,0.6281955979462694,0.42842388280613497,0.3888648748442738,0,0,1,0,1,0.35,완만 정체 구간,매수 검토 가능,조건부 관찰,0.4086443788252044,보통,0,0
11545,금천구,2026-03,62429.565217391304,54000.0,894.1518500012303,842.6019548365351,115,37472.664179104475,38000.0,567.3107545194214,519.8957775867755,134,265,131,0.4943396226415094,0.634468020749094,0.3655319792509059,-0.0878322374313292,-0.0340615708166542,-0.053770666614675,0.1057692307692308,0.2325581395348837,24956.90103828683,24956.90103828683,매매가>전세가,0.3997609297995634,0.0,0.3997609297995634,0.04317683194383498,0.09570122544252091,0.04317683194383498,-0.12070691972190681,-0.06918711185569787,0.34501456460528235,0.3450145646052823,0.2826500439936629,0.45135254578244777,0.05231185781727299,0.23422323361269906,0.4827231897229506,0.12178221257991065,0.6622717927341757,0.34305821099934386,0.28758061549765296,0,0,0,0,0,0.0,활발 관찰 구간,거주 안정권,안정 관찰,0.31531941324849844,낮음,0,0
11545,금천구,2026-04,68848.34782608696,62000.0,971.7435681426168,876.5036571359487,115,39540.50704225352,38000.0,583.4740838191261,536.5526492287056,71,161,90,0.5590062111801242,0.6004403866900544,0.3995596133099456,0.0867768915775097,0.0284911385355226,0.0582857530419871,0.0,-0.3924528301886792,29307.84078383344,29307.84078383344,매매가>전세가,0.42568691492591726,0.0,0.42568691492591726,0.06466658853861479,0.13081409131857202,0.06466658853861479,0.1746091290088389,0.0663569676621638,0.403372552907307,0.40337255290730706,0.5532586953709002,0.5902325456938281,0.0,0.3952627549871661,0.6122129643690867,0.1824921627233695,0.5699114696245877,0.45268047532260836,0.3881278580028401,0,0,0,0,1,0.1,활발 관찰 구간,관찰 필요,조건부 관찰,0.42040416666272423,보통,0,0
11350,노원구,2023-06,62236.619718309856,56250.0,967.2761136215404,977.5489919592226,284,28322.58555885262,24000.0,449.5651453528981,427.35042735042737,1011,1631,620,0.3801348865726548,0.4647743689955281,0.5352256310044718,-0.006177752537776,-0.0049659458794806,-0.0012118066582954,0.1932773109243697,0.1005398110661268,33914.03415945724,33914.03415945724,매매가>전세가,0.5449208892281759,0.0,0.5449208892281759,0.01171383394107589,0.03179469212577746,0.01171383394107589,,-0.024990147517981304,0.6360421490321126,0.6360421490321128,0.40919789496443815,0.516492717924743,0.09559202742468825,0.1012596665152876,0.25403715770431773,0.032897211407992,0.6193115221383311,0.48556810336066447,0.4253813999935781,1,1,0,1,0,0.65,신중 정체 구간,신중 매수 구간,신중 투자 구간,0.45547475167712126,주의,0,0
11350,노원구,2023-07,61596.06122448979,56000.0,980.576173630006,969.465954891444,294,29660.207149404217,25000.0,456.82012188765304,435.8353510895884,1091,1723,632,0.3668020893789901,0.4658690820485118,0.5341309179514881,0.0137500139010666,0.0161377647038449,-0.0023877508027783,0.0352112676056337,0.0564071122011036,31935.854075085575,31935.854075085575,매매가>전세가,0.5184723412539939,0.0,0.5184723412539939,-0.013332797193664703,-0.035073858423979254,0.013332797193664703,0.0199277664388426,0.014434672230771321,0.6341646969756679,0.6341646969756679,0.4400818815668958,0.5150352813657135,0.017414959068490315,0.05681098173953632,0.22733927641776516,0.03747088714579139,0.5881514725022181,0.486830939284081,0.4193404091028583,0,0,0,1,0,0.2,활발 관찰 구간,신중 매수 구간,조건부 관찰,0.4530856741934697,주의,0,0
11350,노원구,2023-08,60331.52866242038,56000.0,976.6174601698652,964.322203849699,314,29209.116947472747,25000.0,458.5094957321603,439.95859213250515,1009,1571,562,0.3577339274347549,0.4694873012534618,0.5305126987465382,-0.0040371299717451,0.0036981160933247,-0.0077352460650698,0.0680272108843538,-0.0882182240278584,31122.411714947633,31122.411714947633,매매가>전세가,0.5158565082792825,0.0,0.5158565082792825,-0.009068161944235209,-0.024722219984046334,0.009068161944235209,-0.0177871438728117,-0.03236507341350144,0.6279593876770468,0.6279593876770468,0.41251542474646913,0.5084077258554747,0.03364522704388617,0.08884985809011035,0.20918099293397652,0.025423017164993466,0.6065188618117492,0.47557856743871196,0.4115595015804374,1,1,0,1,0,0.65,신중 정체 구간,신중 매수 구간,조건부 관찰,0.4435690345095747,보통,0,0
11350,노원구,2023-09,61564.204545454544,57000.0,998.564327921133,983.8816615904376,264,30163.54995242626,26000.0,467.71733287462,447.5326816629373,1051,1653,602,0.3641863278886872,0.4683897870138623,0.5316102129861378,0.022472327852351,0.0200821078476387,0.0023902200047123,-0.1592356687898088,0.0521960534691279,31400.654593028285,31400.654593028285,매매가>전세가,0.5100472721911694,0.0,0.5100472721911694,0.0064524004539323054,0.01803687030805623,0.0064524004539323054,0.026509457824096097,0.037468632004967035,0.629841643817592,0.6298416438175922,0.4535996949174592,0.520956982124617,0.07875554737979713,0.05256977222905006,0.22210141907037925,0.018033322034521654,0.5823275711718242,0.4851177975755976,0.42897257505499425,0,0,1,1,0,0.45,안정 정체 구간,신중 매수 구간,신중 투자 구간,0.4570451863152959,주의,0,0
11350,노원구,2023-10,56688.793103448275,53000.0,966.7104351063784,957.4645537948288,203,30167.45969884854,25000.0,474.1367138061764,455.1365409622887,1129,1720,591,0.3436046511627907,0.4904640485793469,0.5095359514206531,-0.0318996903094563,0.0137249156282117,-0.0456246059376681,-0.231060606060606,0.0405323653962492,26521.333404599736,26521.333404599736,매매가>전세가,0.4678408544736948,0.0,0.4678408544736948,-0.020581676725896503,-0.056514138916788914,0.020581676725896503,-0.0543720181618073,-0.001694524795473551,0.5919838986690673,0.5919838986690674,0.36933412076938293,0.4614485751716355,0.11427907231156324,0.04082257326304812,0.18088822472528834,0.057949439941714344,0.5917140922919618,0.4444931201923867,0.39628770856328316,0,0,1,0,0,0.25,완만 정체 구간,관찰 필요,조건부 관찰,0.4203904143778349,보통,0,0
11350,노원구,2023-11,58003.45911949685,54500.0,941.0564751914924,929.2929292929292,159,31171.753465346537,26000.0,478.75447813762946,451.0147832623403,1010,1681,671,0.3991671624033313,0.5087414950736185,0.4912585049263814,-0.0265373776709704,0.0097393097749878,-0.0362766874459582,-0.2167487684729063,-0.0226744186046511,26831.705654150315,26831.705654150315,매매가>전세가,0.462588025980873,0.0,0.462588025980873,0.05556251124054057,0.16170477044624332,0.05556251124054057,0.005362312638485901,-0.010963148973864892,0.5606377578573694,0.5606377578573692,0.3776446151839696,0.4730341578921796,0.10720065444327856,0.022836765277238096,0.29214779820680475,0.15677255643417853,0.5975989188359045,0.45281273035420544,0.39811632367521876,0,1,1,0,0,0.45,안정 정체 구간,관찰 필요,조건부 관찰,0.4254645270147121,보통,0,0
11350,노원구,2023-12,58358.59872611465,51500.0,927.3779653985345,905.3497942386832,157,31411.25069637883,27000.0,483.6054661325109,462.7915586819696,1077,1694,617,0.3642266824085006,0.5214761231950176,0.4785238768049824,-0.0145352698308297,0.0101325172220883,-0.024667787052918,-0.0125786163522012,0.0077334919690661,26947.348029735822,26947.348029735822,매매가>전세가,0.46175454205478145,0.0,0.46175454205478145,-0.03494047999483069,-0.08753345286335379,0.03494047999483069,0.012002107840140702,-0.018727300433783053,0.538797647620795,0.5387976476207949,0.39624544226982156,0.4874219465659255,0.0062211929250959,0.007788863033283757,0.2221822258331091,0.09851398643771714,0.5970183401968749,0.4340185533628421,0.3760972320169637,0,0,1,0,0,0.25,완만 정체 구간,관찰 필요,선별 검토 가능,0.4050578926899029,안정,0,0
11350,노원구,2024-01,55673.47150259068,52000.0,924.469862001876,913.3064516129032,193,30813.983521248916,26000.0,485.81170586606675,464.71100784199825,1153,1778,625,0.3515185601799775,0.5255030216064316,0.4744969783935684,-0.0031358340451927,0.0045620653364395,-0.0076978993816323,0.2292993630573248,0.0495867768595041,24859.48798134176,24859.48798134176,매매가>전세가,0.44652304428663053,0.0,0.44652304428663053,-0.012708122228523078,-0.034890695389170334,0.012708122228523078,0.011399435785637,-0.017872543197210183,0.5318914463263118,0.5318914463263118,0.4139122501963218,0.5084540124261895,0.11340798822690792,0.04994181344799696,0.19673520719899057,0.03570614002907312,0.6052432235209262,0.427544797279339,0.3912170709756549,1,1,0,0,0,0.45,안정 정체 구간,매수 검토 가능,조건부 관찰,0.40938093412749693,보통,0,0
11350,노원구,2024-02,57009.972850678736,54000.0,945.6326412753136,929.5211201317804,221,30738.58702368692,26000.0,477.3622671262652,464.64646464646466,971,1588,617,0.3885390428211587,0.5048073070769613,0.4951926929230387,0.0228918000935269,-0.0173924148755093,0.0402842149690363,0.1450777202072539,-0.1068616422947131,26271.385826991816,26271.385826991816,매매가>전세가,0.46082087945914607,0.0,0.46082087945914607,0.037020482641181185,0.10531586901763212,0.037020482641181185,0.0260276341387196,0.02419672399309279,0.567384959167003,0.5673849591670032,0.4542497916112526,0.5679218774283578,0.07175324068012197,0.10762676145195446,0.270865821830613,0.10439012823584601,0.6376594514841691,0.47454382494608904,0.4242210684419761,0,0,0,0,0,0.0,활발 관찰 구간,신중 매수 구간,신중 투자 구간,0.4493824466940326,주의,0,0
11350,노원구,2024-03,61303.45394736842,57650.0,950.126619016686,947.8288334157191,304,29912.283035714285,25000.0,479.4849067478258,462.1257785814748,1120,1797,677,0.3767390094602114,0.5046536926247355,0.4953463073752645,0.0047523504849744,0.0044466011826593,0.000305749302315,0.3755656108597285,0.1316120906801008,31391.170911654135,31391.170911654135,매매가>전세가,0.5120620273468567,0.0,0.5120620273468567,-0.011800033360947315,-0.030370264144545134,0.011800033360947315,-0.0181394496085525,-0.02669415060903595,0.5676484106426614,0.5676484106426615,0.4261373325252947,0.5183735398564168,0.18574905663459496,0.13255442068497025,0.24723717997310196,0.0331407303357057,0.6054137086471685,0.45353862720946814,0.41875554973003365,1,1,0,0,0,0.45,안정 정체 구간,관찰 필요,조건부 관찰,0.4361470884697509,보통,0,0
11350,노원구,2024-04,61118.90625,55900.0,960.0981896217038,937.6611274162916,320,30071.135275754423,25000.0,485.3290954716293,467.0558798999166,961,1512,551,0.3644179894179894,0.5054994382010634,0.4945005617989366,0.0104949913047776,0.0121884727580738,-0.0016934814532962,0.0526315789473683,-0.1585976627712855,31047.770974245577,31047.770974245577,매매가>전세가,0.5079896365823068,0.0,0.5079896365823068,-0.012321020042221964,-0.0327043914562376,0.012321020042221964,0.0057426408198031995,-0.009668494923582958,0.5661979421685913,0.5661979421685912,0.43503725829900464,0.5158957419041635,0.026030780923427643,0.15973320689613957,0.22256530312397535,0.034612551354528835,0.5939826808374462,0.45145670656262127,0.3957217520736076,0,0,0,0,0,0.0,활발 관찰 구간,관찰 필요,조건부 관찰,0.42358922931811444,보통,0,0
11350,노원구,2024-05,58869.57746478873,55000.0,925.5510562370056,921.10532639167,355,30330.706521739132,26000.0,481.3462042122702,467.0748512476331,920,1613,693,0.4296342219466832,0.5200644534611304,0.4799355465388696,-0.0359829169121863,-0.0082065783743886,-0.0277763385377977,0.109375,0.0667989417989418,28538.8709430496,28538.8709430496,매매가>전세가,0.4847813110280835,0.0,0.4847813110280835,0.0652162325286938,0.17895997020578047,0.0652162325286938,-0.046477908216963904,-0.049553472556965454,0.5412186859355239,0.541218685935524,0.36300594966799404,0.48356928349434625,0.05409521660649819,0.06727721584523494,0.3531556967762993,0.18404494249019357,0.6240963806585914,0.4513156918687623,0.3852603634498955,0,1,0,0,1,0.30000000000000004,완만 정체 구간,관찰 필요,선별 검토 가능,0.41828802765932893,보통,0,0
11350,노원구,2024-06,61855.995623632385,59000.0,970.7570821106468,962.4639076034648,457,30668.725685785535,26000.0,494.651557792401,484.26150121065376,802,1334,532,0.3988005997001499,0.5095523554841505,0.4904476445158495,0.0488422821939555,0.0276419621962225,0.021200319997733,0.2873239436619719,-0.1729696218226906,31187.26993784685,31187.26993784685,매매가>전세가,0.5041915439791514,0.0,0.5041915439791514,-0.0308336222465333,-0.07176714672966555,0.0308336222465333,0.08482519910614181,0.010323077603011703,0.5592471180535472,0.5592471180535471,0.4944677630520851,0.5442697623595016,0.1421060659988814,0.17420806780232798,0.29141378512676896,0.08691184808655604,0.5711652954282505,0.4732667511598441,0.4334910911095467,0,0,0,0,0,0.0,활발 관찰 구간,신중 매수 구간,신중 투자 구간,0.4533789211346954,주의,0,0
11350,노원구,2024-07,63243.59353970391,60000.0,978.7836163357994,968.5230024213076,743,30523.929494712105,26000.0,494.2024989342079,484.26150121065376,851,1422,571,0.4015471167369902,0.5049149686263831,0.4950850313736169,0.0082683241493339,-0.0009078286545729,0.0091761528039069,0.62582056892779,0.065967016491754,32719.6640449918,32719.6640449918,매매가>전세가,0.5173593436693412,0.0,0.5173593436693412,0.002746517036840257,0.0068869430961371325,0.002746517036840257,-0.0405739580446216,0.003786099842032608,0.5672003177243794,0.5672003177243794,0.43158637689652013,0.5293673021173346,0.30952136441554956,0.06643933403226775,0.29691347020679837,0.007563962063093162,0.6133196311076987,0.45819095394125703,0.4378954478749455,1,1,0,0,0,0.45,안정 정체 구간,관찰 필요,신중 투자 구간,0.44804320090810124,주의,0,0
11350,노원구,2024-08,65998.86578449905,62000.0,988.7733943265904,966.232029421598,529,31148.64970414201,27000.0,498.91859467876935,489.9617590822179,845,1352,507,0.375,0.5045833530124065,0.4954166469875934,0.0102063191741899,0.0095428407479365,0.0006634784262533,-0.288021534320323,-0.0492264416315049,34850.216080357044,34850.216080357044,매매가>전세가,0.5280426514320827,0.0,0.5280426514320827,-0.026547116736990173,-0.06611208406304736,0.026547116736990173,0.0019379950248560006,0.020431975890008995,0.5677690443095904,0.5677690443095904,0.434589875184548,0.5188169006281876,0.142451083761315,0.04957889825416483,0.24375494984160517,0.07480219320860178,0.5978890092733518,0.45875125283172624,0.4182484025559612,0,1,1,0,0,0.45,안정 정체 구간,관찰 필요,조건부 관찰,0.4384998276938437,보통,0,0
11350,노원구,2024-09,61752.734375,57500.0,958.8367529561756,946.8189632919668,256,31011.603773584902,27000.0,499.6667174543648,493.75544583212314,689,1195,506,0.4234309623430962,0.5211176103897245,0.4788823896102755,-0.0302765441932256,0.0014994886612256,-0.0317760328544513,-0.5160680529300568,-0.1161242603550295,30741.130601415098,30741.130601415098,매매가>전세가,0.4978100308034351,0.0,0.4978100308034351,0.048430962343096184,0.12914923291492308,0.048430962343096184,-0.0404828633674155,-0.0191223738515409,0.5394125033601367,0.5394125033601368,0.3718496672588174,0.47861215968078547,0.25523943412064176,0.11695569897332325,0.3407341556637616,0.13662547025849522,0.6097651790716939,0.44501148831323445,0.4108352037079142,0,1,1,0,0,0.45,안정 정체 구간,관찰 필요,조건부 관찰,0.42792334601057436,보통,0,0
11350,노원구,2024-10,58764.45993031359,54500.0,966.871648082251,939.4800087393488,287,31798.709826589595,27800.0,511.2148166969075,489.6994258696386,865,1437,572,0.3980514961725818,0.5287307965963015,0.4712692034036985,0.0083798364020812,0.0231116038734306,-0.0147317674713494,0.12109375,0.2025104602510461,26965.750103723996,26965.750103723996,매매가>전세가,0.45887854896823005,0.0,0.45887854896823005,-0.025379466170514398,-0.05993767208253897,0.025379466170514398,0.0386563805953068,0.011879486723006608,0.5263557556939988,0.526355755693999,0.4317591982174859,0.4997364074672799,0.05989113267148014,0.20396041581370275,0.28991376403143165,0.07150350495389417,0.5778544598597941,0.43904394559824683,0.38665765602596425,1,0,0,0,0,0.25,완만 정체 구간,관찰 필요,조건부 관찰,0.41285080081210557,보통,0,0
11350,노원구,2024-11,57014.18918918919,53250.0,973.687207483127,952.842071214329,296,32443.869182389935,27000.0,514.3177233331961,494.9911608721273,795,1332,537,0.4031531531531531,0.5282165765150085,0.4717834234849914,0.0070490839341441,0.0060696727382381,0.000979411195906,0.0313588850174215,-0.0730688935281836,24570.32000679925,24570.32000679925,매매가>전세가,0.43095096775414954,0.0,0.43095096775414954,0.005101656980571301,0.012816575316575207,0.005101656980571301,-0.0013307524679370998,-0.019938943919921747,0.5272376521384209,0.5272376521384208,0.42969680243835595,0.519208460015466,0.015509629051937708,0.0735920598302947,0.30012943224070465,0.014217384494109076,0.6030172111196315,0.437389297110765,0.37806241354641323,1,1,0,0,0,0.45,안정 정체 구간,관찰 필요,선별 검토 가능,0.4077258553285891,안정,0,0
11350,노원구,2024-12,60091.70212765958,57000.0,975.1650090016042,961.1533840608732,235,34133.2143727162,28000.0,519.7093539167425,498.603909054647,821,1431,610,0.4262753319357092,0.5329450391670971,0.4670549608329029,0.0015177374285291,0.0104830736701124,-0.0089653362415833,-0.206081081081081,0.0743243243243243,25958.48775494338,25958.48775494338,매매가>전세가,0.43198123594164195,0.0,0.43198123594164195,0.023122178782556124,0.05735333731539072,0.023122178782556124,-0.005531346505615,0.015544908089147718,0.5191282558854116,0.5191282558854118,0.42112433989483744,0.5068831820218539,0.10192457800761046,0.07485647939108557,0.34642978281653536,0.06512652231204821,0.5965007366087496,0.4399208867430679,0.3890977328755788,1,0,1,0,0,0.5,안정 정체 구간,관찰 필요,조건부 관찰,0.4145093098093233,보통,0,0
11350,노원구,2025-01,59648.85321100918,57150.0,952.035530525386,924.28966101868,218,31902.178723404257,27500.0,507.8260798751727,490.90909090909093,705,1204,499,0.4144518272425249,0.5334108482221522,0.4665891517778477,-0.0237185279031891,-0.0228652302522796,-0.0008532976509095,-0.0723404255319148,-0.1586303284416491,27746.67448760492,27746.67448760492,매매가>전세가,0.46516693941206927,0.0,0.46516693941206927,-0.011823504693184328,-0.027736779042535686,0.011823504693184328,-0.0252362653317182,-0.054091940895002674,0.5183293851987598,0.5183293851987597,0.38201325924298507,0.5169370452650822,0.03577847760964739,0.1597661064495845,0.32275414145602443,0.03320703836500445,0.6457401725552867,0.4296033562576929,0.369892821199127,0,0,1,0,0,0.25,완만 정체 구간,매수 검토 가능,선별 검토 가능,0.39974808872840994,안정,0,0
11350,노원구,2025-02,60795.1871657754,56000.0,986.4724293700026,961.6714001390094,374,32421.79777553084,28000.0,510.22049416597287,493.82716049382714,989,1629,640,0.3928790669122161,0.5172171861831134,0.4827828138168866,0.0361718630665102,0.0047150282068788,0.0314568348596313,0.7155963302752293,0.3529900332225912,28373.389390244563,28373.389390244563,매매가>전세가,0.46670453226628666,0.0,0.46670453226628666,-0.021572760330308804,-0.05205130949437231,0.021572760330308804,0.059890390969699295,0.00946478138819918,0.5461017991785708,0.5461017991785709,0.4748311893407029,0.5569814373128503,0.35392309475706285,0.3555174081621324,0.27955637987936854,0.060749315126270235,0.6050173707915423,0.4618533630878822,0.4566615507693969,0,1,0,0,0,0.2,활발 관찰 구간,관찰 필요,신중 투자 구간,0.45925745692863956,주의,0,0
11350,노원구,2025-03,60621.88019966722,56300.0,992.8969229864928,968.5230024213076,601,31118.11078140455,27000.0,495.8662834502235,482.58003766478345,1011,1641,630,0.3839122486288848,0.4994136571183322,0.5005863428816677,0.006512593180727,-0.0281333479934265,0.0346459411741536,0.606951871657754,0.007366482504604,29503.76941826267,29503.76941826267,매매가>전세가,0.48668515923768113,0.0,0.48668515923768113,-0.00896681828333129,-0.02282335466179164,0.00896681828333129,-0.0296592698857832,-0.008903356366308023,0.5766351632994668,0.5766351632994667,0.42886535084082117,0.5609339380801894,0.30018919284156065,0.00741922581609281,0.2616010291326985,0.02513671477837979,0.6535186534842626,0.4654612493789929,0.44732421534308753,1,0,0,0,0,0.25,완만 정체 구간,관찰 필요,신중 투자 구간,0.4563927323610402,주의,0,0
11350,노원구,2025-04,61636.72248803828,57500.0,990.0549562256924,968.584354372816,418,30797.87899543379,27000.0,488.1276210068708,478.3301927815626,876,1506,630,0.4183266932270916,0.4930308342354255,0.5069691657645745,-0.0028622978830996,-0.0156063493357669,0.0127440514526673,-0.3044925124792013,-0.0822669104204752,30838.843492604487,30838.843492604487,매매가>전세가,0.500332305933193,0.0,0.500332305933193,0.034414444598206806,0.08964143426294813,0.034414444598206806,-0.0093748910638266,0.011916865850256008,0.5875818163194293,0.5875818163194294,0.41433617563680186,0.53378926888677,0.15059737981823312,0.08285593364544279,0.3305132568580361,0.09702790247199702,0.6350222900877417,0.4787638407712537,0.4275711218364494,1,0,1,0,0,0.5,안정 정체 구간,신중 매수 구간,신중 투자 구간,0.45316748130385154,주의,0,0
11350,노원구,2025-05,60844.501754385965,57950.0,994.3002277843194,972.4513861077738,570,30267.09572072072,27000.0,488.64163770431855,475.7601170462168,888,1521,633,0.4161735700197239,0.4914427494331352,0.5085572505668647,0.0042879150616152,0.0010530375158599,0.0032348775457553,0.3636363636363635,0.0099601593625497,30577.406033665244,30577.406033665244,매매가>전세가,0.5025500275620398,0.0,0.5025500275620398,-0.002153123207367713,-0.0051469897623742655,0.002153123207367713,0.0071502129447148,-0.016527153988004677,0.5903054095658442,0.5903054095658442,0.42541755204027376,0.5220038301283693,0.1798490318345913,0.01003147315273502,0.32620179640824104,0.005887586174709891,0.6104243730932746,0.4704748503665136,0.42365728317443374,1,1,0,0,0,0.45,안정 정체 구간,신중 매수 구간,신중 투자 구간,0.44706606677047367,주의,0,0
11350,노원구,2025-06,64056.72316384181,60000.0,1007.9679169971934,985.4721549636804,885,31587.82268722467,27000.0,496.8526137094037,483.7256320487811,908,1522,614,0.4034165571616294,0.4929250280004569,0.5070749719995431,0.0137460385011987,0.0168036765013743,-0.0030576380001756,0.5526315789473684,0.0006574621959236,32468.90047661714,32468.90047661714,매매가>전세가,0.5068773248604903,0.0,0.5068773248604903,-0.012757012858094496,-0.030653106725374024,0.012757012858094496,0.0094581234395835,-0.020143380187131337,0.5877632758652757,0.5877632758652758,0.4400757205053119,0.5142050394732791,0.27332319969599084,0.0006621695624815254,0.30065687812070674,0.03584425921486623,0.5871682404500933,0.47067386566298386,0.44115620442444997,0,0,0,0,0,0.0,활발 관찰 구간,신중 매수 구간,신중 투자 구간,0.4559150350437169,주의,0,0
11350,노원구,2025-07,61586.63742690058,56250.0,979.4452891597476,958.3722689449562,342,32936.33867276888,29000.0,506.1033856187656,489.6994258696386,874,1476,602,0.4078590785907859,0.5167245084745311,0.4832754915254689,-0.0282971584278362,0.0186187445816123,-0.0469159030094485,-0.6135593220338983,-0.0302233902759526,28650.298754131705,28650.298754131705,매매가>전세가,0.4652031666469498,0.0,0.4652031666469498,0.004442521429156521,0.011012243672925415,0.004442521429156521,-0.042043196929034896,0.033255313157061074,0.5469467500765448,0.5469467500765449,0.37491731277980395,0.4598481730013368,0.3034571376124334,0.030439786865040563,0.3095526790547331,0.012355283995777091,0.5844882562241048,0.4308789942104945,0.40513855872446153,0,0,1,0,0,0.25,완만 정체 구간,관찰 필요,조건부 관찰,0.418008776467478,보통,0,0
11350,노원구,2025-08,63037.213541666664,57000.0,1008.4344284925596,988.9431756015668,384,30817.981286549708,27000.0,495.3436768497833,482.4120603015075,855,1406,551,0.3918918918918919,0.4912006798401747,0.5087993201598253,0.0295975075419283,-0.0212599027683393,0.0508574103102676,0.1228070175438595,-0.0474254742547425,32219.232255116956,32219.232255116956,매매가>전세가,0.5111144742116579,0.0,0.5111144742116579,-0.01596718669889402,-0.03914878333482985,0.01596718669889402,0.0578946659697645,0.03234943139212782,0.590720563156886,0.5907205631568861,0.46464227486480775,0.5810260384621688,0.06073848882133123,0.047765036122914876,0.27757963928106494,0.04491320762138828,0.6433698745034684,0.4844598132677348,0.429487953855644,0,0,0,0,0,0.0,활발 관찰 구간,신중 매수 구간,신중 투자 구간,0.4569738835616894,주의,0,0
11350,노원구,2025-09,64978.32487309645,59500.0,1047.591665854481,1022.2489476849069,591,30892.702194357367,27100.0,496.7088004477523,485.6254856254857,957,1650,693,0.42,0.474143520455182,0.525856479544818,0.0388297307743201,0.0027559120299076,0.0360738187444125,0.5390625,0.1735419630156471,34085.62267873908,34085.62267873908,매매가>전세가,0.5245691197073603,0.0,0.5245691197073603,0.0281081081081081,0.07172413793103449,0.0281081081081081,0.009232223232391801,-0.051251079608353206,0.6199738902065441,0.6199738902065443,0.4789503439349231,0.5627036147969596,0.2666121389891697,0.17478450690358727,0.3338639225083259,0.07921209463754394,0.6079100449057129,0.5075426406276414,0.4732346836307969,0,1,0,0,0,0.2,활발 관찰 구간,신중 매수 구간,우선 점검 구간,0.49038866212921917,주의,0,1
11350,노원구,2025-10,65883.38345864661,61500.0,1042.213250919953,1005.2197339619464,665,32977.4794359577,28000.0,508.18792143480835,498.20645675567954,851,1485,634,0.4269360269360269,0.4876045482882079,0.5123954517117921,-0.0051340757184633,0.0231103636108487,-0.028244439329312,0.1252115059221659,-0.0999999999999999,32905.90402268891,32905.90402268891,매매가>전세가,0.4994568022351667,0.0,0.4994568022351667,0.006936026936026907,0.016514349847683185,0.006936026936026907,-0.0439638064927834,-0.015159995367600841,0.5968879917438428,0.5968879917438428,0.41081538185158484,0.48298913076339867,0.06192771231529504,0.10071599045346051,0.34775277276597233,0.019399598078018204,0.577856291132236,0.46922990984856794,0.39890081628843777,1,0,0,0,0,0.25,완만 정체 구간,신중 매수 구간,조건부 관찰,0.43406536306850285,보통,0,0
11350,노원구,2025-11,65682.34042553192,59300.0,1027.1808580623724,993.06851506265,235,33536.179569892476,29000.0,519.7175694015101,506.7567567567567,930,1604,674,0.4201995012468827,0.5059650063786059,0.4940349936213941,-0.0144235288164985,0.0226877646641996,-0.0371112934806981,-0.6466165413533835,0.08013468013468,32146.160855639442,32146.160855639442,매매가>전세가,0.48941862679338455,0.0,0.48941862679338455,-0.006736525689144179,-0.015778770738768322,0.006736525689144179,-0.009289453098035201,0.054178619618739196,0.5653994845910918,0.5653994845910917,0.3964186181247344,0.47199976748076133,0.31980673705925466,0.0807084367943555,0.3342634081172667,0.018835994172204287,0.5784802669066271,0.44827244036531727,0.4214281067040899,0,0,1,0,0,0.25,완만 정체 구간,관찰 필요,신중 투자 구간,0.4348502735347036,보통,0,0
11350,노원구,2025-12,64167.102615694166,59500.0,1032.926447485888,1010.1010101010102,497,35133.05250875146,30000.0,538.7898042966974,517.1522151353215,857,1494,637,0.4263721552878179,0.5216148793634781,0.4783851206365219,0.0055935518837002,0.0366973064180806,-0.0311037545343804,1.1148936170212769,-0.0685785536159601,29034.050106942705,29034.050106942705,매매가>전세가,0.45247562884102355,0.0,0.45247562884102355,0.006172654040935199,0.014689817628575685,0.006172654040935199,0.0200170807001987,-0.0196532174551459,0.5385596783619919,0.5385596783619918,0.427441023674423,0.4794453650724796,0.5514094784545666,0.06906956951297175,0.34662366398961675,0.017243020352370853,0.5577948990559588,0.44169946592723014,0.4543088889794998,1,0,0,0,0,0.25,완만 정체 구간,관찰 필요,신중 투자 구간,0.44800417745336496,주의,0,0
11350,노원구,2026-01,65779.86866791744,60000.0,1035.609133774096,1002.905569007264,533,33848.142857142855,30000.0,525.4008430456101,510.51051051051047,1015,1794,779,0.4342251950947603,0.5073350803028155,0.4926649196971845,0.002597170684067,-0.0248500642445608,0.0274472349286278,0.0724346076458752,0.2008032128514056,31931.725810774587,31931.725810774587,매매가>전세가,0.48543310373540655,0.0,0.48543310373540655,0.007853039806942408,0.018418275465576173,0.007853039806942408,-0.0029963811996332004,-0.03932289678857685,0.5630497838183843,0.5630497838183843,0.4227972419887369,0.5520120367218924,0.03582505865518015,0.20224094468566384,0.3623487606410488,0.02199021865711372,0.6486708195367608,0.46618018164560276,0.3996020607425488,1,0,0,0,0,0.25,완만 정체 구간,관찰 필요,조건부 관찰,0.4328911211940758,보통,0,0
11350,노원구,2026-02,63071.855,58000.0,1067.5560646071235,1047.2210224265664,800,32069.74477958237,28750.0,520.1432892558189,511.359728743112,862,1590,728,0.4578616352201258,0.4872280777564963,0.5127719222435037,0.0308484444479577,-0.0100067479132971,0.0408551923612549,0.5009380863039399,-0.1137123745819398,31002.110220417635,31002.110220417635,매매가>전세가,0.49153636309599,0.0,0.49153636309599,0.023636440125365477,0.05443359895366573,0.023636440125365477,0.0282512737638907,0.030765362213777802,0.5975336452984672,0.5975336452984672,0.46658097274973614,0.568629532914975,0.24775638203480058,0.11452654432834987,0.40967887924538526,0.0665793438153987,0.6267543668911228,0.5016742208050187,0.4600002686741657,0,0,0,0,0,0.0,활발 관찰 구간,신중 매수 구간,신중 투자 구간,0.4808372447395922,주의,0,1
11350,노원구,2026-03,64385.79017264276,60000.0,1030.9186884579829,1009.4371418941691,753,30905.15945330296,27300.0,515.5547506281974,508.4745762711865,878,1656,778,0.4698067632850241,0.5000925450283075,0.4999074549716925,-0.0343189246577171,-0.0088216818757508,-0.0254972427819663,-0.0587499999999999,0.0415094339622641,33480.630719339795,33480.630719339795,매매가>전세가,0.5200003079804645,0.0,0.5200003079804645,0.01194512806489828,0.026088947284599318,0.01194512806489828,-0.0651673691056748,-0.01567379908208576,0.5754708586451972,0.5754708586451971,0.36558479936754945,0.4863939393180617,0.029056859205776123,0.04180663754671945,0.433598061874283,0.03355063224427747,0.6250045932479422,0.46224710953729625,0.3795241403682354,0,1,1,0,0,0.45,안정 정체 구간,관찰 필요,선별 검토 가능,0.4208856249527658,보통,0,0
11350,노원구,2026-04,63703.315579227696,60000.0,1054.7299930311833,1035.1966873706003,751,33740.26194398682,29500.0,540.1334734243751,529.703400887188,607,1065,458,0.4300469483568075,0.512105919991986,0.487894080008014,0.0230971703586213,0.0476743212359671,-0.0245771508773458,-0.0026560424966799,-0.3568840579710145,29963.053635240874,29963.053635240874,매매가>전세가,0.4703531262509544,0.0,0.4703531262509544,-0.039759814928216564,-0.0846301459140445,0.039759814928216564,0.057416095016338396,0.0026772464432753933,0.5548677102046744,0.5548677102046743,0.4545680737697266,0.4875342788365264,0.00131363834673338,0.3594393137560098,0.3539821490609376,0.11212891884702877,0.5415871177166929,0.46536031478407175,0.3940341067295995,0,0,1,0,0,0.25,완만 정체 구간,관찰 필요,조건부 관찰,0.42969721075683565,보통,0,0
11320,도봉구,2023-06,52289.565217391304,49500.0,779.1063719190346,726.1386371660586,115,26827.24661246613,26000.0,411.3750324372399,400.995575221239,369,530,161,0.3037735849056603,0.528008815309741,0.471991184690259,0.016006842921258,0.0210972825996145,-0.0050904396783564,0.2105263157894736,-0.0293040293040293,25462.318604925174,25462.318604925174,매매가>전세가,0.48694837103859695,0.0,0.48694837103859695,-0.016739235607160174,-0.052226415094339784,0.016739235607160174,,-0.0028055520589473047,0.5275939662437619,0.527593966243762,0.44357950772773697,0.511685634536457,0.10412312369371075,0.02951384335632545,0.10112963671084148,0.04709429564453209,0.580828645400643,0.42190914769704735,0.39603881475666536,0,0,0,0,0,0.0,활발 관찰 구간,매수 검토 가능,조건부 관찰,0.40897398122685635,보통,0,0
11320,도봉구,2023-07,50842.913385826774,50000.0,754.7124843157912,696.2962962962963,127,27638.837765957447,26700.0,407.0628522507708,394.56343414969945,376,565,189,0.3345132743362832,0.5393614928999175,0.4606385071000825,-0.0313100861223329,-0.0104823575726535,-0.0208277285496794,0.1043478260869565,0.0660377358490567,23204.075619869327,23204.075619869327,매매가>전세가,0.4563876079205526,0.0,0.4563876079205526,0.030739689430622885,0.10119276644863429,0.030739689430622885,-0.0473169290435909,-0.030625427792628182,0.5081239253689048,0.5081239253689049,0.370247887391034,0.4921812216366757,0.05160885261340448,0.06651055973341748,0.16268345525945224,0.08664648181562576,0.6274566140402412,0.40835932274611675,0.3667351717582319,0,0,0,0,0,0.0,활발 관찰 구간,매수 검토 가능,선별 검토 가능,0.3875472472521743,안정,0,0
11320,도봉구,2023-08,53445.72649572649,50000.0,821.459759136212,820.7070707070707,117,29666.830601092897,30000.0,416.2190951839688,412.5898913871581,366,566,200,0.3533568904593639,0.5066822696484059,0.4933177303515941,0.0884406660914489,0.0224934377641448,0.0659472283273041,-0.0787401574803149,0.0017699115044247,23778.895894633595,23778.895894633595,매매가>전세가,0.4449166931342013,0.0,0.4449166931342013,0.01884361612308072,0.05633144502402443,0.01884361612308072,0.11975075221378181,0.06011272264969256,0.5641693655226947,0.5641693655226948,0.5558372076169015,0.5997279917397219,0.03894368799567921,0.001782583901831082,0.20041631948560468,0.0530393064984678,0.5787671944508346,0.48076502526324816,0.4397178016534665,0,0,1,0,0,0.25,완만 정체 구간,신중 매수 구간,신중 투자 구간,0.46024141345835734,주의,0,0
11320,도봉구,2023-09,52408.22429906542,51000.0,791.7725685399338,741.3509060955519,107,29826.1593220339,28500.0,425.011005371893,420.16806722689074,295,463,168,0.3628509719222462,0.536784200740414,0.463215799259586,-0.0361395555486432,0.0211232744716776,-0.0572628300203208,-0.0854700854700855,-0.1819787985865724,22582.06497703152,22582.06497703152,매매가>전세가,0.43088780967215906,0.0,0.43088780967215906,0.009494081462882276,0.026868250539956895,0.009494081462882276,-0.12458022164009211,-0.02114325139602716,0.5125440265559061,0.5125440265559063,0.3627631916266145,0.44702444343050207,0.0422722083371903,0.18328174941177458,0.21942747341970423,0.02662626731015661,0.580790267883077,0.40234553260950673,0.35035139428758466,0,0,1,0,0,0.25,완만 정체 구간,매수 검토 가능,선별 검토 가능,0.37634846344854567,안정,0,0
11320,도봉구,2023-10,51519.51162790698,49125.0,748.2653623202037,707.0856172634994,86,28270.19345238095,27000.0,423.8333331363884,412.76829939460646,336,513,177,0.3450292397660818,0.5664211581599554,0.4335788418400446,-0.0549491204272957,-0.0027709217423066,-0.052178198684989,-0.1962616822429906,0.1079913606911446,23249.318175526027,23249.318175526027,매매가>전세가,0.4512720994609038,0.0,0.4512720994609038,-0.017821732156164394,-0.04911584516847689,0.017821732156164394,-0.018809564878652506,-0.02474395491331295,0.4617161255800011,0.4617161255800012,0.3336121901085487,0.45332621178579946,0.0970680522284827,0.10876456852425541,0.18374085173673899,0.05015241830081552,0.6160705252152188,0.3722881500779083,0.338563773996224,0,1,1,0,0,0.45,안정 정체 구간,거주 안정권,안정 관찰,0.3554259620370661,낮음,0,0
11320,도봉구,2023-11,49638.23529411765,49500.0,779.7173907668448,734.8695010106048,68,29997.478510028657,29000.0,440.3162484047549,435.3883664228492,349,535,186,0.3476635514018691,0.5647126171851932,0.4352873828148068,0.0420332545517212,0.0388900871632535,0.0031431673884676,-0.2093023255813954,0.0428849902534114,19640.756784088993,19640.756784088993,매매가>전세가,0.395677982259303,0.0,0.395677982259303,0.002634311635787312,0.007635038808807337,0.002634311635787312,0.0969823749790169,0.05760748324882671,0.4646463032716298,0.46464630327162976,0.4839151545034102,0.5218901667909629,0.10351775669549158,0.04319204268959334,0.18901585429640083,0.007246974559130189,0.5545572145458857,0.40282023271552403,0.3800396313641818,0,0,1,0,0,0.25,완만 정체 구간,매수 검토 가능,선별 검토 가능,0.3914299320398529,안정,0,0
11320,도봉구,2023-12,52651.92307692308,53650.0,769.246652113472,717.9822031006838,52,29634.42679127726,27550.0,429.6167370123542,423.6789455101801,321,509,188,0.3693516699410609,0.5584902265508738,0.4415097734491262,-0.013428889463495,-0.0242996060925858,0.0108707166290907,-0.2352941176470588,-0.0485981308411215,23017.49628564582,23017.49628564582,매매가>전세가,0.4371634489402763,0.0,0.4371634489402763,0.02168811853919178,0.06238249149713759,0.02168811853919178,-0.0554621440152162,-0.017620920066448352,0.47531781217578106,0.47531781217578095,0.39796010690857325,0.5314675032893197,0.11637290295179442,0.04894608881850423,0.23244461164397046,0.061075209515954736,0.6478580570952737,0.406425029733567,0.37581021269546655,0,0,1,0,0,0.25,완만 정체 구간,매수 검토 가능,선별 검토 가능,0.39111762121451676,안정,0,0
11320,도봉구,2024-01,49076.5306122449,49750.0,757.2119701479324,714.848243719397,98,29742.196531791906,29000.0,443.2982128642528,435.5979380884402,346,583,237,0.4065180102915952,0.5854347664071501,0.4145652335928499,-0.0156447635260742,0.0318457701323335,-0.0474905336584078,0.8846153846153846,0.1453831041257367,19334.33408045299,19334.33408045299,매매가>전세가,0.3939629358320809,0.0,0.3939629358320809,0.03716634035053429,0.10062588956607432,0.03716634035053429,-0.0022158740625792,-0.030381472678091687,0.42910745447040055,0.4291074544704006,0.39452595260575907,0.4591359897572079,0.43751735628991945,0.1464240332722217,0.30686729490548903,0.1048021856839521,0.5649582891564053,0.3837699666485894,0.3970278195491167,0,0,0,0,0,0.0,활발 관찰 구간,거주 안정권,조건부 관찰,0.39039889309885306,안정,0,0
11320,도봉구,2024-02,49748.21428571428,48150.0,702.500151093349,668.2318729783728,84,29351.498412698413,28000.0,429.6109786458982,421.05263157894734,315,499,184,0.3687374749498998,0.6115457455450583,0.3884542544549417,-0.0722542976227577,-0.0308759066045365,-0.0413783910182211,-0.1428571428571429,-0.144082332761578,20396.71587301587,20396.71587301587,매매가>전세가,0.40999895505541795,0.0,0.40999895505541795,-0.0377805353416954,-0.09293692870974013,0.0377805353416954,-0.0566095340966835,-0.07094937372319181,0.38432666799430837,0.3843266679943083,0.306792683652669,0.46671123062183967,0.07065497679216093,0.14511394850927425,0.23121473431795772,0.10653732619740076,0.6575680959799183,0.3419641271898663,0.31046709579147386,0,0,1,0,0,0.25,완만 정체 구간,거주 안정권,안정 관찰,0.3262156114906701,낮음,0,0
11320,도봉구,2024-03,49986.466165413534,49400.0,742.6734286823859,688.1388362061731,133,29871.502551020407,29875.0,438.12067578317107,434.8704362517676,392,590,198,0.335593220338983,0.589923725372083,0.4100762746279169,0.0571861479695234,0.0198079135782209,0.0373782343913025,0.5833333333333333,0.1823647294589179,20114.963614393128,20114.963614393128,매매가>전세가,0.4024081948067576,0.0,0.4024081948067576,-0.0331442546109168,-0.08988577745025805,0.0331442546109168,0.1294404455922811,0.02573964687551305,0.4214088112350436,0.42140881123504353,0.5073990586699954,0.5643202758100416,0.2885078219013237,0.18367044351232303,0.16484596247809244,0.09343953373170943,0.5827324244800262,0.3972908554105075,0.4144570774866421,0,0,0,0,0,0.0,활발 관찰 구간,매수 검토 가능,조건부 관찰,0.4058739664485748,안정,0,0
11320,도봉구,2024-04,55629.65517241379,54000.0,802.4666570830982,783.4757834757835,145,28685.978260869564,27000.0,444.51601919818575,433.17319051744505,322,482,160,0.3319502074688796,0.5539370580379822,0.4460629419620178,0.0805107953125434,0.014597218913676,0.0659135763988674,0.0902255639097744,-0.1830508474576271,26943.676911544226,26943.676911544226,매매가>전세가,0.4843401748228944,0.0,0.4843401748228944,-0.0036430128701033793,-0.010855442390712122,0.0036430128701033793,0.023324647343020005,0.06034730908418284,0.4831265759103224,0.4831265759103225,0.5435475200773299,0.5996862843584525,0.04462419586873319,0.18436147405040246,0.15755111476394448,0.010096620685873641,0.5904261190909699,0.4298131321655104,0.40544435390466665,0,0,0,0,0,0.0,활발 관찰 구간,관찰 필요,조건부 관찰,0.41762874303508857,보통,0,0
11320,도봉구,2024-05,53787.93103448276,54100.0,779.2513769218484,747.5888998828182,116,29814.674193548388,30000.0,450.01279245753454,435.7979944744718,310,480,170,0.3541666666666667,0.5774937405117561,0.4225062594882439,-0.0289299000230557,0.0123657484138903,-0.0412956484369461,-0.1999999999999999,-0.0041493775933609,23973.256840934373,23973.256840934373,매매가>전세가,0.44569955341032585,0.0,0.44569955341032585,0.022216459197787086,0.06692708333333353,0.022216459197787086,-0.10944069533559911,-0.04250045566783485,0.44272645294397694,0.4427264529439769,0.37393669194557505,0.46681377976373933,0.09891696750902522,0.0041790867408073975,0.2020378328662715,0.06256780599561308,0.593720929795481,0.37393636111457407,0.3441986785981699,0,0,1,0,0,0.25,완만 정체 구간,거주 안정권,안정 관찰,0.359067519856372,낮음,0,0
11320,도봉구,2024-06,56151.47727272727,54250.0,806.0283920797455,773.927392739274,176,29920.212543554007,29000.0,454.29574147950217,447.374617376972,287,471,184,0.3906581740976645,0.5636225050426708,0.4363774949573292,0.0343624868058238,0.0095173939357997,0.0248450928700241,0.5172413793103448,-0.01875,26231.264729173265,26231.264729173265,매매가>전세가,0.4671518186737674,0.0,0.4671518186737674,0.03649150743099783,0.10303484451105271,0.03649150743099783,0.0632923868288795,-0.004156717785119994,0.46651586468606254,0.4665158646860625,0.4720270239885377,0.5487870051710402,0.25581974355782394,0.018884248210023862,0.2751092161033209,0.1028957391069734,0.5979265819990643,0.4241805322379974,0.4161058939164084,0,1,0,0,0,0.2,활발 관찰 구간,매수 검토 가능,조건부 관찰,0.4201432130772029,보통,0,0
11320,도봉구,2024-07,56572.95358649789,54000.0,795.6100654259926,752.3876077335196,237,30775.66304347826,30000.0,463.5222608685098,454.7334386044064,276,469,193,0.4115138592750533,0.5825997948132124,0.4174002051867875,-0.0129255082775323,0.0203095000603785,-0.0332350083379109,0.3465909090909091,-0.0042462845010615,25797.29054301963,25797.29054301963,매매가>전세가,0.4560004190620268,0.0,0.4560004190620268,0.020855685177388783,0.05338602020951155,0.020855685177388783,-0.0472879950833561,-0.017407732584833593,0.4339694803999298,0.4339694803999297,0.39874024540783326,0.4768039409670839,0.17141860846734494,0.004276687492715878,0.3168710908943222,0.05872353151206855,0.581991822033877,0.3858758303968416,0.35858329983626747,0,0,0,0,0,0.0,활발 관찰 구간,매수 검토 가능,선별 검토 가능,0.37222956511655453,안정,0,0
11320,도봉구,2024-08,56791.978609625665,55000.0,834.2110510828531,837.7456171314273,187,31318.104166666668,30000.0,455.4090559039531,452.2840343735866,288,455,167,0.367032967032967,0.5459158750208433,0.4540841249791567,0.0485174677072397,-0.0175033771826942,0.0660208448899339,-0.210970464135021,-0.0298507462686566,25473.874442958997,25473.874442958997,매매가>전세가,0.4485470495412786,0.0,0.4485470495412786,-0.04448089224208629,-0.10809087285771224,0.04448089224208629,0.061442975984772,0.05874312442305879,0.49688304525140015,0.4968830452514001,0.4939643666334849,0.5998192303161713,0.10434279273103926,0.03006447476222693,0.2278015908224665,0.12546626713593723,0.6378232895441145,0.44783584796398895,0.42086383085117096,0,0,1,0,0,0.25,완만 정체 구간,관찰 필요,조건부 관찰,0.43434983940758,보통,0,0
11320,도봉구,2024-09,56951.8064516129,53850.0,767.3502667044847,704.6070460704607,93,29730.68049792531,29000.0,455.8510609936531,443.7617340843147,241,404,163,0.4034653465346535,0.5940586467134265,0.4059413532865735,-0.0801485239155959,0.0009705671944151,-0.081119091110011,-0.5026737967914439,-0.1120879120879121,27221.12595368759,27221.12595368759,매매가>전세가,0.4779677353485717,0.0,0.4779677353485717,0.036432379501686485,0.09926187229501404,0.036432379501686485,-0.1286659916228356,-0.0689943535739112,0.4143173487240376,0.4143173487240375,0.2945582378198653,0.4174575739180415,0.2486148381242881,0.11289045083794488,0.30075457501582353,0.10272869888831176,0.6105461421679395,0.35430937351311836,0.33497933000846897,0,1,1,0,0,0.45,안정 정체 구간,거주 안정권,안정 관찰,0.34464435176079367,낮음,0,0
11320,도봉구,2024-10,55333.56643356643,53500.0,786.216341859693,729.6006025088847,143,29911.74183006536,28000.0,471.269814959879,463.4305745350841,306,479,173,0.3611691022964509,0.5994149318305331,0.4005850681694669,0.0245860019521877,0.0338241045937601,-0.0092381026415724,0.5376344086021505,0.1856435643564356,25421.824603501074,25421.824603501074,매매가>전세가,0.4594286297092843,0.0,0.4594286297092843,-0.04229624423820261,-0.10483240903210955,0.04229624423820261,0.1047345258677836,0.028085652273113108,0.40513122594911677,0.40513122594911666,0.45687546005559726,0.5065451219827916,0.26590582663716467,0.18697275455469167,0.21605966132770918,0.1192944954450004,0.5620372388618855,0.3806141159575877,0.3862953690299434,0,0,0,0,0,0.0,활발 관찰 구간,거주 안정권,선별 검토 가능,0.38345474249376554,안정,0,0
11320,도봉구,2024-11,53127.380952380954,50000.0,784.9906237173288,731.6004980031381,84,30954.689138576778,30000.0,455.9414250870223,447.374617376972,267,443,176,0.3972911963882618,0.5808240395635662,0.4191759604364338,-0.0015590087322082,-0.0325257196329488,0.0309667109007405,-0.4125874125874126,-0.0751565762004174,22172.691813804176,22172.691813804176,매매가>전세가,0.4173496117506332,0.0,0.4173496117506332,0.03612209409181094,0.10001435300564987,0.03612209409181094,-0.0261450106843959,-0.028547036586274048,0.4370149317500387,0.4370149317500388,0.4163560088578899,0.5563739896041346,0.20405947842770947,0.07569469011116023,0.2883913233095694,0.1018521225678353,0.6600040778255114,0.4034413102320635,0.38829535982585844,1,0,1,0,0,0.5,안정 정체 구간,매수 검토 가능,조건부 관찰,0.39586833502896096,안정,0,0
11320,도봉구,2024-12,52800.555555555555,51175.0,768.6237699116031,715.9290375023021,90,30921.047826086957,30000.0,465.2830957327481,447.7315996858967,230,385,155,0.4025974025974026,0.605345702210405,0.394654297789595,-0.0208497443297098,0.0204887516942398,-0.0413384960239496,0.0714285714285714,-0.1309255079006772,21879.507729468598,21879.507729468598,매매가>전세가,0.414380256026804,0.0,0.414380256026804,0.005306206209140796,0.013355962219598672,0.005306206209140796,-0.0192907355975016,-0.006822573669091182,0.39495985088818697,0.39495985088818697,0.3864592905491323,0.46676067550699546,0.035327488396080436,0.13186292203839087,0.2990165853154239,0.014795249274176133,0.5817271534209135,0.35684410381147263,0.3156585892089207,0,0,0,0,0,0.0,활발 관찰 구간,거주 안정권,안정 관찰,0.33625134651019667,낮음,0,0
11320,도봉구,2025-01,51715.0,51350.0,812.1052915080853,804.6981606621734,80,30075.37037037037,30000.0,451.1214717948609,445.4365794789146,216,377,161,0.4270557029177719,0.5554962841790195,0.4445037158209804,0.0565706178999421,-0.0304365752114524,0.0870071931113946,-0.1111111111111111,-0.0207792207792207,21639.62962962963,21639.62962962963,매매가>전세가,0.41844009725668824,0.0,0.41844009725668824,0.024458300320369275,0.06075126208607862,0.024458300320369275,0.0774203622296519,0.026197204908128522,0.48045247577332817,0.48045247577332806,0.5064451122013482,0.6258291996518585,0.054953870838347366,0.020927998016303424,0.34799241453859286,0.06890115194028432,0.6569194144146007,0.45175674131253274,0.4097464247110868,0,0,1,0,0,0.25,완만 정체 구간,관찰 필요,조건부 관찰,0.43075158301180977,보통,0,0
11320,도봉구,2025-02,51359.016393442624,48650.0,769.4228745965579,739.4418147809739,122,30422.99035369775,29000.0,459.82956679019406,457.3975944150054,311,489,178,0.3640081799591002,0.5976291867216748,0.4023708132783252,-0.0525577377192874,0.0193032155190631,-0.0718609532383505,0.5249999999999999,0.2970822281167109,20936.026039744873,20936.026039744873,매매가>전세가,0.40764071257443174,0.0,0.40764071257443174,-0.06304752295867172,-0.1476330195988772,0.06304752295867172,-0.1091283556192295,-0.07926481939759841,0.4081938100827164,0.4081938100827164,0.33731834713031716,0.42893188472268196,0.2596570397111913,0.29920930850895466,0.22174469180553946,0.17791819790418625,0.5834776212316833,0.3590007287902806,0.35285825564664786,0,0,0,0,1,0.1,활발 관찰 구간,거주 안정권,선별 검토 가능,0.35592949221846426,낮음,0,0
11320,도봉구,2025-03,53010.625,49500.0,785.5354646095537,723.1800317519751,176,31043.341040462423,30000.0,452.5683405167351,440.4074101910735,346,534,188,0.352059925093633,0.576127190822227,0.423872809177773,0.020941137240616,-0.015791125229605,0.0367322624702211,0.4426229508196722,0.0920245398773005,21967.283959537577,21967.283959537577,매매가>전세가,0.4143939815751574,0.0,0.4143939815751574,-0.01194825486546719,-0.03282413836636777,0.01194825486546719,0.0734988749599034,0.005525187693580978,0.44507010959249116,0.44507010959249105,0.45122666076514917,0.5635196739291551,0.218914600224892,0.09268342679766302,0.19781924800359732,0.03355946565780683,0.6352951153807544,0.39788487636653164,0.3949169418957472,0,0,0,0,0,0.0,활발 관찰 구간,매수 검토 가능,조건부 관찰,0.39640090913113946,안정,0,0
11320,도봉구,2025-04,53982.16560509554,51000.0,782.4764939825318,724.200362100181,157,30427.363914373087,30000.0,442.21356254980685,435.6016011302096,327,497,170,0.3420523138832998,0.5651461302039815,0.4348538697960185,-0.0038941216085545,-0.0228800316767746,0.0189859100682201,-0.1079545454545454,-0.0692883895131085,23554.801690722456,23554.801690722456,매매가>전세가,0.4363441411935324,0.0,0.4363441411935324,-0.010007611210333167,-0.02842587439530808,0.010007611210333167,-0.0248352588491705,0.010885042124801108,0.4639028208527426,0.46390282085274265,0.4127370586353634,0.5415252765749585,0.053392681325894295,0.06978448776737897,0.1777797910033511,0.028077022009374553,0.6457620271538005,0.39567644200919216,0.364035058740346,1,0,1,0,0,0.5,안정 정체 구간,매수 검토 가능,선별 검토 가능,0.37985575037476904,안정,0,0
11320,도봉구,2025-05,51580.74534161491,50000.0,793.2773764537775,723.0117177761157,161,30017.03759398496,29000.0,440.9718691922182,435.5828802111226,266,464,198,0.4267241379310345,0.5558861027444323,0.4441138972555677,0.0138034593426226,-0.0028079042859495,0.0166113636285721,0.0254777070063694,-0.0663983903420523,21563.70774762995,21563.70774762995,매매가>전세가,0.41805731198367413,0.0,0.41805731198367413,0.08467182404773466,0.2475405679513183,0.08467182404773466,0.0176975809511771,-0.007011609706997277,0.4797839301071558,0.47978393010715586,0.44016471113568084,0.538582321496273,0.012600887580767536,0.0668737964781529,0.3473284816424337,0.2390082449325949,0.6161251306786056,0.4453376926058738,0.3894647396942699,0,1,0,0,1,0.30000000000000004,완만 정체 구간,관찰 필요,조건부 관찰,0.41740121615007186,보통,0,0
11320,도봉구,2025-06,57655.681818181816,54500.0,825.1921970987717,823.6263089775268,308,30484.719626168226,30000.0,453.35265839985954,445.0774434751647,321,509,188,0.3693516699410609,0.5493903844386393,0.4506096155613607,0.0402316032100453,0.0280761428848528,0.0121554603251925,0.9130434782608696,0.0969827586206897,27170.96219201359,27170.96219201359,매매가>전세가,0.4712625249615066,0.0,0.4712625249615066,-0.057372467989973586,-0.13444861185529167,0.057372467989973586,0.026428143867422697,0.006342184521715262,0.49092420075438903,0.49092420075438914,0.4811229612052109,0.5330597833652622,0.4515774603672893,0.09767714591391659,0.23244461164397046,0.16188580113452045,0.5705242189808009,0.4370225533406146,0.45858521834667626,0,0,0,0,0,0.0,활발 관찰 구간,관찰 필요,신중 투자 구간,0.4478038858436454,주의,0,0
11320,도봉구,2025-07,55148.98648648649,51750.0,808.6167249545867,760.2893419101417,148,38433.30933333333,30000.0,538.584520580048,459.2480444107999,375,557,182,0.3267504488330341,0.666056617379879,0.333943382620121,-0.0200868018413907,0.1880034463259141,-0.2080902481673049,-0.5194805194805194,0.0943025540275048,16715.677153153156,16715.677153153156,매매가>전세가,0.3031003508513997,0.0,0.3031003508513997,-0.04260122110802678,-0.1153405401275831,0.04260122110802678,-0.060318405051436,0.04146566974350657,0.2908395682050551,0.2908395682050551,0.38764169629741346,0.2600926113849337,0.25692718833513056,0.09497775131171127,0.14713900567970123,0.1201560747970174,0.33438836534894645,0.2693094383025515,0.2818953961382101,0,0,1,0,0,0.25,완만 정체 구간,거주 안정권,안정 관찰,0.2756024172203808,낮음,0,0
11320,도봉구,2025-08,52444.26573426573,49800.0,779.7217214035156,713.3500059545075,143,48395.32865168539,36000.0,629.7334453318996,496.1169619158522,356,517,161,0.3114119922630561,0.807638710126436,0.192361289873564,-0.0357338682955066,0.1692379213826744,-0.204971789678181,-0.0337837837837837,-0.0718132854578097,4048.9370825803417,4048.9370825803417,매매가>전세가,0.07720457186103515,0.0,0.07720457186103515,-0.01533845656997801,-0.046942419282844816,0.01533845656997801,-0.0156470664541159,-0.03298194444530708,0.04802379976391147,0.048023799763911315,0.36339192439147855,0.26395755295651124,0.016708947214362335,0.07232746172600403,0.11642494870606052,0.04313700440513344,0.3620960372472275,0.13407051679527357,0.14909826790963465,0,0,1,0,0,0.25,완만 정체 구간,거주 안정권,안정 관찰,0.14158439235245412,낮음,0,0
11320,도봉구,2025-09,57328.75,56000.0,869.0070927664093,884.9557522123895,200,45593.22254335261,36750.0,594.9485839160637,484.26150121065376,346,523,177,0.3384321223709369,0.6846302968852603,0.3153697031147396,0.1145092780052068,-0.0552374368452076,0.1697467148504144,0.3986013986013985,0.011605415860735,11735.527456647389,11735.527456647389,매매가>전세가,0.20470579694564053,0.0,0.20470579694564053,0.02702013010788079,0.0867665047563626,0.02702013010788079,0.1502431463007134,0.024428467622533492,0.25898538259168147,0.2589853825916814,0.5962382562522309,0.728374549637075,0.19714220797253282,0.011688509530382266,0.17053064126922207,0.07613848652757471,0.6935383813244664,0.3528515249589163,0.39275262493358715,0,0,0,0,0,0.0,활발 관찰 구간,거주 안정권,조건부 관찰,0.3728020749462517,안정,0,0
11320,도봉구,2025-10,57305.72327044025,55000.0,878.8298835248903,907.0796460176992,159,31292.27559055118,29030.0,473.7519142102228,459.59802988692775,254,422,168,0.3981042654028436,0.5390712390321274,0.4609287609678726,0.011303464425372,-0.2037094851257592,0.2150129495511312,-0.2049999999999999,-0.1931166347992351,26013.44767988907,26013.44767988907,매매가>전세가,0.4539415296640618,0.0,0.4539415296640618,0.05967214303190671,0.17631938308297856,0.05967214303190671,-0.1032058135798348,0.0012775447762344606,0.5086217158350808,0.5086217158350809,0.4362902272707914,0.7844764194851924,0.10138989169675085,0.19449933146844203,0.2900194302787051,0.16838253163615072,0.9127603222116184,0.48326605112242355,0.45421766681160275,0,0,1,0,0,0.25,완만 정체 구간,신중 매수 구간,신중 투자 구간,0.46874185896701315,주의,0,0
11320,도봉구,2025-11,57718.316831683165,56000.0,807.5525739806793,746.4387464387464,101,32601.03433476395,30975.0,467.5130166109197,461.0318331503842,233,433,200,0.4618937644341801,0.5789257958852161,0.4210742041147839,-0.0811047858981826,-0.0131691237801199,-0.0679356621180626,-0.3647798742138365,0.0260663507109004,25117.282496919215,25117.282496919215,매매가>전세가,0.4351700443754391,0.0,0.4351700443754391,0.06378949903133652,0.16023314637633335,0.06378949903133652,-0.0924082503235546,-0.012502637462944902,0.440270452900388,0.4402704529003881,0.29307622615793205,0.4337967950250817,0.18041459482778194,0.02625298329355601,0.41775290193733877,0.18001432822471586,0.6314236779390152,0.3889429026438515,0.34453288479837746,0,0,1,0,1,0.35,완만 정체 구간,매수 검토 가능,안정 관찰,0.3667378937211145,낮음,0,0
11320,도봉구,2025-12,58067.708333333336,56950.0,856.3206030121639,826.636163338321,144,32897.343873517784,32800.0,477.913242870459,475.00296876855487,253,432,179,0.4143518518518518,0.5581008341844956,0.4418991658155043,0.0603899121899789,0.0222458538907266,0.0381440582992522,0.4257425742574257,-0.0023094688221708,25170.36445981555,25170.36445981555,매매가>전세가,0.43346577955732224,0.0,0.43346577955732224,-0.047541912582328316,-0.1029282407407408,0.047541912582328316,0.1414946980881615,0.0351431428511328,0.4759856269031454,0.47598562690314533,0.512364241876334,0.5652694193271562,0.21056582192515277,0.002326004398463192,0.32255394857279096,0.13411384727136552,0.5791327569785405,0.44530464221651184,0.4271179596727084,0,0,0,0,0,0.0,활발 관찰 구간,관찰 필요,신중 투자 구간,0.43621130094461014,보통,0,0
11320,도봉구,2026-01,58278.82352941176,58250.0,852.7094503292008,817.9966343466169,170,34514.67615658363,33600.0,485.0770366880039,478.05302042590176,281,526,245,0.4657794676806083,0.568865557313494,0.431134442686506,-0.0042170568712941,0.0149897369960234,-0.0192067938673176,0.1805555555555555,0.2175925925925925,23764.147372828134,23764.147372828134,매매가>전세가,0.4077664224095911,0.0,0.4077664224095911,0.05142761582875649,0.12411581026828378,0.05142761582875649,-0.064606969061273,-0.04613712434393795,0.45752393822544757,0.4575239382254476,0.4122365746318742,0.49419016864062704,0.08930004011231445,0.2191505347829929,0.42553371810674734,0.1450912098730543,0.5898465583127492,0.42178847340157916,0.36932285403755954,1,0,0,0,0,0.25,완만 정체 구간,매수 검토 가능,선별 검토 가능,0.39555566371956935,안정,0,0
11320,도봉구,2026-02,56067.71356783919,54300.0,858.6256380039989,823.6941505948248,199,32848.243902439026,31500.0,481.0029287716925,483.2645810243213,246,434,188,0.4331797235023041,0.5602009857169584,0.4397990142830416,0.0069381049694172,-0.0083988884407484,0.0153369934101657,0.1705882352941177,-0.1749049429657795,23219.469665400167,23219.469665400167,매매가>전세가,0.41413262977641746,0.0,0.41413262977641746,-0.03259974417830419,-0.06998965484811437,0.03259974417830419,0.0111551618407113,0.0068550227352372995,0.47238383024718944,0.47238383024718955,0.42952480760540274,0.5370028980561737,0.08437035464005099,0.1761572456600452,0.3602552857266384,0.09190125659624226,0.6243803303076181,0.4263867252051193,0.38048556057446353,1,1,0,0,0,0.45,안정 정체 구간,매수 검토 가능,선별 검토 가능,0.4034361428897914,안정,0,0
11320,도봉구,2026-03,55654.6,53250.0,865.2714013237689,829.689957194209,250,32640.003773584907,30000.0,479.8838444984938,475.1187796949237,265,478,213,0.4456066945606695,0.5546049988065304,0.4453950011934696,0.0077400010267794,-0.0023265643642886,0.010066565391068,0.256281407035176,0.1013824884792626,23014.59622641509,23014.59622641509,매매가>전세가,0.41352549881618217,0.0,0.41352549881618217,0.012426971058365377,0.02868779489005635,0.012426971058365377,0.0008018960573621999,0.026385126602410734,0.4819810457953062,0.48198104579530615,0.4307675834663173,0.5304708578119117,0.1267528980643289,0.10210837741825492,0.3851393211806023,0.03491186981722738,0.6154144226828919,0.42718140818917044,0.3834451759753751,1,1,0,0,0,0.45,안정 정체 구간,매수 검토 가능,선별 검토 가능,0.40531329208227274,안정,0,0
11320,도봉구,2026-04,56190.84249084249,54000.0,878.9547227858529,835.7893810759689,273,32153.7805907173,31000.0,478.9047735955027,458.2696847660047,237,378,141,0.373015873015873,0.5448571595105728,0.4551428404894272,0.0158139069905118,-0.00204022476317,0.0178541317536818,0.092,-0.209205020920502,24037.061900125194,24037.061900125194,매매가>전세가,0.4277754316291405,0.0,0.4277754316291405,-0.07259082154479646,-0.16290334600193757,0.07259082154479646,0.0080739059637324,-0.004606016924834106,0.49869876089170406,0.4986987608917042,0.44328049625956334,0.540122578070898,0.04550180505415162,0.21070290889845306,0.2397818910820496,0.20487863269610532,0.6149916365501684,0.4413258939732368,0.398538315205922,0,1,0,0,1,0.30000000000000004,완만 정체 구간,관찰 필요,조건부 관찰,0.4199321045895794,보통,0,0
11230,동대문구,2023-06,84161.57894736843,84000.0,1152.6387500352664,1089.3887645742552,190,46355.61038961039,46500.0,632.7865304306468,647.2872778627751,462,746,284,0.3806970509383378,0.5489894647488521,0.4510105352511478,0.0457486989842801,0.0031662714454003,0.0425824275388797,0.165644171779141,0.1285930408472011,37805.96855775804,37805.96855775804,매매가>전세가,0.4492069781794435,0.0,0.4492069781794435,0.03576512960702166,0.1036875029396549,0.03576512960702166,,0.026936304004074794,0.4916117850432661,0.49161178504326597,0.4896733380123087,0.5707702261662001,0.08192509578968346,0.12951375474348176,0.2551628477812406,0.10084367484629121,0.6073041410432185,0.4404730794111625,0.40652596945392644,0,1,0,0,0,0.2,활발 관찰 구간,관찰 필요,조건부 관찰,0.42349952443254446,보통,0,0
11230,동대문구,2023-07,79022.1875,78250.0,1108.817444233477,1088.876781103773,160,45310.96016771488,46500.0,631.959006815217,618.3155080213903,477,758,281,0.370712401055409,0.5699396326255389,0.430060367374461,-0.0380182479553533,-0.0013077453068836,-0.0367105026484697,-0.1578947368421053,0.0160857908847185,33711.22733228512,33711.22733228512,매매가>전세가,0.4266045828240976,0.0,0.4266045828240976,-0.009984649882928798,-0.02622728455163692,0.009984649882928798,-0.08376694693963341,-0.03733358962564858,0.45568188025612,0.45568188025611994,0.35985160034030356,0.4724964978859885,0.07809234277028312,0.01620096361181672,0.23516936903929375,0.02801215477666306,0.6139101160220509,0.3790113072435995,0.3404733446281092,0,1,1,0,0,0.45,안정 정체 구간,거주 안정권,안정 관찰,0.3597423259358543,낮음,0,0
11230,동대문구,2023-08,80485.03401360544,79500.0,1125.0054587722425,1096.0518562168534,147,47707.922666666665,49300.0,660.0561306258554,667.8911337451996,375,653,278,0.4257274119448698,0.5867137136793965,0.4132862863206035,0.0145993505269534,0.0444603581998697,-0.0298610076729162,-0.08125,-0.1385224274406332,32777.11134693878,32777.11134693878,매매가>전세가,0.4072447971059816,0.0,0.4072447971059816,0.055015010889460814,0.14840348133171277,0.055015010889460814,0.0526175984823067,-0.013728592914802945,0.4269140375016167,0.42691403750161677,0.44139818066420633,0.48098559529345963,0.04018501805054152,0.13951423479701003,0.3453326159836887,0.15522583258595904,0.5463325982490386,0.4018704300014231,0.3554470042832762,0,0,1,0,0,0.25,완만 정체 구간,매수 검토 가능,선별 검토 가능,0.37865871714234967,안정,0,0
11230,동대문구,2023-09,81184.4696969697,80000.0,1160.6256640864742,1120.113152092545,132,46347.34195402299,45000.0,644.5291513567986,644.9695310335353,348,601,253,0.4209650582362729,0.5553290533723515,0.4446709466276485,0.0316622510908572,-0.0235237255569982,0.0551859766478555,-0.1020408163265306,-0.0796324655436446,34837.12774294671,34837.12774294671,매매가>전세가,0.429110738457494,0.0,0.429110738457494,-0.0047623537085969,-0.011186391984581934,0.0047623537085969,0.017062900563903798,0.04665855524347323,0.48073927953530404,0.4807392795353041,0.467842207596774,0.5863907582562022,0.05046784056582921,0.0802026263947924,0.335796375980195,0.013258830839290942,0.6467124540078381,0.4334101053275471,0.38800140017675516,0,0,1,0,0,0.25,완만 정체 구간,관찰 필요,조건부 관찰,0.41070575275215115,보통,0,0
11230,동대문구,2023-10,79037.09677419355,78800.0,1095.6119938260883,1058.9481115425344,93,47179.87283236994,46000.0,657.9983430750474,641.8799193084716,346,601,255,0.4242928452579035,0.6005760677894647,0.3994239322105353,-0.0560160543335546,0.0208977230741151,-0.0769137774076698,-0.2954545454545454,0.0,31857.223941823606,31857.223941823606,매매가>전세가,0.403066727423436,0.0,0.403066727423436,0.0033277870216306127,0.007905138339920903,0.0033277870216306127,-0.0876783054244118,-0.025810888819571852,0.4031398574457755,0.4031398574457755,0.3319586594648746,0.422669537394993,0.14612733836560549,0.0,0.3424600086418124,0.009206087307316905,0.5811232990206958,0.3499307678467808,0.31486429896356743,0,0,1,0,0,0.25,완만 정체 구간,거주 안정권,안정 관찰,0.3323975334051741,낮음,0,0
11230,동대문구,2023-11,54871.348314606745,45750.0,1153.8084332229375,1282.946609596756,89,50146.73699421965,50000.0,686.7977123878635,672.0386391490047,346,598,252,0.4214046822742475,0.59524414331886,0.40475585668114,0.0531177458121976,0.0437681486829084,0.0093495971292891,-0.043010752688172,-0.0049916805324459,4724.611320387092,4724.611320387092,매매가>전세가,0.08610343039683246,0.0,0.08610343039683246,-0.0028881629836560174,-0.006807003737950068,0.0028881629836560174,0.1091338001457522,0.06869197450930312,0.4122842012853428,0.4122842012853428,0.5010938624451264,0.529582264793882,0.021272466130973153,0.005027420488525464,0.3366766886562281,0.007964121010044508,0.5473546594084702,0.39520760069514993,0.35442197791832214,0,0,1,0,0,0.25,완만 정체 구간,매수 검토 가능,선별 검토 가능,0.37481478930673606,안정,0,0
11230,동대문구,2023-12,67207.53424657535,72500.0,1120.9057140372452,1109.2592592592594,73,48486.86592178771,48800.0,716.3427266647585,703.9581202132855,358,675,317,0.4696296296296296,0.6390749174474777,0.3609250825525223,-0.0285166222037267,0.0430185100270248,-0.0715351322307515,-0.1797752808988764,0.1287625418060201,18720.668324787643,18720.668324787643,매매가>전세가,0.27855014373989745,0.0,0.27855014373989745,0.04822494735538213,0.11443856554967669,0.04822494735538213,-0.0816343680159243,-0.032708652806680054,0.3371136560917358,0.33711365609173594,0.3745771885448513,0.4293356993514656,0.08891412809800024,0.1296844693129844,0.43324336561400983,0.13604346461418915,0.5484615158370709,0.3460724442531354,0.3057138228874899,0,0,1,0,0,0.25,완만 정체 구간,거주 안정권,안정 관찰,0.32589313357031263,낮음,0,0
11230,동대문구,2024-01,72073.85321100918,72500.0,1116.8887430715984,1066.7349377026796,109,47709.62085308057,49000.0,707.918539583029,683.3981383292094,422,786,364,0.4631043256997455,0.6338308483942234,0.3661691516057765,-0.0035836831906036,-0.0117599952762164,0.0081763120856127,0.4931506849315068,0.1644444444444444,24364.23235792861,24364.23235792861,매매가>전세가,0.3380453697486928,0.0,0.3380453697486928,-0.0065253039298840965,-0.01389457461410648,0.0065253039298840965,0.0249329390131231,-0.018320392342621086,0.346107326352026,0.346107326352026,0.4132181750700782,0.5281281238596895,0.2439048513921171,0.16562185096791296,0.420176955981566,0.018239279062038347,0.6293430715948405,0.3580972315198386,0.3478164796241841,1,0,0,0,0,0.25,완만 정체 구간,거주 안정권,안정 관찰,0.35295685557201134,낮음,0,0
11230,동대문구,2024-02,69939.6875,70800.0,1114.7543555522996,1079.0107181871808,128,47215.69096209913,47000.0,699.5031893883911,651.7379679144385,343,646,303,0.4690402476780185,0.6274953633545802,0.3725046366454198,-0.0019110117570251,-0.0118874555815342,0.0099764438245091,0.1743119266055046,-0.178117048346056,22723.99653790087,22723.99653790087,매매가>전세가,0.32490846542459706,0.0,0.32490846542459706,0.005935921978272973,0.012817677678358619,0.005935921978272973,0.0016726714335785,-0.0006060878574592114,0.35697279414181293,0.356972794141813,0.4158104757327485,0.5303591633352003,0.08621203590236147,0.17939234940819956,0.43206317445472125,0.01657423698769221,0.6295312692781178,0.3652755840753401,0.3287636348473477,1,0,0,0,0,0.25,완만 정체 구간,거주 안정권,안정 관찰,0.3470196094613439,낮음,0,0
11230,동대문구,2024-03,75425.86206896552,79000.0,1117.2292355468169,1100.5502751375689,203,48048.56892230576,49000.0,687.5654797844021,650.3251625812907,399,734,335,0.4564032697547684,0.6154202359803804,0.3845797640196196,0.0022201124240426,-0.0170659830935534,0.019286095517596,0.5859375,0.1362229102167182,27377.29314665976,27377.29314665976,매매가>전세가,0.36296957562947535,0.0,0.36296957562947535,-0.012636977923250081,-0.026942203757160277,0.012636977923250081,0.0041311241810677,-0.02922638866996775,0.3776818490477859,0.377681849047786,0.42221287834283217,0.5418973191166573,0.2897958032490975,0.13719825324929613,0.40675861671525243,0.03550515277232756,0.6371774684467129,0.37768383109157444,0.37203057242322035,1,0,0,0,0,0.25,완만 정체 구간,거주 안정권,선별 검토 가능,0.3748572017573974,안정,0,0
11230,동대문구,2024-04,84070.66326530612,81000.0,1153.8837709826362,1103.327157504067,196,49310.620689655174,50000.0,686.2215053416971,682.5938566552901,319,548,229,0.4178832116788321,0.5947059163136661,0.4052940836863339,0.0328084284492242,-0.0019546857458964,0.0347631141951206,-0.0344827586206896,-0.2534059945504087,34760.04257565095,34760.04257565095,매매가>전세가,0.41346221411334527,0.0,0.41346221411334527,-0.038520058075936336,-0.08439917202309632,0.038520058075936336,0.0305883160251816,0.012644942220863643,0.4132072700246634,0.4132072700246634,0.46961854948077203,0.5610791594712652,0.01705464957052157,0.2552203572798865,0.32962521982002924,0.10862652567845156,0.6148653364849005,0.4050334659049853,0.364182936302463,0,1,1,0,0,0.45,안정 정체 구간,매수 검토 가능,선별 검토 가능,0.3846082011037242,안정,0,0
11230,동대문구,2024-05,79418.65437788019,80000.0,1120.1923107064106,1105.3540587219345,217,47132.88217522659,48500.0,686.7373564877305,669.5681285570806,331,616,285,0.4626623376623376,0.6130530891206201,0.3869469108793799,-0.0291983136633721,0.0007517268724717,-0.0299500405358438,0.1071428571428572,0.1240875912408758,32285.7722026536,32285.7722026536,매매가>전세가,0.40652630613754,0.0,0.40652630613754,0.04477912598350553,0.10715703510463337,0.04477912598350553,-0.0620067421125963,-0.04276886930815125,0.38174154736567034,0.38174154736567034,0.373520705372424,0.4808752501295379,0.05299123259412071,0.12497604654808969,0.41929190958197027,0.12630879671475329,0.6108692642685394,0.3735902376378018,0.3250682972389704,0,1,0,0,0,0.2,활발 관찰 구간,거주 안정권,안정 관찰,0.3493292674383861,낮음,0,0
11230,동대문구,2024-06,86256.81818181818,86500.0,1234.4748270101927,1178.8746452084365,330,50478.58017492711,50000.0,747.7339271033884,715.2252548503782,343,578,235,0.4065743944636678,0.6057101455153565,0.3942898544846435,0.102020443464492,0.0888208134294901,0.0131996300350019,0.5207373271889402,-0.0616883116883116,35778.238006891064,35778.238006891064,매매가>전세가,0.41478736128980764,0.0,0.41478736128980764,-0.05608794319866983,-0.12122867722940567,0.05608794319866983,0.1312187571278641,0.06350123887354821,0.3943348242380763,0.39433482423807636,0.5768831017335619,0.5343539018963568,0.25754878637142525,0.062129994110900935,0.3069801997903807,0.15825693564718257,0.4808335012358478,0.4103766762072823,0.4147226007297425,0,0,0,0,0,0.0,활발 관찰 구간,매수 검토 가능,조건부 관찰,0.4125496384685124,보통,0,0
11230,동대문구,2024-07,87628.37398373983,86000.0,1205.3992293762126,1151.1177494588687,369,48746.45336787565,50000.0,744.8610393481026,707.5476519367844,386,654,268,0.4097859327217125,0.6179372121662663,0.3820627878337337,-0.0235530097477961,-0.0038421257230026,-0.0197108840247934,0.1181818181818181,0.1314878892733564,38881.92061586418,38881.92061586418,매매가>전세가,0.44371382062936654,0.0,0.44371382062936654,0.0032115382580447105,0.007899017502765338,0.0032115382580447105,-0.1255734532122881,-0.02803523405509739,0.3733651908117902,0.37336519081179026,0.38226977873348134,0.49356541156521744,0.05845093534624216,0.1324293300080105,0.31341105341509806,0.008877677043086493,0.6176521792602313,0.35028674699651835,0.31550026285011135,0,1,0,0,0,0.2,활발 관찰 구간,거주 안정권,안정 관찰,0.3328935049233148,낮음,0,0
11230,동대문구,2024-08,84360.34602076125,82000.0,1198.8862489816886,1133.0965668865213,289,50946.142441860466,50000.0,732.2758031661391,712.7700794258549,344,612,268,0.4379084967320261,0.6107967322071801,0.3892032677928199,-0.0054031728541044,-0.0168960860041464,0.011492913150042,-0.2168021680216801,-0.0642201834862384,33414.203578900786,33414.203578900786,매매가>전세가,0.39608898202809034,0.0,0.39608898202809034,0.0281225640103136,0.06862745098039214,0.0281225640103136,0.0181498368936917,0.0048224838617146925,0.38561123898546545,0.38561123898546557,0.41039833599963726,0.5322386385177994,0.10722706505043383,0.06467999386919475,0.36972428345339703,0.0792529334948062,0.636926612005233,0.37909888736516856,0.34750068165544595,1,0,1,0,0,0.5,안정 정체 구간,거주 안정권,안정 관찰,0.36329978451030726,낮음,0,0
11230,동대문구,2024-09,75149.17293233082,72500.0,1103.2190118910232,1094.2760942760942,133,52913.442028985504,53000.0,761.56728002087,765.5577789569122,276,484,208,0.4297520661157025,0.6903137743388511,0.3096862256611489,-0.0797967590102257,0.0400006073232017,-0.1197973663334275,-0.5397923875432526,-0.2091503267973856,22235.73090334532,22235.73090334532,매매가>전세가,0.2958878991704647,0.0,0.2958878991704647,-0.008156430616323596,-0.018625878870112134,0.008156430616323596,-0.07439358615612131,-0.068642588668541,0.24923811922990924,0.24923811922990927,0.2951034019082747,0.36952066074466877,0.2669731303011755,0.21064782317063654,0.3533916704875235,0.022847317285954856,0.5529175093779598,0.261936567790244,0.26248885553482876,0,0,1,0,0,0.25,완만 정체 구간,거주 안정권,안정 관찰,0.26221271166253635,낮음,0,0
11230,동대문구,2024-10,78854.11392405063,79500.0,1105.4951685729395,1054.6741786595069,158,50195.417073170735,50000.0,714.5952030192119,706.1315758503001,410,727,317,0.4360385144429161,0.6464028277406837,0.3535971722593163,0.0020631956641272,-0.0616781711004849,0.0637413667646121,0.1879699248120301,0.5020661157024793,28658.696850879896,28658.696850879896,매매가>전세가,0.36343946339290417,0.0,0.36343946339290417,0.00628644832721359,0.014628081684477712,0.00628644832721359,0.0818599546743529,0.0055628459850526075,0.3245461616127715,0.3245461616127715,0.42196968926663536,0.5969941005930136,0.09296707472652752,0.5056608611609695,0.36597979049836,0.017564496559702568,0.7030482539269662,0.3534720779911394,0.3330854254013492,1,0,0,0,0,0.25,완만 정체 구간,거주 안정권,안정 관찰,0.34327875169624433,낮음,0,0
11230,동대문구,2024-11,68224.2774566474,71000.0,1175.5339419525749,1144.7811447811448,173,50152.017964071856,50000.0,733.9128174009068,747.0042777537776,334,668,334,0.5,0.6243229490948339,0.3756770509051661,0.0633551148577582,0.027032947184751,0.0363221676730072,0.0949367088607595,-0.0811554332874827,18072.25949257554,18072.25949257554,매매가>전세가,0.26489484632592,0.0,0.26489484632592,0.06396148555708392,0.14668769716088326,0.06396148555708392,0.061291919193631,0.03636708700369236,0.3624135401524886,0.3624135401524887,0.5169597031763404,0.5630114124161135,0.04695425672896769,0.08173649844228567,0.49405765169360744,0.18050020126647975,0.5720645182408293,0.4106582227111211,0.3679321208078549,0,0,0,0,1,0.1,활발 관찰 구간,매수 검토 가능,선별 검토 가능,0.389295171759488,안정,0,0
11230,동대문구,2024-12,72344.11764705883,75000.0,1130.0059399289632,1078.2465236860712,153,51046.94956140351,50000.0,760.1403026570316,764.9758738378251,456,950,494,0.52,0.6726869972956223,0.3273130027043777,-0.0387296362944562,0.035736513430856,-0.0744661497253122,-0.115606936416185,0.4221556886227544,21297.168085655314,21297.168085655314,매매가>전세가,0.2943870044770828,0.0,0.2943870044770828,0.020000000000000018,0.040000000000000036,0.020000000000000018,-0.10208475115221441,-0.02470246563383758,0.27946835053856733,0.27946835053856744,0.3587490930421864,0.4257030675876446,0.05717743786648861,0.4251782830520342,0.5341060839899278,0.056306165627599304,0.5592135290667212,0.31644322432551103,0.26891158705719803,0,0,1,0,0,0.25,완만 정체 구간,거주 안정권,안정 관찰,0.29267740569135453,낮음,0,0
11230,동대문구,2025-01,76602.17391304347,78000.0,1186.913420083934,1162.7906976744184,161,50101.2688172043,50000.0,742.1976591606096,752.0053475935829,465,1065,600,0.5633802816901409,0.6253174381566301,0.3746825618433699,0.0503603371841994,-0.0236043838666419,0.0739647210508414,0.0522875816993464,0.1210526315789473,26500.905095839174,26500.905095839174,매매가>전세가,0.3459550002578546,0.0,0.3459550002578546,0.043380281690140854,0.08342361863488623,0.043380281690140854,0.0890899734786556,0.019986924192385822,0.3607079739960495,0.36070797399604954,0.49682043966159734,0.6096646771357571,0.02586064510039876,0.1219193568647154,0.6209716977030734,0.12235697125158072,0.6468315476109341,0.4206596214130934,0.36365960814830617,0,0,0,0,0,0.0,활발 관찰 구간,매수 검토 가능,선별 검토 가능,0.3921596147806998,안정,0,0
11230,동대문구,2025-02,87660.38148148148,82650.0,1215.8072230680034,1119.4645523822398,270,49665.34621848739,50000.0,742.8047472797338,740.2837754472548,595,1147,552,0.4812554489973845,0.6109560242661815,0.3890439757338185,0.0243436484036267,0.0008179601641571,0.0235256882394696,0.6770186335403727,0.0769953051643193,37995.03526299409,37995.03526299409,매매가>전세가,0.43343451877426126,0.0,0.43343451877426126,-0.08212483269275639,-0.14577157802964258,0.08212483269275639,-0.026016688780572696,-0.0023634332746843185,0.3853380503147611,0.38533805031476104,0.4564998613265683,0.5471517671763235,0.33484315088458866,0.07754658419890868,0.45652315760594886,0.23181282987544563,0.6107714694921975,0.4120503681809537,0.4090063989309776,0,1,0,0,1,0.30000000000000004,완만 정체 구간,매수 검토 가능,조건부 관찰,0.41052838355596566,보통,0,0
11230,동대문구,2025-03,88618.6460807601,85000.0,1243.642857551866,1175.249447532311,421,49270.13057324841,49000.0,705.35823086936,706.1315758503001,628,967,339,0.3505687693898656,0.5671710544439348,0.4328289455560652,0.0228947763722124,-0.0504123277988041,0.0733071041710166,0.5592592592592593,-0.1569311246730601,39348.515507511685,39348.515507511685,매매가>전세가,0.4440207252958088,0.0,0.4440207252958088,-0.1306866796075189,-0.2715536621554786,0.1306866796075189,-0.001448872031414302,0.007478826825177375,0.46043004032081825,0.4604300403208183,0.4542544042381283,0.6088496427763548,0.2766011498863485,0.15805473654422758,0.19483332559131727,0.36900318343141253,0.6864140115700601,0.4460642781148545,0.45216181434127656,0,0,0,0,1,0.1,활발 관찰 구간,관찰 필요,신중 투자 구간,0.4491130462280655,주의,0,0
11230,동대문구,2025-04,75921.69811320755,77750.0,1295.896851130505,1316.3435828877004,318,49917.47983014862,50000.0,708.3457615499244,709.0522335145355,471,788,317,0.4022842639593909,0.5466065921311429,0.453393407868857,0.0420168806995779,0.0042354800012502,0.0377814006983276,-0.2446555819477435,-0.1851085832471561,26004.218283058923,26004.218283058923,매매가>전세가,0.3425136545850673,0.0,0.3425136545850673,0.05171549456952529,0.14751882964227425,0.05171549456952529,0.019122104327365504,0.05679604443293351,0.4956984533114217,0.4956984533114216,0.48388977836144387,0.5648199503209307,0.12100294125213307,0.18643394303174193,0.2983895497382351,0.14590448590632873,0.6057254332827946,0.44958508952252335,0.41597729417392526,0,1,1,0,0,0.45,안정 정체 구간,관찰 필요,조건부 관찰,0.4327811918482243,보통,0,0
11230,동대문구,2025-05,90401.75342465754,86500.0,1241.0857380926957,1173.1044349070098,365,50711.973140495866,50000.0,712.001779465986,712.533243230665,484,1011,527,0.5212660731948566,0.5736926608794914,0.4263073391205085,-0.0422958918296574,0.0051613464984414,-0.0474572383280988,0.1477987421383648,0.2829949238578679,39689.78028416167,39689.78028416167,매매가>전세가,0.4390377263781709,0.0,0.4390377263781709,0.11898180923546575,0.29576550686923353,0.11898180923546575,-0.0843127725292353,-0.06311096087927728,0.44924537107768814,0.4492453710776881,0.3532221219936191,0.4591772551794348,0.07309901686987717,0.2850211404964684,0.5366412963212479,0.3359361687544938,0.604358372931252,0.4337403386223763,0.3642742247177326,0,1,0,0,1,0.30000000000000004,완만 정체 구간,관찰 필요,선별 검토 가능,0.39900728167005445,안정,0,0
11230,동대문구,2025-06,95059.647469459,90000.0,1306.4790827544764,1216.940073652494,573,50988.675619834714,52500.0,721.9254563321846,717.030487164048,484,988,504,0.5101214574898786,0.55257329861733,0.44742670138267,0.0526904327836992,0.0139377135737519,0.0387527192099472,0.5698630136986302,-0.0227497527200791,44070.971849624286,44070.971849624286,매매가>전세가,0.4636138784733398,0.0,0.4636138784733398,-0.011144615704978045,-0.021379898439720657,0.011144615704978045,0.0949863246133566,0.018801014095369162,0.48546544719884965,0.48546544719884954,0.50043161412504,0.5660237788496395,0.28184560605311315,0.02291263877774076,0.5143250769447818,0.03128913313210114,0.5913998918806496,0.457262453553315,0.42860973933571034,0,0,0,0,0,0.0,활발 관찰 구간,관찰 필요,신중 투자 구간,0.4429360964445127,보통,0,0
11230,동대문구,2025-07,87379.70297029703,83500.0,1233.9211127524784,1161.5323800459878,202,49586.71714922049,50000.0,715.4689481542368,716.8079096045199,449,933,484,0.5187566988210075,0.5798336220686404,0.4201663779313596,-0.0555370315221752,-0.0089434554791164,-0.0465935760430588,-0.6474694589877836,-0.055668016194332,37792.985821076545,37792.985821076545,매매가>전세가,0.43251446887984396,0.0,0.43251446887984396,0.008635241331128918,0.016927814355466975,0.008635241331128918,-0.1082274643058744,0.006015440062722074,0.43871351509799394,0.43871351509799406,0.33270104743566475,0.4602476572004643,0.3202285771889038,0.056066593875914325,0.531616470835387,0.024199988475867084,0.6251843944023534,0.3938807091755418,0.36259375663744603,0,1,1,0,0,0.45,안정 정체 구간,매수 검토 가능,선별 검토 가능,0.3782372329064939,안정,0,0
11230,동대문구,2025-08,91989.9957081545,87000.0,1308.140510891299,1227.8582930756843,233,51591.13953488372,51400.0,731.006240466424,729.2525014714538,387,756,369,0.4880952380952381,0.5588132424462218,0.4411867575537782,0.0601492245912391,0.0217162356972586,0.0384329888939805,0.1534653465346533,-0.1897106109324758,40398.85617327078,40398.85617327078,매매가>전세가,0.43916575777913214,0.0,0.43916575777913214,-0.03066146072576942,-0.059105667060212586,0.03066146072576942,0.11568625611341429,0.06290114844143863,0.4747638342586158,0.47476383425861574,0.511991225030835,0.5656275128758632,0.07590163348464801,0.1910689207959541,0.47021929913627386,0.08642548067256978,0.5799147488055933,0.454689205796197,0.40171888266180933,0,0,0,0,0,0.0,활발 관찰 구간,관찰 필요,조건부 관찰,0.42820404422900316,보통,0,0
11230,동대문구,2025-09,102401.08695652174,95750.0,1406.9662221867336,1321.528900987149,506,53317.41160220995,55000.0,735.2844438946712,732.4637736795419,362,667,305,0.4572713643178411,0.5226027692064122,0.4773972307935877,0.0755467096023956,0.0058524855075348,0.0696942240948608,1.1716738197424892,-0.1177248677248676,49083.675354311796,49083.675354311796,매매가>전세가,0.4793276791598133,0.0,0.4793276791598133,-0.030823873777396982,-0.06315135115369142,0.030823873777396982,0.015397485011156495,-0.014534100780277712,0.5368654299814664,0.5368654299814664,0.5358541964408773,0.6043719271203155,0.5794921057932166,0.11856776653912678,0.40849690803205346,0.08688430803171034,0.603337892398041,0.4890047551312885,0.5115603718779053,0,1,0,0,0,0.2,활발 관찰 구간,신중 매수 구간,우선 점검 구간,0.5002825635045969,높음,0,1
11230,동대문구,2025-10,101663.06972477064,93000.0,1325.990998884119,1226.6355140186915,545,53268.11428571429,52500.0,720.3156120981514,709.4952347334981,385,666,281,0.4219219219219219,0.543228131038845,0.4567718689611549,-0.0575530684572945,-0.0203578790776974,-0.037195189379597,0.0770750988142292,-0.0014992503748125,48394.95543905635,48394.95543905635,매매가>전세가,0.47603279706263596,0.0,0.47603279706263596,-0.035349442395919195,-0.07730517402648562,0.035349442395919195,-0.1330997780596901,-0.06757898810643204,0.5014925732482085,0.5014925732482083,0.32957660005289524,0.4718957889450617,0.03812017522581011,0.00150998486436963,0.33771242050677114,0.09966933163072243,0.642038018531393,0.414705320187547,0.3515018378834081,0,0,0,0,0,0.0,활발 관찰 구간,매수 검토 가능,선별 검토 가능,0.38310357903547754,안정,0,0
11230,동대문구,2025-11,92538.02739726027,86500.0,1264.8981443363866,1205.617286436138,146,54392.761658031086,55000.0,761.997045276008,752.0053475935829,386,704,318,0.4517045454545454,0.6024177114085185,0.3975822885914815,-0.0460733553992033,0.0578655140577142,-0.1039388694569175,-0.7321100917431193,0.0570570570570569,38145.26573922919,38145.26573922919,매매가>전세가,0.41221178808441444,0.0,0.41221178808441444,0.02978262353262351,0.07058799741184085,0.02978262353262351,0.011479713058091201,0.022528793036034396,0.3999814063882977,0.39998140638829777,0.34736782143107686,0.38917529589678695,0.3620905507899182,0.05746558013861101,0.39734978961442463,0.0839427088484782,0.5265396182296717,0.3586014206396187,0.3500099692048126,0,0,1,0,0,0.25,완만 정체 구간,거주 안정권,선별 검토 가능,0.35430569492221564,낮음,0,0
11230,동대문구,2025-12,84558.02255639098,82650.0,1278.1485731194075,1279.5746396289144,266,53546.04213483146,55000.0,776.9915589862982,766.2844860505336,356,870,514,0.5908045977011495,0.6079039442887284,0.3920960557112716,0.0104754907281272,0.0196779158177167,-0.0092024250895894,0.821917808219178,0.2357954545454545,31011.980421559514,31011.980421559514,매매가>전세가,0.36675385118990816,0.0,0.36675385118990816,0.13910005224660404,0.3079447697534883,0.13910005224660404,0.0565488461273305,-0.0147712786107189,0.3905724209240139,0.390572420924014,0.4350070363697252,0.5065893398725958,0.4065080856535285,0.237483727489694,0.675886740855062,0.39277150445470765,0.5829243687665013,0.4433914914293321,0.42527298586536916,0,0,0,0,1,0.1,활발 관찰 구간,관찰 필요,신중 투자 구간,0.4343322386473506,보통,0,0
11230,동대문구,2026-01,97302.35570469798,92250.0,1309.088478520824,1212.2995701571335,298,57137.944444444445,59000.0,813.279636519507,819.0661624086651,396,882,486,0.5510204081632653,0.6212564313746421,0.3787435686253578,0.0242068144909832,0.0467033098539089,-0.0224964953629256,0.1203007518796992,0.0137931034482758,40164.41126025354,40164.41126025354,매매가>전세가,0.41277943344093476,0.0,0.41277943344093476,-0.03978418953788421,-0.06733899785595188,0.03978418953788421,0.013731323762855999,-0.017713252981660654,0.3676726717433716,0.3676726717433716,0.45628779658073676,0.4901129926535809,0.05949892782497758,0.0138918607522014,0.5962220197964654,0.11219777869340081,0.5430208353912553,0.39663843410582006,0.33811021000013036,0,0,0,0,0,0.0,활발 관찰 구간,매수 검토 가능,안정 관찰,0.3673743220529752,안정,0,0
11230,동대문구,2026-02,100870.36099585064,97000.0,1357.954056098342,1237.8721980595517,241,55380.39333333333,56700.0,789.5527891301904,772.6256138423946,300,696,396,0.5689655172413793,0.5814282048677879,0.4185717951322121,0.0373279410668503,-0.0291742794530766,0.0665022205199269,-0.1912751677852349,-0.2108843537414966,45489.96766251731,45489.96766251731,매매가>전세가,0.45097456986783824,0.0,0.45097456986783824,0.017945109078114085,0.03256704980842917,0.017945109078114085,0.0131211265758671,0.0372448588326704,0.4359787776731763,0.43597877767317633,0.4766228752069275,0.6004158355589196,0.09460179778547718,0.21239426558212784,0.6321556940947122,0.05050096607274509,0.6550556095480989,0.4478108614682109,0.3872406806138772,0,0,1,0,0,0.25,완만 정체 구간,관찰 필요,조건부 관찰,0.41752577104104405,보통,0,0
11230,동대문구,2026-03,94695.7445887446,94700.0,1335.396217352347,1290.7500662602704,231,55514.6993006993,55000.0,787.6178214992152,759.0742840821424,286,639,353,0.5524256651017214,0.5898008480665036,0.4101991519334964,-0.0166116361924703,-0.0024507134388149,-0.0141609227536553,-0.0414937759336099,-0.0818965517241379,39181.045288045294,39181.045288045294,매매가>전세가,0.4137571910776474,0.0,0.4137571910776474,-0.016539852139657918,-0.029070043154550307,0.016539852139657918,-0.053939577259320595,0.002033489383161037,0.4216195479659356,0.42161954796593554,0.39302749654110664,0.5004438985203198,0.020522192429258325,0.08248292321619616,0.5990359366644001,0.04653102447307395,0.6155977312678559,0.4093871793559291,0.33399255211205886,0,1,1,0,0,0.45,안정 정체 구간,매수 검토 가능,안정 관찰,0.371689865733994,안정,0,0
11230,동대문구,2026-04,94900.21505376344,93000.0,1299.4831595489156,1213.1919905771497,279,54992.70085470085,55000.0,774.1257815261978,753.5012082230219,234,470,236,0.502127659574468,0.5957182098419167,0.4042817901580833,-0.0268931852110793,-0.0171301862460852,-0.0097629989649941,0.2077922077922078,-0.2644757433489828,39907.51419906259,39907.51419906259,매매가>전세가,0.42052079836124656,0.0,0.42052079836124656,-0.05029800552725339,-0.0910493641130734,0.05029800552725339,-0.010281549018609,-0.04731310912642521,0.4114711688964636,0.41147116889646373,0.37709318583359547,0.5058945782515744,0.10277087533405223,0.26636936442308046,0.4983181232144925,0.14189998782345464,0.6372722656820988,0.402205560164802,0.35021809201324955,0,0,0,0,0,0.0,활발 관찰 구간,매수 검토 가능,선별 검토 가능,0.3762118260890258,안정,0,0
11590,동작구,2023-06,103415.32846715327,99000.0,1323.045040556592,1316.6882581556945,137,57311.243614931234,56000.0,723.946969542249,685.6602435276037,509,783,274,0.3499361430395913,0.5471824067589504,0.4528175932410496,-0.0654697663373979,0.0593472859061734,-0.1248170522435714,0.096,-0.0733727810650887,46104.08485222204,46104.08485222204,매매가>전세가,0.4458148084581639,0.0,0.4458148084581639,0.03751010753663281,0.12006076086535877,0.03751010753663281,,-0.0842821613176032,0.4947109211410857,0.4947109211410856,0.317307327828375,0.36329938416906565,0.04748014440433213,0.07389812317295329,0.1935665409134259,0.10577335018444105,0.5243517525382294,0.3793804564799456,0.32696952147796204,0,0,0,0,0,0.0,활발 관찰 구간,거주 안정권,안정 관찰,0.35317498897895383,낮음,0,0
11590,동작구,2023-07,106247.0,104000.0,1376.217003974315,1355.9206420852315,150,58717.49464668094,57000.0,762.3387608450382,724.8018120045301,467,708,241,0.3403954802259887,0.5539379027024913,0.4460620972975087,0.0401890803319546,0.0530312204042573,-0.0128421400723026,0.0948905109489051,-0.0957854406130268,47529.50535331906,47529.50535331906,매매가>전세가,0.44734915200729486,0.0,0.44734915200729486,-0.009540662813602607,-0.027264010887046886,0.009540662813602607,0.10565884666935249,0.04087373866165932,0.4831251272958975,0.48312512729589757,0.4810570593892055,0.5020783656863292,0.04693140794223826,0.09647125522362125,0.17446211147579663,0.02675786263406704,0.5336775492395995,0.4091548748202653,0.37543637702341354,0,0,0,0,0,0.0,활발 관찰 구간,매수 검토 가능,선별 검토 가능,0.3922956259218394,안정,0,0
11590,동작구,2023-08,109508.57857142856,110000.0,1405.9209745805963,1398.9972258095877,140,58283.62328767123,56000.0,739.0242533267951,687.2758588146471,438,697,259,0.3715925394548063,0.5256513464757542,0.4743486535242458,0.0215837840402355,-0.0305828703926839,0.0521666544329194,-0.0666666666666666,-0.0155367231638418,51224.95528375733,51224.95528375733,매매가>전세가,0.4677711641590262,0.0,0.4677711641590262,0.031197059228817603,0.09164945200831065,0.031197059228817603,-0.018605296291719097,-0.006744159401520844,0.5316370665779635,0.5316370665779635,0.4522226326524387,0.5826486837706212,0.03297232250300839,0.01564796461847551,0.23693177719427652,0.08793858103150382,0.6571354221678675,0.4535362665750187,0.40678694306550084,0,0,1,0,0,0.25,완만 정체 구간,관찰 필요,조건부 관찰,0.4301616048202598,보통,0,0
11590,동작구,2023-09,108648.83720930232,105000.0,1377.4742975020072,1299.029945170814,129,58519.582338902146,57000.0,753.7403859924751,718.0356428184665,419,631,212,0.3359746434231379,0.5471901634457733,0.4528098365542267,-0.0202334822460952,0.0199129224777587,-0.040146404723854,-0.0785714285714286,-0.0946915351506456,50129.254870400175,50129.254870400175,매매가>전세가,0.46138786348749067,0.0,0.46138786348749067,-0.03561789603166843,-0.09585202136707682,0.03561789603166843,-0.0418172662863307,-0.005237178093479164,0.4946976182873495,0.4946976182873496,0.3874143714907103,0.46823812445779095,0.03886023723568851,0.09536951750255952,0.165609732306194,0.10042773048788423,0.5825773767452256,0.40230042981535774,0.36014647422441426,0,0,1,0,0,0.25,완만 정체 구간,매수 검토 가능,선별 검토 가능,0.381223452019886,안정,0,0
11590,동작구,2023-10,99971.13402061856,106800.0,1344.2564765355442,1261.3462218554755,97,60052.06387225549,58000.0,767.904202877358,708.9684509039348,501,750,249,0.332,0.5712482820662486,0.4287517179337514,-0.0241150205319272,0.0187913731944096,-0.0429063937263368,-0.2480620155038759,0.1885895404120443,39919.07014836307,39919.07014836307,매매가>전세가,0.3993059650611741,0.0,0.3993059650611741,-0.003974643423137858,-0.011830188679245235,0.003974643423137858,-0.0038815382858320008,0.00609014498205555,0.4534375235482785,0.4534375235482784,0.38139877627664254,0.4648174612455032,0.12268771163910108,0.18993982351761976,0.15765082040451642,0.011033498414198473,0.584233366633853,0.3705196292843326,0.3474528873336116,0,0,1,0,0,0.25,완만 정체 구간,거주 안정권,안정 관찰,0.35898625830897213,낮음,0,0
11590,동작구,2023-11,85566.66666666667,84000.0,1279.5712491791553,1223.8325281803543,57,59852.37960954447,60000.0,766.8145450805249,741.5254237288136,461,675,214,0.317037037037037,0.5992745973094006,0.4007254026905994,-0.0481197066820889,-0.0014190022567269,-0.046700704425362,-0.4123711340206185,-0.0999999999999999,25714.2870571222,25714.2870571222,매매가>전세가,0.3005175737100374,0.0,0.3005175737100374,-0.014962962962963011,-0.045069165551093415,0.014962962962963011,-0.024004686150161696,-0.03254547798498339,0.4053719021103923,0.40537190211039237,0.34419639297227206,0.46011488489013735,0.2039525103278871,0.10071599045346051,0.12768865994578776,0.042076210716730025,0.6140743891277587,0.34030912980080935,0.3375429189319753,0,1,1,0,0,0.45,안정 정체 구간,거주 안정권,안정 관찰,0.3389260243663923,낮음,0,0
11590,동작구,2023-12,99554.26829268291,103150.0,1373.8808040110546,1322.6717511816032,82,61420.54285714286,60000.0,785.9094546533363,770.478507704785,455,813,358,0.4403444034440344,0.5720361274128499,0.4279638725871501,0.0737040277299125,0.0249016006481803,0.0488024270817322,0.4385964912280702,0.2044444444444444,38133.72543554006,38133.72543554006,매매가>전세가,0.3830446056157979,0.0,0.3830446056157979,0.12330736640699741,0.38893678656412733,0.12330736640699741,0.1218237344120014,0.06951199712695914,0.45208635498213623,0.4520863549821363,0.5329984141615629,0.5784791422515695,0.21692317436189754,0.2059082471492972,0.3746019957051979,0.3481561470994397,0.5752114939164612,0.4650406252335017,0.4478798263906028,0,0,0,0,1,0.1,활발 관찰 구간,관찰 필요,신중 투자 구간,0.45646022581205226,주의,0,0
11590,동작구,2024-01,89708.57142857143,90400.0,1314.1491464378378,1327.6896600503142,140,58863.5,58106.0,767.5088657609576,754.9361207897794,500,858,358,0.4172494172494173,0.5840348242369479,0.4159651757630521,-0.0434765937473103,-0.0234131155738482,-0.0200634781734621,0.7073170731707317,0.0553505535055349,30845.071428571435,30845.071428571435,매매가>전세가,0.3438363908529206,0.0,0.3438363908529206,-0.02309498619461714,-0.05244755244755228,0.02309498619461714,-0.1171806214772228,-0.05821330289932778,0.431508379808037,0.43150837980803697,0.35139227406167967,0.49312841495684906,0.34982829972704055,0.05574685818457214,0.32835609615521905,0.06504970149508055,0.6465491361613582,0.3817728730218278,0.3789112858450829,0,0,0,0,0,0.0,활발 관찰 구간,거주 안정권,선별 검토 가능,0.3803420794334553,안정,0,0
11590,동작구,2024-02,106476.14678899082,107000.0,1407.7888946407652,1370.0351935646054,109,59063.26515151515,58000.0,776.5279857818298,770.9066532595945,396,666,270,0.4054054054054054,0.5515940555703712,0.4484059444296288,0.0712550386360251,0.0117511607008344,0.0595038779351906,-0.2214285714285714,-0.2237762237762237,47412.88163747567,47412.88163747567,매매가>전세가,0.44529111042528785,0.0,0.44529111042528785,-0.011844011844011904,-0.028385927827268786,0.011844011844011904,0.11473163238333539,0.072559962535591,0.4871448661728548,0.4871448661728549,0.5292029789532419,0.5917422600464596,0.10951521402784939,0.22537844017557612,0.3046393908326327,0.033264972390400945,0.5946283808131091,0.445504655258686,0.414443530303657,0,0,1,0,0,0.25,완만 정체 구간,관찰 필요,조건부 관찰,0.4299740927811715,보통,0,0
11590,동작구,2024-03,106954.53608247422,105000.0,1404.7485409615826,1420.12999206479,194,58947.50311850312,57100.0,789.4735189388729,768.5410529012426,481,978,497,0.5081799591002045,0.5620034446865915,0.4379965553134085,-0.002159665906413,0.0166710452090264,-0.0188307111154394,0.7798165137614679,0.4684684684684685,48007.032963971105,48007.032963971105,매매가>전세가,0.44885457618134283,0.0,0.44885457618134283,0.10277455369479915,0.25351056578050457,0.10277455369479915,-0.0734147045424381,-0.03360616700042335,0.4692925815496686,0.4692925815496684,0.4154251123533699,0.49465627645227717,0.3856854237737224,0.47182265798017586,0.5104373786041679,0.2901496252216936,0.5873640731988673,0.4512171994782675,0.4331364573917411,1,0,0,0,1,0.35,완만 정체 구간,관찰 필요,신중 투자 구간,0.4421768284350043,보통,0,0
11590,동작구,2024-04,112216.92307692308,108000.0,1495.6365122841153,1500.2586652871184,195,61784.511568123395,61000.0,827.7289411076173,828.653414525584,389,629,240,0.3815580286168522,0.5534292151262884,0.4465707848737116,0.0647005272988698,0.0484568782245709,0.0162436490742989,0.0051546391752577,-0.3568507157464212,50432.41150879968,50432.41150879968,매매가>전세가,0.44941894792667764,0.0,0.44941894792667764,-0.12662193048335235,-0.249167501031627,0.12662193048335235,0.0668601932052828,0.04453704107050924,0.483997535397205,0.4839975353972052,0.5190448189334721,0.5381265850251156,0.0025494063790985734,0.3594057328042714,0.25688688809457194,0.3575200046627073,0.5404316567132025,0.46201516756811867,0.4169678296038749,0,0,0,0,1,0.1,활발 관찰 구간,관찰 필요,조건부 관찰,0.4394914985859968,보통,0,0
11590,동작구,2024-05,113981.52709359606,107000.0,1476.9550813299436,1460.7679465776291,203,60505.85321100918,60000.0,784.5647593629992,774.1014329985878,436,672,236,0.3511904761904761,0.5312042114757665,0.4687957885242335,-0.0124906224211133,-0.0521477256634984,0.0396571032423851,0.0410256410256411,0.068362480127186,53475.67388258688,53475.67388258688,매매가>전세가,0.46916088287425095,0.0,0.46916088287425095,-0.030367552426376065,-0.0795882936507939,0.030367552426376065,-0.0771911497199831,-0.02606117806589245,0.522113805861359,0.522113805861359,0.39941423007161686,0.5671446504135326,0.020290660001851375,0.06885194895864556,0.1960782447269379,0.08559517074680478,0.688976361133601,0.43420807655082616,0.3876547242234638,0,0,0,0,0,0.0,활발 관찰 구간,관찰 필요,조건부 관찰,0.410931400387145,보통,0,0
11590,동작구,2024-06,119649.85590778098,118500.0,1540.3845012552797,1535.8159392789375,347,60997.124423963134,60000.0,808.1667643888375,794.0712755424179,434,645,211,0.3271317829457364,0.5246526199986119,0.4753473800013881,0.0429460724480665,0.030082927819752,0.0128631446283145,0.7093596059113301,-0.0401785714285714,58652.73148381784,58652.73148381784,매매가>전세가,0.4902031100565963,0.0,0.4902031100565963,-0.024058693244739693,-0.06850610957824188,0.024058693244739693,0.055436694869179806,0.004426867857122707,0.5333498999759265,0.5333498999759266,0.485329836663989,0.5339368700708343,0.35083850545073003,0.04046624616433682,0.14790259734944303,0.06777223614584771,0.5675611609946916,0.44113243934771584,0.4499288057707333,0,0,0,0,0,0.0,활발 관찰 구간,관찰 필요,신중 투자 구간,0.4455306225592246,주의,0,0
11590,동작구,2024-07,121445.29914529914,116200.0,1550.7042195362114,1518.361581920904,468,63250.717777777776,64000.0,818.9116622054538,828.4924497252211,450,659,209,0.3171471927162367,0.5280901747016437,0.4719098252983563,0.0066994430757529,0.0132953968043241,-0.0065959537285711,0.3487031700288183,0.0217054263565892,58194.581367521365,58194.581367521365,매매가>전세가,0.47918348241619807,0.0,0.47918348241619807,-0.009984590229499712,-0.030521614682593956,0.009984590229499712,-0.0362466293723136,0.002217218768451608,0.5274544334618859,0.5274544334618858,0.4291549301909385,0.5098197370555181,0.17246330070017366,0.0218608351371853,0.12790923805881196,0.028011986251873604,0.5923482854031277,0.4201655392489799,0.4010746788911647,1,0,0,0,0,0.25,완만 정체 구간,매수 검토 가능,조건부 관찰,0.4106201090700723,보통,0,0
11590,동작구,2024-08,119564.62450592883,112700.0,1545.1561158684788,1502.0093770931012,253,65088.29064039409,65000.0,847.7460629903987,840.02632164949,406,650,244,0.3753846153846153,0.5486475148266232,0.4513524851733768,-0.0035777962024196,0.0352106364040407,-0.0387884326064603,-0.4594017094017094,-0.0136570561456752,54476.33386553475,54476.33386553475,매매가>전세가,0.4556225061605361,0.0,0.4556225061605361,0.05823742266837861,0.18362900257637094,0.05823742266837861,-0.0102772392781725,0.006647860513399493,0.492198235148104,0.4921982351481042,0.4132272987049201,0.4699211620572533,0.22721311981239778,0.01375483936390199,0.24452511200114965,0.16432935395796547,0.5599899969865856,0.4194568332842896,0.3994139778219273,1,0,1,0,0,0.5,안정 정체 구간,매수 검토 가능,조건부 관찰,0.4094354055531084,보통,0,0
11590,동작구,2024-09,117205.41666666669,113500.0,1490.9197131189692,1391.7879841489084,120,62413.37014925373,62000.0,797.7730599391796,800.0470615918583,335,638,303,0.4749216300940438,0.5350878742291608,0.4649121257708392,-0.0351009209959507,-0.0589480803661192,0.0238471593701684,-0.5256916996047432,-0.0184615384615384,54792.04651741296,54792.04651741296,매매가>전세가,0.4674873233311567,0.0,0.4674873233311567,0.0995370147094285,0.26516008016855963,0.0995370147094285,-0.031523124793531095,-0.023946750654266,0.5154532562287175,0.5154532562287176,0.36437286402560853,0.5475501906735204,0.25999914384783324,0.018593721314484973,0.4438401817295692,0.2810033685145747,0.6990172205000227,0.4669994413436425,0.42989345904850945,0,0,1,0,1,0.35,완만 정체 구간,관찰 필요,신중 투자 구간,0.448446450196076,주의,0,0
11590,동작구,2024-10,113038.3233532934,106500.0,1454.1593585517433,1380.8956803598596,167,61162.23170731707,60000.0,814.2037768471607,772.6451832292864,410,657,247,0.3759512937595129,0.5599137206379221,0.4400862793620779,-0.0246561597138749,0.0205957279495421,-0.045251887663417,0.3916666666666666,0.0297805642633228,51876.091645976325,51876.091645976325,매매가>전세가,0.45892481511638505,0.0,0.45892481511638505,-0.0989703363345309,-0.20839298541726314,0.0989703363345309,0.010444761282075797,-0.021156509392949493,0.47287649488831307,0.4728764948883131,0.38056012055992544,0.4619105131315807,0.19371239470517446,0.029993790260434895,0.24565984102769342,0.2794024655105934,0.5815692008460834,0.4153150731517111,0.39099800570604637,0,0,0,0,1,0.1,활발 관찰 구간,매수 검토 가능,조건부 관찰,0.40315653942887875,안정,0,0
11590,동작구,2024-11,111936.76470588236,107750.0,1453.1834674286056,1402.6428529231057,136,63115.94736842105,63000.0,820.2759446118249,800.0501364752191,437,698,261,0.3739255014326647,0.5644682608888302,0.4355317391111698,-0.0006711032854814,0.0074577985724624,-0.0081289018579439,-0.18562874251497,0.0624048706240487,48820.81733746131,48820.81733746131,매매가>전세가,0.4361464034246448,0.0,0.4361464034246448,-0.0020257923268482414,-0.005388443557649003,0.0020257923268482414,0.0239850564283935,-0.027659131139547245,0.4650653785990515,0.4650653785990516,0.4177320817863396,0.5079198384444099,0.09180916146047252,0.06285168354021134,0.24160335068528407,0.005527868214482382,0.6009676156361824,0.3960935992241148,0.362227427596337,1,1,1,0,0,0.7,신중 정체 구간,매수 검토 가능,선별 검토 가능,0.37916051341022594,안정,0,0
11590,동작구,2024-12,114546.73913043478,109000.0,1541.631662116927,1494.406411754884,161,63421.816017316014,63000.0,826.0025022063224,814.3254597275575,462,736,274,0.3722826086956521,0.5357975724707665,0.4642024275292334,0.0608651258913848,0.0069812575050063,0.0538838683863784,0.1838235294117647,0.0544412607449855,51124.92311311877,51124.92311311877,매매가>전세가,0.446323688489313,0.0,0.446323688489313,-0.001642892737012569,-0.004393636515075738,0.001642892737012569,0.0615362291768662,0.07489229655200341,0.5142361113161522,0.5142361113161522,0.5131007265010694,0.5847769569604565,0.09091633043108939,0.054831054974663195,0.23831358675786585,0.004446152146347796,0.601671238027939,0.44607568206772635,0.41364024043225667,0,1,0,0,0,0.2,활발 관찰 구간,관찰 필요,조건부 관찰,0.42985796124999154,보통,0,0
11590,동작구,2025-01,117804.26829268291,112500.0,1596.3902339768558,1579.520697167756,164,62344.89351851852,60000.0,827.4946325391114,823.6263089775268,432,714,282,0.3949579831932773,0.5183536048561848,0.4816463951438152,0.0355198801409772,0.0018064477151138,0.0337134324258634,0.0186335403726707,-0.029891304347826,55459.3747741644,55459.3747741644,매매가>전세가,0.47077559733554325,0.0,0.47077559733554325,0.02267537449762519,0.06090903514690571,0.02267537449762519,-0.0253452457504076,0.005146467149163624,0.5441528212533283,0.5441528212533282,0.4738207483563111,0.5597782094278132,0.009215866538107891,0.03010532323337129,0.28371924677595844,0.06386427135343895,0.6093119479056559,0.4618746061072225,0.40494208611154975,0,1,0,0,0,0.2,활발 관찰 구간,관찰 필요,조건부 관찰,0.4334083461093861,보통,0,0
11590,동작구,2025-02,123366.88102893892,119000.0,1630.4234843480476,1606.2092637678022,311,60742.242105263154,60000.0,781.3683885749554,767.1731989016097,570,969,399,0.4117647058823529,0.4792425992854235,0.5207574007145765,0.0213188790853535,-0.0557420461116717,0.0770609251970253,0.896341463414634,0.3571428571428572,62624.63892367577,62624.63892367577,매매가>전세가,0.5076292632297766,0.0,0.5076292632297766,0.016806722689075626,0.042553191489361764,0.016806722689075626,-0.014201001055623698,-0.005388202592957518,0.6112288807177848,0.6112288807177849,0.4518120838283842,0.6135020372161983,0.44331689706788757,0.3596999659052165,0.31737339156278227,0.04728495100911681,0.6942834469719401,0.5018773927727698,0.49821896212123606,0,0,0,0,0,0.0,활발 관찰 구간,신중 매수 구간,우선 점검 구간,0.5000481774470029,높음,0,1
11590,동작구,2025-03,128680.06932409012,125000.0,1661.0705158969324,1619.7441806098252,577,60630.8253968254,60000.0,792.9160105806612,778.6016949152543,693,1014,321,0.3165680473372781,0.477352407975593,0.5226475920244069,0.0187969762721735,0.0147787166393642,0.0040182596328093,0.855305466237942,0.0464396284829722,68049.24392726472,68049.24392726472,매매가>전세가,0.5288250487018137,0.0,0.5288250487018137,-0.09519665854507481,-0.23119188503803878,0.09519665854507481,-0.002521902813180002,0.003381026725138476,0.6144705919151101,0.61447059191511,0.44790364717874853,0.5229747348254316,0.4230211150707511,0.04677213178953286,0.12674954483386447,0.2687415820592188,0.5901581340786208,0.49241616594749044,0.4995677090376591,0,0,0,0,1,0.1,활발 관찰 구간,신중 매수 구간,우선 점검 구간,0.49599193749257475,주의,0,1
11590,동작구,2025-04,113909.10256410256,113000.0,1595.4898130779711,1585.6521658630058,390,61134.5547024952,61000.0,811.744424831697,794.4578619550019,521,800,279,0.34875,0.5087744328907395,0.4912255671092604,-0.0394809866235866,0.0237457864386512,-0.0632267730622379,-0.3240901213171577,-0.2110453648915187,52774.54786160736,52774.54786160736,매매가>전세가,0.4633040439582814,0.0,0.4633040439582814,0.03218195266272189,0.10165887850467281,0.03218195266272189,-0.0582779628957601,-0.02470182289023099,0.5605812689242009,0.5605812689242008,0.35758465278392515,0.4396328775419012,0.16029006000162674,0.21255642955661308,0.1911913824526847,0.0907209685846264,0.5769180766520825,0.4280644991147055,0.3887625560473422,0,0,1,0,0,0.25,완만 정체 구간,매수 검토 가능,조건부 관찰,0.4084135275810239,보통,0,0
11590,동작구,2025-05,127017.79506641366,124000.0,1602.1352819670235,1557.2672471533824,527,62704.11730769231,62000.0,803.5337445249105,789.8732971121609,520,807,287,0.355638166047088,0.5015392604913931,0.4984607395086069,0.0041651590844267,-0.0101148588836798,0.0142800179681065,0.3512820512820513,0.00875,64313.67775872135,64313.67775872135,매매가>전세가,0.5063359643827365,0.0,0.5063359643827365,0.0068881660470879735,0.019751013755090918,0.0068881660470879735,0.0436461457080133,-0.016649909965193176,0.5729897162911733,0.5729897162911735,0.42522730523230884,0.535692908412124,0.17373877626585207,0.008812649164677805,0.20498439503181545,0.019264387976010343,0.6269139948954034,0.4530577684930342,0.4207176986682761,1,0,0,0,0,0.25,완만 정체 구간,관찰 필요,조건부 관찰,0.43688773358065514,보통,0,0
11590,동작구,2025-06,136495.99697885197,132500.0,1667.8651293553055,1595.2681045035756,662,64224.285956006766,65000.0,823.8796478263886,806.9522036002484,591,893,302,0.3381858902575588,0.4939725840691026,0.5060274159308973,0.0410264027814071,0.0253205337549422,0.0157058690264648,0.2561669829222011,0.1065675340768277,72271.71102284521,72271.71102284521,매매가>전세가,0.5294786119921351,0.0,0.5294786119921351,-0.01745227578952918,-0.04907312390993046,0.01745227578952918,0.036861243696980406,0.007136984093077066,0.585966698862782,0.5859666988627819,0.4823547389555629,0.5374600735193547,0.12669630563300197,0.10733054744730618,0.17003758076313194,0.049108680206357266,0.5745929308277868,0.4678701973995775,0.43296662096254324,0,0,0,0,0,0.0,활발 관찰 구간,신중 매수 구간,신중 투자 구간,0.45041840918106035,주의,0,0
11590,동작구,2025-07,115629.22297297296,114750.0,1496.511293199163,1415.2020286197353,148,64497.37665198238,64500.0,835.154451482265,815.9051566636033,454,721,267,0.3703190013869625,0.5580675904536048,0.4419324095463952,-0.1027384247924037,0.0136850129574415,-0.1164234377498452,-0.7764350453172205,-0.192609182530795,51131.84632099058,51131.84632099058,매매가>전세가,0.4422052229213897,0.0,0.4422052229213897,0.0321331111294037,0.09501611999522352,0.0321331111294037,-0.1437648275738108,-0.04118595320750642,0.4760426404837863,0.47604264048378625,0.25954848405888653,0.373702225735096,0.3840130007525603,0.19398824589020403,0.23438161703993507,0.0905829880989192,0.5917730093813003,0.3655053872248759,0.3599253150508977,0,0,1,0,0,0.25,완만 정체 구간,거주 안정권,선별 검토 가능,0.3627153511378868,낮음,0,0
11590,동작구,2025-08,128592.52336448598,132250.0,1616.1700020470255,1615.909567239626,214,65649.13176470589,64800.0,837.1312000455049,815.3900458877515,425,703,278,0.3954480796586059,0.5179722423910865,0.4820277576089135,0.0799584402681403,0.0023669257341938,0.0775915145339465,0.445945945945946,-0.0249653259361997,62943.391599780094,62943.391599780094,매매가>전세가,0.48947940325715295,0.0,0.48947940325715295,0.0251290782716434,0.06785792297323923,0.0251290782716434,0.182696865060544,0.08271036411833982,0.5448068645593783,0.5448068645593784,0.5426914820540272,0.6141596367298217,0.22055810322958339,0.025144075286578218,0.2847006265314774,0.07079614297006061,0.60848439093052,0.48148077704742026,0.46221595613399574,0,1,0,0,0,0.2,활발 관찰 구간,신중 매수 구간,신중 투자 구간,0.471848366590708,주의,0,0
11590,동작구,2025-09,136872.03219315896,132000.0,1677.465468359997,1624.2937853107346,497,65518.982795698925,66000.0,840.1766839771805,810.8137326620997,465,695,230,0.3309352517985611,0.5008607925614074,0.4991392074385926,0.0379263729900536,0.0036380007476843,0.0342883722423692,1.3224299065420562,-0.0113798008534851,71353.04939746004,71353.04939746004,매매가>전세가,0.5213121209215622,0.0,0.5213121209215622,-0.06451282786004481,-0.16313855390507737,0.06451282786004481,-0.04203206727808669,-0.052154437392619706,0.5741533006724062,0.5741533006724061,0.4775503230247958,0.5604907758466764,0.6540537804919194,0.011461279141218882,0.15551874559161863,0.1820577788768686,0.6066076233187199,0.4765404676137726,0.5248757199711114,0,1,0,0,1,0.30000000000000004,완만 정체 구간,신중 매수 구간,우선 점검 구간,0.500708093792442,높음,0,1
11590,동작구,2025-10,141919.46386946386,138000.0,1699.4762376078957,1588.8521425965375,429,68322.43914081146,67000.0,862.121090367914,824.1111372733694,419,666,247,0.3708708708708709,0.5072863458105162,0.4927136541894837,0.0131214440255618,0.0261187995444653,-0.0129973555189035,-0.1368209255533199,-0.041726618705036,73597.0247286524,73597.0247286524,매매가>전세가,0.5185830239349426,0.0,0.5185830239349426,0.0399356190723098,0.12067502284893616,0.0399356190723098,-0.024804928964491803,0.0030955243764242604,0.5631333643261143,0.5631333643261142,0.4391077260501009,0.5018859954385895,0.06766955523756255,0.04202537731151597,0.2354866924230706,0.11262557690715341,0.5734142754663926,0.4575269673193831,0.4067084127882278,0,0,1,0,0,0.25,완만 정체 구간,관찰 필요,조건부 관찰,0.4321176900538054,보통,0,0
11590,동작구,2025-11,118431.32530120482,130000.0,1563.8706966624652,1518.7190958323522,83,67139.40142517815,68000.0,846.2760846510608,823.9268352970256,421,675,254,0.3762962962962963,0.5411419796132385,0.4588580203867615,-0.0797925489892712,-0.0183790953427334,-0.0614134536465378,-0.8065268065268065,0.0135135135135135,51291.923876026674,51291.923876026674,매매가>전세가,0.4330942319996555,0.0,0.4330942319996555,0.005425425425425401,0.01462887989203776,0.005425425425425401,-0.092913993014833,-0.011190400554033503,0.5050703594757365,0.5050703594757366,0.2951099265848437,0.4418802615031534,0.39889592958185016,0.013610268980197366,0.2463506815645148,0.015132051259105956,0.6391163048755334,0.38923198123342995,0.38552025799729533,0,0,1,0,0,0.25,완만 정체 구간,매수 검토 가능,선별 검토 가능,0.38737611961536267,안정,0,0
11590,동작구,2025-12,132027.39726027398,134500.0,1697.1359077509742,1665.8581602861668,146,66259.57296137339,67000.0,849.0179871268546,829.2166549047283,466,834,368,0.4412470023980815,0.5002651721935245,0.4997348278064755,0.0852149806073589,0.0032399621418159,0.081975018465543,0.7590361445783131,0.2355555555555555,65767.8242989006,65767.8242989006,매매가>전세가,0.49813770220167497,0.0,0.49813770220167497,0.06495070610178522,0.1726052229082875,0.06495070610178522,0.1650075295966301,0.059968211268512796,0.5751748000338089,0.575174800033809,0.5508380509085913,0.6195924448411012,0.375407768257144,0.23724211084592936,0.3764093793602922,0.18329481318703958,0.6071953352600383,0.5191223936340915,0.5100379257190472,0,1,0,0,1,0.30000000000000004,완만 정체 구간,신중 매수 구간,우선 점검 구간,0.5145801596765693,높음,0,1
11590,동작구,2026-01,142612.8712871287,144500.0,1863.9550097874896,1750.8239171374769,202,67913.88718929254,68000.0,866.6646323301023,868.2584738687594,523,947,424,0.4477296726504752,0.4649600595396941,0.5350399404603059,0.0982944861838333,0.0207847719021423,0.0775097142816909,0.3835616438356164,0.1354916067146283,74698.98409783618,74698.98409783618,매매가>전세가,0.5237885151855716,0.0,0.5237885151855716,0.006482670252393685,0.01469170377852258,0.006482670252393685,0.013079505576474401,0.05637441871118944,0.6357236864970615,0.6357236864970616,0.5711086254474038,0.6140582554875794,0.18970377330497995,0.1364617136839454,0.3893904183954101,0.018118836169934864,0.5812900736791726,0.5363878008453127,0.48980411607370866,0,0,0,1,0,0.2,활발 관찰 구간,우선 점검 구간,우선 점검 구간,0.5130959584595107,높음,0,1
11590,동작구,2026-02,133998.44559585492,135000.0,1731.1611793002685,1661.0433428497274,193,63663.54854368932,64000.0,861.6702456742952,843.8326112728386,412,758,346,0.4564643799472295,0.497741201672845,0.5022587983271549,-0.0712430449178926,-0.0057627673606333,-0.0654802775572593,-0.0445544554455445,-0.1995776135163675,70334.8970521656,70334.8970521656,매매가>전세가,0.5248933802135188,0.0,0.5248933802135188,0.008734707296754296,0.019508886344401732,0.008734707296754296,-0.1695375311017259,-0.0713261271520725,0.5795034536764603,0.5795034536764603,0.30835991975434657,0.43683993890413475,0.022035958108446194,0.2010065701763892,0.40688098508552206,0.02448098625206128,0.6204880449496066,0.4446679027707607,0.3576196728599304,0,1,1,0,0,0.45,안정 정체 구간,관찰 필요,선별 검토 가능,0.40114378781534554,안정,0,0
11590,동작구,2026-03,140438.7931034483,143900.0,1845.8353741577012,1888.9419358417215,174,64612.87531806616,63000.0,873.917536215034,840.5884118883218,393,720,327,0.4541666666666666,0.4734536722235175,0.5265463277764825,0.0662412005471284,0.0142134309525272,0.0520277695946012,-0.0984455958549223,-0.050131926121372,75825.91778538213,75825.91778538213,매매가>전세가,0.5399214569547617,0.0,0.5399214569547617,-0.0022977132805628853,-0.00503371868978808,0.0022977132805628853,0.137484245465021,0.08488632612275973,0.6211569920044476,0.6211569920044476,0.5214325492445439,0.5824765532814228,0.048689699032939904,0.050490865926536954,0.40227999434787315,0.006296062468808554,0.5909927896710995,0.517022467062787,0.4461198288085718,0,0,1,1,0,0.45,안정 정체 구간,신중 매수 구간,신중 투자 구간,0.4815711479356794,주의,0,1
11590,동작구,2026-04,139155.52083333334,141500.0,1825.9997509201655,1716.0940573605278,192,67587.45302013423,67600.0,910.4603630437202,890.7308617628821,298,560,262,0.4678571428571428,0.4986092482131594,0.5013907517868406,-0.0107461496920259,0.0418149600097903,-0.0525611097018162,0.1034482758620689,-0.2222222222222222,71568.06781319912,71568.06781319912,매매가>전세가,0.5143027555400855,0.0,0.5143027555400855,0.013690476190476197,0.030144167758846763,0.013690476190476197,-0.0769873502391543,-0.031166073607371808,0.5780147386586196,0.5780147386586196,0.4021178081448963,0.4528516411887202,0.05116394871156476,0.22381331211880134,0.42969409978880674,0.038481353409939904,0.5502385814449646,0.46407033204922693,0.38482177604496887,0,0,0,0,0,0.0,활발 관찰 구간,관찰 필요,선별 검토 가능,0.4244460540470979,보통,0,0
11440,마포구,2023-06,119182.95454545454,114000.0,1616.8221774190658,1725.359476855371,176,57597.936090225565,55000.0,773.8545050148931,741.7438123037397,532,1303,771,0.5917114351496546,0.4786268495216941,0.5213731504783059,0.0104382353372383,-0.0025169613473063,0.0129551966845447,0.0057142857142857,0.2650485436893204,61585.01845522898,61585.01845522898,매매가>전세가,0.5167267306814533,0.0,0.5167267306814533,0.18588619243120802,0.4580449239333595,0.18588619243120802,,-0.008374159642967005,0.6122849023455696,0.6122849023455698,0.4349492980879859,0.5340509571494708,0.0028261990716864295,0.2669462659591723,0.6777026117630733,0.5249453718265771,0.6156955476262034,0.5717572878173683,0.4610182339118515,0,1,0,0,1,0.30000000000000004,완만 정체 구간,우선 점검 구간,신중 투자 구간,0.5163877608646099,높음,0,1
11440,마포구,2023-07,119038.08510638298,117750.0,1619.3979436217094,1599.5749929689923,188,58865.24403669725,58000.0,790.4559060441952,743.8894792773646,545,1008,463,0.4593253968253968,0.4881171482016191,0.5118828517983809,0.0015931042007075,0.0214528712073371,-0.0198597670066296,0.0681818181818181,-0.2264006139677666,60172.841069685725,60172.841069685725,매매가>전세가,0.5054923473937769,0.0,0.5054923473937769,-0.13238603832425783,-0.22373412183723473,0.13238603832425783,-0.0088451311365308,0.0022777625304122207,0.5960088739157101,0.5960088739157102,0.4212411430694115,0.4933808896202225,0.03372169346898584,0.228021620750352,0.41260994712271776,0.3738039815472057,0.5803036117283453,0.5138391347282925,0.4339661645834938,1,0,0,0,1,0.35,완만 정체 구간,신중 매수 구간,신중 투자 구간,0.4739026496558931,주의,0,0
11440,마포구,2023-08,119825.42857142857,117500.0,1652.307223714152,1611.9922812632371,175,60920.76908752328,58000.0,804.7172091916733,788.7049659201558,537,936,399,0.4262820512820512,0.4870263820446074,0.5129736179553925,0.0203219228615558,0.0180418705691607,0.0022800522923951,-0.0691489361702127,-0.0714285714285714,58904.659483905285,58904.659483905285,매매가>전세가,0.49158730484983754,0.0,0.49158730484983754,-0.03304334554334559,-0.07193886027579344,0.03304334554334559,0.0187288186608483,-0.008006020580200543,0.5978795569764451,0.5978795569764451,0.45026700436584144,0.5208204429426253,0.03420001536216296,0.07193999318104326,0.346443237780888,0.09315445909932579,0.5853400222105081,0.4885626652725139,0.41792078261770615,0,0,1,0,0,0.25,완만 정체 구간,신중 매수 구간,조건부 관찰,0.45324172394511003,주의,0,0
11440,마포구,2023-09,119911.38888888888,118500.0,1601.4970094091248,1560.477873617502,144,56861.77620967742,55000.0,759.5440575423335,741.0109313907496,496,866,370,0.4272517321016166,0.4742712930963065,0.5257287069036934,-0.0307510695201181,-0.0561354363164615,0.0253843667963433,-0.1771428571428571,-0.0747863247863247,63049.61267921146,63049.61267921146,매매가>전세가,0.5258017046040045,0.0,0.5258017046040045,0.0009696808195653883,0.0022747399677023328,0.0009696808195653883,-0.0510729923816739,-0.015754765367502064,0.6197547578894655,0.6197547578894655,0.3711142494746291,0.5494553681534458,0.0876121712222795,0.07532178773228883,0.34838494761345823,0.002544285004952217,0.6948642954563435,0.48305574485078506,0.4144243429707651,0,0,1,0,0,0.25,완만 정체 구간,신중 매수 구간,조건부 관찰,0.44874004391077504,주의,0,0
11440,마포구,2023-10,107687.80487804876,109400.0,1451.9154682529313,1402.065975374667,82,60393.09272727273,57025.0,800.4621023823942,780.1417683012046,550,1014,464,0.4575936883629191,0.5513145357873889,0.4486854642126111,-0.0934010742932213,0.0538718517164886,-0.1472729260097099,-0.4305555555555556,0.1709006928406466,47294.71215077603,47294.71215077603,매매가>전세가,0.4391835473323559,0.0,0.4391835473323559,0.030341956261302483,0.07101657870888634,0.030341956261302483,-0.0626500047731032,-0.06319590877923854,0.4876242474956105,0.4876242474956104,0.27401947901982243,0.33546812063051246,0.21294624949859609,0.17212432548628367,0.40914233666689254,0.08552285992752551,0.5324363403388532,0.38470178335479727,0.3330602299710726,0,0,1,0,0,0.25,완만 정체 구간,매수 검토 가능,안정 관찰,0.35888100666293493,낮음,0,0
11440,마포구,2023-11,118023.5294117647,120250.0,1496.0795498756236,1472.3663731231543,68,59647.30037313433,59250.0,810.2688197625052,800.1976960121491,536,910,374,0.4109890109890109,0.5415947432941429,0.4584052567058571,0.0304178050226535,0.0122513200199279,0.0181664850027256,-0.1707317073170732,-0.1025641025641025,58376.22903863037,58376.22903863037,매매가>전세가,0.49461517825793283,0.0,0.49461517825793283,-0.046604677373908165,-0.1018472906403941,0.046604677373908165,0.12381887931587479,0.04599203371975901,0.5042938618342032,0.5042938618342033,0.4659135691908676,0.5405097010874323,0.08444131372721671,0.10329845174713903,0.31582012334185183,0.13146609728290343,0.593889885601692,0.44783904352132214,0.403600312485004,0,0,1,0,0,0.25,완만 정체 구간,관찰 필요,조건부 관찰,0.42571967800316307,보통,0,0
11440,마포구,2023-12,112929.57746478872,106700.0,1506.6496517514242,1500.500166722241,71,63887.30809859155,62000.0,836.8110677382448,824.5820575149891,568,1066,498,0.4671669793621013,0.5554118482458633,0.4445881517541367,0.0070652004277977,0.0327573359956256,-0.0256921355678279,0.0441176470588235,0.1714285714285714,49042.269366197164,49042.269366197164,매매가>전세가,0.43427302631578935,0.0,0.43427302631578935,0.05617796837309036,0.13668970914308076,0.05617796837309036,-0.0233526045948558,0.0028731698248443483,0.4805972848773302,0.48059728487733033,0.42972177972698505,0.4861523939414905,0.02181991930346144,0.17265598363450388,0.4283121014885786,0.15851126257855666,0.5636123439760725,0.43636210489565,0.3705079985941356,1,0,0,0,0,0.25,완만 정체 구간,관찰 필요,선별 검토 가능,0.4034350517448928,안정,0,0
11440,마포구,2024-01,118150.4,115000.0,1590.3801090538782,1582.5763637219372,125,62281.389982110915,60000.0,857.522230913707,833.9588024351598,559,1098,539,0.4908925318761384,0.5391932570282518,0.4608067429717482,0.055573939970132,0.024750106653633,0.0308238333164989,0.7605633802816902,0.0300187617260787,55869.01001788908,55869.01001788908,매매가>전세가,0.47286348601349704,0.0,0.47286348601349704,0.02372555251403713,0.05078602204811955,0.02372555251403713,0.0485087395423343,0.040837230818114516,0.5084124528349524,0.5084124528349525,0.5049004640379082,0.5561969106027922,0.3761631158793919,0.03023369319428451,0.4758206606661391,0.06683109206808643,0.5754351778212906,0.4676360078870039,0.4532714100090909,0,0,0,0,0,0.0,활발 관찰 구간,관찰 필요,신중 투자 구간,0.4604537089480474,주의,0,0
11440,마포구,2024-02,117370.27027027028,109000.0,1511.2763885463162,1515.8664621918133,111,59605.04051172708,58000.0,831.0176551032268,813.9672053792616,469,966,497,0.5144927536231884,0.5498780113295991,0.4501219886704009,-0.0497388769245995,-0.0309083250031185,-0.0188305519214809,-0.1119999999999999,-0.1202185792349727,57765.2297585432,57765.2297585432,매매가>전세가,0.4921623646731523,0.0,0.4921623646731523,0.023600221747049954,0.048076147455029306,0.023600221747049954,-0.1053128168947315,-0.048433953025033616,0.49008791209708746,0.4900879120970875,0.3416870082787961,0.4946564737533957,0.055393501805054104,0.12107933278558108,0.523078254806883,0.06647702455775079,0.6576159623920808,0.42945100628983585,0.3537561933669522,0,0,1,0,0,0.25,완만 정체 구간,매수 검토 가능,선별 검토 가능,0.391603599828394,안정,0,0
11440,마포구,2024-03,119938.00904977375,120000.0,1651.4253072300876,1616.7558980996646,221,58237.05728314239,57000.0,791.6614679399285,784.4557084238475,611,1174,563,0.479557069846678,0.4793807291640523,0.5206192708359477,0.0927354650320313,-0.0473590265160006,0.140094491548032,0.9909909909909912,0.2153209109730849,61700.95176663136,61700.95176663136,매매가>전세가,0.514440353441466,0.0,0.514440353441466,-0.03493568377651035,-0.06790316001631591,0.03493568377651035,0.1424743419566308,0.06128896393802095,0.6109919855570107,0.6109919855570107,0.5624932728286383,0.6916243055883642,0.49012911828796313,0.2168625881399566,0.4531222864844213,0.09850043681123252,0.6819057513212041,0.5487759018706212,0.548040122052672,0,0,0,0,0,0.0,활발 관찰 구간,우선 점검 구간,우선 점검 구간,0.5484080119616466,높음,1,1
11440,마포구,2024-04,121142.20472440944,121000.0,1672.12972293596,1679.4160851607476,254,63135.32846715328,59000.0,816.956991253802,801.7429193899782,411,796,385,0.4836683417085427,0.4885727345479942,0.5114272654520058,0.0125373007275755,0.0319524498011731,-0.0194151490735976,0.1493212669683257,-0.3219761499148211,58006.87625725616,58006.87625725616,매매가>전세가,0.4788329252321104,0.0,0.4788329252321104,0.004111271861864718,0.008573060685309386,0.004111271861864718,-0.0801981643044558,-0.007626185500785058,0.5952275353534642,0.5952275353534643,0.43820242269639637,0.4939319382677634,0.0738520345655618,0.32428146841063127,0.46135478612500413,0.011419482576778574,0.5648007744974035,0.4847113486915344,0.4069762630090566,0,0,0,0,0,0.0,활발 관찰 구간,신중 매수 구간,조건부 관찰,0.4458438058502955,주의,0,0
11440,마포구,2024-05,132302.87769784173,132500.0,1723.6101531315628,1708.5298523908282,278,60637.94398340249,60000.0,840.7031069617778,811.0969383770262,482,938,456,0.4861407249466951,0.4877571099441111,0.5122428900558889,0.0307873423272522,0.0290665432356875,0.0017207990915646,0.094488188976378,0.1783919597989949,71664.93371443925,71664.93371443925,매매가>전세가,0.5416732799879856,0.0,0.5416732799879856,0.0024723832381523536,0.005111732617063103,0.0024723832381523536,0.0182500415996767,0.017216786682473048,0.5966263458323142,0.5966263458323141,0.46648627688489647,0.5201273181335357,0.04673242559481511,0.17966922920089698,0.4663055397611892,0.006789516378816666,0.5690618731070843,0.49361471778292254,0.41383075552210036,0,0,0,0,0,0.0,활발 관찰 구간,신중 매수 구간,조건부 관찰,0.45372273665251145,주의,0,0
11440,마포구,2024-06,132893.68686868687,134000.0,1744.8999389895514,1744.9282024549857,396,63554.85494505495,60000.0,854.8287134952586,825.5690529543577,455,840,385,0.4583333333333333,0.489901279949771,0.5100987200502289,0.0123518568391511,0.0168021343284068,-0.0044502774892556,0.4244604316546763,-0.1044776119402984,69338.83192363192,69338.83192363192,매매가>전세가,0.5217616694775432,0.0,0.5217616694775432,-0.027807391613361765,-0.05720029239766078,0.027807391613361765,-0.0184354854881011,-0.026167347751792695,0.592949056723975,0.5929490567239751,0.43791502237066576,0.512479035976892,0.20993169363426226,0.10522566166779457,0.41062341774294,0.07836255112024787,0.5871705174992419,0.48793223400044,0.436936990680067,0,0,0,0,0,0.0,활발 관찰 구간,신중 매수 구간,신중 투자 구간,0.4624346123402535,주의,0,0
11440,마포구,2024-07,134089.98850574714,133000.0,1759.492455751646,1749.9579337035168,435,66482.76211453744,65000.0,876.5840592063698,853.988159849727,454,801,347,0.4332084893882647,0.4982027949826574,0.5017972050173425,0.0083629533339,0.0254499473024918,-0.0170869939685918,0.0984848484848484,-0.0464285714285713,67607.2263912097,67607.2263912097,매매가>전세가,0.5041929464280029,0.0,0.5041929464280029,-0.025124843945068642,-0.05481784133469525,0.025124843945068642,-0.0039889035052511,0.0038807290265987088,0.5787118130667257,0.5787118130667256,0.4317330328941861,0.49681739705510974,0.048709112788535125,0.04676099556767801,0.36031288715845516,0.07078418072404302,0.5744018491433927,0.471748177814007,0.40264400555389773,1,0,0,0,0,0.25,완만 정체 구간,신중 매수 구간,조건부 관찰,0.43719609168395235,보통,0,0
11440,마포구,2024-08,131823.102310231,123000.0,1710.77052409684,1684.5140032948927,303,60949.76356589147,60000.0,816.1464367096597,834.5283633728181,516,951,435,0.4574132492113564,0.4770636536075021,0.5229363463924979,-0.0276909011434165,-0.0689467505847964,0.0412558494413799,-0.303448275862069,0.1872659176029962,70873.33874433953,70873.33874433953,매매가>전세가,0.5376397422171647,0.0,0.5376397422171647,0.024204759823091726,0.055873235211229,0.024204759823091726,-0.0360538544773165,-0.017465244427597407,0.6149658107130427,0.6149658107130427,0.37585688831663705,0.5691260975510998,0.15008091622059008,0.18860672369561907,0.40878102140964434,0.0681848836623641,0.7137804565233254,0.49692694374388263,0.4335652567224372,0,0,1,0,0,0.25,완만 정체 구간,신중 매수 구간,신중 투자 구간,0.46524610023315993,주의,0,0
11440,마포구,2024-09,128384.32835820896,124750.0,1651.3191397849178,1566.000153982171,134,57665.92277227723,58640.0,747.8861596673594,788.6064030131828,505,848,343,0.4044811320754717,0.452902253506715,0.5470977464932849,-0.0347512325437733,-0.0836372910203412,0.0488860584765679,-0.5577557755775577,-0.1083070452155625,70718.40558593173,70718.40558593173,매매가>전세가,0.5508336296983085,0.0,0.5508336296983085,-0.05293211713588469,-0.1157205595315548,0.05293211713588469,-0.007060331400356796,-0.023597062202088598,0.6564030349995104,0.6564030349995102,0.3649148100337186,0.5785827929673693,0.2758575496538823,0.10908251331973119,0.3027886059387755,0.14934152322321617,0.7354713325114839,0.5149391708661175,0.4747533676204501,0,0,1,1,0,0.45,안정 정체 구간,신중 매수 구간,우선 점검 구간,0.4948462692432838,주의,0,1
11440,마포구,2024-10,126111.320754717,120000.0,1639.558876917558,1597.7719143946058,159,66203.77165354331,63630.0,885.198054319338,880.7318129968501,508,879,371,0.422070534698521,0.5399001321523439,0.4600998678476561,-0.0071217383629984,0.1835999943000033,-0.1907217326630017,0.1865671641791044,0.0365566037735849,59907.54910117369,59907.54910117369,매매가>전세가,0.4750370445940551,0.0,0.4750370445940551,0.01758940262304931,0.04348633651412781,0.01758940262304931,0.027629494180774896,-0.0036220880420729925,0.5072001496183614,0.5072001496183615,0.4077349088506381,0.28161872688183404,0.09227329058677726,0.036818345566713186,0.338010005942871,0.04949607236641364,0.3408901501017205,0.39575372799997993,0.3341813803375789,1,0,0,0,0,0.25,완만 정체 구간,매수 검토 가능,안정 관찰,0.3649675541687794,낮음,0,0
11440,마포구,2024-11,133604.9079754601,134500.0,1780.1433220944969,1695.2699874424443,163,65118.48453608248,63000.0,884.3329255179324,875.4377188594298,485,849,364,0.4287396937573616,0.4967762508455982,0.5032237491544018,0.0857452862206715,-0.0009773279518455,0.0867226141725171,0.0251572327044025,-0.0341296928327644,68486.42343937763,68486.42343937763,매매가>전세가,0.5126040987353314,0.0,0.5126040987353314,0.006669159058840579,0.015801053403560195,0.006669159058840579,0.0928670245836699,0.058757258366605655,0.5811583612433747,0.5811583612433748,0.5516599167964227,0.6254764994395263,0.01244238585019185,0.034374058175242424,0.35136447419493944,0.018645679091201562,0.6134222482064378,0.5041506583856938,0.4425636354690199,0,1,0,0,0,0.2,활발 관찰 구간,신중 매수 구간,신중 투자 구간,0.47335714692735686,주의,0,0
11440,마포구,2024-12,132886.71875,122500.0,1845.5938916366335,1764.3261302163228,128,59998.053872053875,60000.0,821.5693883935729,826.4906160607234,594,1096,502,0.458029197080292,0.4451517704499024,0.5548482295500976,0.0367670224805991,-0.0709727471558298,0.1077397696364289,-0.214723926380368,0.2909305064782097,72888.66487794612,72888.66487794612,매매가>전세가,0.5485022548797498,0.0,0.5485022548797498,0.0292895033229304,0.068315352530681,0.0292895033229304,-0.0489782637400724,0.05079419314121772,0.6696952491681399,0.66969524916814,0.4757535654347553,0.6515246505218903,0.10619919824588597,0.2930135411307983,0.41001440873600087,0.08254961241143094,0.7167718808734052,0.5531957590923101,0.48403382137820405,0,0,1,1,0,0.45,안정 정체 구간,우선 점검 구간,우선 점검 구간,0.5186147902352571,높음,0,1
11440,마포구,2025-01,135057.72455089822,128000.0,1860.7482913613192,1795.204913192394,167,62495.293413173655,61500.0,853.4837023534427,851.4190317195325,501,1168,667,0.5710616438356164,0.4586776762423014,0.5413223237576985,0.0082111236894302,0.0388455490318015,-0.0306344253423713,0.3046875,0.0656934306569343,72562.43113772456,72562.43113772456,매매가>전세가,0.5372697591271686,0.0,0.5372697591271686,0.11303244675532442,0.24678000327457283,0.11303244675532442,-0.028555898791168897,-0.022162289302383377,0.6464980838689729,0.6464980838689728,0.43149772781270335,0.4800270402531104,0.1506938176895307,0.06616378934898871,0.6363530232944031,0.3191288355507998,0.5546229759853853,0.5555259430288788,0.46309623917581283,1,0,0,1,1,0.55,안정 정체 구간,우선 점검 구간,신중 투자 구간,0.5093110911023458,높음,0,1
11440,마포구,2025-02,142970.4802259887,142750.0,1934.073672168382,1902.8530513246756,354,63425.87671232877,63000.0,860.247000079465,825.0825082508251,657,1137,480,0.4221635883905013,0.4447850216145081,0.5552149783854918,0.0394063942702418,0.0079243431448929,0.0314820511253488,1.1197604790419162,-0.0265410958904109,79544.60351365992,79544.60351365992,매매가>전세가,0.5563708213606502,0.0,0.5563708213606502,-0.14889805544511514,-0.2607390236280277,0.14889805544511514,0.031195270580811597,0.01269931259193078,0.6703242298433343,0.6703242298433343,0.47984405511609474,0.5570126897390062,0.553816554616399,0.026731127603230067,0.33819633866703075,0.42045149622490546,0.6002787532687333,0.5665554101391258,0.5671024622311376,0,1,0,1,1,0.5,안정 정체 구간,우선 점검 구간,우선 점검 구간,0.5668289361851317,높음,1,1
11440,마포구,2025-03,144281.74603174604,144750.0,1950.9297221433856,1947.6158495634656,567,66017.23387096774,65000.0,894.1605236727031,882.9242481588292,620,1099,479,0.4358507734303912,0.4583253376704596,0.5416746623295404,0.0087153091516443,0.0394230071015713,-0.030707697949927,0.6016949152542372,-0.0334212840809147,78264.5121607783,78264.5121607783,매매가>전세가,0.5424422306586025,0.0,0.5424422306586025,0.013687185039889915,0.03242151956323913,0.013687185039889915,-0.0306910851185975,-0.006700640395390723,0.6471023506898227,0.6471023506898228,0.43227911277664105,0.47993622796621044,0.29758918191274547,0.033660577284358,0.36560385383689276,0.03847205569699809,0.5537703476267014,0.5007910674097282,0.4574144737466199,1,0,0,1,0,0.45,안정 정체 구간,신중 매수 구간,신중 투자 구간,0.4791027705781741,주의,0,0
11440,마포구,2025-04,141626.3323782235,140500.0,1896.865839754188,1865.9608207843,349,66365.7298657718,65000.0,890.4813983187073,862.4359587668968,596,1088,492,0.4522058823529412,0.469448803207982,0.530551196792018,-0.0277118554172215,-0.0041146139385398,-0.0235972414786816,-0.3844797178130511,-0.0100090991810737,75260.6025124517,75260.6025124517,매매가>전세가,0.531402608883938,0.0,0.531402608883938,0.016355108922549988,0.037524560972614696,0.016355108922549988,-0.0364271645688658,-0.012932691683865892,0.6280254124992212,0.6280254124992213,0.37582441345230927,0.4887487547016006,0.19015783877396392,0.010080763375687592,0.39835367745607714,0.04600911295441631,0.6180545135458475,0.48813496051374644,0.4258481151170457,0,1,1,1,0,0.65,신중 정체 구간,신중 매수 구간,신중 투자 구간,0.45699153781539603,주의,0,0
11440,마포구,2025-05,150753.62473347547,147000.0,1957.447355560816,1929.165017807677,469,65091.80917431193,63000.0,876.7553049156052,843.6558419819216,545,1009,464,0.4598612487611496,0.447907476246998,0.552092523753002,0.0319376913943891,-0.0154142393417964,0.0473519307361856,0.3438395415472779,-0.072610294117647,85661.81555916354,85661.81555916354,매매가>전세가,0.5682239197273642,0.0,0.5682239197273642,0.007655366408208408,0.016928940349859145,0.007655366408208408,0.0596495468116106,0.011122622344769226,0.6649691654682947,0.6649691654682948,0.4682690840693663,0.5766814323750787,0.17005782379775117,0.07313017689175902,0.41368294862121013,0.02143177854035854,0.6347386358495888,0.532738632916971,0.46938116262649066,0,0,0,1,0,0.2,활발 관찰 구간,우선 점검 구간,신중 투자 구간,0.5010598977717309,높음,0,1
11440,마포구,2025-06,155099.72602739726,149950.0,2002.2181349344016,1950.650216738913,730,68798.72592592593,65050.0,917.7321202529124,902.039271583807,540,966,426,0.4409937888198758,0.4583577105013984,0.5416422894986015,0.0228720222009539,0.0467368889672719,-0.0238648667663179,0.556503198294243,-0.0426164519326065,86301.00010147133,86301.00010147133,매매가>전세가,0.5564226469763517,0.0,0.5564226469763517,-0.018867459941273812,-0.04102859284643379,0.018867459941273812,-0.0090656691934352,-0.011017396487376135,0.6470468307178507,0.6470468307178506,0.45421913989867246,0.4884170664320924,0.2752380439217014,0.04292158166004759,0.3759023390181281,0.053106666824646834,0.5429712551605658,0.5078197468928176,0.4615900052881206,0,0,0,1,0,0.2,활발 관찰 구간,신중 매수 구간,신중 투자 구간,0.4847048760904691,주의,0,1
11440,마포구,2025-07,128133.09352517984,120000.0,1637.8403743712156,1567.4908316573997,139,67292.27606177607,65000.0,884.4307312341233,843.4008763024486,518,951,433,0.455310199789695,0.5399981250148786,0.4600018749851213,-0.1819870443712288,-0.03628661161997,-0.1457004327512587,-0.8095890410958904,-0.0155279503105589,60840.81746340377,60840.81746340377,매매가>전세가,0.47482516646995454,0.0,0.47482516646995454,0.014316410969819227,0.032463974170998444,0.014316410969819227,-0.20485906657218272,-0.12043457278633155,0.5070320901430665,0.5070320901430665,0.1367292352059356,0.3374170305123691,0.4004104643687255,0.01563912895240061,0.40456982979068323,0.040249659583133285,0.6655571098635946,0.3691199338666606,0.33637702030735633,0,0,1,0,0,0.25,완만 정체 구간,거주 안정권,안정 관찰,0.35274847708700846,낮음,0,0
11440,마포구,2025-08,137867.277486911,134500.0,1884.9264287974072,1828.1535648994516,191,65653.70658682635,63000.0,895.96512346898,861.0521349374852,501,903,402,0.4451827242524916,0.4753316149535928,0.5246683850464072,0.1508608886998836,0.0130416004640201,0.1378192882358635,0.3741007194244603,-0.0504731861198738,72213.57090008467,72213.57090008467,매매가>전세가,0.5237905050162506,0.0,0.5237905050162506,-0.01012747553720339,-0.022243023639446746,0.01012747553720339,0.3328479330711124,0.1536128125500831,0.6179362873358992,0.6179362873358993,0.6525758624319105,0.6888044739646118,0.1850245435420616,0.050834569314049505,0.3842903538714667,0.028415646473368632,0.5927230207621117,0.5514457941619115,0.5151490140255153,0,0,0,0,0,0.0,활발 관찰 구간,우선 점검 구간,우선 점검 구간,0.5332974040937134,높음,0,1
11440,마포구,2025-09,153781.55963302753,141000.0,2065.324323268592,1933.9779926642216,545,66278.59636363636,65000.0,882.7882949536088,889.4307413792271,550,967,417,0.4312306101344364,0.427433253464281,0.5725667465357189,0.0957055361499064,-0.0147068542850791,0.1104123904349855,1.8534031413612568,0.070874861572536,87502.96326939117,87502.96326939117,매매가>전세가,0.5690081663770449,0.0,0.5690081663770449,-0.013952114118055192,-0.031340196638317996,0.013952114118055192,-0.055155352549977193,0.005624725767233094,0.7000828160845481,0.7000828160845481,0.5670962792365218,0.6548370317081176,0.916665091575784,0.07138231881529879,0.3563523389890933,0.03922049745137671,0.6336941677029979,0.572888688328017,0.630837461300025,0,0,0,1,0,0.2,활발 관찰 구간,우선 점검 구간,우선 점검 구간,0.601863074814021,높음,1,1
11440,마포구,2025-10,156223.2101616628,145000.0,2072.370778621027,1998.800719568259,433,68137.474,66500.0,895.9688760690601,888.2987791385522,500,974,474,0.486652977412731,0.4323400451849863,0.5676599548150136,0.0034117912005624,0.0149306251462519,-0.0115188339456895,-0.2055045871559633,0.0072388831437435,88085.7361616628,88085.7361616628,매매가>전세가,0.5638453855256845,0.0,0.5638453855256845,0.05542236727829458,0.12852141284918672,0.05542236727829458,-0.092293744949344,-0.00661412844857514,0.6916675823559686,0.6916675823559686,0.4240597381743853,0.5037184391003278,0.10163945285331036,0.007290712855989873,0.46733128517142236,0.1563766406906318,0.5899338381380526,0.5473713103553967,0.45852287127659136,1,0,1,1,0,0.7,신중 정체 구간,우선 점검 구간,신중 투자 구간,0.502947090815994,높음,0,1
11440,마포구,2025-11,118310.10638297872,117500.0,1583.2084289682446,1450.6427644769428,94,70136.32849364792,70000.0,946.548414744139,933.6445481827276,551,1010,459,0.4544554455445544,0.5978672153488923,0.4021327846511077,-0.2360399763879489,0.0564523389439481,-0.2924923153318971,-0.7829099307159353,0.0369609856262833,48173.7778893308,48173.7778893308,매매가>전세가,0.4071822717612023,0.0,0.4071822717612023,-0.03219753186817659,-0.06616117307933334,0.03219753186817659,-0.2394517675885113,-0.16743782795271123,0.40778558681868904,0.4077855868186891,0.05295817971152515,0.1554867430531233,0.387215380895607,0.037225622754872435,0.402858251414858,0.09076498084610818,0.528626199474027,0.2845218550501384,0.2515727451584227,0,0,1,0,0,0.25,완만 정체 구간,거주 안정권,안정 관찰,0.2680473001042806,낮음,0,0
11440,마포구,2025-12,138265.95744680852,139000.0,1810.273149676852,1708.3412865050582,141,69222.55008787346,68250.0,934.2195402152364,911.7896522476676,569,1125,556,0.4942222222222222,0.5160655122029522,0.4839344877970478,0.1434206113067391,-0.0130250860250348,0.1564456973317739,0.5,0.1138613861386139,69043.40735893506,69043.40735893506,매매가>전세가,0.49935218063706205,0.0,0.49935218063706205,0.03976677667766776,0.08750423626240611,0.03976677667766776,0.37946058769468805,0.11817384196789302,0.5480769402226231,0.5480769402226229,0.6410449451043895,0.7118895921712738,0.24729241877256317,0.11467662279354429,0.48248810458578145,0.11214858623880351,0.6312110033204827,0.5364423197851195,0.5107225579728155,0,0,0,0,0,0.0,활발 관찰 구간,우선 점검 구간,우선 점검 구간,0.5235824388789675,높음,0,1
11440,마포구,2026-01,140012.65060240965,134750.0,1916.7012401024729,1759.5381526104418,166,69733.91783216783,69500.0,941.4981877023828,917.8335739914088,572,1172,600,0.5119453924914675,0.49120758520094,0.5087924147990599,0.0587911776985803,0.0077911531217487,0.0510000245768316,0.177304964539007,0.0417777777777776,70278.73277024181,70278.73277024181,매매가>전세가,0.5019455918294878,0.0,0.5019455918294878,0.01772317026924536,0.03586073121025368,0.01772317026924536,-0.0846294336081588,0.016871110225936445,0.5907087203422471,0.590708720342247,0.509886528442429,0.5812027911139889,0.08769234708246916,0.04207690267833448,0.5179773638159829,0.049873974605350244,0.6004754109946729,0.5158028919467195,0.4431071655539754,0,1,0,0,0,0.2,활발 관찰 구간,신중 매수 구간,신중 투자 구간,0.4794550287503474,주의,0,0
11440,마포구,2026-02,143771.78431372548,141000.0,1850.9476050621488,1647.6403436507003,153,67987.74709976798,66000.0,925.6277892260872,898.0006777363606,431,870,439,0.5045977011494253,0.5000831934381027,0.4999168065618973,-0.0343056255532076,-0.0168565364050518,-0.0174490891481557,-0.0783132530120481,-0.2576791808873719,75784.0372139575,75784.0372139575,매매가>전세가,0.5271134219812463,0.0,0.5271134219812463,-0.007347691342042273,-0.014352490421455921,0.007347691342042273,-0.0930968032517879,-0.0343887077873875,0.575486896786163,0.5754868967861632,0.3656054102757893,0.4963686251002336,0.03873254751859418,0.259524139223081,0.503264187853681,0.02056257660943165,0.6368682162332663,0.4694222301457962,0.3816813607390939,0,0,1,0,0,0.25,완만 정체 구간,신중 매수 구간,선별 검토 가능,0.42555179544244504,보통,0,0
11440,마포구,2026-03,132590.9090909091,125000.0,1843.5313984531415,1575.506661260208,154,70586.44938271605,67000.0,924.4452402203092,913.0658436213992,405,1027,622,0.6056475170399221,0.5014534826995553,0.4985465173004447,-0.0040067080174093,-0.0012775642861444,-0.0027291437312648,0.0065359477124182,0.1804597701149426,62004.45970819304,62004.45970819304,매매가>전세가,0.4676373375317953,0.0,0.4676373375317953,0.10104981589049689,0.20025817727729445,0.10104981589049689,0.030298917535798296,0.014638417558222035,0.573136826706313,0.5731368267063129,0.41256257259081036,0.5146121672770855,0.0032325806375497956,0.18175184484130255,0.7056085233659911,0.285277129544606,0.6138655531429028,0.5247331896244005,0.41504543737088184,1,1,0,0,1,0.55,안정 정체 구간,우선 점검 구간,조건부 관찰,0.4698893134976412,주의,0,0
11440,마포구,2026-04,141488.93805309734,132000.0,1895.1421911520645,1647.5492117065432,113,70400.6696969697,67297.5,940.3764972786312,882.9211295928483,330,704,374,0.53125,0.4962036630649717,0.5037963369350282,0.0279956136045353,0.0172333161178108,0.0107622974867245,-0.2662337662337662,-0.314508276533593,71088.26835612765,71088.26835612765,매매가>전세가,0.5024298671988757,0.0,0.5024298671988757,-0.07439751703992215,-0.12283963022508049,0.07439751703992215,0.0320023216219446,0.007575689689189393,0.5821403593142869,0.5821403593142869,0.4621596649319368,0.531333131242378,0.1316751840217544,0.316760125768917,0.556633327156608,0.20998266414242409,0.5865338689863195,0.5167556982131939,0.44319722901236897,0,0,1,0,1,0.35,완만 정체 구간,신중 매수 구간,신중 투자 구간,0.47997646361278146,주의,0,0
11410,서대문구,2023-06,88764.39393939394,85000.0,1165.2044638684351,1164.6059883994235,132,47826.94150417827,45000.0,653.5966142340305,648.7379098844067,359,604,245,0.4056291390728477,0.560928690630067,0.439071309369933,0.0254144383442751,0.0416424784046436,-0.0162280400603684,0.0819672131147541,0.1593090211132437,40937.452435215666,40937.452435215666,매매가>전세가,0.46119227111680294,0.0,0.46119227111680294,0.017913208170736383,0.04620188840076067,0.017913208170736383,,0.0066020433640697936,0.4711358035776645,0.4711358035776646,0.4581593680396022,0.49788196362847925,0.04053974078238741,0.16044965849591605,0.30508739996428125,0.05041084394930969,0.5504932539754881,0.41452392593040355,0.367227843098088,0,0,0,0,0,0.0,활발 관찰 구간,매수 검토 가능,선별 검토 가능,0.39087588451424576,안정,0,0
11410,서대문구,2023-07,86149.55625,84000.0,1216.2632961131444,1233.7051962337482,160,48525.9125,48000.0,656.2284509871834,631.1571213892136,400,634,234,0.3690851735015772,0.5395447294054797,0.4604552705945203,0.0438196332300306,0.0040266988779267,0.0397929343521039,0.2121212121212121,0.0496688741721853,37623.643749999996,37623.643749999996,매매가>전세가,0.4367247538782302,0.0,0.4367247538782302,-0.03654396557127049,-0.09009206206141784,0.03654396557127049,0.018405194885755503,0.04450429155973532,0.5078096715530342,0.5078096715530344,0.4866836782783721,0.5673129961858098,0.10491193523684497,0.050024498569599514,0.23191097341327682,0.10304393674087985,0.6060337027759795,0.44549982796156,0.4145739038960131,0,1,0,0,0,0.2,활발 관찰 구간,관찰 필요,조건부 관찰,0.43003686592878654,보통,0,0
11410,서대문구,2023-08,90357.53012048193,87950.0,1242.0296630420585,1203.1104561747743,166,49200.3175074184,47000.0,663.9592574718769,658.9785831960461,337,511,174,0.3405088062622309,0.5345760066999249,0.4654239933000751,0.0211848594060648,0.0117806633849291,0.0094041960211357,0.0375,-0.194006309148265,41157.21261306353,41157.21261306353,매매가>전세가,0.4554928909431773,0.0,0.4554928909431773,-0.028576367239346312,-0.07742485824677592,0.028576367239346312,-0.022634773823965802,-0.007143084035691544,0.516331118005164,0.5163311180051641,0.45160438057211005,0.52964993333191,0.018546931407942238,0.19539537580087785,0.17468903798028942,0.08053495692248006,0.5945848195115474,0.43087610557846195,0.38780228948605083,0,0,0,0,0,0.0,활발 관찰 구간,관찰 필요,조건부 관찰,0.4093391975322564,보통,0,0
11410,서대문구,2023-09,89096.91780821918,83000.0,1189.1014097569184,1171.7748632092212,146,49423.68370607029,48000.0,664.0997868079478,667.3340006673341,313,540,227,0.4203703703703704,0.5584887725797131,0.4415112274202869,-0.0426143230391976,0.0002116535532707,-0.0428259765924684,-0.1204819277108434,0.0567514677103717,39673.23410214889,39673.23410214889,매매가>전세가,0.44528177941626884,0.0,0.44528177941626884,0.0798615641081395,0.23453597275436366,0.0798615641081395,-0.06379918244526239,-0.027618018886581563,0.4753203057617835,0.4753203057617836,0.35272861835690067,0.46491712828447107,0.05958853464399114,0.05715780280137674,0.33460556014344306,0.22541894996678602,0.6116666932972876,0.41630946588812046,0.3613714315381758,0,1,1,0,1,0.55,안정 정체 구간,매수 검토 가능,선별 검토 가능,0.38884044871314816,안정,0,0
11410,서대문구,2023-10,84815.78947368421,78000.0,1123.1856892051724,1121.2852269269315,76,51814.54390934844,50000.0,682.9260973706264,700.5022468939995,353,584,231,0.3955479452054795,0.608025995998847,0.391974004001153,-0.0554332204224876,0.0283486170853461,-0.0837818375078338,-0.4794520547945206,0.0814814814814814,33001.245564335775,33001.245564335775,매매가>전세가,0.3890931838177969,0.0,0.3890931838177969,-0.024822425164890916,-0.05904894092088586,0.024822425164890916,-0.01281889738329,-0.025228054908504847,0.39036310010379516,0.3903631001037952,0.33286193353505666,0.41415743082381523,0.23712971663122498,0.08206488111022708,0.28490059946111246,0.06992982814047327,0.5701219053886765,0.3427174974658869,0.32859339821683375,0,0,1,0,0,0.25,완만 정체 구간,거주 안정권,안정 관찰,0.33565544784136037,낮음,0,0
11410,서대문구,2023-11,83335.17857142857,78000.0,1154.6747309702453,1072.5941957687778,56,52494.927680798006,53000.0,693.7045915536182,706.1232655847289,401,643,242,0.3763608087091757,0.6007792263460334,0.3992207736539666,0.0280354727341267,0.0157828119682212,0.0122526607659054,-0.2631578947368421,0.1010273972602739,30840.25089063056,30840.25089063056,매매가>전세가,0.37007481617378,0.0,0.37007481617378,-0.01918713649630377,-0.048507739020958396,0.01918713649630377,0.0834686931566143,0.04360970143123221,0.40279143696355446,0.40279143696355446,0.46222143847931674,0.5331802512263536,0.1301539046171385,0.10175074378003719,0.24647986261448848,0.05400977373664489,0.5886755672966779,0.3807549355727411,0.3649814039446134,0,0,1,0,0,0.25,완만 정체 구간,거주 안정권,선별 검토 가능,0.37286816975867726,안정,0,0
11410,서대문구,2023-12,79864.86486486487,80250.0,1107.4239927301471,1118.8625739818249,74,52846.788321167885,51700.0,713.9923516106215,704.816244336298,411,737,326,0.4423337856173677,0.6447326013322201,0.3552673986677799,-0.0409212542482801,0.0292455323260394,-0.0701667865743196,0.3214285714285714,0.146189735614308,27018.07654369698,27018.07654369698,매매가>전세가,0.3382974051156644,0.0,0.3382974051156644,0.06597297690819198,0.1752918353387085,0.06597297690819198,-0.0689567269824068,-0.045113284851233455,0.3274106291522346,0.3274106291522347,0.35535253077659945,0.4310315936627978,0.15897369778236203,0.14723644016524576,0.37858557756921013,0.18618279423123366,0.5687975921448496,0.3381397704220713,0.31433487918163927,0,0,0,0,1,0.1,활발 관찰 구간,거주 안정권,안정 관찰,0.3262373248018553,낮음,0,0
11410,서대문구,2024-01,80873.95833333333,78350.0,1135.1341255274465,1146.9333684091848,96,53101.29314420804,52000.0,735.2102635357923,744.2322004465393,423,730,307,0.4205479452054794,0.647685808224797,0.3523141917752029,0.0250221531944461,0.0297172818130437,-0.0046951286185976,0.2972972972972973,-0.0094979647218452,27772.66518912529,27772.66518912529,매매가>전세가,0.3434067747080756,0.0,0.3434067747080756,-0.021785840411888302,-0.049252037986385555,0.021785840411888302,0.0659434074427262,0.010285444042428616,0.3223458276150064,0.32234582761500635,0.4575514058101751,0.5121755734450218,0.1470387354863889,0.009565969242526668,0.3349611398315127,0.06135128011699507,0.5681010446172086,0.34626320269063354,0.3349573738509495,0,0,0,0,0,0.0,활발 관찰 구간,거주 안정권,안정 관찰,0.34061028827079154,낮음,0,0
11410,서대문구,2024-02,86509.30232558139,84000.0,1200.1105078968017,1178.9073129329931,86,52362.80352644836,53000.0,710.7495497251582,706.9635913750442,397,799,402,0.5031289111389237,0.5922367524060344,0.4077632475939656,0.0572411496651672,-0.0332703649878294,0.0905115146529966,-0.1041666666666666,0.0945205479452053,34146.49879913303,34146.49879913303,매매가>전세가,0.39471476339759676,0.0,0.39471476339759676,0.08258096593344427,0.19636516329450915,0.08258096593344427,0.0322189964707211,0.058546073564733084,0.4174419293661663,0.4174419293661662,0.5074843001162251,0.6301723705016705,0.05151925391095063,0.09519730604505162,0.5003230509890267,0.2331014357365126,0.6611035615455789,0.4527119139483214,0.4046740410620312,0,0,1,0,1,0.35,완만 정체 구간,관찰 필요,조건부 관찰,0.4286929775051763,보통,0,0
11410,서대문구,2024-03,89530.27586206897,89000.0,1270.6633626767823,1224.249558563861,145,51790.02865329513,50000.0,693.7020821091388,682.4385805277525,349,586,237,0.4044368600682594,0.5459369511117284,0.4540630488882716,0.0587886318099362,-0.0239851965050298,0.082773828314966,0.6860465116279071,-0.2665832290362954,37740.24720877384,37740.24720877384,매매가>전세가,0.421536143448466,0.0,0.421536143448466,-0.09869205107066426,-0.19615658906831035,0.09869205107066426,0.0015474821447690051,0.027342130715925853,0.49684689938644844,0.4968468993864484,0.5098825828326179,0.6205824703314479,0.33930820250188903,0.2684919395067223,0.3026999547146023,0.2786162916690941,0.6473938250676579,0.4761248323062037,0.4787472849602629,0,0,0,0,1,0.1,활발 관찰 구간,신중 매수 구간,우선 점검 구간,0.47743605863323335,주의,0,0
11410,서대문구,2024-04,90039.83957219252,86500.0,1212.677526169469,1201.4016352411147,187,50900.83276450512,50100.0,682.8051922273237,674.9740394600208,293,514,221,0.4299610894941634,0.5630558639806962,0.4369441360193038,-0.0456343026882903,-0.0157083136447913,-0.029925989043499,0.289655172413793,-0.1228668941979522,39139.0068076874,39139.0068076874,매매가>전세가,0.43468543473254817,0.0,0.43468543473254817,0.025524229425903988,0.06311054195603272,0.025524229425903988,-0.10442293449822651,-0.06579778891665086,0.467487664030348,0.4674876640303481,0.34804826387219157,0.4809050589639175,0.14325905639238137,0.1237466094308731,0.3538102234185555,0.0719124704988758,0.6351728424239182,0.4006590998323335,0.35809145248658847,0,0,0,0,0,0.0,활발 관찰 구간,매수 검토 가능,선별 검토 가능,0.379375276159461,안정,0,0
11410,서대문구,2024-05,91405.30303030302,89250.0,1255.7285758006776,1205.4077254436124,198,51054.29473684211,50000.0,681.0143189443455,666.6666666666666,285,508,223,0.4389763779527559,0.5423260504445534,0.4576739495554466,0.0355008225205555,-0.0026228173179766,0.0381236398385321,0.0588235294117647,-0.0116731517509727,40351.008293460916,40351.008293460916,매매가>전세가,0.44145150178084963,0.0,0.44145150178084963,0.009015288458592507,0.020967684469305636,0.009015288458592507,0.0811351252088458,0.02193026687577635,0.5030396572646233,0.5030396572646234,0.4737912129191319,0.5652441131837717,0.029093225737948605,0.011756730403127635,0.37186263189184254,0.025273646153594526,0.6158518460784277,0.4470887553522909,0.39076229373925064,0,1,0,0,0,0.2,활발 관찰 구간,관찰 필요,조건부 관찰,0.4189255245457708,보통,0,0
11410,서대문구,2024-06,96630.06079027356,94200.0,1312.2286219519556,1288.6901259267977,329,53288.90378006873,52700.0,744.380041070947,744.1091360066143,291,498,207,0.4156626506024096,0.5672639878588175,0.4327360121411825,0.0449938364389392,0.0930460936927521,-0.0480522572538129,0.6616161616161615,-0.0196850393700787,43341.157010204835,43341.157010204835,매매가>전세가,0.44852664539115555,0.0,0.44852664539115555,-0.023313727350346314,-0.05310929817926424,0.023313727350346314,0.009493013918383697,0.006474631847995405,0.4602706578868476,0.4602706578868477,0.48850345453296584,0.4584398032011935,0.3272253218101593,0.019825982372728427,0.3251787203235817,0.06566765938585846,0.4745947906446515,0.41126145557449173,0.40613394601733827,0,0,0,0,0,0.0,활발 관찰 구간,매수 검토 가능,조건부 관찰,0.408697700795915,보통,0,0
11410,서대문구,2024-07,99979.01275510204,98250.0,1327.4277515061422,1347.353074594025,392,50612.29367088607,50500.0,699.377807534741,718.49234393404,395,683,288,0.4216691068814056,0.5268669475541735,0.4731330524458265,0.011582684068861,-0.060455991634946,0.0720386757038071,0.1914893617021276,0.3714859437751003,49366.71908421597,49366.71908421597,매매가>전세가,0.49377081973333176,0.0,0.49377081973333176,0.006006456278995986,0.014450315105990263,0.006006456278995986,-0.033411152370078204,0.007100459761559708,0.5295522894409095,0.5295522894409096,0.4367229609519655,0.6072775833981113,0.09470773484906672,0.3741457476684781,0.33720617820509063,0.01677350094219126,0.7012436815670458,0.45677419428769445,0.4100269204959128,0,0,0,0,0,0.0,활발 관찰 구간,관찰 필요,조건부 관찰,0.4334005573918036,보통,0,0
11410,서대문구,2024-08,97604.69827586209,95900.0,1302.0152266660498,1265.038924274593,232,56698.93251533742,58000.0,781.6695819006034,800.616163732708,326,527,201,0.381404174573055,0.600353640949463,0.399646359050537,-0.0191441868013219,0.1176642631197224,-0.1368084499210443,-0.4081632653061224,-0.2284040995607613,40905.765760524664,40905.765760524664,매매가>전세가,0.41909627797743804,0.0,0.41909627797743804,-0.0402649323083506,-0.09548940543959539,0.0402649323083506,-0.0307268708701829,-0.008918530085502809,0.4035213233715097,0.40352132337150975,0.3891025579729105,0.3484375376681031,0.20187136226331684,0.230039451108929,0.2565788074317456,0.11355590806532365,0.4382455724223008,0.3494051475816138,0.33037677745426103,0,0,1,0,0,0.25,완만 정체 구간,거주 안정권,안정 관찰,0.3398909625179374,낮음,0,0
11410,서대문구,2024-09,84342.52336448598,80000.0,1188.5764157627352,1166.3607542132488,107,55256.91459074733,55000.0,758.9359804375271,769.8731884967556,281,514,233,0.4533073929961089,0.6385251889341094,0.3614748110658906,-0.0871255639565651,-0.0290833902066398,-0.0580421737499252,-0.5387931034482758,-0.0246679316888045,29085.608773738655,29085.608773738655,매매가>전세가,0.3448510622339964,0.0,0.3448510622339964,0.07190321842305392,0.18852236870124095,0.07190321842305392,-0.06798137715524319,-0.0759713936148804,0.33805645011898955,0.33805645011898955,0.2837452442106017,0.4460585437753995,0.26647889953939996,0.024844551724762524,0.4005593661769061,0.2029361094732217,0.6549214097627495,0.3388483408224078,0.3245459610170788,0,0,1,0,1,0.35,완만 정체 구간,거주 안정권,안정 관찰,0.3316971509197433,낮음,0,0
11410,서대문구,2024-10,90468.0,83875.0,1277.6967717658124,1218.495257000602,150,54696.06734006734,53500.0,763.2098315576695,777.0190722863198,297,594,297,0.5,0.5973325192822491,0.4026674807177509,0.0749807541367768,0.005631372382264,0.0693493817545127,0.4018691588785046,0.1556420233463034,35771.93265993266,35771.93265993266,매매가>전세가,0.3954097875484443,0.0,0.3954097875484443,0.04669260700389111,0.10300429184549365,0.04669260700389111,0.1621063180933419,0.0784804044577022,0.40870259993656155,0.40870259993656155,0.5349770805296986,0.6039445379145589,0.19875839265832176,0.15675640537503585,0.49405765169360744,0.13171450416591549,0.60366437033809,0.4377667583208717,0.41381544298198786,0,1,0,0,0,0.2,활발 관찰 구간,관찰 필요,조건부 관찰,0.4257911006514298,보통,0,0
11410,서대문구,2024-11,92456.07638888888,88500.0,1278.2256008674754,1213.7540850824669,144,56031.37869822485,54800.0,746.6028263966641,752.3600751970148,338,585,247,0.4222222222222222,0.5840931568652495,0.4159068431347504,0.0004138924926075,-0.0217594224737794,0.022173314966387,-0.04,-0.0151515151515151,36424.69769066403,36424.69769066403,매매가>전세가,0.3939675910261908,0.0,0.3939675910261908,-0.07777777777777778,-0.15555555555555556,0.07777777777777778,-0.0745668616441693,-0.026574135361458348,0.4314083383289806,0.43140833832898057,0.41941360465931476,0.5454756686482666,0.019783393501805052,0.015259998553554586,0.3383137483190282,0.2195321190169831,0.6441074253125676,0.41622214689422865,0.36889149400362853,1,0,1,0,1,0.6,안정 정체 구간,매수 검토 가능,선별 검토 가능,0.3925568204489286,안정,0,0
11410,서대문구,2024-12,64535.73853211009,49450.0,1369.4085511294056,1465.221124946329,218,54186.42385786802,53000.0,748.0530489286891,750.8760220256967,394,711,317,0.4458509142053445,0.5462599516497396,0.4537400483502604,0.0713355687760035,0.0019424283980067,0.0693931403779968,0.5138888888888888,0.2153846153846152,10349.314674242065,10349.314674242065,매매가>전세가,0.1603656347574408,0.0,0.1603656347574408,0.023628691983122285,0.05596269153897393,0.023628691983122285,0.070921676283396,0.08536273943662212,0.49629294780738464,0.49629294780738475,0.5293277842981771,0.6039987712877491,0.25416165262735657,0.2169267486689919,0.38562835187586225,0.06655745481320298,0.6091111697149314,0.46336403791048786,0.4451478362251937,0,1,0,0,0,0.2,활발 관찰 구간,관찰 필요,신중 투자 구간,0.4542559370678408,주의,0,0
11410,서대문구,2025-01,94346.21212121211,90000.0,1355.9267052399891,1325.6412633732411,132,51835.82113821138,51450.0,720.4155190459369,719.2078677995585,369,625,256,0.4096,0.5313085996919197,0.4686914003080803,-0.0098450136581208,-0.0369459491172889,0.0271009354591681,-0.3944954128440366,-0.1209563994374121,42510.39098300073,42510.39098300073,매매가>전세가,0.45057867218225084,0.0,0.45057867218225084,-0.03625091420534449,-0.08130725552050455,0.03625091420534449,-0.0811805824341243,-0.04021842664993437,0.5219347782426134,0.5219347782426136,0.4035143857936523,0.5515828415857705,0.1951114496737654,0.12182243571023366,0.3130387377142394,0.10221604770749909,0.6665306348303197,0.445757451770394,0.413184940082614,1,0,1,0,0,0.5,안정 정체 구간,관찰 필요,조건부 관찰,0.429471195926504,보통,0,0
11410,서대문구,2025-02,95782.10280373832,93000.0,1361.3426363947256,1341.567421969432,214,52860.04827586207,50925.0,728.8151201961692,704.816244336298,435,721,286,0.3966712898751733,0.5353649409867208,0.4646350590132792,0.003994265422907,0.0116593839640712,-0.0076651185411642,0.6212121212121211,0.1535999999999999,42922.05452787625,42922.05452787625,매매가>전세가,0.44812186485219896,0.0,0.44812186485219896,-0.012928710124826714,-0.03156423370319017,0.012928710124826714,0.0138392790810278,-0.02271281625540402,0.5149780818875185,0.5149780818875186,0.4249624548001735,0.5084946402022263,0.30724209605076025,0.1546997613365154,0.2871500091085957,0.0363293150812325,0.5947638909956284,0.429855537613102,0.41665299357684876,1,0,0,0,0,0.25,완만 정체 구간,관찰 필요,조건부 관찰,0.42325426559497537,보통,0,0
11410,서대문구,2025-03,104313.52583586628,102000.0,1395.810348453106,1370.7165109034268,329,54364.86046511628,53000.0,726.9028227696319,716.5211661999671,387,659,272,0.4127465857359635,0.5207747768708086,0.4792252231291913,0.0253189102705708,-0.0026238443379476,0.0279427546085184,0.5373831775700935,-0.0859916782246879,49948.66537075,49948.66537075,매매가>전세가,0.4788321070590835,0.0,0.4788321070590835,0.016075295860790206,0.0405254836210831,0.016075295860790206,0.021324644847663797,0.009902960723535775,0.5400004688487663,0.5400004688487662,0.45801131894651914,0.552626171755924,0.26578157157798843,0.08660737043154723,0.3193395290048045,0.04521862298520691,0.6158533624939011,0.4580516732287508,0.43551676027277575,0,1,0,0,0,0.2,활발 관찰 구간,관찰 필요,신중 투자 구간,0.4467842167507633,주의,0,0
11410,서대문구,2025-04,97576.76579925652,92100.0,1353.6611240943405,1259.803103620891,269,53091.181818181816,51000.0,710.7019006275359,700.4669779853235,341,601,260,0.43261231281198,0.5250220221128291,0.4749779778871709,-0.0301969564887356,-0.0222876038372881,-0.0079093526514475,-0.182370820668693,-0.0880121396054628,44485.583981074706,44485.583981074706,매매가>전세가,0.455903448087164,0.0,0.455903448087164,0.01986572707601647,0.04813056670255467,0.01986572707601647,-0.0555158667593064,-0.015417792755379993,0.5327163688810868,0.5327163688810869,0.3719730120203456,0.508191942388764,0.0901978427133969,0.08864229812292433,0.3591190902958557,0.05592683594628324,0.644887295631525,0.43988752022612376,0.3816060799918402,0,0,1,0,0,0.25,완만 정체 구간,관찰 필요,선별 검토 가능,0.410746800108982,보통,0,0
11410,서대문구,2025-05,101281.13513513512,96500.0,1394.6392184119998,1400.329489291598,370,53715.26829268293,52500.0,728.6156529066377,729.2525014714538,369,590,221,0.3745762711864406,0.5224402435321394,0.4775597564678606,0.0302720478473335,0.0252057188299121,0.0050663290174213,0.3754646840148699,-0.0183028286189683,47565.86684245219,47565.86684245219,매매가>전세가,0.4696419207682366,0.0,0.4696419207682366,-0.05803604162553938,-0.13415254237288143,0.05803604162553938,0.060469004336069096,0.009456978797713622,0.5371441643589885,0.5371441643589884,0.46568767520201493,0.5242736865185877,0.1856991397474266,0.01843387512459337,0.24290646610651348,0.16376043950718117,0.5747624573548296,0.4577329769989541,0.4302236447825986,0,0,0,0,0,0.0,활발 관찰 구간,관찰 필요,신중 투자 구간,0.44397831089077633,보통,0,0
11410,서대문구,2025-06,109391.43327556326,106000.0,1445.132684451425,1414.9841481728683,577,54351.39142857143,55000.0,742.787538196521,738.2004466117805,350,608,258,0.4243421052631579,0.5139926223995721,0.4860073776004279,0.0362053966164233,0.019450426618407,0.0167549699980162,0.5594594594594595,0.0305084745762711,55040.04184699184,55040.04184699184,매매가>전세가,0.5031476432742482,0.0,0.5031476432742482,0.04976583407671731,0.1328590140509649,0.04976583407671731,0.005933348769089804,0.0023159779280932657,0.5516319825357956,0.5516319825357957,0.47488315952559174,0.5387603037362624,0.276700165869841,0.03072691234173366,0.34255864794107976,0.14039656910917914,0.5832602611070535,0.4761580324622018,0.4513445683312933,0,0,0,0,0,0.0,활발 관찰 구간,신중 매수 구간,신중 투자 구간,0.46375130039674756,주의,0,0
11410,서대문구,2025-07,97347.55555555556,96500.0,1369.6489045988835,1388.888888888889,135,54469.06306306306,53000.0,744.241081954851,750.8760220256967,333,582,249,0.4278350515463917,0.5433809200707607,0.4566190799292393,-0.0522331137235296,0.0019568768774165,-0.0541899906009462,-0.7660311958405546,-0.0427631578947368,42878.4924924925,42878.4924924925,매매가>전세가,0.44046809647954693,0.0,0.44046809647954693,0.0034929462832337665,0.008231439303124644,0.0034929462832337665,-0.0884385103399529,0.009319357861367672,0.5012305373828367,0.5012305373828367,0.3378214483266599,0.45083284583705757,0.37886741454929956,0.043069338022861406,0.34955299907801834,0.009672672886982968,0.6090898362468761,0.4048359800124761,0.3909589263878296,0,1,1,0,0,0.45,안정 정체 구간,매수 검토 가능,조건부 관찰,0.39789745320015285,안정,0,0
11410,서대문구,2025-08,99889.9375,95250.0,1378.564303659577,1324.2166303788997,160,55405.32666666667,53775.0,742.4332650729094,741.9201398804498,300,518,218,0.4208494208494208,0.5385554109460287,0.4614445890539713,0.0065092587091173,-0.0024290742956476,0.0089383330047649,0.1851851851851851,-0.1099656357388316,44484.61083333333,44484.61083333333,매매가>전세가,0.4453362565506994,0.0,0.4453362565506994,-0.00698563069697089,-0.016327859701353642,0.00698563069697089,0.058742372432646905,0.00926118255931682,0.509506370035904,0.5095063700359039,0.42886018308773466,0.5290725540450246,0.09158978473057891,0.11075297919280891,0.33556482117728154,0.01953973190599133,0.615565780641329,0.4339535508961932,0.38560621783930427,1,1,0,0,0,0.45,안정 정체 구간,관찰 필요,선별 검토 가능,0.4097798843677487,보통,0,0
11410,서대문구,2025-09,111850.3514986376,108000.0,1494.4071331515445,1518.039963284615,367,56198.08888888889,56000.0,757.9784010040652,750.8760220256967,315,535,220,0.411214953271028,0.507210106395551,0.492789893604449,0.0840315023277824,0.0209380918965547,0.0630934104312277,1.2937500000000002,0.0328185328185328,55652.26260974871,55652.26260974871,매매가>전세가,0.4975600153605828,0.0,0.4975600153605828,-0.009634467578392758,-0.022892909200034173,0.009634467578392758,0.07752224361866511,-0.006049308054890901,0.5632641162578818,0.5632641162578819,0.5490039001801135,0.5961910392798043,0.6398691335740073,0.03305351038047934,0.3162725550510637,0.027022867152313293,0.5810636936491189,0.4877408412682662,0.5248640853335745,0,0,0,0,0,0.0,활발 관찰 구간,신중 매수 구간,우선 점검 구간,0.5063024633009203,높음,0,1
11410,서대문구,2025-10,112084.2270531401,108375.0,1495.969335197114,1518.4509919552488,414,57449.96875,59400.0,757.48006274714,767.56215584849,288,486,198,0.4074074074074074,0.5063473193769256,0.4936526806230744,0.0010453657580413,-0.0006574570677279,0.0017028228257692,0.1280653950953678,-0.0915887850467289,54634.2583031401,54634.2583031401,매매가>전세가,0.48743931005776153,0.0,0.48743931005776153,-0.0038075458636206427,-0.0092592592592593,0.0038075458636206427,-0.0829861365697411,-0.00898055389109624,0.5647438111039212,0.5647438111039211,0.4203922598402313,0.5201050387871162,0.0633392026283949,0.09224455200410404,0.30864824291434645,0.010561437017753991,0.6129499524655111,0.4553674683392728,0.3963168177078766,1,1,0,0,0,0.45,안정 정체 구간,관찰 필요,조건부 관찰,0.4258421430235747,보통,0,0
11410,서대문구,2025-11,96983.8041958042,95000.0,1287.791572601344,1220.309435606886,143,57800.86855670103,57750.0,783.7294376630385,800.6955388121793,388,661,273,0.4130105900151286,0.6085840708523212,0.3914159291476787,-0.1391591108840072,0.0346535522277646,-0.1738126631117719,-0.6545893719806763,0.3600823045267489,39182.93563910317,39182.93563910317,매매가>전세가,0.404015247329289,0.0,0.404015247329289,0.005603182607721191,0.013753266400770237,0.005603182607721191,-0.1402044766420485,-0.07055696244876951,0.3894059919570989,0.3894059919570989,0.20310382505721644,0.3025754162439566,0.3237499781998291,0.3626604594517614,0.3198681768798085,0.015634226778275893,0.560812542885124,0.30410512253953387,0.2875538648530212,0,0,1,0,0,0.25,완만 정체 구간,거주 안정권,안정 관찰,0.29582949369627753,낮음,0,0
11410,서대문구,2025-12,99194.3388429752,95000.0,1342.1560352739737,1294.5441718885727,242,58618.82278481012,59000.0,799.4731777076753,794.585050029429,395,793,398,0.501891551071879,0.5956633630489016,0.4043366369510984,0.0422152651323948,0.0200882336276435,0.0221270315047512,0.6923076923076923,0.199697428139183,40575.51605816507,40575.51605816507,매매가>전세가,0.40905072337239107,0.0,0.40905072337239107,0.08888096105675042,0.2152026199945496,0.08888096105675042,0.181374376016402,0.0169684957935487,0.41156523210695983,0.4115652321069598,0.4841972339001294,0.5454183060521067,0.3424048875312413,0.20112724266046592,0.4978453344454663,0.2508993288002646,0.582318526335455,0.4350994133708884,0.4264216052375958,0,0,0,0,1,0.1,활발 관찰 구간,관찰 필요,신중 투자 구간,0.43076050930424215,보통,0,0
11410,서대문구,2026-01,106189.81132075471,100000.0,1395.8374690241094,1313.1313131313132,265,60221.55072463768,59500.0,800.0220535205503,791.5225067929204,414,712,298,0.4185393258426966,0.5731484297236128,0.4268515702763872,0.0399964179568568,0.0006865468763428,0.0393098710805139,0.0950413223140496,-0.1021437578814628,45968.260596117034,45968.260596117034,매매가>전세가,0.43288767561010416,0.0,0.43288767561010416,-0.0833522252291824,-0.16607616735362218,0.0833522252291824,-0.002218847175537997,-0.0019236495157870515,0.45017873704057754,0.4501787370405777,0.48075847187667226,0.5667142993211306,0.047005996956768215,0.1028750974367,0.33093903700353844,0.23528029305327322,0.6109655038329819,0.4388322172056404,0.39763604105260525,0,1,0,0,1,0.30000000000000004,완만 정체 구간,관찰 필요,조건부 관찰,0.41823412912912283,보통,0,0
11410,서대문구,2026-02,98403.84888888888,90800.0,1344.1463053920052,1250.8338892595063,225,60478.60727272727,61000.0,811.6455025969957,802.4095818528367,275,609,334,0.548440065681445,0.6038371711034004,0.3961628288965996,-0.0370323657153606,0.0145289108285147,-0.0515612765438753,-0.150943396226415,-0.1446629213483146,37925.24161616161,37925.24161616161,매매가>전세가,0.3854040471423459,0.0,0.3854040471423459,0.1299007398387484,0.31036686833955995,0.1299007398387484,-0.07702878367221741,-0.037115447949540505,0.3975470081540453,0.39754700815404537,0.3613795173793244,0.45409081007624735,0.0746543151011511,0.14569869405486577,0.5910550862372405,0.36678285283030143,0.5905269773412654,0.4168778471021126,0.35011195089323305,0,0,1,0,1,0.35,완만 정체 구간,매수 검토 가능,선별 검토 가능,0.38349489899767286,안정,0,0
11410,서대문구,2026-03,101507.15481171547,97000.0,1354.9526627683963,1262.9561884853235,239,59080.25597269624,58800.0,780.8886581493581,817.2114743162108,293,557,264,0.473967684021544,0.5763217266600821,0.4236782733399179,0.0080395693036106,-0.0378944309421119,0.0459340002457225,0.0622222222222221,-0.0853858784893267,42426.89883901923,42426.89883901923,매매가>전세가,0.4179695403512829,0.0,0.4179695403512829,-0.074472381659901,-0.13578946236790335,0.074472381659901,0.0450719350189712,0.026684694879241938,0.44473647722386467,0.4447364772238647,0.43123185339223047,0.5749240838269704,0.030774167669474467,0.08599723322791376,0.4419299794946267,0.2101941615284638,0.6679310871642228,0.43850404329712145,0.3825244957754603,1,0,0,0,1,0.35,완만 정체 구간,관찰 필요,선별 검토 가능,0.4105142695362909,보통,0,0
11410,서대문구,2026-04,98691.43951612904,92250.0,1305.5039813044689,1185.4617010697175,248,57386.01298701299,59500.0,784.5952894745044,793.0214115781126,231,449,218,0.4855233853006681,0.6009903460352004,0.3990096539647996,-0.0364947668082334,0.0047466835207092,-0.0412414503289427,0.0376569037656904,-0.1938958707360861,41305.426529116055,41305.426529116055,매매가>전세가,0.4185309965244306,0.0,0.4185309965244306,0.011555701279124087,0.024380778835121575,0.011555701279124087,-0.044534336111844,-0.05691469072357931,0.40242936299951215,0.40242936299951226,0.36221268638981874,0.46688095158002413,0.018624533631406443,0.19528414666021082,0.46506936551030187,0.032450476426104,0.6049706310892369,0.37533071138887314,0.31270773233111926,0,1,0,0,0,0.2,활발 관찰 구간,거주 안정권,안정 관찰,0.3440192218599962,낮음,0,0
11650,서초구,2023-06,215794.79166666663,199000.0,2514.255829897799,2342.2823666391473,192,89114.03699673558,80000.0,1031.7220187868252,908.5270216584582,919,1795,876,0.4880222841225626,0.4103488620840797,0.5896511379159203,0.0166377092713267,-0.0082640227144482,0.024901731985775,0.2229299363057324,0.3237463126843658,126680.75466993105,126680.75466993105,매매가>전세가,0.5870426885261066,0.0,0.5870426885261066,0.0728305437095833,0.1754142402667762,0.0728305437095833,,-0.0021746857088786042,0.7293828464828749,0.7293828464828749,0.44455722231322536,0.5488572023129314,0.11025776633171602,0.3260643053766166,0.47007321452450174,0.20555586329238051,0.6241811983725429,0.5812664947170493,0.4910611324732331,0,1,0,1,1,0.5,안정 정체 구간,우선 점검 구간,우선 점검 구간,0.5361638135951412,높음,1,1
11650,서초구,2023-07,225250.75,206450.0,2356.8213061737556,2203.3723057345105,200,100071.04550499446,88000.0,1149.6624654260831,1007.8254683424236,901,1582,681,0.4304677623261694,0.4878021351956179,0.5121978648043821,-0.0626167480062849,0.1143141703788981,-0.176930918385183,0.0416666666666667,-0.1186629526462396,125179.70449500554,125179.70449500554,매매가>전세가,0.5557349065208685,0.0,0.5557349065208685,-0.0575545217963932,-0.11793420847548608,0.0575545217963932,-0.0792544572776116,-0.06193208967658018,0.5965491267374994,0.5965491267374994,0.321728926213978,0.2987107265329888,0.02060770156438028,0.11951256805898117,0.35482479604900435,0.1624001148943071,0.44319205117908145,0.44306300237512586,0.3522112916316059,0,0,0,0,0,0.0,활발 관찰 구간,관찰 필요,선별 검토 가능,0.3976371470033659,안정,0,0
11650,서초구,2023-08,240137.1921182266,225000.0,2599.646440801541,2473.789610083638,203,79574.78851963746,68000.0,953.4429550006053,854.6486783468653,993,1672,679,0.4061004784688995,0.3667587022743881,0.6332412977256119,0.1030307787831426,-0.1706757559948308,0.2737065347779734,0.0149999999999999,0.0568900126422249,160562.40359858915,160562.40359858915,매매가>전세가,0.6686278047239744,0.0,0.6686278047239744,-0.024367283857269884,-0.05660652432041258,0.024367283857269884,0.1656475267894275,0.07470283534138625,0.8041407339058937,0.8041407339058938,0.5784489160731144,0.857219820854592,0.007418772563176846,0.057297339701715765,0.3060312201588497,0.0686440245543771,0.863985362219562,0.6548882019634256,0.5765602225925184,0,0,0,1,0,0.2,활발 관찰 구간,우선 점검 구간,우선 점검 구간,0.615724212277972,높음,1,1
11650,서초구,2023-09,239222.95597484277,230000.0,2679.738000999694,2657.714365645545,159,103719.30023923444,90000.0,1173.4191639654864,1006.6691833396252,836,1400,564,0.4028571428571428,0.4378857797022449,0.562114220297755,0.0308086357210402,0.2307177454205862,-0.199909109699546,-0.2167487684729063,-0.1626794258373205,135503.65573560834,135503.65573560834,매매가>전세가,0.5664324946718667,0.0,0.5664324946718667,-0.0032433356117567147,-0.007986534820113689,0.0032433356117567147,-0.0722221430621024,0.045804939873656234,0.6821565505421556,0.6821565505421556,0.46651927731625376,0.2702321153344497,0.10720065444327856,0.16384419499606026,0.29953669482576556,0.008967506620729017,0.2713198507052045,0.48244140431333277,0.4030819200484599,0,0,1,1,0,0.45,안정 정체 구간,신중 매수 구간,조건부 관찰,0.4427616621808963,보통,0,0
11650,서초구,2023-10,209998.94505494504,195000.0,2252.688341700502,2058.1113801452784,91,94667.2693565976,80000.0,1112.3229943217073,982.4810606060604,917,1631,714,0.4377682403433476,0.4937758027735166,0.5062241972264834,-0.1593624672038379,-0.0520667903848689,-0.107295676818969,-0.4276729559748428,0.165,115331.67569834745,115331.67569834745,매매가>전세가,0.5492012146450144,0.0,0.5492012146450144,0.0349110974862048,0.08665875262533107,0.0349110974862048,-0.1901711029248781,-0.12915730168985515,0.5863041822307393,0.5863041822307394,0.17179273016751903,0.3850149505317232,0.2115205594532616,0.16618138424821002,0.3694434310290912,0.09843097895338851,0.6888568585802727,0.4234606842185039,0.35813918173393533,0,0,1,0,0,0.25,완만 정체 구간,매수 검토 가능,선별 검토 가능,0.3907999329762196,안정,0,0
11650,서초구,2023-11,225924.67532467537,197000.0,2243.984032254355,2173.0217302173023,77,96113.57106598985,80000.0,1096.2096170902687,954.37678451157,788,1306,518,0.3966309341500765,0.48851043560635,0.51148956439365,-0.0038639652387849,-0.0144862394409678,0.0106222742021828,-0.1538461538461538,-0.1992642550582465,129811.10425868552,129811.10425868552,매매가>전세가,0.5745769207021524,0.0,0.5745769207021524,-0.041137306193271106,-0.09397051316698202,0.041137306193271106,0.155498501965053,0.01171026345832061,0.595334379129361,0.5953343791293612,0.41278379487762124,0.5311595897906315,0.07608997500694249,0.20069096810162293,0.2870691999323803,0.11602042062629163,0.6333684254850203,0.4795676593207856,0.42017124794259747,1,0,1,0,0,0.5,안정 정체 구간,신중 매수 구간,조건부 관찰,0.4498694536316915,주의,0,0
11650,서초구,2023-12,221172.602739726,210000.0,2368.060042284286,2203.6295074239924,73,99764.99053254438,85000.0,1119.4162832039092,993.8476100331284,845,1504,659,0.4381648936170212,0.4727144849435887,0.5272855150564113,0.0552927330348609,0.0211699165486609,0.0341228164861999,-0.0519480519480519,0.1516079632465543,121407.6122071816,121407.6122071816,매매가>전세가,0.5489269950403985,0.0,0.5489269950403985,0.041533959466944714,0.10471689394561734,0.041533959466944714,0.0591566982736458,0.05110070243190755,0.6224247111341481,0.6224247111341481,0.5044646504584946,0.560285590070863,0.025692718833513033,0.1526934617900857,0.37023769811788276,0.11714099173945232,0.5807213999260326,0.5196627606322112,0.44636670400179557,0,0,1,1,0,0.45,안정 정체 구간,신중 매수 구간,신중 투자 구간,0.48301473231700337,주의,0,1
11650,서초구,2024-01,214060.0,230000.0,2552.0399362385083,2389.64096527369,105,85942.28416779432,71000.0,1046.558582088361,959.512683578104,739,1300,561,0.4315384615384615,0.4100870708280921,0.5899129291719079,0.0776922420331669,-0.0650854398035201,0.142777681836687,0.4383561643835616,-0.1356382978723403,128117.71583220568,128117.71583220568,매매가>전세가,0.5985131076903937,0.0,0.5985131076903937,-0.00662643207855973,-0.015123146959262312,0.00662643207855973,0.022399508998305992,0.06295553288114941,0.7298318230713732,0.7298318230713732,0.5391793355150647,0.6949497863434373,0.21680431234854852,0.13660945513634273,0.3569687872946645,0.018524972612689792,0.7080791541324514,0.5875846558051974,0.5366401065602323,0,0,0,1,0,0.2,활발 관찰 구간,우선 점검 구간,우선 점검 구간,0.5621123811827149,높음,1,1
11650,서초구,2024-02,221190.99099099095,205000.0,2410.9111661908128,2247.72270199929,111,74241.67085076708,65000.0,865.7476239114949,829.9083148909264,717,1155,438,0.3792207792207792,0.3590956133316837,0.6409043866683162,-0.0553003767863081,-0.1727671639900614,0.1174667872037532,0.0571428571428571,-0.1115384615384615,146949.32014022386,146949.32014022386,매매가>전세가,0.6643549065079647,0.0,0.6643549065079647,-0.0523176823176823,-0.12123527096789122,0.0523176823176823,-0.132992618819475,-0.053995452886742214,0.8172830656383849,0.8172830656383849,0.3330678141636048,0.6635800794123287,0.02826199071686434,0.11233706627501372,0.2522067293846597,0.14760570518288835,0.8670733678422433,0.5981199603123373,0.5043785208144399,0,0,0,1,0,0.2,활발 관찰 구간,우선 점검 구간,우선 점검 구간,0.5512492405633886,높음,1,1
11650,서초구,2024-03,234324.203539823,230000.0,2699.0486236190195,2565.5061180689736,226,95297.9474522293,80000.0,1094.0702991772878,981.3652664831224,628,1048,420,0.4007633587786259,0.4053540531293962,0.5946459468706038,0.1195139254688748,0.263728907778249,-0.1442149823093741,1.036036036036036,-0.0926406926406926,139026.2560875937,139026.2560875937,매매가>전세가,0.5933072810550124,0.0,0.5933072810550124,0.02154257955784672,0.056807487190212225,0.02154257955784672,0.1748143022551829,0.08806742437486445,0.7379490313090817,0.7379490313090818,0.6039944423603074,0.3392580616453411,0.5124077145737794,0.09330399115601976,0.2953440563301857,0.06066405249505415,0.22257821100401842,0.546063202137912,0.5298602241948807,0,0,0,1,0,0.2,활발 관찰 구간,우선 점검 구간,우선 점검 구간,0.5379617131663963,높음,1,1
11650,서초구,2024-04,229817.0132743363,228000.0,2616.89393944793,2580.8615291709552,226,96890.65565217393,81000.0,1150.8661212136224,1000.5002501250624,575,966,391,0.4047619047619047,0.4397832498539905,0.5602167501460096,-0.0304383861232305,0.0519124064322407,-0.0823507925554712,0.0,-0.0782442748091603,132926.35762216238,132926.35762216238,매매가>전세가,0.5784008578315568,0.0,0.5784008578315568,0.003998545983278812,0.009977324263038545,0.003998545983278812,-0.1499523115921053,-0.050601872351591054,0.6789023560034791,0.6789023560034794,0.37159884517028446,0.41593103311689444,0.0,0.07880449634717338,0.30335083123493894,0.011101024690173643,0.5353295003864826,0.4890258453373278,0.39623190272767095,0,0,0,1,0,0.2,활발 관찰 구간,신중 매수 구간,조건부 관찰,0.4426288740324994,보통,0,0
11650,서초구,2024-05,251459.38080495357,240000.0,2807.73471663925,2790.3225806451615,323,96440.28338762216,80000.0,1135.2967676167368,1001.7088286619904,614,1061,447,0.4213006597549482,0.4043461659282552,0.5956538340717448,0.0729264470044135,-0.0135283794612592,0.0864548264656728,0.4292035398230087,0.0983436853002071,155019.09741733142,155019.09741733142,매매가>전세가,0.6164776868577959,0.0,0.6164776868577959,0.01653875499304347,0.040860453512225,0.01653875499304347,0.103364833127644,0.05935589135963435,0.739677575509125,0.739677575509125,0.5317933221216528,0.6251446098716037,0.21227756301715592,0.09904781669853792,0.3364683917151555,0.04652792496303672,0.6319541261183605,0.5816791092213702,0.5267691647757221,0,0,0,1,0,0.2,활발 관찰 구간,우선 점검 구간,우선 점검 구간,0.5542241369985461,높음,1,1
11650,서초구,2024-06,264600.202020202,250000.0,2988.268039690104,2942.56120527307,495,98286.29585798817,82594.0,1144.850955299075,990.0991337007692,676,1170,494,0.4222222222222222,0.3831152159355158,0.6168847840644842,0.0642985685153849,0.0084155860871468,0.055882982428238,0.5325077399380804,0.1027332704995287,166313.90616221383,166313.90616221383,매매가>전세가,0.6285479183024807,0.0,0.6285479183024807,0.0009215624672740397,0.0021874223216504785,0.0009215624672740397,-0.008627878489028601,0.025779363924441107,0.7760890265423481,0.7760890265423482,0.5184218645385585,0.5872546102605259,0.2633702540487979,0.10346883090883319,0.3383137483190282,0.0024083475523473423,0.5995534232655764,0.5879681940781742,0.5325128271121932,0,1,0,1,0,0.4,완만 정체 구간,우선 점검 구간,우선 점검 구간,0.5602405105951838,높음,1,1
11650,서초구,2024-07,258283.72093023255,239500.0,2846.268718121347,2709.476672898548,516,93413.14925373136,78000.0,1094.984936456111,981.6270930401166,670,1102,432,0.3920145190562613,0.384708910119648,0.615291089880352,-0.0475189372849843,-0.0435567779475165,-0.0039621593374677,0.0424242424242424,-0.0581196581196581,164870.5716765012,164870.5716765012,매매가>전세가,0.6383312548026824,0.0,0.6383312548026824,-0.030207703165960942,-0.07154456012990751,0.030207703165960942,-0.1118175058003692,-0.052001161592285586,0.7733558131078431,0.7733558131078431,0.34512746339947153,0.5130839977370907,0.020982387047368982,0.0585357893233788,0.27782519056556176,0.0851435862634036,0.6762916554656433,0.5517065034073023,0.4539785434985033,0,0,0,1,0,0.2,활발 관찰 구간,우선 점검 구간,신중 투자 구간,0.5028425234529028,높음,0,1
11650,서초구,2024-08,266163.4259259259,230000.0,2816.7650087937304,2560.2482835436185,324,92418.99049630412,80000.0,1109.3350867719762,982.2118908082596,947,1335,388,0.2906367041198502,0.3938330259388748,0.6061669740611252,-0.0103657497761103,0.0131053403915391,-0.0234710901676494,-0.3720930232558139,0.2114337568058075,173744.43542962178,173744.43542962178,매매가>전세가,0.6527735162154675,0.0,0.6527735162154675,-0.10137781493641107,-0.25860729643501157,0.10137781493641107,0.037153187508873996,-0.0001400930602912069,0.7577077946966627,0.7577077946966628,0.4027073506780632,0.4889051035669191,0.18403156745865162,0.2129476023199302,0.0748240626740741,0.2862037480308009,0.592628907487697,0.5486985465555663,0.4997453289147063,0,0,1,1,1,0.55,안정 정체 구간,우선 점검 구간,우선 점검 구간,0.5242219377351363,높음,0,1
11650,서초구,2024-09,256503.88888888888,233500.0,2789.936555077403,2518.2982986929073,180,101910.14107142856,85000.0,1227.4432620740015,1108.014142135965,560,964,404,0.4190871369294606,0.4399538261327766,0.5600461738672233,-0.0095245622664903,0.1064675378164639,-0.1159921000829542,-0.4444444444444444,-0.2779026217228464,154593.74781746033,154593.74781746033,매매가>전세가,0.602695532169598,0.0,0.602695532169598,0.12845043280961038,0.44196218505368523,0.12845043280961038,0.0008411875096199992,0.0016296080751944005,0.6786098146982349,0.6786098146982349,0.4040110203019013,0.37423681514392365,0.21981548335338946,0.2798923779642987,0.33203598576451054,0.3626856418152141,0.4547777606758263,0.5255142454239636,0.46240388891807704,1,0,1,1,1,0.7999999999999999,신중 정체 구간,우선 점검 구간,신중 투자 구간,0.49395906717102034,주의,0,1
11650,서초구,2024-10,244731.69014084508,219000.0,2730.1506385220946,2451.9627490274665,213,104849.22397891965,93000.0,1206.0490069984162,1110.0066269052352,759,1194,435,0.364321608040201,0.4417518176401004,0.5582481823598995,-0.0214291312275558,-0.0174299340235375,-0.0039991972040183,0.1833333333333333,0.2385892116182573,139882.46616192543,139882.46616192543,매매가>전세가,0.571574797205143,0.0,0.571574797205143,-0.05476552888925962,-0.13067814319120363,0.05476552888925962,-0.0119045689610655,-0.017929480906630393,0.6755262277768084,0.6755262277768084,0.38556135864865415,0.5130380939065111,0.09067388688327314,0.24029748759643096,0.22237230696982602,0.15452102982436872,0.6377148492546345,0.5102423654510984,0.4452072562478438,0,0,0,1,0,0.2,활발 관찰 구간,신중 매수 구간,신중 투자 구간,0.47772481084947105,주의,0,0
11650,서초구,2024-11,257110.30927835053,218250.0,2639.2907056586764,2246.451358225537,194,110868.8154093098,98000.0,1256.943312617385,1117.9709661271484,623,1151,528,0.4587315377932233,0.4762428443075561,0.5237571556924439,-0.0332801903240779,0.0421992019591583,-0.0754793922832363,-0.0892018779342722,-0.0360134003350083,146241.49386904074,146241.49386904074,매매가>전세가,0.568788915075039,0.0,0.568788915075039,0.09440992975302231,0.25913897959795085,0.09440992975302231,-0.011851059096522096,-0.06026821817814375,0.6163735130364346,0.6163735130364346,0.3671946264067251,0.4244472794160622,0.04411789630684221,0.036271252843373514,0.4114207909605398,0.2665190224163826,0.5496712405421736,0.49472702372932764,0.40732869741497424,0,0,1,0,1,0.35,완만 정체 구간,신중 매수 구간,조건부 관찰,0.45102786057215094,주의,0,0
11650,서초구,2024-12,275705.8011049724,254000.0,3022.907435606296,2801.648028251913,181,107874.12330827067,94500.0,1247.7350113657376,1100.7289271562056,665,1298,633,0.487673343605547,0.4127599134094831,0.5872400865905169,0.1453484184690758,-0.0073259479239938,0.1526743663930697,-0.0670103092783505,0.1277150304083405,167831.6777967017,167831.6777967017,매매가>전세가,0.6087346625427057,0.0,0.6087346625427057,0.028941805812323695,0.0630909441098193,0.028941805812323695,0.1786286087931537,0.15937558912969443,0.7252478512375591,0.7252478512375591,0.6440326542767371,0.707215496371695,0.033142282928281655,0.12862945783369853,0.4693744884909446,0.0815673444903943,0.6227961122324761,0.6204053315141782,0.5372144549511139,0,1,1,1,0,0.65,신중 정체 구간,우선 점검 구간,우선 점검 구간,0.578809893232646,높음,1,1
11650,서초구,2025-01,268303.77358490566,257000.0,2950.798516171183,2825.2715193126005,212,94785.77238239755,80000.0,1118.76404160977,1026.75891963988,659,1116,457,0.4094982078853046,0.3791394212375521,0.6208605787624479,-0.0238541605957743,-0.1033640705607831,0.0795099099650087,0.1712707182320441,-0.1402157164869029,173518.0012025081,173518.0012025081,매매가>전세가,0.6467221794314336,0.0,0.6467221794314336,-0.07817513572024237,-0.1603022530250784,0.07817513572024237,-0.16920257906485012,-0.054227573587587875,0.7829075840733375,0.7829075840733377,0.38180305614403204,0.6165372493477532,0.08470790035303263,0.1412196476312005,0.3128349069835555,0.22065468086498435,0.764598315996867,0.5945537966452906,0.5084573686634786,0,0,0,1,1,0.30000000000000004,완만 정체 구간,우선 점검 구간,우선 점검 구간,0.5515055826543847,높음,1,1
11650,서초구,2025-02,308875.79439252336,287000.0,3282.3709379728193,3287.173031193174,535,94981.04154727794,80000.0,1154.125308462484,1024.2810922735832,698,1406,708,0.5035561877667141,0.351613309486364,0.648386690513636,0.1123670152280911,0.0316074395829109,0.0807595756451802,1.5235849056603774,0.2598566308243728,213894.7528452454,213894.7528452454,매매가>전세가,0.692494383594932,0.0,0.692494383594932,0.09405797988140946,0.22969082176729305,0.09405797988140946,0.1362211758238654,0.08565993354978008,0.830115347762959,0.830115347762959,0.5929181844764786,0.6180860545842871,0.7535419930522443,0.2617171794937597,0.5011786389440199,0.26552474130089504,0.5653101889666539,0.6733786477650859,0.6723249926171151,0,0,0,1,1,0.30000000000000004,완만 정체 구간,우선 점검 구간,우선 점검 구간,0.6728518201911005,높음,1,1
11650,서초구,2025-03,276817.34992679354,250000.0,2977.6838554688875,2662.4068157614483,683,84262.05582290664,70000.0,980.0972006253812,888.5850991114148,1039,1595,556,0.34858934169279,0.3291475012786568,0.6708524987213432,-0.0928253047146784,-0.150787879410548,0.0579625746958696,0.2766355140186916,0.1344238975817924,192555.2941038869,192555.2941038869,매매가>전세가,0.6956041380889226,0.0,0.6956041380889226,-0.15496684607392408,-0.30774489488691703,0.15496684607392408,-0.20519231994276949,-0.10824125426171342,0.8686446022596471,0.8686446022596472,0.27491180481079325,0.5898320063153822,0.13681973076014708,0.1353863598556477,0.1908696767857276,0.4375962216610037,0.8346205157355135,0.6268804626434231,0.541256954796234,0,0,0,1,1,0.30000000000000004,완만 정체 구간,우선 점검 구간,우선 점검 구간,0.5840687087198286,높음,1,1
11650,서초구,2025-04,202766.1290322581,172000.0,2453.5622741771435,2154.9641142096457,62,93984.77088607594,80000.0,1117.0702303138726,987.8849779749688,790,1379,589,0.4271211022480058,0.4552850531126245,0.5447149468873755,-0.1760165305423977,0.1397545361838512,-0.315771066726249,-0.9092240117130308,-0.135423197492163,108781.35814618214,108781.35814618214,매매가>전세가,0.5364868317275816,0.0,0.5364868317275816,0.07853176055521582,0.2252844569884338,0.07853176055521582,-0.08319122582771929,-0.16123736680904208,0.6523164919478697,0.6523164919478699,0.14598231781633766,0.12663562500481945,0.4496884101252174,0.136392814657978,0.3481233715710477,0.22166216905386485,0.40562884360412743,0.42402949145959973,0.372453839170155,0,0,1,1,1,0.55,안정 정체 구간,매수 검토 가능,선별 검토 가능,0.39824166531487737,안정,0,0
11650,서초구,2025-05,259266.57142857145,251000.0,2998.3073190171363,2650.0179662235,175,102428.75612745098,88987.5,1224.601307578835,1083.2016283865044,816,1458,642,0.4403292181069959,0.4084308835894337,0.5915691164105663,0.2220220984701457,0.0962616980982016,0.1257604003719441,1.8225806451612905,0.0572878897751993,156837.81530112046,156837.81530112046,매매가>전세가,0.6049287975574191,0.0,0.6049287975574191,0.013208115858990066,0.030923585347278904,0.013208115858990066,0.3980386290125434,0.20120702942052582,0.7326722131887671,0.7326722131887671,0.7628612702775022,0.6738589817687712,0.9014207522999884,0.057698065596978765,0.3745715882580837,0.03711865432367763,0.4698468865977169,0.6230131686595006,0.6827043033026892,0,0,0,1,0,0.2,활발 관찰 구간,우선 점검 구간,우선 점검 구간,0.6528587359810949,높음,1,1
11650,서초구,2025-06,282039.9214659686,258250.0,3059.5207611956794,2658.7314534274656,382,106119.72262773722,93400.0,1301.2959674644885,1199.8567335243551,959,1636,677,0.4138141809290953,0.425326732202312,0.574673267797688,0.0204159999844877,0.062628268817781,-0.0422122688332933,1.1828571428571428,0.1220850480109738,175920.1988382314,175920.1988382314,매매가>전세가,0.6237421919700052,0.0,0.6237421919700052,-0.026515037177900602,-0.06021639284326963,0.026515037177900602,-0.201606098485658,-0.013473418703842336,0.7036955369381538,0.7036955369381539,0.4504128047802101,0.46567774274815815,0.5850232078390922,0.12295916529983518,0.3214773046954052,0.0747115663825434,0.5195073158228345,0.528880237706127,0.5247361852481457,0,0,0,1,0,0.2,활발 관찰 구간,우선 점검 구간,우선 점검 구간,0.5268082114771364,높음,0,1
11650,서초구,2025-07,282024.03433476394,249000.0,2867.2566449201054,2311.772622911883,233,112664.63038793104,106750.0,1323.155966339886,1274.497408016184,928,1647,719,0.4365513054037644,0.4614710610869488,0.5385289389130512,-0.0628412523667386,0.0167986372216233,-0.0796398895883619,-0.3900523560209424,0.0067237163814179,169359.4039468329,169359.4039468329,매매가>전세가,0.6005140815261243,0.0,0.6005140815261243,0.022737124474669135,0.054945252054001026,0.022737124474669135,-0.0832572523512263,-0.001288780781841324,0.6417073799427421,0.6417073799427422,0.32138099009771914,0.41929086029132545,0.19291398113671157,0.00677185754882662,0.367006614202245,0.0640387190262715,0.5871756810471652,0.4750590008525794,0.4080729221309025,0,0,1,1,0,0.45,안정 정체 구간,신중 매수 구간,조건부 관찰,0.441565961491741,보통,0,0
11650,서초구,2025-08,231652.09259259255,201000.0,2488.466966138581,1977.579979898631,108,95833.47290116896,85000.0,1158.7313560955804,1031.8359129231158,941,1776,835,0.4701576576576576,0.4656406421555252,0.5343593578444747,-0.1321087456376194,-0.1242669907608374,-0.0078417548767819,-0.5364806866952789,0.0783242258652094,135818.6196914236,135818.6196914236,매매가>전세가,0.586304307340268,0.0,0.586304307340268,0.03360635225389319,0.07698144946058694,0.03360635225389319,-0.0692674932708808,-0.1293568217874199,0.6345564753925715,0.6345564753925715,0.2140304578276334,0.5082757214258626,0.26533521327528237,0.07888501984515123,0.43430070035056173,0.09474498941440997,0.7954618946268751,0.47852873356080733,0.4158307831708326,0,0,1,1,0,0.45,안정 정체 구간,신중 매수 구간,조건부 관찰,0.44717975836581997,주의,0,0
11650,서초구,2025-09,258399.2,235000.0,2814.40501170298,2184.1794569067297,125,109892.29365079364,95000.0,1285.5187397923344,1118.3048852266038,756,1384,628,0.453757225433526,0.4567639463569866,0.5432360536430134,0.1309794544189451,0.1094191358763019,0.0215603185426431,0.1574074074074074,-0.2207207207207207,148506.90634920637,148506.90634920637,매매가>전세가,0.5747189091498982,0.0,0.5747189091498982,-0.016400432224131622,-0.03488283548509907,0.016400432224131622,0.2630882000565645,0.04089864403627179,0.6497801641354606,0.6497801641354606,0.6217636812547306,0.5447159357964043,0.07785131702099211,0.2223010600098905,0.4014601203726354,0.04613715420826775,0.4504196672643731,0.5446217520834908,0.47701039383161375,0,0,0,1,0,0.2,활발 관찰 구간,우선 점검 구간,우선 점검 구간,0.5108160729575523,높음,0,1
11650,서초구,2025-10,242364.09691629955,210000.0,2669.806236648877,2346.858190162566,227,107892.92341040462,90500.0,1259.176337777538,1073.4566559264465,692,1397,705,0.5046528274874732,0.471635851505856,0.5283641484941439,-0.0513780974851971,-0.0204916515017523,-0.0308864459834448,0.8160000000000001,0.009393063583815,134471.17350589493,134471.17350589493,매매가>전세가,0.5548312444657781,0.0,0.5548312444657781,0.05089560205394722,0.11216483000424038,0.05089560205394722,-0.1823575519041422,-0.061404017134334646,0.6242745863688517,0.6242745863688517,0.33914654966857816,0.4797146920028522,0.4035812274368231,0.0094603170223626,0.5033745740245339,0.14358823660288939,0.6422355361838947,0.4996627604978828,0.4571643613391966,0,0,0,1,0,0.2,활발 관찰 구간,신중 매수 구간,신중 투자 구간,0.4784135609185397,주의,0,0
11650,서초구,2025-11,243033.7552742616,205000.0,2772.386283039606,2245.597447110271,237,104555.36912751678,90000.0,1196.0209021689325,1062.072220911022,745,1442,697,0.4833564493758668,0.4314048549026983,0.5685951450973017,0.0384222813560757,-0.0501561486773771,0.0885784300334528,0.0440528634361232,0.0322118826055835,138478.38614674483,138478.38614674483,매매가>전세가,0.569790751866847,0.0,0.569790751866847,-0.021296378111606395,-0.04220005705236052,0.021296378111606395,0.0898003788412728,0.1070244297913134,0.693271450067113,0.6932714500671131,0.4783188801723957,0.6277765524609594,0.021787878305952628,0.03244251660991941,0.4607302461765585,0.05996851751025453,0.6860357579872182,0.5646199162972411,0.4731291275470789,0,0,0,1,0,0.2,활발 관찰 구간,우선 점검 구간,우선 점검 구간,0.51887452192216,높음,0,1
11650,서초구,2025-12,218681.84931506848,181500.0,2357.8426738841963,1956.016696869284,146,107524.04043126684,92700.0,1252.008115560575,1122.6030004093072,742,1446,704,0.4868603042876901,0.5309973092895454,0.4690026907104546,-0.1495259198515836,0.0468112332235268,-0.1963371530751104,-0.3839662447257383,0.0027739251040221,111157.80888380164,111157.80888380164,매매가>전세가,0.5083083448944576,0.0,0.5083083448944576,0.003503854911823312,0.007249008296770665,0.003503854911823312,-0.1879482012076593,-0.17477268919042968,0.5224686467339923,0.5224686467339923,0.18703737876242227,0.2746591114601962,0.1899038827704915,0.0027937861429530456,0.4677464409871728,0.009703490467204687,0.542861484383246,0.3782337900458267,0.30465925586371523,0,0,1,0,0,0.25,완만 정체 구간,거주 안정권,안정 관찰,0.34144652295477096,낮음,0,0
11650,서초구,2026-01,236826.24203821656,206500.0,2565.323557104859,2128.1493797160765,157,100928.17527386542,89200.0,1193.5579279606582,1075.011944577162,639,1283,644,0.5019485580670304,0.4652660381397148,0.5347339618602852,0.0879960675573272,-0.0466851507378182,0.1346812182951454,0.0753424657534247,-0.1127247579529737,135898.06676435116,135898.06676435116,매매가>전세가,0.5738302714883317,0.0,0.5738302714883317,0.01508825377934031,0.030990930347906342,0.01508825377934031,0.23752198740891078,0.04607600008468334,0.6351989278397392,0.6351989278397393,0.5551481702772967,0.6849152264371235,0.037263241184906794,0.11353185645860357,0.49795948648475324,0.04243016536401285,0.6809107602927862,0.5576479386119092,0.48016480680093016,0,0,0,1,0,0.2,활발 관찰 구간,우선 점검 구간,우선 점검 구간,0.5189063727064197,높음,0,1
11650,서초구,2026-02,273063.27702702704,224000.0,3053.4464659599894,2595.7171415306584,148,85665.15213675213,72000.0,986.4396333207906,910.0894398242586,585,1051,466,0.4433872502378687,0.3230577789123473,0.6769422210876527,0.1902773268125328,-0.1735301570102717,0.3638074838228046,-0.0573248407643312,-0.1808261886204208,187398.1248902749,187398.1248902749,매매가>전세가,0.6862809489821172,0.0,0.6862809489821172,-0.058561307829161746,-0.1166679471192772,0.058561307829161746,0.10228125925520559,0.19019424457835288,0.879088582760879,0.8790885827608791,0.71366332802037,0.9688887447208159,0.02835199705672698,0.1821208868682997,0.38069505789574526,0.16524435045299915,0.8681999422561545,0.7465210431264918,0.6649686531183538,0,0,1,1,0,0.45,안정 정체 구간,우선 점검 구간,우선 점검 구간,0.7057448481224229,높음,1,1
11650,서초구,2026-03,215709.05511811023,182000.0,2566.0195335663125,2247.5433828141336,127,105105.0438247012,87750.0,1241.2530590437898,1123.6241639279774,502,962,460,0.4781704781704782,0.4837270499335085,0.5162729500664915,-0.1596317269117184,0.2583162893254653,-0.4179480162371838,-0.1418918918918918,-0.0846812559467173,110604.01129340903,110604.01129340903,매매가>전세가,0.5127462601551356,0.0,0.5127462601551356,0.03478322793260952,0.07844886814843899,0.03478322793260952,-0.3499090537242512,-0.14098660133608706,0.6035379693247716,0.6035379693247718,0.17137543236165184,0.0,0.07017757830032194,0.08528756565516635,0.45034574534107485,0.09806973920693546,0.23057005011610998,0.3823168479714346,0.2658469864017423,0,0,1,0,0,0.25,완만 정체 구간,거주 안정권,안정 관찰,0.32408191718658846,낮음,0,0
11650,서초구,2026-04,232136.8476190476,200000.0,2755.310993848421,2493.7655860349128,105,100736.34625322996,88000.0,1242.898593576493,1120.0188634755957,387,723,336,0.4647302904564315,0.4510919443763048,0.5489080556236952,0.0737685188308081,0.0013257043120369,0.0724428145187712,-0.1732283464566929,-0.2484407484407484,131400.50136581762,131400.50136581762,매매가>전세가,0.5660475823358074,0.0,0.5660475823358074,-0.013440187714046703,-0.028107523001984602,0.013440187714046703,0.2334002457425265,0.05334859491546219,0.6595077468602358,0.6595077468602358,0.533098362256707,0.6077784632116764,0.08567611359049432,0.25021956048209026,0.42343282295528306,0.03777427230092409,0.6100217751297814,0.5470061067759963,0.4756319207634258,0,1,1,1,0,0.65,신중 정체 구간,우선 점검 구간,우선 점검 구간,0.511319013769711,높음,0,1
11200,성동구,2023-06,133293.5393258427,129000.0,1680.493415480535,1654.7653760829187,178,57878.18620689655,55000.0,758.5162695424006,725.4836557705137,580,918,338,0.3681917211328976,0.451365213665835,0.548634786334165,0.0380976915385924,-0.0508325032622037,0.0889301948007962,0.1194968553459119,0.0600461893764434,75415.35311894614,75415.35311894614,매매가>전세가,0.5657840094904342,0.0,0.5657840094904342,-0.032501119513753673,-0.08111230403144287,0.032501119513753673,,0.019285296558387097,0.6590390852432091,0.659039085243209,0.4778158319454298,0.6282125211542942,0.059101332788411294,0.06047611436004561,0.23012190507842423,0.091622635549914,0.6870344090230915,0.5275982496493969,0.469896813928321,0,0,0,1,0,0.2,활발 관찰 구간,우선 점검 구간,신중 투자 구간,0.498747531788859,높음,0,1
11200,성동구,2023-07,127122.70531400968,115800.0,1704.3367794149246,1634.9683016349684,207,59882.7037037037,57000.0,781.5383966186821,729.7551789077213,567,917,350,0.3816793893129771,0.4585586640258819,0.541441335974118,0.014188311429695,0.0303515270544827,-0.0161632156247877,0.1629213483146068,-0.0010893246187363,67240.00161030598,67240.00161030598,매매가>전세가,0.5289377805814814,0.0,0.5289377805814814,0.013487668180079515,0.036632187542346095,0.013487668180079515,-0.023909380108897402,0.014872969759399722,0.6467021919042701,0.6467021919042703,0.4407611536290003,0.4979623054565984,0.08057842858881276,0.0010971240790136482,0.25712990337568165,0.03790840768365525,0.5671645688668103,0.4936634459209086,0.42996806404030175,0,0,0,1,0,0.2,활발 관찰 구간,신중 매수 구간,신중 투자 구간,0.4618157549806052,주의,0,0
11200,성동구,2023-08,150229.89417989418,125000.0,1795.8204571338254,1730.2985805188448,189,64388.93894736842,59000.0,828.356757947744,783.725195931299,475,779,304,0.3902439024390244,0.4612692514205023,0.5387307485794977,0.053676995546799,0.0599053885664748,-0.0062283930196758,-0.0869565217391304,-0.1504907306434023,85840.95523252577,85840.95523252577,매매가>전세가,0.5713972954659392,0.0,0.5713972954659392,0.00856451312604728,0.022439024390243922,0.00856451312604728,0.039488684117104,0.025349052105042656,0.6420534870547818,0.6420534870547818,0.5019605858365243,0.5102752828544577,0.04300737717783706,0.15156822990815216,0.2742796695796542,0.024000176729032985,0.5235277028277117,0.502690108461907,0.4360170184569489,0,0,1,1,0,0.45,안정 정체 구간,신중 매수 구간,신중 투자 구간,0.4693535634594279,주의,0,0
11200,성동구,2023-09,138041.90751445087,133000.0,1766.340812421274,1800.300050008335,173,63115.65502183406,59000.0,831.6640270239848,788.7065121936612,458,746,288,0.3860589812332439,0.4708400673163136,0.5291599326836864,-0.0164156971235318,0.0039925660586563,-0.0204082631821882,-0.0846560846560846,-0.042362002567394,74926.2524926168,74926.2524926168,매매가>전세가,0.5427790287871324,0.0,0.5427790287871324,-0.004184921205780512,-0.010723860589812562,0.004184921205780512,-0.0700926926703308,-0.001419392970915763,0.6256393701896626,0.6256393701896628,0.3933311622629308,0.4927010968065098,0.04186961587683606,0.04266531046167128,0.26589969290089743,0.011627546729460156,0.6060841005644863,0.4734772479182832,0.40362342843474147,0,1,1,1,0,0.65,신중 정체 구간,신중 매수 구간,조건부 관찰,0.43855033817651234,보통,0,0
11200,성동구,2023-10,133070.5,129250.0,1662.790348152865,1651.32069709907,100,65054.93560606061,60000.0,850.6849900202801,800.6595441382352,528,856,328,0.3831775700934579,0.5116008707683901,0.4883991292316099,-0.0586242833434075,0.0228709699809426,-0.0814952533243501,-0.4219653179190751,0.1474530831099196,68015.56439393939,68015.56439393939,매매가>전세가,0.5111242867047121,0.0,0.5111242867047121,-0.0028814111397860165,-0.007463655244029033,0.0028814111397860165,-0.04220858621987571,-0.028419117829424752,0.5557338784675461,0.5557338784675462,0.32791643476078397,0.4169913676225509,0.20869764821268336,0.14850883310831997,0.26012989295341826,0.007945046615091904,0.5782097606020238,0.4164106035481243,0.3755875698337199,0,0,1,0,0,0.25,완만 정체 구간,매수 검토 가능,선별 검토 가능,0.3959990866909221,안정,0,0
11200,성동구,2023-11,151402.97619047618,133500.0,1782.8409805395456,1702.5111488915816,84,65976.3228962818,60000.0,845.159840643091,828.8928359976317,511,808,297,0.3675742574257425,0.4740522850149642,0.5259477149850358,0.0721982975905777,-0.0064949416552623,0.07869323924584,-0.16,-0.0560747663551401,85426.65329419439,85426.65329419439,매매가>전세가,0.5642336461518518,0.0,0.5642336461518518,-0.015603312667715363,-0.040720840376720635,0.015603312667715363,0.13082258093398522,0.08777252628768321,0.6201303605842297,0.6201303605842298,0.5306648385652789,0.6155250875300431,0.07913357400722021,0.056476256329043246,0.22888548240485243,0.04388523998509025,0.6215691149004499,0.5092707414454073,0.46254217152313687,0,1,1,0,0,0.45,안정 정체 구간,신중 매수 구간,신중 투자 구간,0.4859064564842721,주의,0,1
11200,성동구,2023-12,123106.02409638556,120000.0,1651.9481827399493,1520.545038779792,83,69736.94368932038,65100.0,890.1304808916774,858.657216233305,515,831,316,0.3802647412755716,0.538836805047536,0.461163194952464,-0.0734181002278643,0.0532096274408493,-0.1266277276687136,-0.0119047619047618,0.0284653465346533,53369.08040706518,53369.08040706518,매매가>전세가,0.4335212740302618,0.0,0.4335212740302618,0.01269048384982907,0.034524952695831335,0.01269048384982907,-0.145616397818442,-0.07761013083081765,0.5090237742240551,0.509023774224055,0.3049890262194928,0.36105527710537605,0.005887914732680024,0.0286691556983859,0.25429718156822373,0.03565631047021322,0.5334141276913515,0.3834138818146016,0.3158159999003164,0,0,1,0,0,0.25,완만 정체 구간,거주 안정권,안정 관찰,0.34961494085745903,낮음,0,0
11200,성동구,2024-01,144214.63414634147,118500.0,1769.8475302978084,1651.6516516516515,123,67682.53492647059,64000.0,879.1223941329908,848.5963482182499,544,931,387,0.4156820622986036,0.4967221068953114,0.5032778931046886,0.0713698824150217,-0.0123668237353914,0.0837367061504131,0.4819277108433735,0.1203369434416365,76532.09921987088,76532.09921987088,매매가>전세가,0.5306819219345668,0.0,0.5306819219345668,0.03541732102303202,0.0931385878801887,0.03541732102303202,0.144787982642886,0.05663317326300421,0.5812512190662835,0.5812512190662837,0.5293809634625842,0.621775837691491,0.2383541385759645,0.12119854446866492,0.32521759072362083,0.09986109313577489,0.630239065919338,0.5058069980921927,0.47940851700398646,0,0,0,0,0,0.0,활발 관찰 구간,신중 매수 구간,우선 점검 구간,0.49260775754808955,주의,0,1
11200,성동구,2024-02,140416.66666666666,135000.0,1801.694298819001,1692.411842697517,120,71603.95353535353,65000.0,913.8162608681258,867.244829886591,495,799,304,0.3804755944931164,0.5071982863392122,0.4928017136607878,0.0179940746171698,0.0394642054015139,-0.0214701307843441,-0.024390243902439,-0.1417830290010741,68812.71313131312,68812.71313131312,매매가>전세가,0.4900608650301232,0.0,0.4900608650301232,-0.035206467805487196,-0.08469566286022889,0.035206467805487196,-0.05337580779785189,0.01929899851673569,0.5632843878614953,0.5632843878614952,0.4466593128459308,0.49138504393827465,0.012063044818173801,0.14279818195334906,0.254719398608589,0.0992654191797542,0.5537095175150457,0.4577473292272128,0.39649440574906597,0,0,1,0,0,0.25,완만 정체 구간,관찰 필요,조건부 관찰,0.4271208674881394,보통,0,0
11200,성동구,2024-03,133195.5128205128,125000.0,1790.981078723187,1725.533796508373,234,66684.28625235405,64000.0,884.4467749229575,857.3388203017832,531,906,375,0.4139072847682119,0.4938336788870437,0.5061663211129563,-0.0059461919276962,-0.0321393776876626,0.0261931857599663,0.95,0.1339173967459324,66511.22656815876,66511.22656815876,매매가>전세가,0.49935035467587974,0.0,0.49935035467587974,0.033431690275095516,0.08786815963750438,0.033431690275095516,-0.023940266544866,-0.03739269302170655,0.5862049236825158,0.586204923682516,0.4095567668330598,0.5504577986963852,0.46985559566787,0.13487623252215625,0.32166373783527474,0.09425155804500393,0.6594336362368582,0.47869617625870253,0.47707813154945045,1,0,0,0,0,0.25,완만 정체 구간,신중 매수 구간,우선 점검 구간,0.4778871539040765,주의,0,0
11200,성동구,2024-04,131949.58158995816,126500.0,1812.216201962983,1818.0748411390912,239,68139.43083900226,65000.0,912.0916405112488,871.0217755443886,441,740,299,0.404054054054054,0.5033017801757185,0.4966982198242815,0.0118566988183563,0.0312566752145138,-0.0193999763961574,0.0213675213675212,-0.1832229580573952,63810.1507509559,63810.1507509559,매매가>전세가,0.4835949457517043,0.0,0.4835949457517043,-0.009853230714157946,-0.023805405405405544,0.009853230714157946,0.0178028907460525,-0.008306787410004257,0.5699669641673705,0.5699669641673704,0.43714762810562074,0.4939507429149938,0.010568052084297489,0.18453481694563428,0.3019334156774758,0.02764088713811236,0.5658280995533573,0.4576056680183362,0.3900574081891584,0,0,0,0,0,0.0,활발 관찰 구간,관찰 필요,조건부 관찰,0.4238315381037473,보통,0,0
11200,성동구,2024-05,142377.09030100334,130000.0,1821.807893374272,1750.1508750754376,299,68028.5976744186,65000.0,900.2323146781316,871.5529223994105,430,715,285,0.3986013986013986,0.4941422846789632,0.5058577153210368,0.0052927964118736,-0.0130023402324679,0.0182951366443415,0.2510460251046025,-0.0337837837837837,74348.49262658473,74348.49262658473,매매가>전세가,0.5221942130535364,0.0,0.5221942130535364,-0.005452655452655386,-0.013494866337675493,0.005452655452655386,-0.0065639024064827,-0.00827775923290555,0.5856756593450797,0.5856756593450799,0.4269749138376274,0.5406691488016371,0.12416355754270954,0.034025672450493365,0.29101490054093426,0.015208977844488455,0.6311774187040431,0.4686068269069718,0.4186607247144861,1,0,0,0,0,0.25,완만 정체 구간,신중 매수 구간,조건부 관찰,0.44363377581072894,보통,0,0
11200,성동구,2024-06,137364.68812877263,130000.0,1835.888848861288,1794.962335216573,497,70778.43496801706,69000.0,942.3978774678916,917.2781854569712,469,731,262,0.3584131326949384,0.5133196805745702,0.4866803194254298,0.0077291110320836,0.0468385350117497,-0.0391094239796661,0.6622073578595318,0.0223776223776224,66586.25316075557,66586.25316075557,매매가>전세가,0.4847406860366781,0.0,0.4847406860366781,-0.040188265906460185,-0.10082319341445278,0.040188265906460185,0.00243631462021,-0.030790093558860195,0.5527860895502082,0.5527860895502084,0.43075070618850914,0.46952333315981964,0.3275177185081439,0.02253784401755764,0.2105410482278647,0.11333932052902852,0.542821172748341,0.44382218755304276,0.4339915290413631,1,0,0,0,0,0.25,완만 정체 구간,관찰 필요,신중 투자 구간,0.43890685829720294,보통,0,0
11200,성동구,2024-07,146956.4516129032,136000.0,1863.2435470880089,1802.149262713739,434,70995.16859122402,67000.0,937.1459002533694,917.2781854569712,433,712,279,0.3918539325842696,0.5029647904687492,0.4970352095312508,0.0148999751502862,-0.0055729934670839,0.0204729686173702,-0.1267605633802817,-0.0259917920656634,75961.28302167919,75961.28302167919,매매가>전세가,0.5168965512434132,0.0,0.5168965512434132,0.033440799889331185,0.09330238442404992,0.033440799889331185,0.0071708641182025995,0.010417750842984908,0.570544907416175,0.5705449074161751,0.4418640877124384,0.5433683007569462,0.06269385264656531,0.026177890815536883,0.2775036287429986,0.09427729329349939,0.6202078400103239,0.470235404182145,0.4155690025158729,0,1,1,0,0,0.45,안정 정체 구간,신중 매수 구간,조건부 관찰,0.442902203349009,보통,0,0
11200,성동구,2024-08,144259.74921630093,133500.0,1814.774233928363,1751.8686599038974,319,69241.63913043478,66000.0,900.0359784714824,867.8898388275111,460,717,257,0.3584379358437936,0.4959492820896038,0.5040507179103961,-0.026013407230309,-0.0395988733150877,0.0135854660847786,-0.2649769585253456,0.0070224719101124,75018.11008586615,75018.11008586615,매매가>전세가,0.5200210765193076,0.0,0.5200210765193076,-0.03341599674047602,-0.08527666551691371,0.03341599674047602,-0.0409133823805952,-0.015787750514489905,0.5825766271417538,0.5825766271417538,0.37845666284215207,0.5348320977081004,0.13105358598545971,0.007072752138585758,0.2105907145892478,0.09420722279624844,0.6704477303267662,0.4587614213919644,0.4156383317871081,0,0,1,0,0,0.25,완만 정체 구간,관찰 필요,조건부 관찰,0.43719987658953624,보통,0,0
11200,성동구,2024-09,156115.74803149607,142700.0,1997.4795990450384,1945.250053052274,127,72793.0655737705,66000.0,955.6609232197162,917.431218187278,366,629,263,0.4181240063593004,0.4784333835882989,0.5215666164117011,0.1006766360800599,0.0618030235221271,0.0388736125579327,-0.6018808777429467,-0.1227336122733612,83322.68245772558,83322.68245772558,매매가>전세가,0.5337237498994359,0.0,0.5337237498994359,0.05968607051550684,0.16651716949267859,0.05968607051550684,0.1266900433103689,0.1118308064217446,0.6126166998093112,0.6126166998093113,0.5748004734879704,0.5661736111234972,0.29768115614001334,0.12361237322042583,0.33010739229293173,0.16842187767672864,0.5207258069631964,0.5273073895933418,0.5041050230442273,0,0,1,0,0,0.25,완만 정체 구간,우선 점검 구간,우선 점검 구간,0.5157062063187845,높음,0,1
11200,성동구,2024-10,147105.1724137931,138850.0,1907.5776066624844,1817.878585723816,174,71116.22975929978,66000.0,947.3064174946036,896.8609865470853,457,750,293,0.3906666666666666,0.4966017708459157,0.5033982291540843,-0.0450077149351284,-0.0087421234060356,-0.0362655915290928,0.3700787401574803,0.192368839427663,75988.94265449332,75988.94265449332,매매가>전세가,0.5165620039568937,0.0,0.5165620039568937,-0.02745733969263381,-0.06566793409378957,0.02745733969263381,-0.1456843510151883,-0.04150806461420299,0.5814575974983179,0.581457597498318,0.34901934750232666,0.4730479099015513,0.18303533357969243,0.19374618195339804,0.275126221807056,0.07737363183857586,0.6248871235804394,0.4492888727243039,0.40311627382599835,0,1,0,0,0,0.2,활발 관찰 구간,관찰 필요,조건부 관찰,0.4262025732751511,보통,0,0
11200,성동구,2024-11,152632.70440251572,140800.0,1912.1714483417927,1778.9820923656928,159,71058.7399463807,65000.0,925.1989044192242,883.4805800966827,373,694,321,0.462536023054755,0.4838472539800462,0.5161527460199538,0.002408206965349,-0.0233372356263017,0.0257454425916507,-0.086206896551724,-0.0746666666666666,81573.96445613503,81573.96445613503,매매가>전세가,0.5344461711234051,0.0,0.5344461711234051,0.07186935638808839,0.18396592932104538,0.07186935638808839,0.0474159219004774,-0.024579820888716845,0.6033318172799502,0.6033318172799502,0.4225043866416438,0.5499028767082785,0.04263662392630393,0.07520127287191719,0.41903897448147986,0.2028404470377052,0.6464370979052136,0.5097149402943819,0.4323271270106832,1,0,1,0,1,0.6,안정 정체 구간,신중 매수 구간,신중 투자 구간,0.47102103365253256,주의,0,0
11200,성동구,2024-12,139698.39743589744,134500.0,1848.8361008554716,1760.2991517849614,156,66836.21052631579,65000.0,878.6606641763298,847.1584892340276,475,825,350,0.4242424242424242,0.4752507070636311,0.5247492929363688,-0.0331222116830813,-0.0503007948027217,0.0171785831196403,-0.0188679245283018,0.1887608069164266,72862.18690958165,72862.18690958165,매매가>전세가,0.5215678078412852,0.0,0.5215678078412852,-0.0382935988123308,-0.08279052204285853,0.0382935988123308,-0.0355304186484303,-0.019095041022462678,0.6180750457840397,0.6180750457840397,0.36743946118271403,0.5392853195316436,0.00933178938764385,0.19011231627382344,0.34235904451057564,0.10798676363450378,0.6862493308765739,0.49008082081368143,0.4098696669388824,0,0,1,0,0,0.25,완만 정체 구간,신중 매수 구간,조건부 관찰,0.4499752438762819,주의,0,0
11200,성동구,2025-01,138384.86486486485,135000.0,1929.395660524952,1865.1871089599813,185,69188.97840172786,63000.0,930.7189356400598,892.2558922558923,463,807,344,0.426270136307311,0.4823888405485627,0.5176111594514372,0.0435731212908514,0.0592472994253479,-0.0156741781344964,0.1858974358974359,-0.0218181818181818,69195.886463137,69195.886463137,매매가>전세가,0.5000249595987822,0.0,0.5000249595987822,0.0020277120648867775,0.004779607010090281,0.0020277120648867775,0.07669533297393269,0.013199708299037823,0.605833021854631,0.6058330218546308,0.48630163488929884,0.4985684066225683,0.09194205313338888,0.02197439791711866,0.3464193789779282,0.0055332915984138845,0.5244993845716182,0.4858422842117297,0.423360203081344,0,0,0,0,0,0.0,활발 관찰 구간,신중 매수 구간,신중 투자 구간,0.45460124364653687,주의,0,0
11200,성동구,2025-02,153050.25252525252,138900.0,1979.675720207809,1924.920434387564,396,69716.05391304348,64050.0,900.6028362727554,840.3954802259888,575,983,408,0.4150559511698881,0.4549244237729086,0.5450755762270914,0.0260600045452454,-0.0323578883098509,0.0584178928550964,1.1405405405405404,0.2180916976456011,83334.19861220905,83334.19861220905,매매가>전세가,0.5444891284871243,0.0,0.5444891284871243,-0.011214185137422894,-0.02630769594738458,0.011214185137422894,-0.017513116745606,-0.0006470771330656204,0.6529349775808113,0.6529349775808113,0.459159864405462,0.5903963165629058,0.5640940579568737,0.21965321338053378,0.323963852266204,0.03148567127140521,0.6597562715291933,0.5194458682894217,0.5262011541676291,0,0,0,1,0,0.2,활발 관찰 구간,신중 매수 구간,우선 점검 구간,0.5228235112285254,높음,0,1
11200,성동구,2025-03,152052.0,142000.0,2008.0459718064824,1941.4048711613132,675,70834.5982404692,66000.0,934.8283115200488,882.3492469269795,682,1055,373,0.3535545023696682,0.4655412897141278,0.5344587102858722,0.014330756956344,0.0380028508337142,-0.0236720938773702,0.7045454545454546,0.0732451678535097,81217.4017595308,81217.4017595308,매매가>전세가,0.5341422786910451,0.0,0.5341422786910451,-0.061501448800219904,-0.14817628473190236,0.061501448800219904,-0.011729247588901398,-0.0010851925906910226,0.6347268665694247,0.6347268665694248,0.4409819152356816,0.4886559844600108,0.34845749917952085,0.07376959626296202,0.20081202184614302,0.17355043856434801,0.5558672366843267,0.49424536428011534,0.4777056519718001,0,0,0,1,1,0.30000000000000004,완만 정체 구간,신중 매수 구간,우선 점검 구간,0.4859755081259577,주의,0,1
11200,성동구,2025-04,156216.05744125327,155000.0,2014.8814002607223,2017.0028338056345,383,67507.91666666667,64000.0,904.957109049771,861.4305900818078,552,934,382,0.4089935760171306,0.4491366632957508,0.5508633367042491,0.0034040199030356,-0.0319536775920989,0.0353576974951346,-0.4325925925925926,-0.114691943127962,88708.1407745866,88708.1407745866,매매가>전세가,0.56785545754761,0.0,0.56785545754761,0.05543907364746242,0.1568048865900078,0.05543907364746242,-0.0109267370533084,0.01818318363639121,0.6628610881542017,0.6628610881542017,0.4240476942431481,0.5618160715456137,0.21395373713063243,0.11551312649164669,0.31182442122319887,0.1564238372623931,0.6591594463415624,0.5261349347939743,0.4769095783075572,1,0,1,1,0,0.7,신중 정체 구간,우선 점검 구간,우선 점검 구간,0.5015222565507658,높음,0,1
11200,성동구,2025-05,157764.4863945578,147600.0,2020.2106700859892,1981.1636065845155,588,68080.64726631393,65000.0,916.1373829507926,882.0065944418276,567,966,399,0.4130434782608695,0.4534860628727387,0.5465139371272613,0.0026449545986066,0.0123544793330163,-0.0097095247344096,0.5352480417754568,0.0342612419700214,89683.83912824388,89683.83912824388,매매가>전세가,0.5684665869855586,0.0,0.5684665869855586,0.004049902243738912,0.009902117004324973,0.004049902243738912,-0.000759065304429,-0.018170114451013276,0.6554017917131298,0.65540179171313,0.42287129734165274,0.5059608529117998,0.2647255657878613,0.0345065491917638,0.31993403301395357,0.011246109442452528,0.593737568818178,0.5001437326402234,0.45599050296271043,1,0,0,1,0,0.45,안정 정체 구간,신중 매수 구간,신중 투자 구간,0.47806711780146693,주의,0,0
11200,성동구,2025-06,175607.7505827506,155500.0,2107.8059193589356,1977.0520809844893,858,71466.92628205128,68250.0,936.85555157993,875.4377188594298,624,1014,390,0.3846153846153846,0.4444695514779005,0.5555304485220994,0.0433594627382192,0.0226146962395596,0.0207447664986595,0.4591836734693877,0.0496894409937889,104140.82430069931,104140.82430069931,매매가>전세가,0.5930309109655479,0.0,0.5930309109655479,-0.02842809364548493,-0.06882591093117407,0.02842809364548493,0.0407145081396126,0.009470044049889166,0.6708652666521187,0.6708652666521187,0.4859705075701764,0.5437051604374985,0.22710528254623147,0.05004521264768237,0.26300900383022063,0.08011607444462535,0.5785881538931181,0.524196491354695,0.48281537675617375,0,0,0,1,0,0.2,활발 관찰 구간,우선 점검 구간,우선 점검 구간,0.5035059340554344,높음,0,1
11200,성동구,2025-07,148940.9090909091,135000.0,1895.633547455027,1721.2921480782836,121,69073.51130434782,63000.0,904.2795955391268,867.1484157865482,575,1091,516,0.4729605866177818,0.4770329142745773,0.5229670857254227,-0.1006602979691975,-0.0347715888387131,-0.0658887091304843,-0.858974358974359,0.0759368836291913,79867.39778656127,79867.39778656127,매매가>전세가,0.5362354659579296,0.0,0.5362354659579296,0.0883452020023972,0.22969752520623277,0.0883452020023972,-0.1440197607074167,-0.03910782638430022,0.6150185292073149,0.6150185292073149,0.2627691581451207,0.4363337387504346,0.4248356937887624,0.0764805844666318,0.43991334588510816,0.24938577487352578,0.6633201485066137,0.4813046112138541,0.4437409961573382,0,0,1,0,1,0.35,완만 정체 구간,신중 매수 구간,신중 투자 구간,0.4625228036855962,주의,0,0
11200,성동구,2025-08,158025.32188841203,145000.0,2044.6776241669031,1938.9896037153164,233,69857.4609800363,65000.0,941.2325954665404,913.2420091324202,551,948,397,0.4187763713080168,0.4603330052335473,0.5396669947664526,0.0786249414671811,0.0408645734236459,0.0377603680435352,0.9256198347107438,-0.1310724106324473,88167.86090837573,88167.86090837573,매매가>전세가,0.557935018608186,0.0,0.557935018608186,-0.05418421530976497,-0.11456391260262322,0.05418421530976497,0.17928523943637859,0.08137686531738063,0.6436591656609211,0.6436591656609211,0.5406248300170511,0.5647938829603577,0.4577975355789599,0.1320108765796963,0.33141370196698977,0.15287878142229008,0.5516418461969536,0.5360716381159998,0.5303219590558771,0,0,0,1,0,0.2,활발 관찰 구간,우선 점검 구간,우선 점검 구간,0.5331967985859385,높음,0,1
11200,성동구,2025-09,169502.7394247039,158500.0,2150.996209561065,2047.540597787715,591,71122.99625468165,68000.0,950.0523632973848,941.5237269298128,534,935,401,0.4288770053475936,0.4416801661827445,0.5583198338172555,0.0519977252832122,0.0093704445355218,0.0426272807476904,1.536480686695279,-0.0137130801687763,98379.74317002225,98379.74317002225,매매가>전세가,0.5804020837888834,0.0,0.5804020837888834,0.010100634039576784,0.024119398159996974,0.010100634039576784,-0.026627216183968905,-0.03808308509946111,0.6756491112809316,0.6756491112809317,0.49935805832890406,0.57082581614181,0.7599200508204087,0.013811264513660137,0.3516394298911848,0.0283398175092061,0.5981435557198029,0.5363500615511121,0.5673359532164508,0,1,0,1,0,0.4,완만 정체 구간,우선 점검 구간,우선 점검 구간,0.5518430073837814,높음,1,1
11200,성동구,2025-10,172468.79336734695,158750.0,2296.538197166865,2118.7854521187855,392,69319.00212314224,67000.0,926.5429470345176,895.9094659908052,471,792,321,0.4053030303030303,0.4034520079733713,0.5965479920266288,0.0676625960375352,-0.0247453900133167,0.0924079860508519,-0.3367174280879864,-0.1529411764705882,103149.79124420471,103149.79124420471,매매가>전세가,0.5980780014185092,0.0,0.5980780014185092,-0.023573975044563322,-0.0549667497921863,0.023573975044563322,0.015664870754323004,0.05763667638839766,0.7412110720602147,0.7412110720602149,0.5236354232804896,0.6325228110063117,0.1665353344695095,0.15403622069352796,0.30443439271481776,0.0664028759282693,0.6485162659463717,0.5811129980374363,0.5222761098416888,0,0,1,1,0,0.45,안정 정체 구간,우선 점검 구간,우선 점검 구간,0.5516945539395626,높음,1,1
11200,성동구,2025-11,161780.88235294115,150000.0,2198.552112440159,1998.332972100951,68,73052.57531760435,68250.0,957.378256162406,914.572864321608,551,921,370,0.4017372421281216,0.4354585232459275,0.5645414767540724,-0.0426668647826484,0.0332799566675021,-0.0759468214501506,-0.826530612244898,0.1628787878787878,88728.3070353368,88728.3070353368,매매가>전세가,0.5484474169312981,0.0,0.5484474169312981,-0.0035657881749086573,-0.008797832506316716,0.0035657881749086573,-0.1103294608201836,0.02593528365258929,0.6863193378707726,0.6863193378707726,0.35264718933645406,0.42386795908030156,0.40878950858321667,0.16404498445071228,0.2972941813995253,0.009878455934940434,0.5628406841292303,0.4903542049313461,0.4578210698190981,0,0,1,1,0,0.45,안정 정체 구간,신중 매수 구간,신중 투자 구간,0.4740876373752221,주의,0,0
11200,성동구,2025-12,134477.0890410959,137500.0,2067.739067512043,1758.3341313669785,146,76286.52653061225,74500.0,1010.2823699278952,997.7484989993328,490,889,399,0.4488188976377952,0.488592775462473,0.511407224537527,-0.0594996335033092,0.0552593642324321,-0.1147589977357413,1.1470588235294117,-0.0347448425624321,58190.56251048365,58190.56251048365,매매가>전세가,0.43271729723938884,0.0,0.43271729723938884,0.04708165550967358,0.11719514790380914,0.04708165550967358,-0.0168327687206608,-0.0847464028421553,0.5951931648341773,0.5951931648341773,0.32655981997438377,0.37576509218861565,0.5673179018899979,0.03499361231824903,0.39157150605341734,0.1328135913186838,0.5303876504320797,0.45538382897874874,0.44716163453993,0,0,0,0,0,0.0,활발 관찰 구간,관찰 필요,신중 투자 구간,0.45127273175933935,주의,0,0
11200,성동구,2026-01,177181.4814814815,165500.0,2324.0598335372715,2168.835502168836,135,76742.58196721312,73000.0,1005.6297495167336,969.0915815413808,610,1119,509,0.4548704200178731,0.4327038981548691,0.5672961018451309,0.123961852852952,-0.0046052673486657,0.1285671202016177,-0.0753424657534246,0.2587176602924634,100438.89951426837,100438.89951426837,매매가>전세가,0.5668701868528284,0.0,0.5668701868528284,0.0060515223800778895,0.013483216531050779,0.0060515223800778895,0.1834614863562612,0.08204178538030815,0.6910435681408388,0.6910435681408389,0.6108878255279658,0.677337562031202,0.03726324118490675,0.2605700540415741,0.4036892052698282,0.016900815588021496,0.6187789730930577,0.5808145942900795,0.5067898940976654,0,1,1,1,0,0.65,신중 정체 구간,우선 점검 구간,우선 점검 구간,0.5438022441938725,높음,1,1
11200,성동구,2026-02,170542.25,163500.0,2279.9801783158323,2167.7505419376357,120,76491.101010101,73000.0,1011.1046271385552,931.0903636236736,396,735,339,0.4612244897959183,0.4434707971388744,0.5565292028611255,-0.0189666610925197,0.005444227981971,-0.0244108890744908,-0.1111111111111111,-0.3431635388739946,94051.148989899,94051.148989899,매매가>전세가,0.5514829843625201,0.0,0.5514829843625201,0.006354069778045202,0.013968966761557233,0.006354069778045202,-0.1429285139454717,-0.0190497433266996,0.6725781478337005,0.6725781478337004,0.38937768673001755,0.48774033966942215,0.054953870838347366,0.34562055705209,0.41641273193543515,0.0177555315251527,0.6039406927781286,0.5112736042228251,0.4208445907999505,0,1,1,1,0,0.65,신중 정체 구간,신중 매수 구간,조건부 관찰,0.4660590975113878,주의,0,0
11200,성동구,2026-03,167657.5892857143,166500.0,2195.886391919007,2192.6252962376147,112,78446.17002237137,72450.0,1010.5589541587976,967.2092474640244,447,779,332,0.4261874197689345,0.4602054814300571,0.5397945185699429,-0.0368835603031177,-0.0005396800342034,-0.0363438802689143,-0.0666666666666666,0.0598639455782312,89211.41926334292,89211.41926334292,매매가>전세가,0.5321048670890344,0.0,0.5321048670890344,-0.03503707002698381,-0.07596532881956664,0.03503707002698381,-0.017916899210598,-0.018238434727486364,0.6438778712170994,0.6438778712170994,0.36161013551569143,0.47295088074237607,0.03297232250300839,0.06029256571363619,0.3462537455935803,0.09878685951613049,0.6127760523261907,0.491627148558231,0.4070939925046626,0,1,1,1,0,0.65,신중 정체 구간,신중 매수 구간,조건부 관찰,0.4493605705314468,주의,0,0
11200,성동구,2026-04,168874.30555555556,163750.0,2277.999064042249,2153.40822688789,144,72278.625,70000.0,976.61365915663,932.1216499490788,352,607,255,0.4200988467874794,0.4287155664689585,0.5712844335310415,0.0373938617341138,-0.0335906132566251,0.070984474990739,0.2857142857142858,-0.220795892169448,96595.68055555556,96595.68055555556,매매가>전세가,0.5719974997841096,0.0,0.5719974997841096,-0.006088572981455098,-0.014286139616125015,0.006088572981455098,0.0742774220372315,0.01697393781876789,0.6978836268257045,0.6978836268257046,0.4767250388393064,0.6059710326856571,0.14130995358432186,0.22237676967901443,0.3340618554521298,0.01700548592956189,0.6615764145025105,0.5464529582797659,0.4836955253245938,0,0,0,1,0,0.2,활발 관찰 구간,우선 점검 구간,우선 점검 구간,0.5150742418021799,높음,0,1
11290,성북구,2023-06,76029.62962962964,77000.0,1056.1592489091652,1078.8727697181926,189,42820.42923433875,43000.0,590.8192480799219,583.5278426142048,431,725,294,0.4055172413793103,0.5594035640838622,0.4405964359161378,0.0390144064866413,0.0231795625135964,0.0158348439730449,0.0216216216216216,-0.0645161290322581,33209.200395290885,33209.200395290885,매매가>전세가,0.43679287347664353,0.0,0.43679287347664353,0.041646273637374776,0.11445341159207612,0.041646273637374776,,0.020202011506435993,0.4737514223123701,0.47375142231237,0.4792365537438663,0.5376199219298652,0.01069372621719191,0.0649780583570714,0.30486333360409384,0.11745828652392974,0.5777541175720051,0.4316363445200471,0.38253418052904764,0,0,0,0,0,0.0,활발 관찰 구간,관찰 필요,선별 검토 가능,0.40708526252454735,안정,0,0
11290,성북구,2023-07,73824.064171123,74700.0,1034.787026350596,1001.6835016835016,187,42237.642857142855,42000.0,590.2681868501061,588.4429798752501,490,778,288,0.3701799485861182,0.5704248041568677,0.4295751958431323,-0.0202357954831557,-0.0009327069685131,-0.0193030885146426,-0.0105820105820105,0.0731034482758621,31586.421313980143,31586.421313980143,매매가>전세가,0.42786077505518155,0.0,0.42786077505518155,-0.03533729279319209,-0.08714128324851789,0.03533729279319209,-0.059250201969796995,-0.01955113715345098,0.4548498025835839,0.45484980258358393,0.3874107864435549,0.49407082339782044,0.005233701984604471,0.07362686198666779,0.2341031747059237,0.0996350082184226,0.6133563644344839,0.3930209610604329,0.34624230899206243,0,1,1,0,0,0.45,안정 정체 구간,매수 검토 가능,안정 관찰,0.36963163502624763,안정,0,0
11290,성북구,2023-08,75898.72380952381,74000.0,1059.3040013940797,1013.095588863196,210,42740.86177105831,42950.0,593.232120977924,591.0934045797917,463,707,244,0.3451202263083451,0.5600206552578019,0.4399793447421981,0.0236927738937242,0.0050213346981049,0.0186714391956193,0.1229946524064171,-0.0912596401028277,33157.8620384655,33157.8620384655,매매가>전세가,0.4368698230246769,0.0,0.4368698230246769,-0.02505972227777309,-0.0676960553198176,0.02505972227777309,0.0439285693768799,-0.0046351695480321455,0.4726931001425838,0.4726931001425837,0.45549113816105946,0.5411355290273148,0.06083129017934708,0.09191305041382646,0.18392304515562438,0.07060020780851302,0.6045651031472916,0.41129287544596177,0.3809526327953326,0,1,0,0,0,0.2,활발 관찰 구간,매수 검토 가능,선별 검토 가능,0.3961227541206472,안정,0,0
11290,성북구,2023-09,77295.10638297872,76000.0,1061.0130436737827,1007.0629667007312,188,42352.24395604395,42000.0,585.6921955072231,585.3821709315939,455,741,286,0.3859649122807017,0.5520122481051223,0.4479877518948777,0.0016133633758146,-0.012709907646726,0.0143232710225407,-0.1047619047619047,0.0480905233380482,34942.862426934764,34942.862426934764,매매가>전세가,0.4520708239122055,0.0,0.4520708239122055,0.040844685972356576,0.11834915156744308,0.040844685972356576,-0.022079410517909598,0.016609667528430638,0.48642765865238324,0.4864276586523834,0.4212725406720733,0.5357465151953356,0.05181364964758463,0.04843484689416787,0.2657113271970438,0.11519374960541072,0.6307456361579853,0.4248571953865485,0.3809449141094947,1,0,1,0,0,0.5,안정 정체 구간,매수 검토 가능,선별 검토 가능,0.4029010547480216,안정,0,0
11290,성북구,2023-10,77947.03676470589,74500.0,1055.2094935712314,1000.6671392410132,136,46398.21786492375,45100.0,622.476453371244,610.0217864923748,459,727,268,0.3686382393397524,0.58990793502487,0.4100920649751299,-0.0054698197511845,0.0628047601559123,-0.0682745799070968,-0.276595744680851,-0.0188933873144399,31548.81889978214,31548.81889978214,매매가>전세가,0.4047468667092079,0.0,0.4047468667092079,-0.01732667294094925,-0.044891834437914,0.01732667294094925,-0.0070831831269991,0.02473534576279825,0.4214358919570339,0.42143589195703385,0.41029504685868745,0.43337674856406455,0.13680006144865195,0.019028662163946625,0.2310160227872392,0.048753844047951626,0.5192467228415765,0.36524570197544887,0.3416323148916052,1,0,1,0,0,0.5,안정 정체 구간,거주 안정권,안정 관찰,0.35343900843352705,낮음,0,0
11290,성북구,2023-11,75856.7302631579,72250.0,1033.8273973719172,993.563980990916,152,46867.895074946464,47000.0,629.8124235400771,624.6758757248598,467,713,246,0.3450210378681627,0.6092046168839376,0.3907953831160624,-0.0202633660231288,0.0117851368177905,-0.0320485028409194,0.1176470588235294,-0.0192572214580467,28988.83518821143,28988.83518821143,매매가>전세가,0.38215244827512335,0.0,0.38215244827512335,-0.023617201471589744,-0.06406606518599156,0.023617201471589744,-0.014793546271944298,-0.0046891373260232894,0.3883417446458959,0.3883417446458959,0.3873680577117743,0.4782744670094286,0.05818645147589721,0.019395101325288083,0.18372442807906322,0.06652499337609052,0.5945782143986952,0.34904219317664376,0.32442858262929775,0,0,0,0,0,0.0,활발 관찰 구간,거주 안정권,안정 관찰,0.33673538790297075,낮음,0,0
11290,성북구,2023-12,72401.06481481482,73000.0,990.321058531457,946.8405760657758,108,49460.14734774067,49610.0,660.9762368894217,645.906579608237,509,868,359,0.4135944700460829,0.667436313905695,0.332563686094305,-0.042082787659775,0.049481102919783,-0.091563890579558,-0.2894736842105263,0.2173913043478261,22940.91746707415,22940.91746707415,매매가>전세가,0.3168588407608605,0.0,0.3168588407608605,0.06857343217792022,0.19875145180023224,0.06857343217792022,-0.021819421636646203,-0.046274818262728355,0.28847336450208183,0.2884733645020819,0.3535523901321872,0.4045125436034055,0.14316929507885237,0.21894780533361005,0.32103735087425095,0.19352924830013857,0.538919368520312,0.30940308222881874,0.29340698341468896,0,0,1,0,1,0.35,완만 정체 구간,거주 안정권,안정 관찰,0.30140503282175385,낮음,0,0
11290,성북구,2024-01,76506.88405797101,73900.0,1053.937414137618,1000.7658772239896,138,47250.49180327869,47000.0,652.7665814203317,626.8134067033517,488,846,358,0.4231678486997636,0.6193599094823448,0.3806400905176552,0.0642381125374609,-0.0124205001797416,0.0766586127172025,0.2777777777777777,-0.0253456221198156,29256.39225469232,29256.39225469232,매매가>전세가,0.3824020885823044,0.0,0.3824020885823044,0.009573378653680686,0.023146776243439637,0.009573378653680686,0.10632090019723589,0.04950140338544341,0.37092524000048854,0.37092524000048854,0.5183281700636673,0.6130034209179681,0.13738467709586838,0.02552709435456368,0.3402072912171994,0.026850286995007636,0.6303183202601156,0.3918681164687103,0.3793828824603791,0,0,0,0,0,0.0,활발 관찰 구간,매수 검토 가능,선별 검토 가능,0.3856254994645447,안정,0,0
11290,성북구,2024-02,75366.66666666667,74500.0,1041.500126378104,970.9309167941626,159,48632.63858093126,49000.0,652.5347960998465,637.9962192816635,451,741,290,0.3913630229419703,0.6265335736147108,0.3734664263852891,-0.0118007839864863,-0.0003550814748831,-0.0114457025116031,0.1521739130434782,-0.1241134751773049,26734.02808573541,26734.02808573541,매매가>전세가,0.35471952347282715,0.0,0.35471952347282715,-0.03180482575779331,-0.07515888991925457,0.03180482575779331,-0.0760388965239472,-0.010495860086920411,0.3586222803885182,0.3586222803885181,0.4004833393989599,0.503809076420265,0.07526291006121484,0.1250021158110326,0.27652062066433686,0.08965556072414217,0.6125034888711309,0.3515726207059907,0.32663127388142277,0,1,0,0,0,0.2,활발 관찰 구간,거주 안정권,안정 관찰,0.33910194729370674,낮음,0,0
11290,성북구,2024-03,74483.85650224215,72300.0,1013.6358040915592,974.7474747474748,223,47081.43771043771,47000.0,645.2794374296841,612.7017791917049,594,1047,453,0.4326647564469914,0.6365988995505112,0.3634011004494888,-0.0267540267934918,-0.0111187306999215,-0.0156352960935702,0.4025157232704401,0.4129554655870444,27402.41879180444,27402.41879180444,매매가>전세가,0.36789742205385884,0.0,0.36789742205385884,0.04130173350502114,0.10553305009386427,0.04130173350502114,-0.014953242807005501,-0.05820052788750215,0.3413600701449747,0.34136007014497477,0.37730885308951106,0.49861659607799563,0.19907817360306965,0.4159121872976914,0.3592241045641621,0.11648493840035487,0.6283962316565114,0.34963975674406506,0.3361713342647384,0,0,0,0,0,0.0,활발 관찰 구간,거주 안정권,안정 관찰,0.3429055455044017,낮음,0,0
11290,성북구,2024-04,76363.43173431735,75000.0,1044.2900356588923,984.3176509843177,271,48922.08055555555,48000.0,655.5302817380244,635.7566653649444,360,587,227,0.3867120954003407,0.6277281783354555,0.3722718216645445,0.030241859495883,0.0158858995246651,0.0143559599712179,0.2152466367713004,-0.4393505253104107,27441.351178761797,27441.351178761797,매매가>전세가,0.3593519902855517,0.0,0.3593519902855517,-0.045952661046650745,-0.10620846824689478,0.045952661046650745,0.0569958862893748,0.010078373267522443,0.35657351237256385,0.3565735123725638,0.46564088939465365,0.5357870290829227,0.10645772287966843,0.44249623312886227,0.2672075028260346,0.12962410905256047,0.5885233564632809,0.36818410514577793,0.35401738236311897,0,0,0,0,0,0.0,활발 관찰 구간,거주 안정권,선별 검토 가능,0.36110074375444845,낮음,0,0
11290,성북구,2024-05,76282.59541984733,76250.0,1055.3288527387997,1001.1017712754436,262,49031.108280254775,48000.0,673.7589033130736,636.2672322375397,471,745,274,0.3677852348993288,0.6384350257879599,0.3615649742120401,0.0105706429277017,0.0278074439623432,-0.0172368010346415,-0.033210332103321,0.2691652470187393,27251.48713959256,27251.48713959256,매매가>전세가,0.3572438377273962,0.0,0.3572438377273962,-0.01892686050101189,-0.04894302693433472,0.01892686050101189,-0.0196712165681813,-0.00299991271707745,0.33821108149356993,0.33821108149356993,0.4351545029343235,0.4966317298226259,0.01642532670814071,0.2710924444914271,0.22930794825820086,0.0532744772418699,0.5709209582996762,0.33713171821033444,0.31252237180454745,0,0,1,0,0,0.25,완만 정체 구간,거주 안정권,안정 관찰,0.324827045007441,낮음,0,0
11290,성북구,2024-06,82475.29691211402,81300.0,1147.2379745767996,1132.7374488346838,421,48822.20714285714,50000.0,672.1165901473785,649.3123214879797,420,674,254,0.3768545994065282,0.5858562957657613,0.4141437042342387,0.0870905041584684,-0.0024375383503199,0.0895280425087883,0.6068702290076335,-0.0953020134228187,33653.089769256876,33653.089769256876,매매가>전세가,0.4080384191295211,0.0,0.4080384191295211,0.009069364507199418,0.024659403495852494,0.009069364507199418,0.0765198612307667,0.04857129956752461,0.42838452423857454,0.4283845242385745,0.5537447311129597,0.6289534790564595,0.3001488136247141,0.09598436674088183,0.2474686397800622,0.02542641448302634,0.6155782779868869,0.41888649907100906,0.4340391890093947,0,1,0,0,0,0.2,활발 관찰 구간,매수 검토 가능,신중 투자 구간,0.42646284404020185,보통,0,0
11290,성북구,2024-07,82478.6012526096,80000.0,1102.3012032701206,1051.5122873345936,479,48977.31870669746,50000.0,674.7949750533361,667.2226855713094,433,717,284,0.3960948396094839,0.6121693172895654,0.3878306827104346,-0.0391695291670026,0.0039850004377519,-0.0431545296047546,0.1377672209026128,0.0637982195845696,33501.282545912145,33501.282545912145,매매가>전세가,0.4061815069257394,0.0,0.4061815069257394,0.019240240202955672,0.05105481061729189,0.019240240202955672,-0.126260033325471,-0.04365175347430389,0.38325723153251146,0.3832572315325114,0.3580673485213474,0.4645099276755546,0.06813757856916229,0.06425500874627296,0.28599571263671275,0.054159795137262004,0.6060952713546646,0.3490307579731885,0.31429210257485996,0,1,0,0,0,0.2,활발 관찰 구간,거주 안정권,안정 관찰,0.3316614302740242,낮음,0,0
11290,성북구,2024-08,80841.17647058824,78000.0,1112.296049484009,1081.0491493383745,374,49581.573113207545,49000.0,676.8962448318625,674.023466619897,424,644,220,0.3416149068322981,0.6085576273923411,0.3914423726076589,0.0090672551061701,0.0031139380941009,0.0059533170120691,-0.2192066805845511,-0.101813110181311,31259.603357380693,31259.603357380693,매매가>전세가,0.38667922365966073,0.0,0.38667922365966073,-0.05447993277718577,-0.13754264718747256,0.05447993277718577,0.0482367842731727,0.019292911821989195,0.3894513429540418,0.38945134295404193,0.4328245574544338,0.5253729978565326,0.1084163005057166,0.10254208233058053,0.17690391766995234,0.15371420236456487,0.6073814122803158,0.3715171167771176,0.35958134640842193,1,1,1,0,0,0.7,신중 정체 구간,거주 안정권,선별 검토 가능,0.36554923159276975,낮음,0,0
11290,성북구,2024-09,81578.2722513089,79000.0,1102.442856778743,1063.3270321361058,191,49244.857142857145,49000.0,677.9401764951573,658.5959088768515,336,547,211,0.3857404021937843,0.6149435975992885,0.3850564024007115,-0.0088584264142959,0.0015422329068379,-0.0104006593211338,-0.4893048128342245,-0.1506211180124224,32333.41510845175,32333.41510845175,매매가>전세가,0.39634836845828114,0.0,0.39634836845828114,0.04412549536148619,0.12916735914907784,0.04412549536148619,-0.017925681520466002,0.0022957439273888006,0.37849929221823375,0.37849929221823375,0.4050433954452835,0.5051042775220355,0.24200274136566338,0.15169955083828698,0.26526176334625623,0.12446224799746015,0.6097020663404196,0.3647441981885864,0.3632509228744411,1,1,1,0,0,0.7,신중 정체 구간,거주 안정권,선별 검토 가능,0.3639975605315138,낮음,0,0
11290,성북구,2024-10,75579.81651376147,75500.0,1029.7710636516035,961.7321248741188,218,48460.84222737819,48000.0,666.0272380022024,658.9785831960461,431,666,235,0.3528528528528528,0.646772143354317,0.353227856645683,-0.0659188752326638,-0.0175722562343818,-0.0483466189982819,0.1413612565445026,0.2175502742230346,27118.97428638328,27118.97428638328,매매가>전세가,0.3588123858629042,0.0,0.3588123858629042,-0.03288754934093152,-0.08525824402601678,0.03288754934093152,-0.05706044881836791,-0.0624192249117384,0.3239127788679479,0.32391277886794795,0.3166113003459673,0.45807497841765116,0.06991513410323774,0.2191079134179489,0.19940702368764665,0.09271432476651552,0.637924990837875,0.30737146609393295,0.28806543094864273,0,0,0,0,0,0.0,활발 관찰 구간,거주 안정권,안정 관찰,0.2977184485212878,낮음,0,0
11290,성북구,2024-11,79406.96026490066,78500.0,1094.1899158599333,1075.636192271442,151,49182.26119402985,49150.0,693.6929175489388,686.5296291046179,402,657,255,0.3881278538812785,0.6339785328799704,0.3660214671200296,0.0625564792818107,0.0415383605477182,0.0210181187340925,-0.3073394495412844,-0.0135135135135134,30224.699070870804,30224.699070870804,매매가>전세가,0.38063034990939804,0.0,0.38063034990939804,0.035275001028425734,0.09997085397843208,0.035275001028425734,0.1284753545144745,0.035568451427744854,0.3458540448727243,0.3458540448727243,0.5157219803987524,0.544043946546755,0.15200543172258468,0.013610268980197265,0.27004244820962364,0.09945902996028672,0.5506469860680976,0.36884205929517927,0.3657488188489713,0,0,1,0,0,0.25,완만 정체 구간,거주 안정권,선별 검토 가능,0.3672954390720753,안정,0,0
11290,성북구,2024-12,73368.87218045113,73400.0,1049.3354184170028,1042.535446205171,133,49146.07980049875,49000.0,682.2967306339085,666.9045292821106,401,716,315,0.4399441340782123,0.650217955725922,0.349782044274078,-0.0409933383526743,-0.0164282878298613,-0.0245650505228129,-0.119205298013245,0.0898021308980212,24222.792379952378,24222.792379952378,매매가>전세가,0.33015080728481544,0.0,0.33015080728481544,0.051816280196933795,0.13350312191915892,0.051816280196933795,-0.103549817634485,-0.026966167692055676,0.3180031503076961,0.3180031503076961,0.35524081506971417,0.4875492757215028,0.05895713295239915,0.09044510558225524,0.37380048767532703,0.14618921181228123,0.6362358986696396,0.3374190587212914,0.30332161189002504,0,0,1,0,0,0.25,완만 정체 구간,거주 안정권,안정 관찰,0.3203703353056582,낮음,0,0
11290,성북구,2025-01,79196.94871794872,79000.0,1104.1846860139597,1072.7788279773156,195,47619.41972477064,48000.0,658.3526747654153,650.5963845413387,436,727,291,0.4002751031636863,0.5962342016732988,0.4037657983267012,0.052270481520295,-0.0350933176042735,0.0873637991245686,0.4661654135338346,0.01536312849162,31577.52899317808,31577.52899317808,매매가>전세가,0.398721535417204,0.0,0.398721535417204,-0.039669030914526004,-0.090168336935875,0.039669030914526004,0.0932638198729693,0.021897068528481427,0.410586233869612,0.41058623386961196,0.4997807750441794,0.626271168467476,0.23055834532178823,0.015473127024972886,0.2943663627332753,0.11187244814571261,0.6637951874465502,0.4148247895494531,0.4146865671695348,0,0,0,0,0,0.0,활발 관찰 구간,매수 검토 가능,조건부 관찰,0.41475567835949395,보통,0,0
11290,성북구,2025-02,79979.72972972973,78700.0,1110.3777136046174,1059.322033898305,259,47252.295112781954,47000.0,662.5892462615919,641.7041122859464,532,867,335,0.3863898500576701,0.5967241940678272,0.4032758059321728,0.0056086881742711,0.0064351094156125,-0.0008264212413413,0.3282051282051281,0.1925722145804675,32727.43461694778,32727.43461694778,매매가>전세가,0.409196614286413,0.0,0.409196614286413,-0.013885253106016182,-0.03468927494183427,0.013885253106016182,-0.046661793346023904,-0.02109839350403992,0.40974588833226566,0.40974588833226566,0.4274644818475523,0.5169703552331313,0.16232528001481064,0.19395101325288133,0.26656223178659727,0.03903161077462321,0.6024776365760516,0.3770975539843574,0.36054998141211364,1,1,0,0,0,0.45,안정 정체 구간,거주 안정권,선별 검토 가능,0.36882376769823555,안정,0,0
11290,성북구,2025-03,83087.63796909493,80900.0,1168.956612405152,1141.5793809579852,453,47169.88644688645,47000.0,657.0879232943099,643.2144226805851,546,824,278,0.337378640776699,0.5621148948739322,0.4378851051260678,0.0527558308157771,-0.0083027652475815,0.0610585960633587,0.7490347490347491,-0.04959630911188,35917.75152220848,35917.75152220848,매매가>전세가,0.4322875508335952,0.0,0.4322875508335952,-0.049011209280971135,-0.12684393566149843,0.049011209280971135,0.047147142641506004,0.037339881268742076,0.4691014425266673,0.4691014425266674,0.5005329677791346,0.5936691398643564,0.37046122966700584,0.04995141395038988,0.16842112695410927,0.13826470532911675,0.624238402495519,0.42934962063817994,0.45242158139599437,0,1,0,0,0,0.2,활발 관찰 구간,매수 검토 가능,신중 투자 구간,0.4408856010170872,보통,0,0
11290,성북구,2025-04,81160.54913294797,80000.0,1139.1986186234285,1092.5241314386808,346,47672.250564334085,46000.0,652.6221247087086,639.1545042778057,443,728,285,0.3914835164835165,0.5728782619990503,0.4271217380009496,-0.0254568847687991,-0.0067963485970218,-0.0186605361717773,-0.2362030905077262,-0.1165048543689319,33488.298568613885,33488.298568613885,매매가>전세가,0.41261793970562183,0.0,0.41261793970562183,0.05410487570681749,0.16036840856984758,0.05410487570681749,-0.07821271558457621,-0.010677721035443491,0.4506420794193702,0.4506420794193701,0.3793191595147213,0.49486718713667277,0.11682246714642053,0.11733901800403164,0.2767618995363747,0.15265464192037906,0.6220141482621807,0.39939064585306955,0.36535083139105934,0,1,1,0,0,0.45,안정 정체 구간,매수 검토 가능,선별 검토 가능,0.38237073862206444,안정,0,0
11290,성북구,2025-05,82665.57894736843,80000.0,1149.593557978002,1102.6936026936028,475,48645.53177966102,48000.0,655.9905689543476,647.2491931794459,472,843,371,0.4400948991696323,0.5706282576149407,0.4293717423850592,0.0091247822676741,0.0051614006300237,0.0039633816376503,0.3728323699421965,0.157967032967033,34020.04716770741,34020.04716770741,매매가>전세가,0.41153824361851155,0.0,0.41153824361851155,0.04861138268611581,0.12417223366839414,0.04861138268611581,0.034581667036473196,-0.011690286781945777,0.4545008763401185,0.45450087634011843,0.4329137128593117,0.5229067203735496,0.18439723711942568,0.15909806184269193,0.37410238295314613,0.13713516937869133,0.604358293004891,0.4217472583881721,0.39161249587139674,1,1,0,0,0,0.45,안정 정체 구간,매수 검토 가능,조건부 관찰,0.40667987712978443,안정,0,0
11290,성북구,2025-06,88225.2655538695,86700.0,1199.6950053163732,1153.3482405554903,659,47889.60310421286,48000.0,681.3208692679374,669.0081953503931,451,773,322,0.4165588615782665,0.5679117327726686,0.4320882672273314,0.0435818789959936,0.0386138178083359,0.0049680611876576,0.3873684210526316,-0.0830367734282324,40335.66244965664,40335.66244965664,매매가>전세가,0.45718947057210124,0.0,0.45718947057210124,-0.0235360375913658,-0.05347946007957238,0.0235360375913658,0.034457096728319495,0.009692460307663561,0.459159764016306,0.4591597640163061,0.4863152075518002,0.524151895761479,0.19158654759642788,0.08363130879884026,0.32697331255307294,0.06629570017306549,0.5549651317592202,0.4204768487777587,0.3981668902251337,0,0,0,0,0,0.0,활발 관찰 구간,매수 검토 가능,조건부 관찰,0.4093218695014462,보통,0,0
11290,성북구,2025-07,82641.81034482758,81750.0,1115.220378559163,1040.521898607707,232,49753.66950959488,50000.0,663.5764298778331,647.7159053017673,469,728,259,0.3557692307692308,0.5950182068365334,0.4049817931634666,-0.0704134187296489,-0.0260441741776825,-0.0443692445519663,-0.6479514415781487,-0.0582147477360931,32888.1408352327,32888.1408352327,매매가>전세가,0.3979600724863733,0.0,0.3979600724863733,-0.06078963080903571,-0.1459328714763497,0.06078963080903571,-0.1139952977256425,-0.008860947144751628,0.4126716863091249,0.41267168630912493,0.30964567168050444,0.463004439527013,0.32046695847005907,0.05863155977238971,0.20524684186437406,0.17153950677154647,0.6504339466721589,0.35991199469928203,0.3641891068973607,0,0,1,0,0,0.25,완만 정체 구간,거주 안정권,선별 검토 가능,0.3620505507983214,낮음,0,0
11290,성북구,2025-08,73757.84730538922,78000.0,1122.5035112072242,1036.427355415348,334,48084.32786885246,48000.0,652.8082137416396,650.2639538095308,366,606,240,0.396039603960396,0.5815645182611152,0.4184354817388848,0.0065306667525846,-0.0162275446374368,0.0227582113900214,0.4396551724137931,-0.1675824175824175,25673.519436536764,25673.519436536764,매매가>전세가,0.34807848079184506,0.0,0.34807848079184506,0.04027037319116522,0.1131924003211131,0.04027037319116522,0.0769440854822335,0.00928259060278412,0.43574499781650433,0.43574499781650444,0.4288933612027863,0.5462005750437359,0.21744678202415035,0.1687822916939861,0.2858851075790708,0.1135712789106357,0.6359394973417611,0.4040822279942012,0.3915036816797671,1,0,0,0,0,0.25,완만 정체 구간,매수 검토 가능,조건부 관찰,0.3977929548369842,안정,0,0
11290,성북구,2025-09,90506.90625,88250.0,1254.6210194774153,1201.4887421019505,544,48631.38770685579,49500.0,658.710098794001,647.9736098020735,423,714,291,0.407563025210084,0.5250271504843528,0.4749728495156472,0.1176989710509699,0.0090407640837331,0.1086582069672368,0.6287425149700598,0.1782178217821781,41875.51854314421,41875.51854314421,매매가>전세가,0.46267760415403886,0.0,0.46267760415403886,0.01152342124968797,0.02909663865546208,0.01152342124968797,0.1111683042983853,0.027618160668296587,0.5327075736341158,0.5327075736341159,0.6011816319985105,0.6526629394018317,0.31096651462418123,0.17949384437250393,0.30895985536607623,0.03235928325837068,0.5986303354830693,0.4885623863895539,0.4870974705714733,0,1,0,0,0,0.2,활발 관찰 구간,신중 매수 구간,우선 점검 구간,0.4878299284805136,주의,0,1
11290,성북구,2025-10,92035.89494163424,90000.0,1270.404507257385,1217.200648073083,514,50901.72335025381,51000.0,684.3496227850554,665.3878138658965,394,620,226,0.364516129032258,0.5386863938813197,0.4613136061186803,0.0125802832368804,0.0389238362035082,-0.0263435529666278,-0.0551470588235294,-0.1316526610644257,41134.17159138043,41134.17159138043,매매가>전세가,0.44693618307798494,0.0,0.44693618307798494,-0.04304689617782598,-0.10562021948786171,0.04304689617782598,-0.10511868781408949,0.00255436358774286,0.5092817320081113,0.5092817320081111,0.4382690368473393,0.4853450430680216,0.027274899129326815,0.13259528154937383,0.22276182000885644,0.12141513564995719,0.5545073834147509,0.42760067355724113,0.37920417062030587,0,0,1,0,0,0.25,완만 정체 구간,매수 검토 가능,선별 검토 가능,0.4034024220887735,안정,0,0
11290,성북구,2025-11,91906.76328502416,90000.0,1211.4748665798804,1157.4275519972152,207,53590.720657276994,53250.0,707.6050338685983,700.18191608295,426,725,299,0.4124137931034483,0.5840856078725273,0.4159143921274727,-0.0463865173185861,0.0339817694191191,-0.0803682867377052,-0.5972762645914397,0.1693548387096775,38316.04262774717,38316.04262774717,매매가>전세가,0.4169012296616327,0.0,0.4169012296616327,0.04789766407119028,0.13140067134574318,0.04789766407119028,-0.0589668005554665,0.022215631116651598,0.43142128498369703,0.43142128498369714,0.3468824841228391,0.4183881025881417,0.29540378429251707,0.1705674031873124,0.3186731378442045,0.1351188682010822,0.5618044436022718,0.3758804311030243,0.36187402155047593,0,0,1,0,0,0.25,완만 정체 구간,거주 안정권,선별 검토 가능,0.36887722632675013,안정,0,0
11290,성북구,2025-12,89845.71865443425,87800.0,1182.124576874743,1106.2728021654702,327,54571.53333333333,54600.0,713.3398781668712,701.5796529093068,450,860,410,0.4767441860465116,0.6034388355690672,0.3965611644309328,-0.0242269076435702,0.0081045838056288,-0.0323314914491991,0.5797101449275361,0.186206896551724,35274.18532110092,35274.18532110092,매매가>전세가,0.39260841639848126,0.0,0.39260841639848126,0.06433039294306331,0.15598506650073873,0.06433039294306331,0.022159609675015898,-0.049473676982416295,0.3982301605710651,0.3982301605710652,0.38122537400059847,0.47792373781414266,0.28671584785224713,0.18754012015471963,0.44748970716300224,0.1815423884551333,0.600012624337861,0.3908906566195573,0.37237199458617143,0,1,0,0,1,0.30000000000000004,완만 정체 구간,매수 검토 가능,선별 검토 가능,0.3816313256028644,안정,0,0
11290,성북구,2026-01,95260.30303030302,93500.0,1214.1006609823685,1146.721204884796,363,54465.44416873449,53000.0,722.4429627087522,700.3501750875438,403,756,353,0.4669312169312169,0.5950437108931315,0.4049562891068685,0.0270496737257275,0.0127612163857626,0.0142884573399648,0.110091743119266,-0.1209302325581395,40794.85886156854,40794.85886156854,매매가>전세가,0.4282461588285246,0.0,0.4282461588285246,-0.009812969115294667,-0.02058330107110584,0.009812969115294667,0.0512765813692977,-0.014870393746916354,0.412627946405433,0.412627946405433,0.4606936504323445,0.5357033679642543,0.05444970688570196,0.1217960814786035,0.4278400057010142,0.02752714552131437,0.5931370134465348,0.40131024108443913,0.35461935550620804,0,0,0,0,0,0.0,활발 관찰 구간,매수 검토 가능,선별 검토 가능,0.3779647982953236,안정,0,0
11290,성북구,2026-02,94659.01960784312,90850.0,1231.751623429623,1154.093085229547,408,53838.35435435436,52500.0,725.4466871493096,695.5287437899219,333,592,259,0.4375,0.588955332674468,0.411044667325532,0.0145383023125713,0.0041577322994399,0.0103805700131314,0.1239669421487603,-0.2169312169312169,40820.66525348876,40820.66525348876,매매가>전세가,0.43123904539263264,0.0,0.43123904539263264,-0.02943121693121692,-0.06303116147308785,0.02943121693121692,-0.012511371413156199,0.0144552200783914,0.42306962166991346,0.4230696216699135,0.4413035683432086,0.5308600274999846,0.06131216994361069,0.21848442373502033,0.3689063007676063,0.08294996250640661,0.605840229315366,0.40254497653883703,0.3599989084952907,0,1,0,0,0,0.2,활발 관찰 구간,매수 검토 가능,선별 검토 가능,0.38127194251706387,안정,0,0
11290,성북구,2026-03,88616.18497109826,87950.0,1197.2980918176122,1128.139538595022,346,50906.855769230766,50000.0,708.9147922580783,658.8412155952499,416,711,295,0.4149085794655415,0.5920954832408346,0.4079045167591654,-0.027971168015253,-0.0227885731426998,-0.0051825948725531,-0.1519607843137255,0.2010135135135136,37709.3292018675,37709.3292018675,매매가>전세가,0.4255354618816666,0.0,0.4255354618816666,-0.022591420534458506,-0.05163753265019089,0.022591420534458506,-0.0425094703278243,-0.009326042439621665,0.4176842084583846,0.41768420845838466,0.3754225316444292,0.5115714196311344,0.07515749982303391,0.20245275108043612,0.32366875198000816,0.06362709598592299,0.6456269868038979,0.38062078171711994,0.34122459778759473,0,0,1,0,0,0.25,완만 정체 구간,거주 안정권,안정 관찰,0.3609226897523573,낮음,0,0
11290,성북구,2026-04,90530.7955801105,90000.0,1214.4142754815437,1173.070402858882,362,54943.61209964413,54000.0,764.3054241776995,747.7194556602362,281,460,179,0.3891304347826086,0.6293613634232309,0.3706386365767691,0.0142956743862736,0.0781343999653154,-0.0638387255790418,0.0462427745664739,-0.3530239099859352,35587.18348046637,35587.18348046637,매매가>전세가,0.3930947834096448,0.0,0.3930947834096448,-0.02577814468293288,-0.0621296978629331,0.02577814468293288,0.0422668424015266,-0.006124249529072307,0.3537725713467472,0.3537725713467473,0.44092754438446957,0.43887443848289953,0.022870975146595394,0.35555152747986785,0.27205003787704873,0.07262979749729476,0.4966122038796763,0.34332456664091326,0.3104744225665541,0,0,0,0,0,0.0,활발 관찰 구간,거주 안정권,안정 관찰,0.3268994946037337,낮음,0,0
11710,송파구,2023-06,153426.83333333334,148500.0,1977.5230964112925,1877.684799470031,300,66299.58296943232,60000.0,825.5079345928083,757.5757575757575,916,1501,585,0.3897401732178547,0.4174454073840643,0.5825545926159357,0.0236441788724659,0.0831654524104641,-0.0595212735379981,-0.0099009900990099,-0.4038919777601271,87127.25036390102,87127.25036390102,매매가>전세가,0.5678749177766668,0.0,0.5678749177766668,-0.18571653845807856,-0.3227289467477169,0.18571653845807856,,0.0048317838922605945,0.717212147018941,0.7172121470189411,0.4554158257576301,0.44422538348823454,0.0048968795796547155,0.40678380576318285,0.2732709912991696,0.5244660883965903,0.4891837545890294,0.5733259628659262,0.48413363408240956,0,0,1,1,1,0.55,안정 정체 구간,우선 점검 구간,우선 점검 구간,0.5287297984741679,높음,0,1
11710,송파구,2023-07,152897.02898550723,145500.0,1923.792092795672,1834.154303163944,276,65475.35331905782,60000.0,836.1199220921588,763.2448673009515,934,1597,663,0.4151534126487163,0.434620729143918,0.565379270856082,-0.0271708602104971,0.0128551005443515,-0.0400259607548487,-0.0799999999999999,0.0639573617588273,87421.67566644942,87421.67566644942,매매가>전세가,0.5717683086879074,0.0,0.5717683086879074,0.0254132394308616,0.06520559382174929,0.0254132394308616,-0.050815039082963004,-0.02648620188079238,0.6877561694271408,0.6877561694271408,0.37666284603670075,0.4683873997822751,0.03956678700361006,0.06441529036330577,0.3241590112380216,0.07159891659538101,0.5929983916136525,0.5102114143697571,0.4228196181733741,0,0,1,1,0,0.45,안정 정체 구간,신중 매수 구간,신중 투자 구간,0.4665155162715656,주의,0,0
11710,송파구,2023-08,161141.1439114391,164000.0,2040.581522464366,1917.30576858953,271,68272.8726042841,60900.0,861.9247119461706,783.7707681194318,887,1385,498,0.3595667870036101,0.4223917067058623,0.5776082932941377,0.0607079268628112,0.0308625463551237,0.0298453805076874,-0.0181159420289854,-0.1327489041953663,92868.27130715501,92868.27130715501,매매가>전세가,0.5763163215360696,0.0,0.5763163215360696,-0.05558662564510619,-0.13389417972131912,0.05558662564510619,0.0878787870733083,0.03237998342105486,0.7087291570626317,0.7087291570626318,0.5128570999658384,0.554984239999739,0.00895987024538267,0.13369937367647872,0.21285115055157455,0.15684068118433386,0.5664100386760123,0.5515099626997433,0.47865152162027735,0,0,1,1,0,0.45,안정 정체 구간,우선 점검 구간,우선 점검 구간,0.5150807421600103,높음,0,1
11710,송파구,2023-09,157665.16853932585,154000.0,1982.2964298508632,1819.322459222083,267,68353.64129301356,63000.0,851.7153916979976,778.2101167315175,959,1522,563,0.3699080157687253,0.4296609623425875,0.5703390376574125,-0.0285629816656934,-0.0118447935262478,-0.0167181881394455,-0.014760147601476,0.0989169675090253,89311.5272463123,89311.5272463123,매매가>전세가,0.5664632719688855,0.0,0.5664632719688855,0.010341228765115174,0.02876024465800109,0.010341228765115174,-0.0892709085285046,-0.013566677513077365,0.6962622563466903,0.6962622563466904,0.37450534080382764,0.4972744860257916,0.007300145203618094,0.09962520355324266,0.23355865055459835,0.02901951314595254,0.629468277902499,0.505155918567843,0.4220447281824034,0,0,1,1,0,0.45,안정 정체 구간,신중 매수 구간,신중 투자 구간,0.46360032337512325,주의,0,0
11710,송파구,2023-10,168837.5816993464,167000.0,1990.5364912767263,1859.845456967759,153,68179.91056137012,64000.0,851.7964694788145,781.1717392283309,1051,1779,728,0.4092186621697583,0.4279230615523526,0.5720769384476474,0.0041568260436624,9.519351371034546e-05,0.004061632529952,-0.4269662921348315,0.1688567674113008,100657.67113797627,100657.67113797627,매매가>전세가,0.5961804837812714,0.0,0.5961804837812714,0.03931064640103299,0.10627140998645146,0.03931064640103299,0.0327198077093558,0.034361991557645154,0.6992427866360027,0.6992427866360028,0.4252143907132576,0.52302849013878,0.2111710542327506,0.1700657657459879,0.31227513860041634,0.11085998875137801,0.6118386488687495,0.5341713381809865,0.47714520850305886,1,1,1,1,0,0.8999999999999999,거래 위축 정체 구간,우선 점검 구간,우선 점검 구간,0.5056582733420227,높음,0,1
11710,송파구,2023-11,163421.75925925927,145000.0,1955.0733270615983,1906.778595233604,108,72443.02413127413,68000.0,906.9236548731656,824.3780369283497,1036,1696,660,0.3891509433962264,0.4638821686735594,0.5361178313264405,-0.0178158824872292,0.0647187296139903,-0.0825346121012196,-0.2941176470588235,-0.0466554243957278,90978.73512798514,90978.73512798514,매매가>전세가,0.5567112699090002,0.0,0.5567112699090002,-0.020067718773531862,-0.04903910947543022,0.020067718773531862,-0.0219727085308916,-0.00224165379012369,0.6375722882084707,0.6375722882084708,0.391161159611299,0.4157032116446801,0.145466128689743,0.046989472780422745,0.27209110476824694,0.05649747553596249,0.516420708758402,0.4726746578230531,0.4119928419812183,0,0,1,1,0,0.45,안정 정체 구간,신중 매수 구간,조건부 관찰,0.4423337499021357,보통,0,0
11710,송파구,2023-12,156372.92857142858,156500.0,1985.3822583295685,1865.2972079570277,140,64319.89199491741,59000.0,818.0487126355144,727.7137659187387,1574,2613,1039,0.397627248373517,0.4120358732951468,0.5879641267048532,0.0155027081841083,-0.097996057066215,0.1134987652503234,0.2962962962962963,0.540683962264151,92053.03657651116,92053.03657651116,매매가>전세가,0.5886762972176661,0.0,0.5886762972176661,0.008476304977290572,0.021781535214370873,0.008476304977290572,0.0333185906713375,0.011310677581154949,0.7264895927130117,0.7264895927130118,0.44279820137733655,0.6586622095550803,0.14654365556892632,0.5445552078173549,0.28906424106854617,0.023750983012498877,0.7566723369953247,0.559745380404473,0.49892008627262635,0,0,0,1,0,0.2,활발 관찰 구간,우선 점검 구간,우선 점검 구간,0.5293327333385497,높음,0,1
11710,송파구,2024-01,155223.22274881517,145000.0,1947.9919733589177,1868.5352018685353,211,67741.51830282861,61700.0,871.7811306553485,805.065961704142,1202,2117,915,0.4322153991497402,0.4475280917878416,0.5524719082121583,-0.0188327889069128,0.0656836410715981,-0.084516429978511,0.5071428571428571,-0.1898201301186376,87481.70444598656,87481.70444598656,매매가>전세가,0.5635864460020323,0.0,0.5635864460020323,0.034588150776223237,0.08698636956522754,0.034588150776223237,-0.0343354970910211,-0.03356949805893029,0.6656198164595157,0.6656198164595156,0.3895851614010708,0.4132469947901178,0.2508251676121712,0.19117922412903357,0.35832430179937097,0.09751863364247244,0.5149959977439669,0.4988190252026205,0.4409090055051412,0,0,0,1,0,0.2,활발 관찰 구간,신중 매수 구간,신중 투자 구간,0.4698640153538809,주의,0,0
11710,송파구,2024-02,165891.62162162163,168500.0,2055.679320803942,1999.6887643946463,185,64112.05416666667,61000.0,838.4727979690149,789.8109623830312,960,1758,798,0.4539249146757679,0.4078811269265004,0.5921188730734996,0.0552812069648005,-0.0382072191231009,0.0934884260879015,-0.1232227488151659,-0.1695795937647615,101779.56745495496,101779.56745495496,매매가>전세가,0.6135304873147942,0.0,0.6135304873147942,0.02170951552602768,0.050228463790820355,0.02170951552602768,0.0741139958717133,0.05658613086436639,0.7336150554930176,0.7336150554930178,0.5044467873931873,0.6338618820984406,0.060944103204612736,0.17079376746713448,0.40179590493587275,0.06113565738553848,0.6683929251527,0.5838469844023941,0.4996821845401276,0,0,1,1,0,0.45,안정 정체 구간,우선 점검 구간,우선 점검 구간,0.5417645844712609,높음,1,1
11710,송파구,2024-03,158868.5628742515,152750.0,1968.6335756938952,1838.7902350762488,334,66059.5771632471,62000.0,864.4321756128194,788.4208048952694,1121,2065,944,0.4571428571428571,0.4391026274699842,0.5608973725300158,-0.0423440291630723,0.0309603098713331,-0.0733043390344054,0.8054054054054054,0.1746302616609782,92808.98571100441,92808.98571100441,매매가>전세가,0.5841872301977394,0.0,0.5841872301977394,0.0032179424670891743,0.00708915145005351,0.0032179424670891743,-0.0976252361278728,-0.07379053025708265,0.680069635311086,0.6800696353110861,0.3531475189132977,0.4271429874882139,0.39834130159039904,0.1758805976633241,0.4082395824872065,0.00889576934720743,0.566265688894221,0.49879192879921114,0.4547232458124631,0,0,0,1,0,0.2,활발 관찰 구간,신중 매수 구간,신중 투자 구간,0.4767575873058371,주의,0,0
11710,송파구,2024-04,158072.19444444444,147500.0,1974.5415412017612,1835.2056299162384,360,68525.0671378092,65000.0,871.6640212075592,790.5511439393046,849,1405,556,0.395729537366548,0.44145134605628,0.5585486539437199,0.0030010488395655,0.0083660069566626,-0.0053649581170971,0.0778443113772455,-0.3196125907990315,89547.12730663524,89547.12730663524,매매가>전세가,0.5664951234551704,0.0,0.5664951234551704,-0.061413319776309094,-0.13434163701067614,0.061413319776309094,0.0453450780026378,-0.017162437388795058,0.6760415418049086,0.6760415418049085,0.4234231710200571,0.5113454030631974,0.0385006160963272,0.32190098643721066,0.28526422352951714,0.17330146838061328,0.599626627840701,0.5240926262059555,0.4466734937008794,1,1,0,1,0,0.65,신중 정체 구간,우선 점검 구간,신중 투자 구간,0.48538305995341746,주의,0,1
11710,송파구,2024-05,161688.876146789,160250.0,2002.7122236413045,1903.1101892570596,436,69917.41928721174,65000.0,886.6657829163929,800.376647834275,954,1600,646,0.40375,0.4427324966860537,0.5572675033139463,0.0142669484797963,0.0172104863156459,-0.0029435378358495,0.211111111111111,0.1387900355871887,91771.45685957726,91771.45685957726,매매가>전세가,0.5675805228323975,0.0,0.5675805228323975,0.008020462633452019,0.020267535971223216,0.008020462633452019,0.0112658996402308,0.0006963928350171497,0.6738443460393804,0.6738443460393804,0.4408830250694971,0.5143464524406044,0.10441235459285995,0.13978375899234755,0.3013245712675657,0.022463198953816776,0.5865675776446065,0.5125853716683437,0.4447995897001141,0,0,0,1,0,0.2,활발 관찰 구간,신중 매수 구간,신중 투자 구간,0.47869248068422887,주의,0,0
11710,송파구,2024-06,161524.66393442624,154100.0,2017.551362893744,1919.38580991202,610,71087.07709251101,65000.0,908.4362939310488,825.1941681877746,908,1452,544,0.3746556473829201,0.4502667494066135,0.5497332505933865,0.0074095214865463,0.0245532323837389,-0.0171437108971925,0.3990825688073394,-0.0925,90437.58684191522,90437.58684191522,매매가>전세가,0.559899551183279,0.0,0.559899551183279,-0.029094352617079877,-0.07206031607945484,0.029094352617079877,-0.006857426993249999,-0.031109683104397497,0.6609229706840427,0.6609229706840428,0.4302554073664885,0.4967471034738658,0.19738018746066965,0.09316229116945106,0.24306541071804594,0.08199829906498177,0.5757258666078787,0.5020182329463773,0.4545303999330845,1,0,0,1,0,0.45,안정 정체 구간,신중 매수 구간,신중 투자 구간,0.47827431643973084,주의,0,0
11710,송파구,2024-07,171028.48021828104,157000.0,2056.9157595002093,1969.621098314138,733,73728.97529538131,68000.0,916.8110850806232,842.7642667950879,931,1575,644,0.4088888888888889,0.4457212605067456,0.5542787394932543,0.0195109761914591,0.0092189085855811,0.0102920676058779,0.201639344262295,0.084710743801653,97299.50492289972,97299.50492289972,매매가>전세가,0.5689082005448324,0.0,0.5689082005448324,0.03423324150596879,0.09137254901960778,0.03423324150596879,0.012101454704912801,0.01502875188415781,0.6687185637477633,0.6687185637477633,0.4490102018952064,0.530750339769918,0.09972776232467297,0.08531726464032831,0.3116147934548147,0.0965159920347107,0.5983673015726076,0.5221364416726028,0.45461436919691406,0,1,0,1,0,0.4,완만 정체 구간,신중 매수 구간,신중 투자 구간,0.48837540543475844,주의,0,1
11710,송파구,2024-08,169564.5299145299,152000.0,2015.0856964410525,1828.163486486417,468,73480.78034682081,66000.0,900.5269747788323,832.2729559376202,865,1668,803,0.4814148681055156,0.4468926440048181,0.5531073559951819,-0.0203363034513969,-0.0177616856588934,-0.0025746177925034,-0.3615279672578445,0.059047619047619,96083.74956770909,96083.74956770909,매매가>전세가,0.5666500512586018,0.0,0.5666500512586018,0.07252597921662668,0.17737331873631534,0.07252597921662668,-0.039847279642856004,-0.010110646735577806,0.6667096205353409,0.666709620535341,0.3872550195263679,0.5148036829655863,0.17880625095424077,0.05947039436299574,0.45684238187388526,0.20469544893164476,0.6382046871617522,0.5348173987220165,0.4610505902220608,0,0,1,1,1,0.55,안정 정체 구간,우선 점검 구간,신중 투자 구간,0.4979339944720387,높음,0,1
11710,송파구,2024-09,169452.79487179487,150000.0,2034.7029841415497,1871.3450292397663,195,70298.26988636363,63750.0,895.0016812937731,809.5645746285195,704,1234,530,0.4294975688816855,0.4398684664392814,0.5601315335607185,0.0097352126190684,-0.0061356224075532,0.0158708350266216,-0.5833333333333333,-0.2601918465227818,99154.52498543124,99154.52498543124,매매가>전세가,0.5851454091415246,0.0,0.5851454091415246,-0.05191729922383009,-0.10784315704277536,0.05191729922383009,0.0300715160704653,0.0208893829607531,0.6787562080673952,0.6787562080673952,0.4338597558015577,0.5376645283659164,0.2885078219013237,0.2620547953045678,0.352882059725217,0.1464745970868592,0.6210385728637962,0.5350424123400265,0.4897931626509677,1,1,1,1,0,0.8999999999999999,거래 위축 정체 구간,우선 점검 구간,우선 점검 구간,0.512417787495497,높음,0,1
11710,송파구,2024-10,172232.9457364341,161500.0,2062.5787963971784,1892.3394000078663,258,70256.04187437687,65000.0,890.9710123591325,808.8830061033899,1003,1740,737,0.4235632183908046,0.4319694422901279,0.5680305577098721,0.0137001874341819,-0.0045035322490277,0.0182037196832097,0.323076923076923,0.4100486223662885,101976.90386205724,101976.90386205724,매매가>전세가,0.5920870912706283,0.0,0.5920870912706283,-0.005934350490880924,-0.013816959444805765,0.005934350490880924,0.003964974815113499,0.017199837755107306,0.6923031728106361,0.6923031728106361,0.4400046606731023,0.5405558488444121,0.15978894751457923,0.4129845313569778,0.340998988032383,0.016569797434326326,0.6186287591891124,0.5289925413796162,0.46404353425784506,0,1,0,1,0,0.4,완만 정체 구간,우선 점검 구간,신중 투자 구간,0.4965180378187306,높음,0,1
11710,송파구,2024-11,180953.5517241379,180000.0,2164.6518456735585,2011.6616102360256,290,71546.75734597156,65100.0,896.9477771652603,824.0141259564449,1055,1766,711,0.4026047565118912,0.4143612188528007,0.5856387811471992,0.0494880726276623,0.0067081473170518,0.0427799253106104,0.1240310077519379,0.0149425287356321,109406.79437816635,109406.79437816635,매매가>전세가,0.604612583371428,0.0,0.604612583371428,-0.02095846187891337,-0.04948130755672897,0.02095846187891337,0.0357878851934804,0.02250004477359645,0.7225015843602629,0.7225015843602629,0.4954686069330994,0.5710150000988717,0.061343855819550513,0.015049515814884834,0.2990313109527493,0.05901388233097836,0.602074490668236,0.5570278525632999,0.4812752425385166,0,1,0,1,0,0.4,완만 정체 구간,우선 점검 구간,우선 점검 구간,0.5191515475509083,높음,0,1
11710,송파구,2024-12,184379.3795620438,180600.0,2242.4939933992655,2141.395195115905,274,73886.60506329114,70000.0,927.5059259212472,860.8490566037736,1185,1986,801,0.4033232628398791,0.4136046422649699,0.58639535773503,0.0359605854776547,0.0340690389495847,0.0018915465280699,-0.0551724137931034,0.1245753114382786,110492.77449875265,110492.77449875265,매매가>전세가,0.5992686099780034,0.0,0.5992686099780034,0.0007185063279879222,0.0017846444096014658,0.0007185063279879222,-0.013527487150007601,0.04998775613827332,0.7237991264575363,0.7237991264575362,0.4745037520313768,0.5203389383516311,0.027287439312834533,0.12546725877554551,0.30047006355429445,0.0018347008459263878,0.5616755883997571,0.5413564432262414,0.4565748183182571,0,0,1,1,0,0.45,안정 정체 구간,우선 점검 구간,신중 투자 구간,0.49896563077224926,높음,0,1
11710,송파구,2025-01,175170.7121661721,177000.0,2181.913394024196,2029.372496662216,337,63886.1308623298,57100.0,818.1013807847152,741.4381649121827,1322,2002,680,0.3396603396603396,0.374946770584627,0.625053229415373,-0.0270148323934812,-0.1179556292622774,0.0909407968687961,0.22992700729927,0.0080563947633434,111284.58130384231,111284.58130384231,매매가>전세가,0.6352921668679092,0.0,0.6352921668679092,-0.06366292317953953,-0.15784589941893323,0.06366292317953953,-0.06297541787113589,-0.05738824538529477,0.79009805336466,0.79009805336466,0.37690465743212825,0.6307044124344297,0.11371841155234652,0.00811407778074204,0.17299005011721277,0.17965674326938755,0.786143043480292,0.5814550665009738,0.5130795687107333,0,0,0,1,1,0.30000000000000004,완만 정체 구간,우선 점검 구간,우선 점검 구간,0.5472673176058536,높음,1,1
11710,송파구,2025-02,190039.00403768505,195000.0,2348.7189585617616,2202.9372496662218,743,71545.65511551154,68000.0,913.1753504585422,839.9106917537936,1212,2214,1002,0.4525745257452574,0.3887971982044736,0.6112028017955263,0.0764492142513131,0.1162129436606413,-0.0397637294093282,1.2047477744807122,0.1058941058941058,118493.3489221735,118493.3489221735,매매가>전세가,0.6235212056714214,0.0,0.6235212056714214,0.11291418608491782,0.33243264785589055,0.11291418608491782,0.1034640466447943,0.04974213257300208,0.766344327448405,0.766344327448405,0.5372528951646587,0.4687124029311731,0.5958499823243956,0.10665229758308507,0.3990918569530103,0.3187947415198762,0.44038847455338637,0.6058556182858659,0.5906705457267551,0,0,0,1,1,0.30000000000000004,완만 정체 구간,우선 점검 구간,우선 점검 구간,0.5982630820063105,높음,1,1
11710,송파구,2025-03,187129.87394957984,170000.0,2265.009456074376,2026.156338821444,952,70837.3815073815,65500.0,911.2811449932724,832.2091062394604,1287,2049,762,0.3718887262079063,0.4023299516694594,0.5976700483305406,-0.0356404933771408,-0.0020743063906825,-0.0335661869864583,0.2812920592193808,-0.0745257452574525,116292.49244219833,116292.49244219833,매매가>전세가,0.621453378809693,0.0,0.621453378809693,-0.08068579953735111,-0.1782817965825303,0.08068579953735111,-0.1120897076284539,-0.05105644292417583,0.7431354182708354,0.7431354182708355,0.36353663653153023,0.47639348620847355,0.1391227874117515,0.07505934247886623,0.23752486795070615,0.22774746828169634,0.6150419587530236,0.5440844611696585,0.47172658588272554,0,1,0,1,1,0.5,안정 정체 구간,우선 점검 구간,우선 점검 구간,0.507905523526192,높음,0,1
11710,송파구,2025-04,184611.9708029197,158000.0,2221.890650191837,1906.4991614934245,137,66118.96325459318,64417.0,822.8349257436965,791.120557326721,1143,1863,720,0.3864734299516908,0.3703309727113049,0.6296690272886951,-0.0190369209130238,-0.0970570056623181,0.0780200847492942,-0.85609243697479,-0.0907759882869692,118493.00754832652,118493.00754832652,매매가>전세가,0.6418489929606045,0.0,0.6418489929606045,0.01458470374378451,0.0392179238464756,0.01458470374378451,0.016603572464117,-0.004257757179668193,0.7980142275491029,0.798014227549103,0.3892687982922793,0.6146907962265455,0.4234103388647878,0.09142593569713842,0.2667295939729484,0.04100760399536731,0.7552858088660293,0.5803747727492068,0.547709209775206,0,0,1,1,0,0.45,안정 정체 구간,우선 점검 구간,우선 점검 구간,0.5640419912622063,높음,1,1
11710,송파구,2025-05,191306.4734299517,175000.0,2300.980845718538,1978.894965977312,414,72642.5326923077,67000.0,899.6374044566171,827.51617188352,1040,2190,1150,0.5251141552511416,0.3909799623628258,0.6090200376371742,0.0355958991590665,0.0933388658041036,-0.057742966645037,2.021897810218978,0.1755233494363928,118663.940737644,118663.940737644,매매가>전세가,0.6202818891076035,0.0,0.6202818891076035,0.13864072529945076,0.3587328767123288,0.13864072529945076,0.054632820072090305,0.014780830109446627,0.7626008486923392,0.7626008486923392,0.47393856237944354,0.44642937378074576,1.0,0.17678007986195168,0.5443467790063385,0.3914738761666331,0.4741625067822587,0.6129376802874951,0.6401312718910199,0,0,0,1,1,0.30000000000000004,완만 정체 구간,우선 점검 구간,우선 점검 구간,0.6265344760892575,높음,1,1
11710,송파구,2025-06,195309.71574344023,170000.0,2371.819419982295,2061.1394525080677,686,75086.11012235818,70000.0,957.3695555936224,876.3144717075614,899,1458,559,0.3834019204389575,0.4036435267912466,0.5963564732087534,0.0307862511743925,0.0641726887421669,-0.0333864375677743,0.6570048309178744,-0.3342465753424657,120223.60562108205,120223.60562108205,매매가>전세가,0.6155536357392909,0.0,0.6155536357392909,-0.1417122348121841,-0.2698693862945071,0.1417122348121841,-0.004809647984674002,-0.0031031675139375353,0.7408826139336875,0.7408826139336876,0.4664845858197987,0.47661626326424056,0.3249446275658801,0.3366397489129368,0.2605791369345381,0.40015108889171797,0.5172269489976331,0.5779794569120752,0.5366858877176522,0,0,0,1,1,0.30000000000000004,완만 정체 구간,우선 점검 구간,우선 점검 구간,0.5573326723148637,높음,1,1
11710,송파구,2025-07,181667.8859223301,153750.0,2220.754712925103,1940.6307191641577,412,74632.47201946472,70000.0,950.0227057200292,873.379902246284,822,1502,680,0.4527296937416777,0.4277927229832112,0.5722072770167888,-0.0636914875493851,-0.0076739957215767,-0.0560174918278083,-0.3994169096209913,0.0301783264746227,107035.41390286539,107035.41390286539,매매가>전세가,0.5891818103097598,0.0,0.5891818103097598,0.06932777330272022,0.18082270746934892,0.06932777330272022,-0.0944777387237776,-0.002139015964487824,0.6994663195645648,0.6994663195645648,0.32006329842011044,0.44856788528412983,0.19754554735767438,0.030394400411195174,0.39940256870297,0.19566031069145912,0.6233100117481845,0.5245341252773613,0.4477373117612428,0,1,1,1,1,0.75,신중 정체 구간,우선 점검 구간,신중 투자 구간,0.48613571851930204,주의,0,1
11710,송파구,2025-08,163335.15151515152,136000.0,2038.7382824040435,1757.0028121292378,165,72968.08469539376,69000.0,935.1581905935976,859.0256530948458,673,1193,520,0.4358759430008382,0.4586945752992266,0.5413054247007734,-0.0819615194157635,-0.0156464840649946,-0.0663150353507688,-0.5995145631067962,-0.2057256990679095,90367.06681975776,90367.06681975776,매매가>전세가,0.5532615972831483,0.0,0.5532615972831483,-0.0168537507408395,-0.0372269611952073,0.0168537507408395,-0.018270031866378406,-0.07920959556556398,0.6464691016904105,0.6464691016904105,0.291748463382307,0.43580536040659007,0.29651081280011216,0.20719867543355083,0.3656542539287915,0.04741780829232226,0.6350815498160216,0.4736748306356512,0.42099335309867214,0,0,1,1,0,0.45,안정 정체 구간,신중 매수 구간,조건부 관찰,0.44733409186716167,주의,0,0
11710,송파구,2025-09,183724.74424552429,165000.0,2366.114735544853,2141.940216394645,391,76603.0616966581,73000.0,939.5295584664613,876.4225447219026,778,1373,595,0.4333576110706482,0.3970769229202711,0.6029230770797289,0.1605779692108262,0.0046744688939619,0.1559035003168642,1.3696969696969696,0.1508801341156747,107121.68254886619,107121.68254886619,매매가>전세가,0.5830552819042815,0.0,0.5830552819042815,-0.002518331930190021,-0.0057776346013782565,0.002518331930190021,0.2425394886265897,0.0704971588281529,0.7521444545665544,0.7521444545665545,0.6676353617107662,0.711217606383995,0.6774313532436276,0.1519604214721115,0.36061149163849765,0.006919324401092802,0.6050772574261086,0.6196532541014504,0.6413277881438998,0,1,0,1,0,0.4,완만 정체 구간,우선 점검 구간,우선 점검 구간,0.6304905211226751,높음,1,1
11710,송파구,2025-10,200872.12101910828,180000.0,2403.9196713603646,2068.8550184268147,628,78106.15162454874,75000.0,976.5857263817452,920.0401472064236,831,1510,679,0.4496688741721854,0.4062472377993815,0.5937527622006185,0.015977642693141,0.0394411943523826,-0.0234635516592416,0.6061381074168799,0.099781500364166,122765.96939455954,122765.96939455954,매매가>전세가,0.6111647986376428,0.0,0.6111647986376428,0.016311263101537188,0.03763926762758074,0.016311263101537188,-0.1446003265176852,0.00595172304400346,0.7364172039586374,0.7364172039586374,0.44353425331065405,0.48891444661080913,0.2997867173866879,0.1004959263810932,0.3932735174379667,0.0458852456785844,0.553743493788094,0.5519917832791933,0.4937922935456774,0,0,0,1,0,0.2,활발 관찰 구간,우선 점검 구간,우선 점검 구간,0.5228920384124354,높음,0,1
11710,송파구,2025-11,175468.3407572383,153000.0,2248.961142938145,1988.4026838337763,449,82283.85225048923,80000.0,1028.185853925755,974.8902880810352,1022,1779,757,0.4255199550309162,0.4571825783448114,0.5428174216551886,-0.0644607764012886,0.0528372739331226,-0.1172980503344113,-0.2850318471337579,0.1781456953642384,93184.48850674907,93184.48850674907,매매가>전세가,0.5310615470837013,0.0,0.5310615470837013,-0.024148919141269154,-0.05370378189000946,0.024148919141269154,-0.0804384190944296,0.004141372033949098,0.6490622029452718,0.6490622029452721,0.3188710570985091,0.37261825217928185,0.14097242980983693,0.17942120153629737,0.34491719977504504,0.06802713013014174,0.5339639150729181,0.46954893085482324,0.39341821037089314,0,0,1,1,0,0.45,안정 정체 구간,신중 매수 구간,조건부 관찰,0.4314835706128582,보통,0,0
11710,송파구,2025-12,181011.72413793104,155000.0,2333.9646483743027,2038.770053475936,319,70752.5752895753,64000.0,907.2062539190168,826.6512358435976,1295,2583,1288,0.4986449864498645,0.3886975128568983,0.6113024871431016,0.0377967870645845,-0.117663163274248,0.1554599503388326,-0.2895322939866369,0.4519392917369309,110259.14884835575,110259.14884835575,매매가>전세가,0.6091271124755334,0.0,0.6091271124755334,0.07312503141894827,0.17184865375734337,0.07312503141894827,0.1022575634658731,0.012550017725738404,0.7665152895651831,0.7665152895651831,0.4773494911855459,0.7106678813338956,0.14319828258544856,0.45517513392120484,0.49134434327244747,0.2063878100887324,0.7857112116150904,0.6312334659966258,0.548002349248393,0,0,1,1,1,0.55,안정 정체 구간,우선 점검 구간,우선 점검 구간,0.5896179076225094,높음,1,1
11710,송파구,2026-01,190908.0316091954,169000.0,2499.0532234760517,2202.4643320363166,348,75442.22532402791,70000.0,975.0736138339388,906.0955518945634,1003,1967,964,0.4900864260294865,0.3901772097825362,0.6098227902174638,0.0707331086684366,0.0748091843742739,-0.0040760757058373,0.0909090909090908,-0.2384823848238482,115465.80628516749,115465.80628516749,매매가>전세가,0.6048242460617664,0.0,0.6048242460617664,-0.008558560420378003,-0.01716363475608418,0.008558560420378003,0.0329363216038521,0.028813041195792748,0.7639775834253117,0.7639775834253119,0.5283940936134878,0.5129428125620016,0.04496225795864779,0.24018989593237217,0.4742064968949737,0.023983359951104087,0.5015219510285733,0.588008313323587,0.4848022101228646,0,0,0,1,0,0.2,활발 관찰 구간,우선 점검 구간,우선 점검 구간,0.5364052617232258,높음,1,1
11710,송파구,2026-02,192564.47811447812,177500.0,2445.1816191481366,2146.464646464646,297,74962.1675,71200.0,949.2730619827958,891.607522829172,800,1443,643,0.4455994455994456,0.3882219032521223,0.6117780967478776,-0.0215568055221259,-0.0264601066884546,0.0049033011663287,-0.146551724137931,-0.266395526182003,117602.31061447812,117602.31061447812,매매가>전세가,0.6107165338384187,0.0,0.6107165338384187,-0.0444869804300409,-0.0907737453380606,0.0444869804300409,-0.0922899141905625,-0.0216398877563058,0.7673309683662332,0.7673309683662332,0.3853634894486571,0.5240716337668162,0.07248226067471678,0.2683028927179123,0.3851248057039626,0.12548346666007137,0.6510480793210008,0.571141579901841,0.47387354933849096,0,0,1,1,0,0.45,안정 정체 구간,우선 점검 구간,우선 점검 구간,0.522507564620166,높음,0,1
11710,송파구,2026-03,183104.7272727273,155000.0,2485.8725011927154,2288.3820603091995,275,74142.14869466516,70000.0,968.0068354054724,900.6367869690723,881,1727,846,0.4898668210770122,0.389403251752061,0.610596748247939,0.0166412514006852,0.0197348625732058,-0.0030936111725206,-0.074074074074074,0.1968121968121967,108962.57857806214,108962.57857806214,매매가>전세가,0.5950833722373899,0.0,0.5950833722373899,0.044267375477566595,0.09934342583845823,0.044267375477566595,0.0381980569228111,0.035286376976316536,0.7653049350011035,0.7653049350011035,0.44456271189360497,0.5141604551987914,0.036635913892231545,0.19822135335261812,0.47376675519141853,0.12486306848770629,0.5828402857460937,0.5863239249323237,0.4775830546014708,0,0,1,1,0,0.45,안정 정체 구간,우선 점검 구간,우선 점검 구간,0.5319534897668973,높음,0,1
11710,송파구,2026-04,199758.09451219512,180000.0,2785.292680783105,2682.244562210434,328,79648.12116040956,76300.0,1002.148485439521,923.7085186452276,586,1168,582,0.4982876712328767,0.3598000642279934,0.6401999357720066,0.1204487275380086,0.0352700505670988,0.0851786769709097,0.1927272727272726,-0.3236826867400115,120109.97335178556,120109.97335178556,매매가>전세가,0.6012771279436334,0.0,0.6012771279436334,0.008420850155864523,0.01719008063732619,0.008420850155864523,0.1038074761373234,0.1000288036226627,0.8160749200148938,0.8160749200148939,0.6054431955192568,0.623562981239682,0.09531998687233338,0.3260002238765748,0.49062884755864844,0.023594319560814755,0.5599022707896844,0.643810703233234,0.548084887343932,0,0,0,1,0,0.2,활발 관찰 구간,우선 점검 구간,우선 점검 구간,0.595947795288583,높음,1,1
11470,양천구,2023-06,116316.85393258429,110000.0,1438.4716682439612,1446.243046646814,178,46578.05263157895,42000.0,590.5516460448988,615.3088850603002,703,994,291,0.2927565392354124,0.4105410339890981,0.5894589660109019,-0.0255478843744203,-0.0656402935305703,0.0400924091561499,0.2624113475177305,0.0529661016949152,69738.80130100534,69738.80130100534,매매가>전세가,0.5995588682395505,0.0,0.5995588682395505,-0.018684138730689304,-0.05999260871350576,0.018684138730689304,,-0.04436027935462561,0.7290532683004605,0.7290532683004605,0.3791781286265152,0.5676841579709784,0.12978467368205443,0.05334533392662103,0.07906886632932182,0.05258877256624804,0.7088984067282166,0.5197217410294112,0.4692676795335929,0,0,0,1,0,0.2,활발 관찰 구간,신중 매수 구간,신중 투자 구간,0.49449471028150205,주의,0,1
11470,양천구,2023-07,120964.15662650602,106000.0,1425.246030258149,1337.3580109088284,166,51512.47145187602,47000.0,652.148996963662,653.53286607312,613,931,318,0.3415682062298603,0.4575694182747808,0.5424305817252191,-0.0091942290402964,0.1043047654363493,-0.1134989944766458,-0.0674157303370787,-0.0633802816901408,69451.68517463,69451.68517463,매매가>전세가,0.5741509477809358,0.0,0.5741509477809358,0.04881166699444789,0.1667312611425471,0.04881166699444789,0.0163536553341239,-0.008509570710591679,0.6483987656910466,0.6483987656910465,0.4045229696447154,0.3773267095689289,0.03334279803675012,0.06383407845641866,0.1768104033742059,0.1377009854836681,0.4579711372363082,0.4729279736133573,0.40208102208847457,1,0,1,1,0,0.7,신중 정체 구간,신중 매수 구간,조건부 관찰,0.43750449785091594,보통,0,0
11470,양천구,2023-08,117037.76041666669,106750.0,1492.601027884701,1444.5557782231128,192,40757.05946601942,35000.0,521.5059007435444,530.0162634232787,824,1155,331,0.2865800865800866,0.349394038326918,0.6506059616730819,0.0472585056871563,-0.20032706763083,0.2475855733179864,0.1566265060240963,0.2406015037593984,76280.70095064727,76280.70095064727,매매가>전세가,0.6517614544150536,0.0,0.6517614544150536,-0.05498811964977368,-0.16098723079855126,0.05498811964977368,0.0564527347274527,0.01893056224539996,0.8339214366652101,0.8339214366652101,0.4920132314533038,0.824846136808972,0.07746509503718842,0.24232418755719837,0.06670100402940966,0.15514986309726328,0.9077661153106137,0.6366747102846138,0.5823791270505835,0,0,0,1,0,0.2,활발 관찰 구간,우선 점검 구간,우선 점검 구간,0.6095269186675987,높음,1,1
11470,양천구,2023-09,127799.72777777778,120000.0,1631.3743285769451,1652.073481403408,180,52321.142857142855,46000.0,661.5810510434454,667.8905444275831,630,962,332,0.3451143451143451,0.4055360192044614,0.5944639807955385,0.09297414252013,0.2685974407963301,-0.1756232982762,-0.0625,-0.167099567099567,75478.58492063492,75478.58492063492,매매가>전세가,0.5906005140470993,0.0,0.5906005140470993,0.058534258534258476,0.20425096255911934,0.058534258534258476,0.0457156368329737,0.10797044667274604,0.7376369563037612,0.7376369563037612,0.5628631744113054,0.3003313590784164,0.030911552346570396,0.1682959840477739,0.1839112685256378,0.16516793444811093,0.21538972488924357,0.5332055784727138,0.4519653677010575,0,0,1,1,0,0.45,안정 정체 구간,우선 점검 구간,신중 투자 구간,0.4925854730868856,주의,0,1
11470,양천구,2023-10,122988.99082568807,118000.0,1516.8943441069553,1527.66308835673,109,51177.0217948718,46750.0,646.988737106031,665.1048336200279,780,1179,399,0.3384223918575064,0.4265219523162861,0.5734780476837138,-0.070173952393778,-0.0220567289743252,-0.0481172234194527,-0.3944444444444445,0.2255717255717255,71811.96903081628,71811.96903081628,매매가>전세가,0.5838894078950138,0.0,0.5838894078950138,-0.00669195325683869,-0.019390539256261552,0.00669195325683869,-0.163148094913908,-0.03996878687979524,0.7016457135120342,0.7016457135120341,0.31001679581684327,0.45835928571628776,0.19508624147613318,0.2271867975925254,0.17051115667880556,0.018710074172547508,0.6445464042910543,0.48500139207112203,0.43038515967451285,0,0,1,1,0,0.45,안정 정체 구간,신중 매수 구간,신중 투자 구간,0.45769327587281744,주의,0,0
11470,양천구,2023-11,133726.2931034483,129000.0,1579.4357832115932,1689.5207679960986,116,59915.55444126074,54000.0,731.0600711063507,740.4403288008682,698,1023,325,0.3176930596285435,0.4628615350348893,0.5371384649651106,0.0412299243830709,0.1299425000446983,-0.0887125756616273,0.0642201834862385,-0.1323155216284987,73810.73866218755,73810.73866218755,매매가>전세가,0.5519538226120488,0.0,0.5519538226120488,-0.020729332228962893,-0.06125283884197308,0.020729332228962893,0.1114038767768489,0.05680415308017641,0.6393226927720916,0.6393226927720916,0.4826701560615584,0.408046393933113,0.03176232901665947,0.13326288813180534,0.12900229376282796,0.0583665762731582,0.42011651068618616,0.47200571588884516,0.41250725944898115,0,0,0,1,0,0.2,활발 관찰 구간,신중 매수 구간,조건부 관찰,0.4422564876689131,보통,0,0
11470,양천구,2023-12,122912.64367816092,113000.0,1546.6039205655652,1663.6370821149137,87,57096.1087928465,52500.0,718.8354062713911,730.0792657488528,671,1009,338,0.3349851337958374,0.4647831268968502,0.5352168731031498,-0.020787082953932,-0.0167218335648662,-0.0040652493890658,-0.25,-0.013685239491691,65816.53488531442,65816.53488531442,매매가>전세가,0.5354740807434824,0.0,0.5354740807434824,0.01729207416729389,0.054430128840435854,0.01729207416729389,-0.062017007337002904,-0.024979113556885355,0.6360271290779773,0.6360271290779773,0.3865564029423326,0.512956230435577,0.12364620938628158,0.01378322449998473,0.16362831684041895,0.048656100278059326,0.6366693248027884,0.4741689012575229,0.42592456328862216,0,0,1,1,0,0.45,안정 정체 구간,신중 매수 구간,신중 투자 구간,0.45004673227307257,주의,0,0
11470,양천구,2024-01,99270.94017094016,89000.0,1300.9226058272295,1200.282419392798,117,54674.67073170731,50000.0,699.7686282762143,715.3635735914813,656,990,334,0.3373737373737374,0.5379018130223404,0.4620981869776596,-0.158852122040719,-0.0265245393157196,-0.1323275827249994,0.3448275862068966,-0.018830525272547,44596.26943923285,44596.26943923285,매매가>전세가,0.44923790751291415,0.0,0.44923790751291415,0.0023886035778999948,0.007130476361245863,0.0023886035778999948,-0.138065039086787,-0.1735888311927365,0.5106273019208141,0.5106273019208141,0.17258366141557258,0.35399101544024986,0.170546495705216,0.018965350035834924,0.16841130827403278,0.006552833428289801,0.6511432153804078,0.3517962666590127,0.3102717487420608,0,0,0,0,0,0.0,활발 관찰 구간,거주 안정권,안정 관찰,0.33103400770053676,낮음,0,0
11470,양천구,2024-02,109212.32876712328,94350.0,1359.8143509286704,1244.2967797168783,146,56148.70526315789,51000.0,706.4365325962328,706.939570256076,570,830,260,0.3132530120481928,0.5195095434268506,0.4804904565731493,0.0452692149691662,0.0095287271400605,0.0357404878291056,0.2478632478632478,-0.1616161616161616,53063.62350396539,53063.62350396539,매매가>전세가,0.4858757624069581,0.0,0.4858757624069581,-0.0241207253255446,-0.07149556309068605,0.0241207253255446,0.2041213370098852,0.04657413886873209,0.5421703663618793,0.5421703663618792,0.48893023526949425,0.5622904925712976,0.12258940417785179,0.1627733179045828,0.12011144651712213,0.06794748078002265,0.5979098482969076,0.44757418508677294,0.42518693249949624,0,1,0,0,0,0.2,활발 관찰 구간,관찰 필요,신중 투자 구간,0.4363805587931346,보통,0,0
11470,양천구,2024-03,112602.7950310559,100000.0,1378.254502657819,1236.6593257665593,161,53477.865793780686,50000.0,696.770200697842,704.4314381270904,611,981,370,0.3771661569826707,0.5055453832033153,0.4944546167966847,0.0135607862327349,-0.0136832276536803,0.0272440138864152,0.1027397260273972,0.1819277108433734,59124.92923727521,59124.92923727521,매매가>전세가,0.5250751477436109,0.0,0.5250751477436109,0.06391314493447792,0.20403042421391038,0.06391314493447792,-0.0317084287364313,-0.01788571486127545,0.5661191456851419,0.566119145685142,0.4397886171515632,0.551760169507047,0.05081351070669103,0.18323029588521136,0.2480925094047896,0.18036363588588225,0.6321827625632574,0.47463750537042976,0.4221098485161136,0,0,0,0,1,0.1,활발 관찰 구간,신중 매수 구간,신중 투자 구간,0.4483736769432717,주의,0,0
11470,양천구,2024-04,115557.05128205128,103350.0,1388.796642984689,1221.189391628472,156,50714.778523489935,47000.0,678.2493949684598,697.6778838703524,596,860,264,0.3069767441860465,0.4883720006053739,0.5116279993946261,0.0076489068648353,-0.0265809383220363,0.0342298451868716,-0.0310559006211179,-0.1233435270132518,64842.27275856135,64842.27275856135,매매가>전세가,0.561127789599741,0.0,0.561127789599741,-0.07018941279662422,-0.1860967944688875,0.07018941279662422,-0.005911879367899601,-0.012514579363525256,0.5955717975803041,0.5955717975803042,0.4306264060350343,0.5604182388382013,0.015359777563513186,0.12422665489162829,0.10754371208958527,0.19809449790460112,0.6512264896382364,0.47700641652055603,0.4287724745527407,1,0,1,0,1,0.6,안정 정체 구간,신중 매수 구간,신중 투자 구간,0.45288944553664834,주의,0,0
11470,양천구,2024-05,117151.35135135136,105000.0,1437.2607186025891,1390.0909671756,222,52679.04700162075,48500.0,695.2570609004747,698.0138333650613,617,1014,397,0.3915187376725838,0.4837376071729386,0.5162623928270613,0.034896452164332,0.0250758291244856,0.0098206230398463,0.4230769230769231,0.1790697674418604,64472.30434973061,64472.30434973061,매매가>전세가,0.5503334242929065,0.0,0.5503334242929065,0.08454199348653735,0.27540194847887167,0.08454199348653735,0.0272475452994967,0.02132589651955285,0.6035198634742709,0.6035198634742709,0.47285456173738444,0.5301660428461961,0.2092474312690919,0.18035188988177825,0.2768324272066627,0.2386414652130284,0.5749542420958271,0.5037604116666415,0.46708733434437755,0,0,0,0,1,0.1,활발 관찰 구간,신중 매수 구간,신중 투자 구간,0.48542387300550954,주의,0,1
11470,양천구,2024-06,124251.07913669063,123000.0,1589.8885779706047,1556.200689792993,278,55962.38898450947,50200.0,722.3264462035604,719.3041150886584,581,830,249,0.3,0.4543252000247501,0.5456747999752499,0.1061935787937011,0.0389343551118004,0.0672592236819007,0.2522522522522523,-0.1814595660749507,68288.69015218117,68288.69015218117,매매가>전세가,0.5496023907933683,0.0,0.5496023907933683,-0.09151873767258384,-0.2337531486146096,0.09151873767258384,0.0712971266293691,0.0676743742027573,0.653962656802489,0.6539626568024892,0.5833506130822659,0.6013540468581023,0.12476013920057243,0.1827587992449384,0.09357332873040379,0.2583512180820505,0.5544918520368347,0.5398794820735452,0.5103770045572358,0,0,0,1,1,0.30000000000000004,완만 정체 구간,우선 점검 구간,우선 점검 구간,0.5251282433153905,높음,0,1
11470,양천구,2024-07,118401.6143497758,110000.0,1518.7761996115637,1407.647932491299,446,53359.16271721959,50000.0,705.5447144479778,704.3158163723384,633,947,314,0.3315733896515311,0.4645481767678642,0.5354518232321357,-0.0447279006493722,-0.0232328912277612,-0.0214950094216109,0.60431654676259,0.1409638554216867,65042.451632556214,65042.451632556214,매매가>전세가,0.5493375406217962,0.0,0.5493375406217962,0.031573389651531114,0.10524463217177038,0.031573389651531114,-0.1509214794430733,-0.0492101249566735,0.636430072663627,0.6364300726636268,0.34945300275812224,0.49135420996060525,0.2988858011064073,0.141973143169336,0.15679656662163807,0.08900173877829533,0.6462830313193906,0.46891594877961595,0.44464501201980555,0,0,0,1,0,0.2,활발 관찰 구간,신중 매수 구간,신중 투자 구간,0.45678048039971075,주의,0,0
11470,양천구,2024-08,118784.26315789472,114500.0,1552.4750252832391,1400.4118906973467,380,56335.364102564105,52000.0,731.7619024850424,725.8514796203239,585,871,286,0.3283582089552239,0.4713518031322514,0.5286481968677486,0.0221881444285827,0.0371587902229231,-0.0149706457943403,-0.147982062780269,-0.0802534318901795,62448.899055330614,62448.899055330614,매매가>전세가,0.525733774787322,0.0,0.525733774787322,-0.0032151806963072183,-0.009696739233767349,0.0032151806963072183,0.0669160450779549,0.032413801144401795,0.6247617343038291,0.6247617343038291,0.4531592683860044,0.49944034748626803,0.07318968447977203,0.0808280388010877,0.15035841929981328,0.008887967166399066,0.5571135090128013,0.47119544817937653,0.4210537795694003,0,0,1,1,0,0.45,안정 정체 구간,신중 매수 구간,조건부 관찰,0.4461246138743884,주의,0,0
11470,양천구,2024-09,125412.6404494382,123500.0,1586.3519312156886,1552.6216247603556,178,55700.03301886792,54750.0,727.2519672015723,733.0859616573903,424,674,250,0.3709198813056379,0.4584430181543942,0.5415569818456059,0.0218212244195483,-0.0061631184517183,0.0279843428712667,-0.531578947368421,-0.2261768082663605,69712.60743057028,69712.60743057028,매매가>전세가,0.555865877480475,0.0,0.555865877480475,0.042561672350414026,0.12961963852171543,0.042561672350414026,-0.00036692000903440145,0.032975394761233,0.6469005265990582,0.6469005265990584,0.45259061696799585,0.5526777152368285,0.26291088732661977,0.22779621262148955,0.23558483197699961,0.12004434700278593,0.6210791713214749,0.5098034310282313,0.47890991854990683,0,1,1,1,0,0.65,신중 정체 구간,신중 매수 구간,우선 점검 구간,0.4943566747890691,주의,0,1
11470,양천구,2024-10,122376.25581395348,98150.0,1472.346638084136,1254.8466894217452,172,55333.449044585985,50000.0,718.1940705756354,733.6776831353061,628,995,367,0.3688442211055276,0.4877887122492922,0.5122112877507078,-0.07186633110106,-0.0124549633888118,-0.0594113677122482,-0.0337078651685393,0.4762611275964392,67042.8067693675,67042.8067693675,매매가>전세가,0.5478416243694489,0.0,0.5478416243694489,-0.0020756602001102964,-0.005595979899497339,0.0020756602001102964,-0.0936875555206083,-0.0683666807801346,0.59657214732551,0.5965721473255101,0.30739395288648336,0.44436159809438713,0.01667139901837503,0.4796711118035735,0.2314284851272854,0.0056687481768098805,0.6303692058757521,0.4347591296402951,0.3622189464305398,0,0,1,0,0,0.25,완만 정체 구간,관찰 필요,선별 검토 가능,0.39848903803541746,안정,0,0
11470,양천구,2024-11,138711.03184713377,132000.0,1638.964286749878,1566.9180018850143,157,60318.80104712042,57000.0,767.7228231628823,757.7192650123129,573,907,334,0.3682469680264608,0.4684194947806354,0.5315805052193646,0.113164688501989,0.0689629093533861,0.0442017791486029,-0.0872093023255814,-0.0884422110552763,78392.23080001335,78392.23080001335,매매가>전세가,0.5651477734402939,0.0,0.5651477734402939,-0.0005972530790668285,-0.0016192556230830712,0.0005972530790668285,0.18503101960304902,0.08617666064792316,0.6297906944773348,0.6297906944773349,0.5941544158815287,0.5727772111484433,0.04313239862312148,0.08907544884326157,0.23023253265224655,0.001492152587444941,0.5101540927137027,0.5131075598171323,0.46043214352527434,0,0,1,1,0,0.45,안정 정체 구간,신중 매수 구간,신중 투자 구간,0.48676985167120335,주의,0,1
11470,양천구,2024-12,130527.58620689657,126000.0,1645.920550492214,1529.7717109908212,145,61623.467741935485,57000.0,755.5906499284554,755.0430390690074,558,958,400,0.4175365344467641,0.4590687258279236,0.5409312741720764,0.0042443046493285,-0.0158028039135849,0.0200471085629134,-0.0764331210191082,0.0562293274531422,68904.11846496108,68904.11846496108,매매가>전세가,0.5278893180154469,0.0,0.5278893180154469,0.0492895664203033,0.13384921180603326,0.0492895664203033,-0.10892038385266051,0.01827147530994712,0.6458274269815838,0.6458274269815839,0.42534996476736375,0.5428405001676856,0.03780266274230261,0.0566319240697518,0.32893102583717165,0.13905108222344773,0.6353123591906078,0.5149404940371113,0.43925320006425433,1,0,1,1,0,0.7,신중 정체 구간,신중 매수 구간,신중 투자 구간,0.4770968470506828,주의,0,0
11470,양천구,2025-01,127784.4827586207,128500.0,1645.8034160292077,1627.9344107585232,116,56718.734375,52000.0,738.2924429906925,730.040139819575,512,832,320,0.3846153846153846,0.4485909044787097,0.5514090955212902,-7.116653532956985e-05,-0.0228936222800014,0.0228224557446719,-0.1999999999999999,-0.1315240083507306,71065.7483836207,71065.7483836207,매매가>전세가,0.5561375438507725,0.0,0.5561375438507725,-0.032921149831379504,-0.0788461538461539,0.032921149831379504,-0.00431547118465807,-0.030444579527143144,0.6637970740827371,0.6637970740827371,0.41866186178004205,0.546280197933665,0.09891696750902522,0.1324657076945306,0.26300900383022063,0.09280924832187995,0.6457820939505593,0.5122216712136347,0.44943585783024126,1,0,1,1,0,0.7,신중 정체 구간,신중 매수 구간,신중 투자 구간,0.480828764521938,주의,0,1
11470,양천구,2025-02,120431.02678571428,119500.0,1578.846969885327,1459.880454653662,224,56401.2352,52000.0,712.8223456479797,710.9879963065558,625,986,361,0.3661257606490872,0.4514828601151589,0.5485171398848411,-0.0406831371789377,-0.0344986564396324,-0.0061844807393053,0.9310344827586208,0.1850961538461537,64029.79158571427,64029.79158571427,매매가>전세가,0.5316718896671367,0.0,0.5316718896671367,-0.018489623966297386,-0.048073022312373204,0.018489623966297386,-0.04061197064360813,-0.06739021885724872,0.6588373195223978,0.6588373195223979,0.35572156382412917,0.5103297066662541,0.4604755384040832,0.1864214246374149,0.22598498115028648,0.052039255795487196,0.6629171583751352,0.48712877402933374,0.4780785722710771,0,0,0,1,0,0.2,활발 관찰 구간,신중 매수 구간,우선 점검 구간,0.4826036731502054,주의,0,1
11470,양천구,2025-03,138380.4828973843,130500.0,1726.462336349562,1622.453813358598,497,56144.86541471048,50000.0,718.7481545143313,701.5590200445434,639,979,340,0.3472931562819203,0.4163126755687326,0.5836873244312675,0.0934956770857635,0.0083131637251985,0.085182513360565,1.21875,-0.0070993914807302,82235.61748267381,82235.61748267381,매매가>전세가,0.594271791518862,0.0,0.594271791518862,-0.018832604367166883,-0.0514375288255583,0.018832604367166883,0.1341788142647012,0.07807972753872848,0.719154801918596,0.7191548019185962,0.5636714469584158,0.6235677359676719,0.6027752707581228,0.007150222445986024,0.188274167102193,0.05300819757689522,0.599704651926032,0.5617915148661199,0.584869127628134,0,1,0,1,0,0.4,완만 정체 구간,우선 점검 구간,우선 점검 구간,0.573330321247127,높음,1,1
11470,양천구,2025-04,144143.57798165138,143000.0,1827.0249233752984,1733.795678847693,327,56399.06375227687,50000.0,707.9428625109657,694.2810072958342,549,949,400,0.4214963119072708,0.387483965573437,0.612516034426563,0.0582477734431012,-0.0150334883442823,0.0732812617873835,-0.3420523138832998,-0.0306435137895811,87744.51422937452,87744.51422937452,매매가>전세가,0.608729958406776,0.0,0.608729958406776,0.07420315562535051,0.21366143928593573,0.07420315562535051,-0.03524790364266231,0.07302693717645681,0.768596544407918,0.7685965444079181,0.5090443623222348,0.6088176143548893,0.1691738880939064,0.030862918422919387,0.33686016981395167,0.20943358059480857,0.6341764494068447,0.6066069437464038,0.538900627151763,0,0,1,1,1,0.55,안정 정체 구간,우선 점검 구간,우선 점검 구간,0.5727537854490834,높음,1,1
11470,양천구,2025-05,134222.0338983051,127000.0,1645.1580745245635,1518.004236290892,413,56280.76451077944,52500.0,724.4018244801205,721.0467706013362,603,945,342,0.3619047619047619,0.4403235383259242,0.5596764616740757,-0.0995426206418403,0.023248997681504,-0.1227916183233444,0.2629969418960245,-0.0042149631190726,77941.26938752565,77941.26938752565,매매가>전세가,0.5806890800550585,0.0,0.5806890800550585,-0.05959155000250893,-0.14138095238095238,0.05959155000250893,-0.1577903940849415,-0.12035768969146018,0.6779757518125995,0.6779757518125994,0.2645013307751997,0.36580965768595575,0.1300742997825103,0.004245141852622046,0.21753276202853825,0.16815485112357395,0.5776515951615526,0.4721032854906843,0.39968034090637483,0,0,0,1,0,0.2,활발 관찰 구간,신중 매수 구간,조건부 관찰,0.43589181319852954,보통,0,0
11470,양천구,2025-06,145917.17647058822,136000.0,1770.5691084757154,1531.4576464090246,595,54521.15909090909,50000.0,695.774287153281,710.1434609142889,748,1019,271,0.2659470068694798,0.3929664670091718,0.6070335329908282,0.0762303853308408,-0.0395188641985883,0.1157492495294291,0.4406779661016948,0.0783068783068783,91396.01737967914,91396.01737967914,매매가>전세가,0.626355440739366,0.0,0.626355440739366,-0.09595775503528209,-0.2651464283869637,0.09595775503528209,0.17577300597268108,0.04234096664251076,0.7591939584362539,0.759193958436254,0.5369137548265361,0.6614514050107301,0.21795264027412342,0.07886754807995856,0.02538487923666879,0.2708917287940622,0.6703295952702975,0.58897941399679,0.5651729863406669,0,0,0,1,1,0.30000000000000004,완만 정체 구간,우선 점검 구간,우선 점검 구간,0.5770762001687284,높음,1,1
11470,양천구,2025-07,137255.77889447237,114800.0,1861.4820089433624,1459.3562465902892,199,59726.39897260274,54600.0,747.1064452423155,750.2123843029194,584,931,347,0.3727175080558539,0.4013503443239816,0.5986496556760184,0.051346711084276,0.0737770265973136,-0.0224303155130376,-0.665546218487395,-0.0863591756624141,77529.37992186964,77529.37992186964,매매가>전세가,0.5648533019617139,0.0,0.5648533019617139,0.1067705011863741,0.4014728439443367,0.1067705011863741,-0.024883674246564798,0.11289918266917327,0.7448154620231804,0.7448154620231804,0.4983491186737922,0.4901950143492119,0.32916906834936144,0.08697749911584426,0.2391844386370036,0.30143843493526307,0.5030459525749077,0.5747516383222675,0.5379134420586446,0,0,1,1,1,0.55,안정 정체 구간,우선 점검 구간,우선 점검 구간,0.556332540190456,높음,1,1
11470,양천구,2025-08,110003.43511450382,104000.0,1424.2927463877504,1235.730257738025,131,45642.26056338028,38415.0,577.9654054526624,585.3286206547076,710,1085,375,0.3456221198156682,0.4057911598008775,0.5942088401991225,-0.2348608584209602,-0.2263948341856348,-0.0084660242353253,-0.3417085427135679,0.1654135338345865,64361.17455112354,64361.17455112354,매매가>전세가,0.5850833156630906,0.0,0.5850833156630906,-0.027095388240185703,-0.07269684856372594,0.027095388240185703,-0.2862075695052362,-0.23210893457076068,0.7371993857128942,0.7371993857128942,0.054785572841957265,0.5075020171729084,0.16900386408577184,0.16659787894557399,0.184928047563024,0.07635109561134772,0.9462556926076089,0.47907074567611413,0.40346299217648673,0,0,1,1,0,0.45,안정 정체 구간,신중 매수 구간,조건부 관찰,0.4412668689263004,보통,0,0
11470,양천구,2025-09,122276.00536193028,112000.0,1584.4709001760673,1362.673570251824,373,56645.08442776735,52500.0,727.3306317654191,730.6889352818371,533,882,349,0.3956916099773243,0.4590369136376046,0.5409630863623953,0.1124615386791487,0.2584328143235042,-0.1459712756443554,1.8473282442748096,-0.1870967741935484,65630.92093416292,65630.92093416292,매매가>전세가,0.5367440712501115,0.0,0.5367440712501115,0.05006949016165607,0.1448677248677248,0.05006949016165607,0.34732239710010887,0.02238072829647539,0.6458819854450748,0.6458819854450748,0.5930646766087023,0.33708135442094556,0.9136605395871802,0.18843636923550697,0.28518827690554205,0.14125441715860135,0.2303979986321587,0.5051071667833988,0.563262423765643,0,0,0,1,0,0.2,활발 관찰 구간,신중 매수 구간,우선 점검 구간,0.5341847952745209,높음,0,1
11470,양천구,2025-10,135261.99541284403,118000.0,1713.166900549049,1412.0969639915274,436,54171.08387096774,49785.0,688.6177011151586,709.7313682450089,620,950,330,0.3473684210526316,0.4019559920837048,0.5980440079162952,0.0812233284679957,-0.0532260418570494,0.1344493703250452,0.1689008042895441,0.0770975056689342,81090.9115418763,81090.9115418763,매매가>전세가,0.5995099458230835,0.0,0.5995099458230835,-0.04832318892469267,-0.12212335997587087,0.04832318892469267,-0.031238210211153,0.07119740881885815,0.7437767655091722,0.7437767655091723,0.5446518016080438,0.6846278797044186,0.08353577685078535,0.07764951644938002,0.18842487890589946,0.136321003391725,0.6905685165027626,0.5887549231812179,0.5323402710574932,0,0,0,1,0,0.2,활발 관찰 구간,우선 점검 구간,우선 점검 구간,0.5605475971193555,높음,1,1
11470,양천구,2025-11,133297.86585365853,120000.0,1867.4347077336488,1441.6563511903328,164,64586.91341991342,59000.0,806.21646424052,811.8765947575968,693,1042,349,0.3349328214971209,0.4317240441669622,0.5682759558330377,0.090048323450073,0.170775109229577,-0.0807267857795039,-0.6238532110091743,0.0968421052631578,68710.95243374511,68710.95243374511,매매가>전세가,0.5154692612196781,0.0,0.5154692612196781,-0.012435599555510712,-0.0357994532658642,0.012435599555510712,0.008824994982077311,0.1586504718853107,0.6927240348892689,0.6927240348892688,0.558328749680959,0.4179437875989087,0.30854833901897794,0.09753548549177228,0.16352356556274833,0.034936245878873125,0.3598263487286899,0.5126488791807767,0.4874837951079517,0,0,1,1,0,0.45,안정 정체 구간,신중 매수 구간,우선 점검 구간,0.5000663371443642,높음,0,1
11470,양천구,2025-12,145355.45454545456,141000.0,1983.9822758329344,1591.1120498670598,220,63858.1265625,59425.0,799.0467587464506,805.0850837111328,640,1056,416,0.3939393939393939,0.4027489400886845,0.5972510599113154,0.062410518352596,-0.0088930278803268,0.0713035462329229,0.3414634146341464,0.0134357005758156,81497.32798295456,81497.32798295456,매매가>전세가,0.5606760904694449,0.0,0.5606760904694449,0.05900657244227303,0.17617435095945133,0.05900657244227303,-0.027637805097477007,0.0371637490137499,0.7424168457945535,0.7424168457945535,0.5154957706327867,0.6063664818194238,0.16888262745443341,0.013531898909293991,0.28167960163736305,0.16650225173928915,0.6251099370468514,0.5843059461027735,0.5262009658106297,0,1,0,1,0,0.4,완만 정체 구간,우선 점검 구간,우선 점검 구간,0.5552534559567016,높음,1,1
11470,양천구,2026-01,132649.79338842974,120500.0,1738.1761970060968,1470.5277747352395,242,61076.239092495634,57000.0,780.8659534276082,785.0063781768227,573,944,371,0.3930084745762712,0.4492444176675544,0.5507555823324456,-0.1238952997821721,-0.0227531181621517,-0.1011421816200204,0.1,-0.106060606060606,71573.5542959341,71573.5542959341,매매가>전세가,0.5395677781898229,0.0,0.5395677781898229,-0.0009309193631227286,-0.0023631029986961316,0.0009309193631227286,-0.1863058181347681,-0.16581536725481597,0.6626762875195678,0.6626762875195678,0.22675962908413763,0.39264144275147395,0.04945848375451264,0.10681998987488239,0.2798155085829953,0.0024347813873685092,0.6455746368178912,0.45247333353216196,0.36347916570088484,0,0,0,1,0,0.2,활발 관찰 구간,관찰 필요,선별 검토 가능,0.4079762496165234,안정,0,0
11470,양천구,2026-02,126713.6862745098,109000.0,1648.7531591587656,1295.704650337238,255,61681.17738359202,55965.0,770.122911119191,764.9758738378251,451,713,262,0.367461430575035,0.4670941231203624,0.5329058768796375,-0.0514464747597838,-0.0137578572369055,-0.0376886175228782,0.0537190082644627,-0.2447033898305084,65032.50889091779,65032.50889091779,매매가>전세가,0.5132240313018182,0.0,0.5132240313018182,-0.025547044001236197,-0.0650037992915552,0.025547044001236197,0.07244882502238831,-0.0515295569939637,0.6320637300845664,0.6320637300845664,0.3390405787942843,0.47128424611061154,0.026568606975564582,0.24645544274098935,0.22865955548026407,0.07197692314750649,0.6322929546315403,0.46764423664079463,0.39447025387166273,0,0,0,1,0,0.2,활발 관찰 구간,관찰 필요,조건부 관찰,0.4310572452562287,보통,0,0
11470,양천구,2026-03,116880.24390243902,88500.0,1512.7154635763518,1238.2526076629144,205,58523.71597633136,53500.0,757.1684631482863,763.041065482797,507,852,345,0.4049295774647887,0.500535944385862,0.499464055614138,-0.0825094374053079,-0.0168212733108777,-0.0656881640944301,-0.196078431372549,0.1949509116409538,58356.52792610766,58356.52792610766,매매가>전세가,0.49928478909419777,0.0,0.49928478909419777,0.037468146889753695,0.101964842490055,0.037468146889753695,-0.031062962645524106,-0.06386431182967657,0.5747104209821967,0.5747104209821967,0.290899301891968,0.43658228938836113,0.09697741912649535,0.19634674155723744,0.30368658267940846,0.10565480864727737,0.6368161495713184,0.43741158831581634,0.37175705933353675,0,0,1,0,0,0.25,완만 정체 구간,관찰 필요,선별 검토 가능,0.4045843238246766,안정,0,0
11470,양천구,2026-04,118043.84955752212,93150.0,1582.106144539307,1242.720682233503,226,56738.00742574257,52500.0,761.9809662751718,778.4128779463149,404,703,299,0.4253200568990042,0.4816244276056792,0.5183755723943207,0.0458716015230664,0.006355921252815,0.0395156802702514,0.102439024390244,-0.1748826291079812,61305.842131779544,61305.842131779544,매매가>전세가,0.519348041948645,0.0,0.519348041948645,0.020390479434215514,0.050355618776671385,0.020390479434215514,0.1283810389283743,0.025451677607720494,0.6071440034380496,0.6071440034380496,0.4898638119609539,0.5669693742230424,0.05066478823633006,0.17613477203715527,0.34451691943494306,0.05740929524559727,0.6025945594780038,0.5022896011146782,0.4372076862001259,0,1,0,0,0,0.2,활발 관찰 구간,신중 매수 구간,신중 투자 구간,0.4697486436574021,주의,0,0
11560,영등포구,2023-06,105117.21459227469,95000.0,1402.6477381424202,1343.8602385351924,233,48846.00367647059,47000.0,664.1334960399897,648.0195210093663,544,869,325,0.3739930955120829,0.4734855929825453,0.5265144070174548,0.0192753853385623,-0.0045562172229083,0.0238316025614706,0.2135416666666667,-0.0685959271168275,56271.2109158041,56271.2109158041,매매가>전세가,0.5353187024034749,0.0,0.5353187024034749,-6.906954686675126e-05,-0.0001846472413371547,6.906954686675126e-05,,0.0004629903583569933,0.6211022473437198,0.6211022473437199,0.44864508396957964,0.5475309099433561,0.10561447051744888,0.06908706740644678,0.24173870253094465,0.0,0.6187065496039645,0.4841513930118947,0.43246315593050644,0,1,0,1,0,0.4,완만 정체 구간,신중 매수 구간,신중 투자 구간,0.45830727447120057,주의,0,0
11560,영등포구,2023-07,107689.85635359117,96500.0,1382.2526368957797,1341.2585240508831,181,49967.52877697842,46100.0,695.1359855009165,650.0565007113529,556,850,294,0.3458823529411765,0.5029008206936986,0.4970991793063014,-0.0145404299968078,0.046681111020276,-0.0612215410170838,-0.223175965665236,-0.0218642117376294,57722.32757661275,57722.32757661275,매매가>전세가,0.5360052425651496,0.0,0.5360052425651496,-0.0281107425709064,-0.07516380090497743,0.0281107425709064,-0.0338158153353701,-0.013855771667103079,0.5706546167006235,0.5706546167006233,0.3962374450616335,0.44211811334638773,0.11037944872251744,0.022020757406395242,0.18544914399843287,0.07921953716507721,0.5430536124119189,0.4375475102278659,0.39187909855170777,0,0,1,0,0,0.25,완만 정체 구간,관찰 필요,조건부 관찰,0.4147133043897868,보통,0,0
11560,영등포구,2023-08,108482.34183673467,96150.0,1374.5162965732927,1336.8373659071335,196,49921.39962825279,47750.0,683.2856340535668,649.3306443185159,538,936,398,0.4252136752136752,0.4971098820414257,0.5028901179585743,-0.005596907624543,-0.0170475298280095,0.0114506222034664,0.0828729281767954,0.1011764705882352,58560.94220848189,58560.94220848189,매매가>전세가,0.5398200409115042,0.0,0.5398200409115042,0.07933132227249873,0.22935926507355076,0.07933132227249873,0.008943522372264801,-0.03392485106629935,0.5805861778999923,0.5805861778999925,0.4100980864923471,0.5321862241476575,0.040987693719209274,0.10190088445879535,0.3443038984488197,0.22392098253920023,0.6371502218320464,0.48845822364479885,0.42020227670479965,1,0,0,0,1,0.35,완만 정체 구간,신중 매수 구간,조건부 관찰,0.4543302501747992,주의,0,0
11560,영등포구,2023-09,110150.6195652174,100000.0,1409.05748597096,1358.2381803358562,184,52964.83546617916,49000.0,707.1156820271975,688.840779374139,547,830,283,0.3409638554216867,0.501835935770878,0.4981640642291219,0.0251297052525163,0.0348756753925292,-0.0097459701400128,-0.0612244897959183,-0.1132478632478632,57185.78409903825,57185.78409903825,매매가>전세가,0.519159895103268,0.0,0.519159895103268,-0.08424981979198848,-0.19813525458618397,0.08424981979198848,0.0307266128770593,0.040126009405132335,0.5724809129914892,0.5724809129914892,0.4577180896345114,0.5059156833629026,0.030280704339497495,0.11405870713746603,0.17560023825298762,0.2378160556579662,0.5604845736016151,0.47212715183645204,0.42141878536322525,0,0,1,0,1,0.35,완만 정체 구간,신중 매수 구간,조건부 관찰,0.4467729685998386,주의,0,0
11560,영등포구,2023-10,100846.06837606838,93000.0,1382.1438507765888,1343.351548269581,117,54022.94953271028,51000.0,706.357790857453,678.7023211619384,535,846,311,0.367612293144208,0.5110595329571302,0.4889404670428697,-0.0191004522259256,-0.0010718064794883,-0.0180286457464372,-0.3641304347826086,0.0192771084337348,46823.1188433581,46823.1188433581,매매가>전세가,0.46430286869239634,0.0,0.46430286869239634,0.02664843772252129,0.07815619544061025,0.02664843772252129,-0.0442301574784419,0.01110471328805715,0.5566622822937461,0.556662282293746,0.3891703376733977,0.49565033675437536,0.18009339193219268,0.01941513068982359,0.2289616459496428,0.07508843153582297,0.6135617476370839,0.44145925005958564,0.406318785631777,0,1,1,0,0,0.45,안정 정체 구간,관찰 필요,조건부 관찰,0.42388901784568134,보통,0,0
11560,영등포구,2023-11,108938.68131868132,97000.0,1363.0006369006396,1329.8185327276578,91,54251.33826247689,52000.0,723.4311300926632,698.2204646564508,541,873,332,0.3802978235967926,0.5307636038510525,0.4692363961489475,-0.0138503773432795,0.0241709505525307,-0.0380213278958102,-0.2222222222222222,0.0319148936170212,54687.34305620443,54687.34305620443,매매가>전세가,0.5020011477486682,0.0,0.5020011477486682,0.012685530452584581,0.034507905989988874,0.012685530452584581,0.005250074882646101,0.0017238513538260086,0.5228694556536493,0.5228694556536494,0.3973068863847222,0.4708718929700696,0.10990774167669473,0.03214340120855118,0.254363426323305,0.03564231680311758,0.5762903133571079,0.4206621190426857,0.3766904582815517,0,0,1,0,0,0.25,완만 정체 구간,매수 검토 가능,선별 검토 가능,0.3986762886621187,안정,0,0
11560,영등포구,2023-12,110791.35802469136,97300.0,1325.6053767852252,1280.6572429624262,81,56595.740432612314,55000.0,730.920379538643,710.132706049443,601,947,346,0.365364308342133,0.5513861005235398,0.4486138994764602,-0.0274359813950259,0.0103524014027713,-0.0377883827977972,-0.1098901098901099,0.0847651775486826,54195.61759207905,54195.61759207905,매매가>전세가,0.4891682759227558,0.0,0.4891682759227558,-0.01493351525465958,-0.03926794824493318,0.01493351525465958,-0.013585604051746398,-0.03162801199797925,0.4875015127198725,0.4875015127198724,0.37625196210065387,0.471160599456414,0.054349982147816084,0.0853720881277901,0.22446023259218992,0.04199301903910187,0.5966936768180238,0.3975079657566256,0.3524598409894516,0,0,1,0,0,0.25,완만 정체 구간,매수 검토 가능,선별 검토 가능,0.3749839033730386,안정,0,0
11560,영등포구,2024-01,101573.07692307692,98000.0,1349.1197419643129,1328.7037617358387,117,52723.5036075036,50000.0,715.1924918056332,703.125,693,1159,466,0.4020707506471095,0.5301178757967886,0.4698821242032114,0.0177385861515688,-0.0215179220244717,0.0392565081760406,0.4444444444444444,0.2238648363252375,48849.573315573325,48849.573315573325,매매가>전세가,0.4809303291320786,0.0,0.4809303291320786,0.036706442304976494,0.10046532041275369,0.036706442304976494,0.0451745675465947,0.0030018769995513155,0.5239768905746797,0.5239768905746798,0.4462633576658599,0.5666481626357784,0.21981548335338946,0.2254676871819814,0.29796200606667195,0.10350294400600447,0.6437508450819083,0.4540716683398533,0.42929683266507435,0,0,0,0,0,0.0,활발 관찰 구간,관찰 필요,신중 투자 구간,0.44168425050246385,보통,0,0
11560,영등포구,2024-02,100937.34375,96000.0,1323.8041862809032,1297.894176142708,128,55272.29948364888,54000.0,743.9940512269559,717.5925925925925,581,940,359,0.3819148936170213,0.5620121608144582,0.4379878391855418,-0.0187644987290381,0.0402710595417576,-0.0590355582707958,0.0940170940170941,-0.1889559965487489,45665.04426635112,45665.04426635112,매매가>전세가,0.45240980760751515,0.0,0.45240980760751515,-0.02015585703008821,-0.05013012510273007,0.02015585703008821,-0.0365030848806069,-0.01745957482947221,0.46927763323774063,0.4692776332377405,0.3896909972931681,0.44482736717174587,0.04649942917090935,0.1903089034452793,0.25760148228448193,0.05674647180251708,0.5525181812824989,0.3912513666973073,0.3438004060820802,0,0,0,0,0,0.0,활발 관찰 구간,매수 검토 가능,안정 관찰,0.36752588638969375,안정,0,0
11560,영등포구,2024-03,102791.54228855722,95500.0,1333.561353149791,1267.8437265214125,201,57582.377966101696,55000.0,753.912110091968,728.1672960187921,590,1156,566,0.4896193771626297,0.5653374014710859,0.4346625985289141,0.007370551453157,0.0133308308697572,-0.0059602794166002,0.5703125,0.2297872340425533,45209.16432245552,45209.16432245552,매매가>전세가,0.439814048081349,0.0,0.439814048081349,0.10770448354560841,0.2820117396458828,0.10770448354560841,0.026135050182195103,-0.02407594964085335,0.4635747872801226,0.4635747872801227,0.43019501173746577,0.5106075763302396,0.2820679151624549,0.23143248870156918,0.4732712681488044,0.304076995414713,0.5922959662987054,0.4506426082065689,0.42312957997742356,1,0,0,0,1,0.35,완만 정체 구간,관찰 필요,신중 투자 구간,0.4368860940919962,보통,0,0
11560,영등포구,2024-04,116552.82287822878,108000.0,1469.3650125278243,1435.7403634474178,271,58343.75052410901,55000.0,756.5494074699567,729.9270072992701,477,814,337,0.414004914004914,0.5148818714339916,0.4851181285660084,0.1018353291787239,0.0034981496419614,0.0983371795367624,0.3482587064676616,-0.2958477508650519,58209.072354119766,58209.072354119766,매매가>전세가,0.49942224406640945,0.0,0.49942224406640945,-0.0756144631577157,-0.1544351933044511,0.0756144631577157,0.0944647777255669,0.08167184295036334,0.5501069048692674,0.5501069048692673,0.5765962122249393,0.639871309140741,0.17224347576198426,0.2979659925180236,0.321859232729085,0.21342061551300728,0.606814116265957,0.5110515654636949,0.48300950389297803,0,1,0,0,1,0.30000000000000004,완만 정체 구간,신중 매수 구간,우선 점검 구간,0.49703053467833647,높음,0,1
11560,영등포구,2024-05,117066.2271062271,105000.0,1478.9359743919922,1379.0865579621968,273,57311.62947368421,53000.0,767.741635932588,752.0964689070785,475,782,307,0.3925831202046035,0.5191175610210006,0.4808824389789994,0.0065136720845844,0.0147937839249128,-0.0082801118403283,0.0073800738007379,-0.0393120393120393,59754.59763254289,59754.59763254289,매매가>전세가,0.5104341286947,0.0,0.5104341286947,-0.021421793800310507,-0.05174284912003779,0.021421793800310507,-0.0953216570941395,-0.00705688356019475,0.5428426230522947,0.5428426230522948,0.4288670229224556,0.5077324324715573,0.003650072601808997,0.03959350976057418,0.2789637697952115,0.0603228249299246,0.5901358869309581,0.4458398893077629,0.38389460253036956,1,0,0,0,0,0.25,완만 정체 구간,관찰 필요,선별 검토 가능,0.4148672459190662,보통,0,0
11560,영등포구,2024-06,115789.42934782608,108000.0,1499.443835056358,1464.947679315724,368,47728.0,47400.0,814.4059467271543,802.9283268390601,655,1210,555,0.4586776859504132,0.5431386809473554,0.4568613190526446,0.013866631834956,0.0607812688677258,-0.0469146370327697,0.3479853479853481,0.5473145780051152,68061.42934782608,68061.42934782608,매매가>전세가,0.5878034785314703,0.0,0.5878034785314703,0.06609456574580969,0.16835814466847943,0.06609456574580969,0.007352959750371599,-0.024652572755987798,0.5016459817215602,0.5016459817215602,0.44026261565563074,0.4598497420220281,0.17210827680141763,0.55123329813403,0.41131295686649916,0.18652629054945463,0.5222344480915594,0.4456237692540243,0.400067435713236,0,0,0,0,1,0.1,활발 관찰 구간,관찰 필요,조건부 관찰,0.4228456024836301,보통,0,0
11560,영등포구,2024-07,115453.95569620254,105850.0,1469.4368202095582,1402.6662041102477,474,54874.30272108843,53700.0,804.9339358968547,785.8613030420573,588,989,401,0.4054600606673407,0.5477839705840922,0.4522160294159077,-0.0200120965822451,-0.0116305767023984,-0.0083815198798467,0.2880434782608696,-0.1826446280991736,60579.652975114106,60579.652975114106,매매가>전세가,0.5247083359752451,0.0,0.5247083359752451,-0.0532176252830725,-0.11602401187841027,0.0532176252830725,-0.0338787284172011,-0.02449432088954639,0.4936792286464021,0.49367922864640207,0.38775747426127444,0.5076067498148877,0.14246193690158532,0.1839523462001223,0.3047488337104954,0.15014810217653637,0.6291519824890606,0.42663394152332856,0.38824467559436465,0,0,0,0,0,0.0,활발 관찰 구간,매수 검토 가능,조건부 관찰,0.4074393085588466,안정,0,0
11560,영등포구,2024-08,116636.2324929972,98700.0,1464.9926890987035,1408.7152516904582,357,55332.51871657754,53000.0,788.6773256504391,755.0969041026932,561,908,347,0.38215859030837,0.5383489839363301,0.4616510160636699,-0.0030243771285251,-0.0201962043360769,0.0171718272075518,-0.2468354430379746,-0.0819009100101112,61303.71377641965,61303.71377641965,매매가>전세가,0.5255975134493504,0.0,0.5255975134493504,-0.023301470358970677,-0.05746921243147629,0.023301470358970677,0.01698771945372,0.007201279587293993,0.5098603959724798,0.5098603959724799,0.41408498575761393,0.5392769464185893,0.12208106749531596,0.08248731270708096,0.2580894658066977,0.0656330325936916,0.6417993025504327,0.4303067376527093,0.3939989884092751,1,0,1,0,0,0.5,안정 정체 구간,관찰 필요,조건부 관찰,0.4121528630309922,보통,0,0
11560,영등포구,2024-09,191695.29411764705,129000.0,2014.4160713469848,1648.5605075828405,204,54642.076419213976,55000.0,777.7344689906711,769.2798507884827,458,809,351,0.4338689740420272,0.3860843249084194,0.6139156750915806,0.3750348969907136,-0.0138749477179951,0.3889098447087087,-0.4285714285714286,-0.1090308370044053,137053.2176984331,137053.2176984331,매매가>전세가,0.7149534803620214,0.0,0.7149534803620214,0.05171038373365716,0.13531132112438238,0.05171038373365716,0.3780592741192387,0.3861890673323983,0.770996952658883,0.7709969526588831,1.0,1.0,0.21196493037648273,0.10981148738868504,0.36163545590540347,0.14589004746495426,0.6324658410624957,0.7362510266664773,0.7162326777335769,0,0,1,1,0,0.45,안정 정체 구간,우선 점검 구간,우선 점검 구간,0.7262418522000271,높음,1,1
11560,영등포구,2024-10,125677.09523809524,105000.0,1577.7743511207875,1429.6047851235646,210,57300.53171641791,56000.0,797.1440001082332,766.1742954984053,536,889,353,0.3970753655793025,0.5052332100226968,0.4947667899773031,-0.2167584574194876,0.0249565010828842,-0.2417149585023719,0.0294117647058822,0.0988875154511743,68376.56352167734,68376.56352167734,매매가>전세가,0.5440654352500585,0.0,0.5440654352500585,-0.03679360846272467,-0.08480350212633692,0.03679360846272467,-0.5917933544102012,-0.21325880709856218,0.5666545281566687,0.5666545281566686,0.08284061411904005,0.21841896356839238,0.014546612868974228,0.0995955406214691,0.28795913903256604,0.10374919403064989,0.5751304323295112,0.36768703403777075,0.27113791172573165,0,0,0,0,0,0.0,활발 관찰 구간,거주 안정권,안정 관찰,0.31941247288175123,낮음,0,0
11560,영등포구,2024-11,120442.45810055868,105000.0,1570.234745830974,1435.2507614976748,179,55794.489795918365,53000.0,800.281273914826,795.2262536800279,490,1070,580,0.5420560747663551,0.5096570917435114,0.4903429082564886,-0.0047786334493636,0.0039356425014387,-0.0087142759508024,-0.1476190476190476,0.2035995500562428,64647.968304640315,64647.968304640315,매매가>전세가,0.5367539763317105,0.0,0.5367539763317105,0.14498070918705258,0.3651213894257501,0.14498070918705258,0.211979823970124,-0.03176666130342945,0.5590674935346054,0.5590674935346053,0.41136624510615544,0.5071943400373271,0.07301014268523293,0.20505730339793427,0.5782716448400753,0.4093847400719105,0.6061681493321833,0.5160834730300237,0.43127573517578444,1,1,1,0,1,0.7999999999999999,신중 정체 구간,신중 매수 구간,신중 투자 구간,0.47367960410290405,주의,0,0
11560,영등포구,2024-12,119704.90697674418,103350.0,1478.8336330769998,1396.0126752960095,172,57674.8353909465,54600.0,780.2947741039363,771.3043331764316,486,949,463,0.4878819810326659,0.5276420258852119,0.4723579741147881,-0.0582085659463638,-0.0249743439742372,-0.0332342219721265,-0.0391061452513966,-0.1130841121495327,62030.07158579768,62030.07158579768,매매가>전세가,0.5181915524803729,0.0,0.5181915524803729,-0.0541740937336892,-0.09994186257766802,0.0541740937336892,-0.0534299324970002,-0.044181395285745176,0.5282230165300332,0.5282230165300333,0.3285607122095441,0.47680491556970284,0.0193413064961781,0.11389378359690405,0.4697922685846671,0.15285018731624597,0.6488543210366601,0.44718059802199495,0.36413739604741235,0,0,1,0,0,0.25,완만 정체 구간,관찰 필요,선별 검토 가능,0.40565899703470365,안정,0,0
11560,영등포구,2025-01,127018.06930693069,103000.0,1608.177225461821,1449.5410464945712,202,54141.42533936651,52500.0,761.7302383911957,741.0333172861494,442,787,345,0.4383735705209657,0.4736606303900674,0.5263393696099326,0.0874632477188774,-0.0237916955602572,0.1112549432791347,0.1744186046511628,-0.1707060063224447,72876.64396756417,72876.64396756417,매매가>전세가,0.5737502102276695,0.0,0.5737502102276695,-0.049508410511700185,-0.10147620210713493,0.049508410511700185,0.14567181366524118,0.05708983472706382,0.6208020551245701,0.6208020551245702,0.5543224078516525,0.655881271201752,0.08626479724624296,0.17192824503119727,0.3706555572608541,0.13966933091413428,0.6471081170629,0.5429640682377945,0.48622810778263037,0,0,0,0,0,0.0,활발 관찰 구간,우선 점검 구간,우선 점검 구간,0.5145960880102125,높음,0,1
11560,영등포구,2025-02,125461.46131805156,108000.0,1607.89633642616,1460.5332124074653,349,54080.4759535655,52000.0,755.463362055547,739.7133610725843,603,1021,418,0.4094025465230166,0.4698458134028098,0.5301541865971902,-0.0001746629856548,-0.0082271597211167,0.0080524967354619,0.7277227722772277,0.2973316391359593,71380.98536448606,71380.98536448606,매매가>전세가,0.56894750479218,0.0,0.56894750479218,-0.028971023997949097,-0.06608752430836506,0.028971023997949097,-0.0876379107045322,-0.02688174466396582,0.6273445330626625,0.6273445330626625,0.4185014633231926,0.5279746701274477,0.3599206491046216,0.2994605052872907,0.3126433526040073,0.08164988775163493,0.6241267694275756,0.4950730105844915,0.47101889940291664,1,1,0,1,0,0.65,신중 정체 구간,신중 매수 구간,우선 점검 구간,0.48304595499370406,주의,0,1
11560,영등포구,2025-03,134336.37655417406,113000.0,1624.6637275947517,1501.0176390773406,563,55723.78859527121,54000.0,759.1027481986806,748.574144486692,719,1087,368,0.3385464581416743,0.4672368412646851,0.5327631587353149,0.0104281543459825,0.0048174224269872,0.0056107319189953,0.6131805157593124,0.0646425073457395,78612.58795890285,78612.58795890285,매매가>전세가,0.585192112333033,0.0,0.585192112333033,-0.07085608838134233,-0.17307192879748934,0.07085608838134233,0.0106028173316373,-0.004987795201052523,0.6318189659677778,0.6318189659677778,0.43493367460103666,0.5249484062281234,0.30326978577265634,0.06510534152721256,0.17075958968789326,0.1999778994839345,0.6048661836830748,0.49696554402544574,0.47860131206884615,0,1,0,1,1,0.5,안정 정체 구간,신중 매수 구간,우선 점검 구간,0.4877834280471459,주의,0,1
11560,영등포구,2025-04,135228.92287917738,114800.0,1661.645292527227,1519.425680649702,389,56907.64124783362,52500.0,760.1014620702629,741.2218159228564,577,908,331,0.3645374449339207,0.457439060844454,0.5425609391555459,0.022762596532653,0.001315650449102,0.0214469460835509,-0.3090586145648313,-0.1646734130634775,78321.28163134377,78321.28163134377,매매가>전세가,0.5791755192882906,0.0,0.5791755192882906,0.02599098679224643,0.07677228979122797,0.02599098679224643,0.012334442186670501,0.03754176026600861,0.6486223309668719,0.6486223309668719,0.45404955235938943,0.544575424729239,0.15285570467646892,0.16585245898039974,0.22280450343108515,0.07323109020100053,0.6100366198589512,0.5037084714099388,0.45699427597770126,0,1,1,1,0,0.65,신중 정체 구간,신중 매수 구간,신중 투자 구간,0.48035137369382,주의,0,1
11560,영등포구,2025-05,125362.1186440678,112000.0,1618.352101085513,1509.8431765098433,531,54851.624750499,51500.0,760.351705579002,740.7407407407408,501,846,345,0.4078014184397163,0.4698308267212028,0.5301691732787972,-0.026054412236121,0.0003292238223795,-0.0263836360585005,0.3650385604113111,-0.0682819383259911,70510.4938935688,70510.4938935688,매매가>전세가,0.5624545489197138,0.0,0.5624545489197138,0.04326397350579558,0.11868183668659338,0.04326397350579558,-0.048817008768774,-0.04686948128574088,0.6273702354840647,0.6273702354840648,0.3783931134195904,0.4852953650592758,0.18054253709873508,0.06877083048584305,0.30943721912191774,0.12202839311986782,0.6114930984497513,0.48638495073804083,0.431601497991993,0,1,0,1,0,0.4,완만 정체 구간,신중 매수 구간,신중 투자 구간,0.4589932243650169,주의,0,0
11560,영등포구,2025-06,140217.02872062664,123000.0,1690.494954958608,1549.1092191247376,766,56270.726333907056,53000.0,767.4494394515272,764.6314100555297,581,951,370,0.3890641430073607,0.4539791362289622,0.5460208637710378,0.0445779715209719,0.0093348036447427,0.0352431678762292,0.4425612052730696,0.1241134751773049,83946.30238671959,83946.30238671959,매매가>전세가,0.5986883558485409,0.0,0.5986883558485409,-0.018737275432355593,-0.04594705801673282,0.018737275432355593,0.0706323837570929,0.010688552832641862,0.6545561622725227,0.6545561622725228,0.48785894845676553,0.5616741263227326,0.21888406181375641,0.1250021158110326,0.2719172937934078,0.052738887179911556,0.5981961802059741,0.517173660450518,0.4771077697413372,0,1,0,1,0,0.4,완만 정체 구간,신중 매수 구간,우선 점검 구간,0.4971407150959276,높음,0,1
11560,영등포구,2025-07,113468.13671875,96000.0,1557.2655678868043,1422.2160281276304,256,55936.730275229354,54600.0,755.153939940865,730.7240047035108,545,1033,488,0.4724104549854792,0.4849230314426089,0.515076968557391,-0.0788108752889272,-0.0160212502330437,-0.0627896250558834,-0.6657963446475196,0.0862250262881176,57531.406443520646,57531.406443520646,매매가>전세가,0.5070269778565412,0.0,0.5070269778565412,0.08334631197811848,0.21422254781402894,0.08334631197811848,-0.1233888468098991,-0.01725840370402993,0.6014868400926768,0.6014868400926768,0.2966313212430184,0.44017466814407996,0.3292927769556324,0.08684238924483442,0.4388117504135914,0.23526358773715236,0.63563489953868,0.4786718522694775,0.43080186722691666,0,0,1,0,1,0.35,완만 정체 구간,신중 매수 구간,신중 투자 구간,0.4547368597481971,주의,0,0
11560,영등포구,2025-08,112719.4693877551,104000.0,1535.683797139893,1495.0445153704015,245,56165.25173210161,53000.0,739.0073932759944,717.7033492822967,433,805,372,0.462111801242236,0.4812236702974568,0.5187763297025432,-0.0138587606327145,-0.0213817949041422,0.0075230342714277,-0.04296875,-0.2207163601161664,56554.21765565349,56554.21765565349,매매가>전세가,0.5017253715159616,0.0,0.5017253715159616,-0.01029865374324318,-0.021800224009774993,0.01029865374324318,0.0649521146562127,-0.01110683678251498,0.6078313092396994,0.6078313092396994,0.3972938939904471,0.527318467232661,0.021251692238267148,0.2222966681838239,0.41818950355461537,0.028899235959758945,0.6435498506733875,0.48731638275475336,0.4037411079102323,0,0,1,0,0,0.25,완만 정체 구간,신중 매수 구간,조건부 관찰,0.44552874533249287,주의,0,0
11560,영등포구,2025-09,126101.3,118000.0,1629.9264157911996,1538.1335169516913,500,57412.705882352944,55000.0,785.0900234500849,777.1663512039811,476,882,406,0.4603174603174603,0.4816720655876886,0.5183279344123114,0.0613685049141152,0.0623574684006986,-0.0009889634865833,1.0408163265306123,0.0956521739130433,68688.59411764707,68688.59411764707,매매가>전세가,0.5447096431015942,0.0,0.5447096431015942,-0.0017943409247757058,-0.0038829151732377998,0.0017943409247757058,0.0752272655468297,-0.02871230546855811,0.6070623034646687,0.6070623034646688,0.513880861647759,0.516768904329435,0.514771973771458,0.09633703434678823,0.41459647650249554,0.00487400305698355,0.5199071580403654,0.5000756645848614,0.49630495577948996,0,0,0,0,0,0.0,활발 관찰 구간,신중 매수 구간,우선 점검 구간,0.4981903101821757,높음,0,1
11560,영등포구,2025-10,131707.30434782608,123250.0,1664.0963057347376,1565.3403210532392,460,62880.18828451883,60000.0,792.5057229262532,765.0915068989666,478,783,305,0.3895274584929757,0.4762378957246367,0.5237621042753633,0.020964069060106,0.0094456677000935,0.0115184013600124,-0.0799999999999999,-0.1122448979591836,68827.11606330724,68827.11606330724,매매가>전세가,0.5225763020822413,0.0,0.5225763020822413,-0.07079000182448458,-0.15378517637732858,0.07079000182448458,-0.0404044358540092,0.010938149410968458,0.6163819999428009,0.6163819999428009,0.45126220042324744,0.5322702279850453,0.03956678700361006,0.11304856071306796,0.27284504673628224,0.19979120069308073,0.5980324872168218,0.5029844889755806,0.4383543237814884,0,1,1,0,1,0.55,안정 정체 구간,신중 매수 구간,신중 투자 구간,0.4706694063785345,주의,0,0
11560,영등포구,2025-11,126593.11926605504,110000.0,1638.783061973935,1492.9107589658047,109,60664.277039848195,58800.0,797.3551301912864,776.65333019534,527,897,370,0.4124860646599777,0.486553192239406,0.513446807760594,-0.0152114055379902,0.0061190816983973,-0.0213304872363876,-0.7630434782608696,0.1455938697318006,65928.84222620685,65928.84222620685,매매가>전세가,0.5207932517062572,0.0,0.5207932517062572,0.022958606167002016,0.05893963484840192,0.022958606167002016,-0.0361754745980962,0.053390742897247497,0.5986910857788492,0.5986910857788494,0.3951975693842439,0.4915581147537375,0.37738973473552034,0.14663630793990418,0.31881785597113543,0.06466441910993297,0.6029442578043862,0.47070712301822865,0.4499679189715149,0,1,1,0,0,0.45,안정 정체 구간,신중 매수 구간,신중 투자 구간,0.4603375209948718,주의,0,0
11560,영등포구,2025-12,111856.75105485231,106500.0,1565.6398059034134,1501.5015015015017,237,64462.62378167641,61950.0,827.5497464865018,805.8058058058058,513,943,430,0.4559915164369035,0.5285696897627005,0.4714303102372995,-0.0446326654013738,0.0378684668247781,-0.082501132226152,1.1743119266055049,0.0512820512820513,47394.1272731759,47394.1272731759,매매가>전세가,0.4237037713524754,0.0,0.4237037713524754,0.043505451776925774,0.10547132498351997,0.043505451776925774,-0.0294212598633836,-0.0698794347402199,0.5266320567349221,0.526632056734922,0.3496005980308936,0.4157447057871903,0.580796873447488,0.051649225873569564,0.40593411297158755,0.12271058482996862,0.5560656573541047,0.43098229372032926,0.4367808701209596,0,0,0,0,0,0.0,활발 관찰 구간,관찰 필요,신중 투자 구간,0.4338815819206444,보통,0,0
11560,영등포구,2026-01,124825.46468401486,120000.0,1675.284141140948,1617.7451634422948,269,60961.1714770798,58000.0,820.7942162805655,787.2466049990159,589,1031,442,0.4287099903006789,0.4899432855142803,0.5100567144857197,0.0700316476523583,-0.0081632919768486,0.0781949396292069,0.1350210970464134,0.0933191940615059,63864.293206935065,63864.293206935065,매매가>전세가,0.511628723903429,0.0,0.511628723903429,-0.027281526136224588,-0.05982902127083667,0.027281526136224588,0.11466431305373209,0.028111580179714442,0.5928770164452417,0.5928770164452416,0.5273069716478026,0.6149075071100556,0.06677938734786511,0.09398735058223268,0.35130499535124327,0.07687694718805074,0.6240324674291814,0.5105888742902289,0.45365445432839113,0,1,0,0,0,0.2,활발 관찰 구간,신중 매수 구간,신중 투자 구간,0.48212166430931,주의,0,1
11560,영등포구,2026-02,132648.43167701864,118250.0,1722.194206779728,1653.5829307568438,322,62514.72344689379,60000.0,824.9720865821421,802.0050125313282,499,984,485,0.4928861788617886,0.4790238425692589,0.5209761574307411,0.0280012593009038,0.0050900337973975,0.0229112255035062,0.1970260223048328,-0.0455868089233754,70133.70823012484,70133.70823012484,매매가>전세가,0.5287187141487744,0.0,0.5287187141487744,0.06417618856110968,0.14969604164367434,0.06417618856110968,-0.04203038835145449,0.0279181770667239,0.6116040523168673,0.6116040523168673,0.4621684146135201,0.5463902170127755,0.09744608323379816,0.0459132061233041,0.4798127824825178,0.18110675111792018,0.6044636675568318,0.5231777742624217,0.44850073223302445,0,1,0,0,1,0.30000000000000004,완만 정체 구간,우선 점검 구간,신중 투자 구간,0.4858392532477231,주의,0,1
11560,영등포구,2026-03,118645.21072796934,109000.0,1695.9233540461555,1609.424257507881,261,62449.82254697286,60000.0,832.8002055382699,815.705809167215,479,1061,582,0.5485391140433553,0.4910600491180009,0.5089399508819992,-0.0152542916647567,0.009488950091099,-0.0247432417558558,-0.1894409937888198,0.0782520325203253,56195.38818099649,56195.38818099649,매매가>전세가,0.4736422805117832,0.0,0.4736422805117832,0.05565293518156672,0.11291234684260143,0.05565293518156672,-0.0432555509656605,0.0033908339108746355,0.5909617473081346,0.5909617473081348,0.3951311046066406,0.4873284298431048,0.09369464313743073,0.07881230960280972,0.5912534228180418,0.15702800990696503,0.5979685799031398,0.5026779470940299,0.41308551590910736,0,1,1,0,0,0.45,안정 정체 구간,신중 매수 구간,조건부 관찰,0.45788173150156863,주의,0,0
11560,영등포구,2026-04,127299.81412639403,115000.0,1687.9241508946309,1593.8606847697756,269,60830.200617283954,60000.0,872.0069529997663,824.8293078537033,324,636,312,0.490566037735849,0.5166150105368104,0.4833849894631896,-0.004716724451279,0.0470782154000017,-0.0517949398512808,0.0306513409961686,-0.4005655042412818,66469.61350911009,66469.61350911009,매매가>전세가,0.522150122254801,0.0,0.522150122254801,-0.05797307630750631,-0.10568631264993844,0.05797307630750631,0.010537567213477702,-0.025136648366624905,0.5471345409572601,0.54713454095726,0.411462191466892,0.4538012134586578,0.015159688507130318,0.4034335150115057,0.4751668817425128,0.16358255841757016,0.5424672798741353,0.46723172523347084,0.38318197943797755,1,0,0,0,0,0.25,완만 정체 구간,관찰 필요,선별 검토 가능,0.4252068523357242,보통,0,0
11170,용산구,2023-06,204423.115942029,167400.0,2182.3658428491635,2158.5279547062987,69,68762.81927710843,57000.0,794.3326732918786,790.3300790330078,332,627,295,0.4704944178628389,0.3639777793877338,0.6360222206122662,0.0448182263359424,0.0174208359219782,0.0273973904139641,0.4081632653061224,0.1358695652173913,135660.29666492058,135660.29666492058,매매가>전세가,0.6636250310527093,0.0,0.6636250310527093,0.08462485264544761,0.21930947727834305,0.08462485264544761,,0.026005831355737096,0.808910065355933,0.8089100653559331,0.4882312945754085,0.5519502606432591,0.20187136226331684,0.13684237833350626,0.43497503626442663,0.23887554768781982,0.5862569922549723,0.6278673243559914,0.5453230930265897,0,0,0,1,1,0.30000000000000004,완만 정체 구간,우선 점검 구간,우선 점검 구간,0.5865952086912904,높음,1,1
11170,용산구,2023-07,225175.4716981132,200000.0,2284.52661872034,2026.7919276270009,53,70621.20833333333,60000.0,780.9566858902515,750.1534091315104,336,564,228,0.4042553191489361,0.341846174822729,0.658153825177271,0.046811938615114,-0.0168392763528084,0.0636512149679224,-0.2318840579710145,-0.1004784688995215,154554.26336477988,154554.26336477988,매매가>전세가,0.6863725529216907,0.0,0.6863725529216907,-0.06623909871390282,-0.14078615218175283,0.06623909871390282,0.001993712279171597,0.04749659694481872,0.8468661547528236,0.8468661547528236,0.49132114328013204,0.5968823686498136,0.11468633914089886,0.10119788514462547,0.30233643325377574,0.18693460551795232,0.6368427314218392,0.6355907080430764,0.5499402679724075,0,0,1,1,1,0.55,안정 정체 구간,우선 점검 구간,우선 점검 구간,0.592765488007742,높음,1,1
11170,용산구,2023-08,248798.12307692308,198000.0,2148.066488219814,2092.3573893253065,65,78247.7593220339,61000.0,835.3226398612178,765.7869934024505,295,491,196,0.3991853360488798,0.3888718735859438,0.6111281264140562,-0.0597323442775042,0.0696145573156747,-0.129346901593179,0.2264150943396226,-0.1294326241134752,170550.36375488917,170550.36375488917,매매가>전세가,0.6854969870578912,0.0,0.6854969870578912,-0.005069983100056297,-0.012541537142244485,0.005069983100056297,-0.10654428289261819,-0.08806028771926054,0.766216257861471,0.7662162578614711,0.3261991655852156,0.35768519910765084,0.1119814726517267,0.13035934934579124,0.2921841895074711,0.014127903736221718,0.5091919214988345,0.5163219929590348,0.4231625744614694,0,0,0,1,0,0.2,활발 관찰 구간,신중 매수 구간,신중 투자 구간,0.46974228371025206,주의,0,0
11170,용산구,2023-09,196722.69696969696,162750.0,2051.5134863515054,2083.639245200722,66,72724.57342657342,60000.0,787.8329317512264,751.082568938778,286,490,204,0.4163265306122449,0.3840252267375246,0.6159747732624754,-0.0449487957648487,-0.056851934622389,0.0119031388575402,0.0153846153846153,-0.0020366598778004,123998.12354312354,123998.12354312354,매매가>전세가,0.6303193553828927,0.0,0.6303193553828927,0.017141194563365103,0.0429404414827157,0.017141194563365103,0.014783548512655502,-0.02995249161223266,0.7745283420808248,0.7745283420808249,0.3491106602378071,0.5327470622778621,0.007608997500694209,0.0020512421680949134,0.3265080880049202,0.048229855653473555,0.6959222194971769,0.5570166237836022,0.4534207994218741,0,0,0,1,0,0.2,활발 관찰 구간,우선 점검 구간,신중 투자 구간,0.5052187116027381,높음,0,1
11170,용산구,2023-10,226605.84375,191500.0,2202.5206416245255,2118.6642121789564,64,71100.46863468635,60000.0,794.4455478752268,789.2527287993283,271,456,185,0.4057017543859649,0.3606983439162064,0.6393016560837936,0.0736076834384245,0.0083934243638452,0.0652142590745792,-0.0303030303030302,-0.0693877551020408,155505.37511531365,155505.37511531365,매매가>전세가,0.6862372679447445,0.0,0.6862372679447445,-0.010624776226279997,-0.025520295837633378,0.010624776226279997,0.1185564792032732,0.10381284895240725,0.814534354618965,0.8145343546189652,0.5328491000968548,0.5988195674828576,0.014987419319549231,0.06988456480444204,0.30523280643683376,0.029820553034640825,0.5995861454920954,0.6105228133935868,0.5166509258339768,0,1,1,1,0,0.65,신중 정체 구간,우선 점검 구간,우선 점검 구간,0.5635868696137818,높음,1,1
11170,용산구,2023-11,194560.92682926828,175000.0,1770.725081464771,1720.3807776121116,41,70982.1825095057,64000.0,831.1517264828015,844.3093549476529,263,444,181,0.4076576576576576,0.4693849627945971,0.5306150372054028,-0.1960460901021443,0.0462035172904506,-0.242249607392595,-0.359375,-0.0263157894736841,123578.74431976258,123578.74431976258,매매가>전세가,0.6351673295029366,0.0,0.6351673295029366,0.001955903271692705,0.004821037253469607,0.001955903271692705,-0.2696537735405688,-0.1804718614050388,0.6281348999261473,0.6281348999261473,0.1149405725713413,0.21775633274318568,0.17774142599277978,0.026504208014068473,0.30914934942456057,0.005330427120380054,0.5437587890806614,0.3954199634147468,0.31358085264801194,0,0,1,1,0,0.45,안정 정체 구간,매수 검토 가능,안정 관찰,0.3545004080313794,낮음,0,0
11170,용산구,2023-12,184409.4848484849,170000.0,1867.4450257751157,1712.1771217712178,33,74407.54889589906,65000.0,826.4703111348139,789.2527287993283,317,525,208,0.3961904761904762,0.4425674114780289,0.5574325885219711,0.0546216605405149,-0.0056324437510321,0.060254104291547,-0.1951219512195121,0.1824324324324324,110001.93595258583,110001.93595258583,매매가>전세가,0.5965091006190163,0.0,0.5965091006190163,-0.011467181467181398,-0.028129439621152108,0.011467181467181398,0.2506677506426592,0.050429629937561546,0.6741274700621095,0.6741274700621096,0.5034246245234122,0.5926720723376565,0.09650435854539045,0.1837386312326646,0.2861872173936589,0.03220040224094294,0.6202956195404399,0.5333170015236752,0.4728596478998549,0,1,1,1,0,0.65,신중 정체 구간,우선 점검 구간,우선 점검 구간,0.503088324711765,높음,0,1
11170,용산구,2024-01,227194.3829787234,180000.0,2194.9083998434517,2179.9445105033687,47,78763.07580174928,63000.0,864.6306271500741,843.267277396604,343,536,193,0.3600746268656716,0.3939256085637754,0.6060743914362245,0.1753536888896725,0.0461726398409434,0.129181049048729,0.4242424242424243,0.020952380952381,148431.30717697414,148431.30717697414,매매가>전세가,0.6533229617339379,0.0,0.6533229617339379,-0.036115849324804605,-0.0911577927669347,0.036115849324804605,0.12073202834915761,0.160616979737655,0.7575490138736545,0.7575490138736545,0.69053472326258,0.6780984505058978,0.20982387047369,0.02110239799977275,0.21386806006823167,0.1018344806977685,0.5438043802507773,0.615639737078699,0.5805258182503051,0,0,0,1,0,0.2,활발 관찰 구간,우선 점검 구간,우선 점검 구간,0.5980827776645021,높음,1,1
11170,용산구,2024-02,243805.25806451612,196500.0,2181.8135766662467,2078.095220671553,62,72298.46181818182,61000.0,819.0829490366148,800.1882795951989,275,469,194,0.4136460554371002,0.3754138106923653,0.6245861893076348,-0.0059659998467994,-0.052678770197616,0.0467127703508165,0.3191489361702126,-0.125,171506.7962463343,171506.7962463343,매매가>전세가,0.7034581518375207,0.0,0.7034581518375207,0.0535714285714286,0.14877868245743908,0.0535714285714286,-0.18131968873647192,-0.004661075947233512,0.7892970714010983,0.7892970714010984,0.4095260685854622,0.5758892725458125,0.1578462247484445,0.12589498806682575,0.3211406465762327,0.15114761931401333,0.6897604589810745,0.589689663459265,0.5121287388603074,1,0,0,1,0,0.45,안정 정체 구간,우선 점검 구간,우선 점검 구간,0.5509092011597863,높음,1,1
11170,용산구,2024-03,229805.7111111111,189500.0,2223.691519611125,2137.646175303079,90,73826.65870307168,63000.0,835.9162832481352,820.3445447087777,293,519,226,0.4354527938342967,0.3759137793511569,0.6240862206488431,0.0191940976959481,0.0205514401579465,-0.0013573424619983,0.4516129032258065,0.1066098081023454,155979.05240803942,155979.05240803942,매매가>전세가,0.6787431506983894,0.0,0.6787431506983894,0.02180673839719649,0.05271835210456266,0.02180673839719649,0.025160097542747503,-0.012252403398062248,0.7884396163958365,0.7884396163958366,0.44851910464956163,0.5163123443908814,0.22336089437521836,0.10737312415081086,0.36480693089141736,0.06141031827503856,0.5816345926537916,0.5815662504706302,0.5085653215304179,0,0,0,1,0,0.2,활발 관찰 구간,우선 점검 구간,우선 점검 구간,0.545065786000524,높음,1,1
11170,용산구,2024-04,261189.11392405065,169000.0,2208.4175915451856,2019.8619760983,79,75245.49248120301,65000.0,857.1432994880255,851.6250610000766,266,674,408,0.6053412462908012,0.3881255532330276,0.6118744467669723,-0.0068687261390512,0.0253937106684991,-0.0322624368075503,-0.1222222222222222,0.2986512524084779,185943.62144284765,185943.62144284765,매매가>전세가,0.7119118352571038,0.0,0.7119118352571038,0.16988845245650452,0.39014206559701714,0.16988845245650452,-0.0260628238349993,-0.027032212367411757,0.7674962103362588,0.7674962103362588,0.4081270263595734,0.47800932245673117,0.0604492579221821,0.30078956686486313,0.7049952401979654,0.4797507232976965,0.5744848836552459,0.6351431538401412,0.5028934043990484,1,0,1,1,1,0.7999999999999999,신중 정체 구간,우선 점검 구간,우선 점검 구간,0.5690182791195948,높음,1,1
11170,용산구,2024-05,194753.679245283,179500.0,2111.3692957818907,2086.1756974002865,106,85741.57794676805,68000.0,916.9273257066976,906.8010075566752,263,604,341,0.5645695364238411,0.4342808847028995,0.5657191152971004,-0.043944721385502,0.0697479945936474,-0.1136927159791495,0.3417721518987342,-0.1038575667655786,109012.10129851496,109012.10129851496,매매가>전세가,0.5597434755582686,0.0,0.5597434755582686,-0.040771709866960104,-0.06735326580963508,0.040771709866960104,-0.0370759952464508,-0.05751527703028115,0.6883390085948318,0.6883390085948317,0.3506667713943074,0.3770866158524513,0.16903532422428372,0.10460117702881662,0.623353087087357,0.11498758739502254,0.5089948986962085,0.5271665798326677,0.4233233878306876,0,0,0,1,0,0.2,활발 관찰 구간,우선 점검 구간,신중 투자 구간,0.4752449838316777,주의,0,0
11170,용산구,2024-06,213945.9263803681,170000.0,2225.135567994116,2162.6460610629474,163,81336.82462686567,70000.0,898.9768372778526,892.6052417760486,268,556,288,0.5179856115107914,0.4040099175117899,0.5959900824882101,0.0538826970911761,-0.0195767842506057,0.0734594813417818,0.5377358490566038,-0.0794701986754966,132609.10175350244,132609.10175350244,매매가>전세가,0.6198253175325277,0.0,0.6198253175325277,-0.046583924913049746,-0.08251228928880361,0.046583924913049746,0.0978274184766781,0.015363492500232306,0.740254247431734,0.7402542474317338,0.5022793814105363,0.609038495334086,0.26595599754785093,0.08003919771135933,0.5300724289384998,0.1314074702408282,0.6408847164385412,0.6029727951454932,0.5343867086062918,0,0,0,1,0,0.2,활발 관찰 구간,우선 점검 구간,우선 점검 구간,0.5686797518758925,높음,1,1
11170,용산구,2024-07,230974.1771428571,174500.0,2282.463988972731,2160.6465446148773,175,81241.0142857143,69125.0,874.25323788071,839.4191752003741,210,381,171,0.4488188976377952,0.3830304627387288,0.6169695372612711,0.0257640126755487,-0.0275019314980426,0.0532659441735914,0.0736196319018405,-0.3147482014388489,149733.1628571428,149733.1628571428,매매가>전세가,0.6482679783053545,0.0,0.6482679783053545,-0.06916671387299617,-0.1335301837270343,0.06916671387299617,-0.028118684415627402,0.021281788368247408,0.776234379759033,0.7762343797590329,0.4587011371835125,0.5840111167267596,0.03641115368430378,0.31700176851359,0.39157150605341734,0.19520530740161002,0.6525863544338403,0.6032017093115601,0.5052066874905226,0,0,0,1,1,0.30000000000000004,완만 정체 구간,우선 점검 구간,우선 점검 구간,0.5542041984010413,높음,1,1
11170,용산구,2024-08,228878.70967741936,173250.0,2266.18288565542,2174.1928708234673,124,80329.36981132075,70000.0,926.1897097674567,910.6529209621992,265,446,181,0.405829596412556,0.4087003373073248,0.5912996626926752,-0.0071331260409671,0.0594066680412264,-0.0665397940821935,-0.2914285714285715,0.1706036745406824,148549.3398660986,148549.3398660986,매매가>전세가,0.6490308341717907,0.0,0.6490308341717907,-0.042989301225239196,-0.09578317992290142,0.042989301225239196,-0.0328971387165158,0.0030925306748519924,0.7322100953439195,0.7322100953439195,0.40771726026493743,0.4355267999038006,0.14413615265600827,0.1718251805636467,0.3054888000741617,0.12125242618953884,0.5242640736313167,0.5352657793236405,0.4586680109214746,1,0,1,1,0,0.7,신중 정체 구간,우선 점검 구간,신중 투자 구간,0.49696689512255754,높음,0,1
11170,용산구,2024-09,301077.5862068966,269000.0,2612.0893201080557,2385.8429758792117,58,78846.51813471502,65000.0,898.7869000722343,883.6278759586529,193,367,174,0.4741144414168937,0.3440873530446706,0.6559126469553294,0.1526383579375561,-0.0295866056448658,0.1822249635824219,-0.532258064516129,-0.1771300448430492,222231.06807218154,222231.06807218154,매매가>전세가,0.7381189376198442,0.0,0.7381189376198442,0.06828484500433768,0.16825989432008082,0.06828484500433768,0.1597714839785232,0.1637925282792408,0.8430224948547568,0.8430224948547568,0.6553305783852026,0.7438397874887321,0.263246768370793,0.17839827905433595,0.442223849675209,0.19271397089841621,0.6556644173950268,0.6948805843658311,0.6336503587194123,0,0,1,1,1,0.55,안정 정체 구간,우선 점검 구간,우선 점검 구간,0.6642654715426217,높음,1,1
11170,용산구,2024-10,264225.31944444444,194745.0,2450.985731394771,2422.8800606705613,72,86457.09489051095,68625.0,909.0446109067284,856.8673585725386,274,447,173,0.3870246085011186,0.3708893933011281,0.6291106066988719,-0.0616761408092355,0.0114128397217065,-0.0730889805309421,0.2413793103448276,0.2179836512261581,177768.22455393348,177768.22455393348,매매가>전세가,0.6727902720591118,0.0,0.6727902720591118,-0.0870898329157751,-0.183689475172928,0.0870898329157751,-0.2143144987467916,-0.0581764904883101,0.7970565264585138,0.7970565264585138,0.3231866761409957,0.4274098975771989,0.1193825469936512,0.21954439335904227,0.26783328581394544,0.24583927613472756,0.595127918487346,0.5624850054818533,0.4715804086666392,0,0,0,1,1,0.30000000000000004,완만 정체 구간,우선 점검 구간,우선 점검 구간,0.5170327070742462,높음,0,1
11170,용산구,2024-11,204517.5,180000.0,2288.9693135830794,2158.369537406774,80,82985.90833333334,60398.5,917.0306448506238,880.6166378494579,240,698,458,0.6561604584527221,0.4006303795375628,0.5993696204624371,-0.0661025544687662,0.0087850847451038,-0.0748876392138701,0.1111111111111111,0.5615212527964206,121531.59166666666,121531.59166666666,매매가>전세가,0.5942356603550633,0.0,0.5942356603550633,0.2691358499516035,0.6953972539211952,0.2691358499516035,-0.004426413659530698,-0.09309058232283204,0.7460502142398875,0.7460502142398875,0.31632663487257645,0.4251806837714123,0.054953870838347366,0.5655416913605954,0.8067567290789168,0.7601310304091852,0.5990078511266411,0.6409399808653522,0.493675222379429,0,1,0,1,1,0.5,안정 정체 구간,우선 점검 구간,우선 점검 구간,0.5673076016223906,높음,1,1
11170,용산구,2024-12,198891.6274509804,180000.0,2168.5401730268313,2002.002002002002,51,83226.15384615384,68000.0,924.3362096799364,872.7760993622021,247,674,427,0.6335311572700296,0.4262481374231381,0.5737518625768618,-0.052612824401622,0.0079665438339877,-0.0605793682356098,-0.3625,-0.0343839541547278,115665.47360482655,115665.47360482655,매매가>전세가,0.5815502396315496,0.0,0.5815502396315496,-0.022629301182692463,-0.03448745027405964,0.022629301182692463,0.013489730067144198,-0.03858565374100338,0.7021153108488201,0.7021153108488201,0.3372329739719947,0.4429140066660874,0.1792870036101083,0.03463013998399792,0.7614433272625118,0.06373411126343638,0.6002164431094994,0.5505974463727171,0.43503621659256336,0,1,1,1,0,0.65,신중 정체 구간,우선 점검 구간,신중 투자 구간,0.4928168314826402,주의,0,1
11170,용산구,2025-01,227383.11842105264,170250.0,2343.3065409860815,2331.2456506610997,76,78872.18828451882,65000.0,906.4602504579836,880.4605485946495,239,430,191,0.4441860465116279,0.3868295652332955,0.6131704347667044,0.080591713325427,-0.0193392393749701,0.0999309527003972,0.4901960784313726,-0.3620178041543026,148510.9301365338,148510.9301365338,매매가>전세가,0.6531308531952286,0.0,0.6531308531952286,-0.1893451107584017,-0.2988726104242688,0.1893451107584017,0.133204537727049,0.05021830033361342,0.7697188524510973,0.7697188524510972,0.5436729265464123,0.6418465928192892,0.24244354781623842,0.3646098170718752,0.38229458482015527,0.5347170394705576,0.6405339766913112,0.6543885165594752,0.5963437383505159,0,0,0,1,1,0.30000000000000004,완만 정체 구간,우선 점검 구간,우선 점검 구간,0.6253661274549955,높음,1,1
11170,용산구,2025-02,248918.47272727272,194500.0,2465.753379221761,2438.3726367826844,165,77223.58620689655,64000.0,879.4082614826831,835.5890314228551,319,551,232,0.4210526315789473,0.3566489126176281,0.6433510873823719,0.0522538712259783,-0.029843546875478,0.0820974181014564,1.1710526315789471,0.2813953488372094,171694.88652037617,171694.88652037617,매매가>전세가,0.6897635383955353,0.0,0.6897635383955353,-0.023133414932680618,-0.0520804629374485,0.023133414932680618,-0.0283378420994487,0.02554678954766728,0.8214792002095301,0.8214792002095302,0.4997550324649137,0.6197441439715651,0.5791848755462663,0.283410112671366,0.3359717347344479,0.06515826516175681,0.6560437962472825,0.6187774765598574,0.604811113208747,0,0,0,1,0,0.2,활발 관찰 구간,우선 점검 구간,우선 점검 구간,0.6117942948843023,높음,1,1
11170,용산구,2025-03,233709.07692307697,198000.0,2375.1798658949597,2250.2099076406384,299,77366.45671641792,65000.0,880.5403350077872,839.6305625524769,335,567,232,0.4091710758377425,0.3707257490901652,0.6292742509098348,-0.0367325921927309,0.0012873128155466,-0.0380199050082775,0.812121212121212,0.0290381125226859,156342.62020665905,156342.62020665905,매매가>전세가,0.6689625506420432,0.0,0.6689625506420432,-0.011881555741204808,-0.02821869488536144,0.011881555741204808,-0.0889864634187092,-0.05214854173976592,0.797337179146047,0.7973371791460471,0.36184410539449813,0.4708736564622552,0.40166283776392075,0.02924602263621348,0.3121798507006181,0.03337103632447668,0.610078460940152,0.558131342554046,0.5091980943695029,0,1,0,1,0,0.4,완만 정체 구간,우선 점검 구간,우선 점검 구간,0.5336647184617744,높음,0,1
11170,용산구,2025-04,207604.6511627907,168000.0,2315.87797830776,2122.4773834377174,43,77939.93674698795,66500.0,870.1782605710695,839.1612474850438,332,571,239,0.4185639229422067,0.3757444341721835,0.6242555658278165,-0.0249673249755572,-0.011767858921109,-0.0131994660544481,-0.8561872909698997,0.0070546737213403,129664.71441580274,129664.71441580274,매매가>전세가,0.6245751898599213,0.0,0.6245751898599213,0.009392847104464197,0.022955794432031107,0.009392847104464197,0.011765267217173702,-0.010188161242201592,0.7887300463433429,0.788730046343343,0.3800778776651967,0.501635504558687,0.42345725221254965,0.007105184511707891,0.3309882907672592,0.026340273710123954,0.629354682423382,0.5623548869529923,0.5185508078678416,0,0,1,1,0,0.45,안정 정체 구간,우선 점검 구간,우선 점검 구간,0.5404528474104169,높음,1,1
11170,용산구,2025-05,226478.17204301077,178500.0,2372.604384222354,2217.1985044778717,93,83726.42857142857,69000.0,940.1978430879436,888.0243572395129,329,578,249,0.430795847750865,0.3962724883002791,0.6037275116997209,0.0244945573324397,0.0804657915389919,-0.0559712342065521,1.1627906976744184,0.0122591943957968,142751.7434715822,142751.7434715822,매매가>전세가,0.630311266573063,0.0,0.630311266573063,0.012231924808658312,0.029223552576334244,0.012231924808658312,0.049461882307996904,0.0036794882828198247,0.7535240740270723,0.7535240740270726,0.4567337394859674,0.44862521585435194,0.5750986483082864,0.012346969057341882,0.35548176139492094,0.034360851566129044,0.4931698577164203,0.551550141610689,0.5345060993803951,0,0,0,1,0,0.2,활발 관찰 구간,우선 점검 구간,우선 점검 구간,0.543028120495542,높음,1,1
11170,용산구,2025-06,220771.3017751479,175000.0,2326.8304123127623,2123.327515997673,169,77856.85018726591,68000.0,883.6911277735015,839.6305625524769,267,589,322,0.5466893039049237,0.3797832120026114,0.6202167879973886,-0.0192927115089162,-0.0601008774162404,0.0408081659073242,0.8172043010752688,0.019031141868512,142914.451587882,142914.451587882,매매가>전세가,0.6473416174962728,0.0,0.6473416174962728,0.11589345615405866,0.26902175765881897,0.11589345615405866,-0.043787268841355906,-0.05318213019724624,0.7818034716372189,0.7818034716372189,0.38887237487168064,0.5685712494722438,0.40417685648849033,0.01916740302747509,0.5875493230135405,0.32721137186018334,0.7007193483395944,0.6259943489575704,0.5584676056011034,0,0,0,1,1,0.30000000000000004,완만 정체 구간,우선 점검 구간,우선 점검 구간,0.5922309772793369,높음,1,1
11170,용산구,2025-07,214777.86842105264,174000.0,2325.8619849091883,2167.713831788482,152,82915.49655172414,68250.0,935.885750163386,897.863032282034,290,553,263,0.4755877034358047,0.4023823237301533,0.5976176762698466,-0.0004162002518315,0.0590643277378954,-0.059480527989727,-0.1005917159763313,-0.0611205432937181,131862.3718693285,131862.3718693285,매매가>전세가,0.6139476699285618,0.0,0.6139476699285618,-0.07110160046911895,-0.13005851762829523,0.07110160046911895,0.018876511257084703,0.061136271333065775,0.7430455992696077,0.7430455992696077,0.41812712966590654,0.44427588252932126,0.04975113750453931,0.06155816054880438,0.44517394138616395,0.20067148698655682,0.5247695459179137,0.5654677943013601,0.4600763815077448,1,0,1,1,1,0.7999999999999999,신중 정체 구간,우선 점검 구간,신중 투자 구간,0.5127720879045524,높음,0,1
11170,용산구,2025-08,151266.9420289855,83250.0,2054.8328143669364,1844.3609090826549,138,80580.63063063064,65887.5,918.50310478229,876.8218401836236,222,438,216,0.4931506849315068,0.4469965139549648,0.5530034860450352,-0.1165284837624766,-0.0185734694411807,-0.0979550143212958,-0.0921052631578946,-0.2079566003616636,70686.31139835487,70686.31139835487,매매가>전세가,0.4672951700498453,0.0,0.4672951700498453,0.017562981495702124,0.03692900671909993,0.017562981495702124,-0.11611228351064509,-0.11377655991227707,0.6665314817518723,0.6665314817518725,0.23817669621774162,0.39659154034981453,0.04555386661599841,0.20944554976759436,0.4803424351537716,0.049421430975437095,0.6394033021091089,0.48145736297399044,0.37201488901661006,0,0,1,1,0,0.45,안정 정체 구간,신중 매수 구간,선별 검토 가능,0.42673612599530025,보통,0,0
11170,용산구,2025-09,180817.6923076923,170000.0,2395.515582132488,2175.9410912746703,130,78821.1155378486,67700.0,904.8906157519376,863.1528046421663,251,593,342,0.5767284991568297,0.3777435732421343,0.6222564267578656,0.1657958571537172,-0.0148202972417593,0.1806161543954766,-0.0579710144927536,0.3538812785388128,101996.57676984371,101996.57676984371,매매가>전세가,0.56408515930111,0.0,0.56408515930111,0.08357781422532284,0.1694772344013491,0.08357781422532284,0.2823243409161938,0.07571504677104389,0.7853014878295217,0.7853014878295218,0.6757220272091766,0.7418458685287567,0.028671584785224705,0.35641503470973507,0.6477004568776358,0.2359175965354321,0.6338616684914049,0.6936477336167576,0.5862615972592462,0,0,1,1,1,0.55,안정 정체 구간,우선 점검 구간,우선 점검 구간,0.639954665438002,높음,1,1
11170,용산구,2025-10,214138.24193548388,193000.0,2492.7292208429703,2155.1240318778764,124,81738.75799086758,71000.0,939.9662531023564,893.4707903780069,219,434,215,0.4953917050691244,0.377083176641419,0.622916823358581,0.0405815096489343,0.0387622953977395,0.0018192142511948,-0.0461538461538461,-0.2681281618887015,132399.48394461628,132399.48394461628,매매가>전세가,0.6182897680859168,0.0,0.6182897680859168,-0.08133679408770528,-0.1410313417953486,0.08133679408770528,-0.12521434750478289,0.030555589999796757,0.7864340795645913,0.7864340795645914,0.4816652450484066,0.520249291487696,0.022826992502082727,0.270047933930864,0.484829902316575,0.22958656992630339,0.5547459016367544,0.614945867486999,0.5020175410227703,0,0,1,1,1,0.55,안정 정체 구간,우선 점검 구간,우선 점검 구간,0.5584817042548846,높음,1,1
11170,용산구,2025-11,203874.60869565216,171000.0,2372.9446127080787,2085.54259455638,115,89439.0,75000.0,981.6618248830764,931.391385937111,228,444,216,0.4864864864864865,0.4136893122687651,0.5863106877312348,-0.0480535980937327,0.044358583771602,-0.0924121818653348,-0.0725806451612903,0.0230414746543778,114435.60869565216,114435.60869565216,매매가>전세가,0.5613038790253856,0.0,0.5613038790253856,-0.008905218582637875,-0.01797611565053414,0.008905218582637875,-0.088635107742667,0.020548550341504997,0.7236539159182893,0.7236539159182892,0.3442988478441397,0.4034611920248482,0.03589728659601722,0.023206449413239693,0.4669979001420397,0.024962691645941996,0.5464828702224902,0.523187023118291,0.41071174069919564,0,0,1,1,0,0.45,안정 정체 구간,우선 점검 구간,조건부 관찰,0.46694938190874336,주의,0,0
11170,용산구,2025-12,194860.31746031743,173000.0,2311.4495814354896,2317.4375522887535,63,88816.2169117647,72960.0,968.7438810924848,942.4860064916982,272,563,291,0.5168738898756661,0.4191066458351479,0.580893354164852,-0.0259150723296525,-0.0131592606161804,-0.012755811713472,-0.4521739130434783,0.268018018018018,106044.10054855273,106044.10054855273,매매가>전세가,0.5442057260845231,0.0,0.5442057260845231,0.030387403389179557,0.06246299585553583,0.030387403389179557,0.022138525764080198,-0.0511618416684986,0.7143630939837813,0.7143630939837813,0.3786090619463743,0.5021853589536804,0.22363836132475282,0.26993700144058136,0.5278462935066663,0.085651250998658,0.631409114780716,0.5506504645774313,0.4682968463729131,0,0,1,1,0,0.45,안정 정체 구간,우선 점검 구간,신중 투자 구간,0.5094736554751722,높음,0,1
11170,용산구,2026-01,238800.9090909091,197000.0,2482.198298844022,2297.545212309551,88,88206.7171314741,69300.0,964.5322289824333,950.3167722574192,251,514,263,0.5116731517509727,0.3885798444997819,0.6114201555002181,0.073870837927813,-0.0043475393158632,0.0782183772436763,0.3968253968253967,-0.0870337477797513,150594.191959435,150594.191959435,매매가>전세가,0.6306265438131365,0.0,0.6306265438131365,-0.005200738124693349,-0.010061909155334559,0.005200738124693349,0.0997859102574655,0.03195077045516915,0.7667170928582421,0.7667170928582421,0.5332569360552696,0.6149365551191337,0.19626382442266913,0.0876569011051433,0.5174322230727827,0.014497295124705404,0.6183984325116736,0.6087805219250304,0.5288789839111364,0,1,0,1,0,0.4,완만 정체 구간,우선 점검 구간,우선 점검 구간,0.5688297529180835,높음,1,1
11170,용산구,2026-02,236073.63636363635,210000.0,2557.2825121202955,2391.329280880835,99,95582.49145299144,70000.0,994.113934552178,924.5693309999132,234,456,222,0.4868421052631579,0.3887384087759383,0.6112615912240618,0.0302490793387624,0.0306694837983307,-0.0004204044595683,0.125,-0.11284046692607,140491.1449106449,140491.1449106449,매매가>전세가,0.5951157743605016,0.0,0.5951157743605016,-0.024831046487814812,-0.048529117470482164,0.024831046487814812,-0.0436217585890506,0.030165997104582502,0.7664451523478616,0.7664451523478618,0.46565207868329994,0.5174735625530638,0.06182310469314079,0.11364839389690104,0.46770999886708087,0.06995418393448015,0.5666950993921736,0.5844578406395414,0.4811498156664435,0,0,0,1,0,0.2,활발 관찰 구간,우선 점검 구간,우선 점검 구간,0.5328038281529924,높음,0,1
11170,용산구,2026-03,243613.75,220500.0,2533.649760539413,2454.534458881597,72,81167.48898678414,68250.0,957.5927072944824,992.063492063492,227,540,313,0.5796296296296296,0.3779499132865985,0.6220500867134015,-0.0092413534558166,-0.0367374663892497,0.0274961129334331,-0.2727272727272727,0.1842105263157893,162446.26101321587,162446.26101321587,매매가>전세가,0.666818933714603,0.0,0.666818933714603,0.0927875243664717,0.19059059059059047,0.0927875243664717,-0.039490432794579006,0.009403772119814736,0.7849476110398459,0.7849476110398458,0.4044499363812013,0.5520726149317249,0.13488677387594353,0.1855294560984799,0.6535097432437718,0.26193562242785534,0.6662228059237241,0.6274967247840246,0.5124627524507084,1,0,1,1,1,0.7999999999999999,신중 정체 구간,우선 점검 구간,우선 점검 구간,0.5699797386173665,높음,1,1
11170,용산구,2026-04,211928.33333333337,195000.0,2340.432586458861,2284.7691967511796,60,85699.125,70700.0,982.6125410838235,987.0821549743628,160,460,300,0.6521739130434783,0.4198422747867066,0.5801577252132933,-0.0762604117940185,0.0261278449582502,-0.1023882567522688,-0.1666666666666666,-0.1481481481481481,126229.20833333337,126229.20833333337,매매가>전세가,0.5956221442783332,0.0,0.5956221442783332,0.07254428341384866,0.12515627170440347,0.07254428341384866,-0.0670190583382019,-0.0966803357093644,0.713101477449549,0.713101477449549,0.3005840211428569,0.39109708755266903,0.08243080625752103,0.14920887474586753,0.7987739843830015,0.20474715947084338,0.5734009197325085,0.5606550194144879,0.4207610757321599,0,0,1,1,1,0.55,안정 정체 구간,우선 점검 구간,조건부 관찰,0.49070804757332387,주의,0,1
11380,은평구,2023-06,77235.65891472869,75500.0,1028.0290154345662,1049.4752623688155,129,41921.64638157895,42000.0,602.9747668226194,619.7723695718389,608,836,228,0.2727272727272727,0.5865347745731974,0.4134652254268026,0.0026755762996755,0.051893834327066,-0.0492182580273905,-0.0373134328358208,0.0232558139534884,35314.01253314974,35314.01253314974,매매가>전세가,0.4572242022578955,0.0,0.4572242022578955,-0.06387003449426948,-0.1897520661157024,0.06387003449426948,,-0.016136818680529807,0.4272209212023238,0.42722092120232374,0.42291875475282126,0.4569946902141171,0.018454658117355412,0.023422323361269936,0.03896183014451236,0.180241846108312,0.5353569224702345,0.3675178449714851,0.3463023947426355,1,0,1,0,1,0.6,안정 정체 구간,거주 안정권,안정 관찰,0.35691011985706034,낮음,0,0
11380,은평구,2023-07,75364.6225165563,78000.0,1050.794538253488,1097.3606705935658,151,43186.96363636364,43000.0,604.8435658058812,612.4571427225369,605,943,338,0.3584305408271474,0.5756059284540858,0.4243940715459142,0.0221448251723694,0.0030992988199316,0.0190455263524378,0.1705426356589148,0.1279904306220096,32177.658880192655,32177.658880192655,매매가>전세가,0.4269597299863578,0.0,0.4269597299863578,0.08570326809987472,0.31424531636620734,0.08570326809987472,0.0194692488726939,0.02282948350207412,0.4459640836821822,0.4459640836821821,0.45309213234581514,0.5415991635470057,0.08434780175188206,0.12890682988660632,0.21057590664807363,0.24192214098837442,0.6074030274606392,0.417435540988659,0.39187007282894765,0,1,0,0,1,0.30000000000000004,완만 정체 구간,매수 검토 가능,조건부 관찰,0.40465280690880334,안정,0,0
11380,은평구,2023-08,77865.36144578313,80250.0,1056.7683971303434,1051.4094706423332,166,43130.94915254237,45000.0,600.6891196674285,611.83668666902,590,977,387,0.3961105424769703,0.5684207829251906,0.4315792170748094,0.0056850874832148,-0.0068686291353987,0.0125537166186135,0.0993377483443709,0.0360551431601272,34734.412293240755,34734.412293240755,매매가>전세가,0.446082977697676,0.0,0.446082977697676,0.03768000164982288,0.10512497501710949,0.03768000164982288,-0.0164597376891546,-0.022642855958541545,0.45828673409026177,0.4582867340902619,0.42758288524419463,0.5335533725247631,0.049130944126999324,0.03631329454313527,0.2860271563979822,0.1062533120256069,0.6221208719188882,0.4125418525528335,0.3706225813069938,1,1,0,0,0,0.45,안정 정체 구간,매수 검토 가능,선별 검토 가능,0.3915822169299137,안정,0,0
11380,은평구,2023-09,74153.54330708661,76500.0,1094.4032196344815,1113.9926912648828,127,43728.88224299066,46000.0,581.3215097455777,601.7651778550414,535,837,302,0.3608124253285543,0.5311767174257149,0.468823282574285,0.0356131226163989,-0.0322423185100699,0.0678554411264689,-0.2349397590361446,-0.1432958034800409,30424.661064095955,30424.661064095955,매매가>전세가,0.41029274809027727,0.0,0.41029274809027727,-0.03529811714841602,-0.08911178411886933,0.03529811714841602,0.0299280351331841,0.050609426769014934,0.5221609586386724,0.5221609586386723,0.4739652552367256,0.6020929842514485,0.11619764255578272,0.14432178775316767,0.215345443657686,0.0995243344920496,0.6595856304145233,0.4539761930575359,0.4253500632537426,0,0,1,0,0,0.25,완만 정체 구간,관찰 필요,신중 투자 구간,0.43966312815563924,보통,0,0
11380,은평구,2023-10,68427.1568627451,65000.0,959.5581544985808,956.6807144392628,102,44313.46808510638,45000.0,593.186765913222,591.3021482476552,564,917,353,0.3849509269356597,0.6181874054555797,0.3818125945444203,-0.1232133300749405,0.0204108328502024,-0.1436241629251429,-0.1968503937007873,0.0955794504181601,24113.688777638723,24113.688777638723,매매가>전세가,0.3523993964268787,0.0,0.3523993964268787,0.0241385016071054,0.06690041670578561,0.0241385016071054,-0.15882645269133938,-0.09300816456095774,0.37293610493924134,0.3729361049392414,0.22781654348375494,0.33999030881405384,0.09735921998919805,0.09626379015862424,0.26368090102502506,0.06799769992338672,0.5818422021483971,0.3048069404091332,0.26549266017901463,0,0,1,0,0,0.25,완만 정체 구간,거주 안정권,안정 관찰,0.2851498002940739,낮음,0,0
11380,은평구,2023-11,71044.0,65250.0,1005.4327573882488,985.0571834042908,75,44244.59541984733,43000.0,627.4398782570496,635.5184182652702,393,593,200,0.3372681281618887,0.6240495683539413,0.3759504316460587,0.0478080486050789,0.0577442288198968,-0.0099361802148179,-0.2647058823529411,-0.3533260632497274,26799.404580152674,26799.404580152674,매매가>전세가,0.37722263076618257,0.0,0.37722263076618257,-0.04768279877377096,-0.1238672138117507,0.04768279877377096,0.1710213786800194,0.06338227730218442,0.3628823929105537,0.3628823929105537,0.492864911252276,0.5056799416244728,0.13091951582076872,0.35585584413218363,0.16819983410550335,0.1345118598603244,0.5267186983026093,0.36149409378337194,0.3598069214531913,0,0,1,0,0,0.25,완만 정체 구간,거주 안정권,선별 검토 가능,0.36065050761828166,낮음,0,0
11380,은평구,2023-12,68990.31746031746,68500.0,993.2065236146432,960.501233874662,63,45653.26415094339,46000.0,619.31105051899,624.8388473950083,424,881,457,0.5187287173666288,0.6235471030386407,0.3764528969613593,-0.012160170517385,-0.0129555484433672,0.0007953779259821,-0.16,0.4856661045531196,23337.053309374067,23337.053309374067,매매가>전세가,0.33826563159094475,0.0,0.33826563159094475,0.18146058920474012,0.5380306469920544,0.18146058920474012,-0.0599682191224639,-0.016352201120338354,0.3637441297254498,0.3637441297254498,0.39992636334048187,0.518980373658709,0.07913357400722021,0.48914342749741396,0.5315604401663252,0.5124427569156729,0.6311083296940709,0.42410839512080334,0.3742061045963959,0,0,1,0,1,0.35,완만 정체 구간,매수 검토 가능,선별 검토 가능,0.3991572498585996,안정,0,0
11380,은평구,2024-01,72425.0,73800.0,1069.1278836895403,1053.0551104518354,90,42709.09195402299,42950.0,611.4080952675944,615.4574505858682,435,716,281,0.3924581005586592,0.5718755488423297,0.4281244511576703,0.0764406578790799,-0.0127608820232948,0.0892015399023747,0.4285714285714286,-0.1872871736662883,29715.908045977012,29715.908045977012,매매가>전세가,0.4102990410214292,0.0,0.4102990410214292,-0.12627061680796964,-0.24342322408713624,0.12627061680796964,0.08860082839646491,0.06170394872706242,0.4523617500426248,0.4523617500426249,0.5372396345272347,0.62854881967069,0.21196493037648273,0.18862813195029512,0.27871342775389596,0.3565275208426541,0.6308209008417849,0.4645732380106562,0.4589317949952415,0,0,0,0,1,0.1,활발 관찰 구간,관찰 필요,신중 투자 구간,0.46175251650294885,주의,0,0
11380,은평구,2024-02,68257.0796460177,73000.0,1023.6075775782068,1004.629173643258,113,44308.56308411215,46000.0,620.1566410095767,625.110575978325,428,732,304,0.4153005464480874,0.6058538981089117,0.3941461018910883,-0.0425770450904749,0.014308848393892,-0.056885893484367,0.2555555555555555,0.0223463687150837,23948.51656190554,23948.51656190554,매매가>전세가,0.3508576207201206,0.0,0.3508576207201206,0.022842445889428187,0.0582035276043793,0.022842445889428187,-0.1190177029695548,-0.04127212119090901,0.3940882860227387,0.39408828602273865,0.3527863915986964,0.4474916094013608,0.1263939029281989,0.022506366581778806,0.32445363513815223,0.0643362588244009,0.5908519039156139,0.3559648325576332,0.32337921162963995,0,0,0,0,0,0.0,활발 관찰 구간,거주 안정권,안정 관찰,0.33967202209363656,낮음,0,0
11380,은평구,2024-03,73055.5,73500.0,1054.47441714209,1024.407032113922,200,45513.3126142596,46700.0,642.3690844172297,647.8972788314289,547,994,447,0.4496981891348088,0.6091841337964586,0.3908158662035413,0.0301549541445487,0.0358174724558177,-0.005662518311269,0.7699115044247788,0.3579234972677596,27542.1873857404,27542.1873857404,매매가>전세가,0.37700361212695005,0.0,0.37700361212695005,0.03439764268672141,0.08282590278513191,0.03439764268672141,0.0727319992350236,-0.0012915469494616492,0.38837687349962147,0.38837687349962136,0.4655062037682175,0.5109766141989195,0.38078655634005304,0.36048619533888915,0.39333221835276133,0.09698043598701873,0.5590939914514598,0.3896921248788593,0.3980444963680047,0,0,0,0,0,0.0,활발 관찰 구간,매수 검토 가능,조건부 관찰,0.39386831062343197,안정,0,0
11380,은평구,2024-04,75447.44973544973,74500.0,1118.321654248769,1141.3107424402872,189,42926.333333333336,43000.0,608.1385821890909,613.5449130006637,528,823,295,0.3584447144592952,0.543795767415062,0.456204232584938,0.0605488725650851,-0.0532879041948187,0.1138367767599038,-0.055,-0.1720321931589536,32521.116402116393,32521.116402116393,매매가>전세가,0.43104328265765124,0.0,0.43104328265765124,-0.09125347467551359,-0.2029215969294419,0.09125347467551359,0.0303939184205364,0.040385386336724546,0.5005190669225674,0.5005190669225673,0.5126105981406032,0.6590811327953943,0.027202166064981947,0.17326392723885062,0.2106042882354468,0.2576018329852016,0.690659857478459,0.47283390522374813,0.43936052781836554,0,0,1,0,1,0.35,완만 정체 구간,신중 매수 구간,신중 투자 구간,0.45609721652105684,주의,0,0
11380,은평구,2024-05,77798.86363636363,78200.0,1083.3730466282,1088.7669804076843,220,48261.60243407708,50000.0,677.4565613175014,674.4653628221531,493,949,456,0.4805057955742887,0.6253215948338025,0.3746784051661975,-0.0312509442053553,0.1139838536125918,-0.1452347978179472,0.1640211640211639,0.1530984204131227,29537.26120228655,29537.26120228655,매매가>전세가,0.37966185907734346,0.0,0.37966185907734346,0.12206108111499347,0.34052972799199877,0.12206108111499347,-0.0917998167704404,-0.04482149985013445,0.36070084522190726,0.36070084522190726,0.3703395453386111,0.3379941271186606,0.08112238076136986,0.15419459048767964,0.455022035387921,0.3446353106670501,0.44367977047342566,0.3665662080850415,0.31454391850003244,0,0,0,0,1,0.1,활발 관찰 구간,거주 안정권,안정 관찰,0.34055506329253693,낮음,0,0
11380,은평구,2024-06,79150.71942446043,79450.0,1134.123036345447,1141.2892480957344,278,46974.95660749507,48000.0,652.1323736165215,675.3376688344172,507,757,250,0.3302509907529722,0.5750102526070954,0.4249897473929046,0.0468444271114156,-0.0373812715781068,0.0842256986895225,0.2636363636363636,-0.2023182297154899,32175.76281696536,32175.76281696536,매매가>전세가,0.406512575639608,0.0,0.406512575639608,-0.15025480482131648,-0.3127013372268187,0.15025480482131648,0.0780953713167709,0.008325222520471805,0.4469856781912259,0.446985678191226,0.4913714938443858,0.6223818831460598,0.13039054808007874,0.20376680892586332,0.15414856648375483,0.4242844008286905,0.6671733971271794,0.44839914237542433,0.44118268505989905,0,0,0,0,1,0.1,활발 관찰 구간,관찰 필요,신중 투자 구간,0.44479091371766166,보통,0,0
11380,은평구,2024-07,80759.8606271777,80000.0,1152.8435370842642,1167.6396997497914,287,42630.47928994083,44000.0,604.4214677914799,635.3270051626203,507,777,270,0.3474903474903475,0.5242875102723512,0.4757124897276488,0.0165065871504923,-0.0731613821906307,0.089667969341123,0.0323741007194244,0.0264200792602378,38129.38133723687,38129.38133723687,매매가>전세가,0.4721328273863487,0.0,0.4721328273863487,0.01723935673737531,0.05220077220077246,0.01723935673737531,-0.0303378399609233,0.012024362843191007,0.5339760695502528,0.5339760695502529,0.44435400968347266,0.6291269009676876,0.016011739344986075,0.026609244505537828,0.1886690270401993,0.04850717013415878,0.7200034441594189,0.4517277910902363,0.40884028438798437,0,0,0,0,0,0.0,활발 관찰 구간,관찰 필요,조건부 관찰,0.43028403773911034,보통,0,0
11380,은평구,2024-08,84583.79629629629,82000.0,1161.4791233945114,1160.4044052304685,216,46321.88630490956,48300.0,642.3230932796621,671.4571798798445,387,737,350,0.4748982360922659,0.553021643128999,0.4469783568710009,0.0074906837159256,0.0627072787911926,-0.0552165950752669,-0.2473867595818815,-0.0514800514800515,38261.90999138673,38261.90999138673,매매가>전세가,0.45235508060380264,0.0,0.45235508060380264,0.12740788860191837,0.3666515905321872,0.12740788860191837,-0.009015903434566699,0.017716340431744693,0.48469652850994327,0.4846965285099432,0.4303811923214893,0.44956049723142194,0.12235374029862009,0.05184864373408527,0.44379333707475205,0.35974038710317574,0.5193906560210648,0.4546928901057011,0.399959222644173,1,0,1,0,1,0.6,안정 정체 구간,관찰 필요,조건부 관찰,0.42732605637493704,보통,0,0
11380,은평구,2024-09,79283.89705882352,75250.0,1050.040932740378,992.5655874592434,136,39874.1129032258,38000.0,537.7151040207586,505.6604475117646,434,828,394,0.4758454106280193,0.5120896597977752,0.4879103402022248,-0.0959450655716022,-0.16285883281073,0.0669137672391277,-0.3703703703703703,0.1234735413839891,39409.78415559772,39409.78415559772,매매가>전세가,0.4970717335748293,0.0,0.4970717335748293,0.0009471745357534367,0.001994478951000911,0.0009471745357534367,-0.1034357492875278,-0.0847908952299175,0.5548955967224938,0.5548955967224939,0.27007680973978004,0.6009258965487431,0.18317956946115788,0.12435760015284819,0.44568997983814806,0.0024807032997750614,0.8524435192125451,0.4529152726183176,0.3961390058597286,0,0,1,0,0,0.25,완만 정체 구간,관찰 필요,조건부 관찰,0.4245271392390231,보통,0,0
11380,은평구,2024-10,73672.72727272728,74300.0,1059.1971489021878,1067.7236445917297,132,47355.67741935484,47125.0,680.1099546163978,679.7850214427312,310,727,417,0.5735900962861072,0.6420994951896372,0.3579005048103628,0.0087198659369536,0.2648146751521079,-0.2560948092151542,-0.0294117647058823,-0.1219806763285024,26317.04985337244,26317.04985337244,매매가>전세가,0.35721563226443337,0.0,0.35721563226443337,0.09774468565808792,0.20541268965709847,0.09774468565808792,0.10466493150855581,0.012219516257879008,0.33192645229762974,0.3319264522976297,0.4322861748674616,0.20059692649246358,0.014546612868974278,0.12285404632608117,0.6414160511333006,0.2759399231997035,0.22097505381850213,0.352631288786104,0.2725268628264719,1,0,1,0,1,0.6,안정 정체 구간,거주 안정권,안정 관찰,0.31257907580628796,낮음,0,0
11380,은평구,2024-11,68618.94354838709,66000.0,1027.683185645611,985.864494294048,124,46075.64262295082,47500.0,658.186828659958,668.660918528946,305,871,566,0.6498277841561424,0.6404569402840545,0.3595430597159454,-0.0297526889014378,-0.0322346788304327,0.0024819899289948,-0.0606060606060605,0.1980742778541953,22543.30092543627,22543.30092543627,매매가>전세가,0.3285288254188833,0.0,0.3285288254188833,0.07623768787003515,0.13291318724584067,0.07623768787003515,-0.0384725548383914,-0.05674071675550364,0.3347434627250696,0.33474346272506955,0.372661536459656,0.5210707195357825,0.02997483863909851,0.19949247077439236,0.7940760451878559,0.21518126557184863,0.6595743502751488,0.40235730083782106,0.32192101550591173,0,0,1,0,1,0.35,완만 정체 구간,매수 검토 가능,안정 관찰,0.36213915817186637,낮음,0,0
11380,은평구,2024-12,67511.44791666667,62500.0,1026.4945435814318,1020.357390397688,96,46209.4670846395,46000.0,665.3668785675221,670.8032869361059,319,730,411,0.563013698630137,0.6481932931139235,0.3518067068860765,-0.001156623053468,0.0109088325607829,-0.0120654556142509,-0.2258064516129032,-0.1618828932261767,21301.98083202717,21301.98083202717,매매가>전세가,0.3155313874814454,0.0,0.3155313874814454,-0.08681408552600545,-0.1335955273730578,0.08681408552600545,0.0285960658479698,0.01287054760715062,0.3214754821430964,0.32147548214309646,0.4169796248536601,0.503040969504976,0.11168044718760915,0.16304195928746196,0.6202376438600962,0.2450602719514428,0.5958720951139789,0.3852706218064975,0.3377786318950966,1,0,1,0,1,0.6,안정 정체 구간,매수 검토 가능,안정 관찰,0.36152462685079706,낮음,0,0
11380,은평구,2025-01,77778.99159663866,75500.0,1086.237184749757,1041.2968879422554,119,43679.32203389831,43000.0,615.8165510482494,643.4885091337655,413,681,268,0.3935389133627019,0.5669264132125239,0.4330735867874761,0.0582006417295541,-0.0744706854449237,0.1326713271744779,0.2395833333333332,-0.0671232876712328,34099.66956274035,34099.66956274035,매매가>전세가,0.43841748089999694,0.0,0.43841748089999694,-0.16947478526743504,-0.30101360886916684,0.16947478526743504,0.059357264783022105,0.027827228737740527,0.46084960431683686,0.4608496043168369,0.5089713177482629,0.6824242162878128,0.11849428399518645,0.06760388400300772,0.280877670674281,0.47858208677481967,0.7219366565313099,0.48508010800873985,0.46520881959486804,0,0,0,0,1,0.1,활발 관찰 구간,신중 매수 구간,신중 투자 구간,0.475144463801804,주의,0,0
11380,은평구,2025-02,72693.63636363637,75000.0,1083.4298645434153,1033.2998661311915,165,42987.808712121216,42000.0,604.2457407156278,588.5468961066856,528,801,273,0.3408239700374532,0.5577156034648096,0.4422843965351903,-0.0025844449497357,-0.0187893786110906,0.0162049336613548,0.3865546218487394,0.1762114537444934,29705.827651515152,29705.827651515152,매매가>전세가,0.4086441281175877,0.0,0.4086441281175877,-0.05271494332524873,-0.1339510313600537,0.05271494332524873,-0.0607850866792898,-0.029291526628046717,0.47664630433355415,0.4766463043335541,0.4147667911951385,0.5380786020843548,0.1911840548493765,0.17747311093120813,0.17532012873600156,0.14872799318354243,0.6397220963052632,0.4136547733506554,0.40094569271840336,1,0,0,0,0,0.25,완만 정체 구간,매수 검토 가능,조건부 관찰,0.4073002330345294,안정,0,0
11380,은평구,2025-03,78144.425,74600.0,1130.2194809691223,1101.522745458587,280,45176.75294117647,45000.0,624.9131151393292,635.5042078616577,510,806,296,0.3672456575682382,0.5529130630481514,0.4470869369518486,0.0431865669915101,0.0342035914050868,0.0089829755864232,0.696969696969697,0.0062421972534332,32967.67205882353,32967.67205882353,매매가>전세가,0.4218813057850708,0.0,0.4218813057850708,0.026421687530785,0.077522973304611,0.026421687530785,0.0457710119412458,0.027770617444475076,0.4848827452500477,0.48488274525004765,0.48570255431302767,0.529127882974467,0.34471064434963355,0.0062868907898539625,0.2282274869475603,0.07444784760111829,0.5614769190152641,0.42493347167301593,0.4318264297075725,0,0,0,0,0,0.0,활발 관찰 구간,매수 검토 가능,신중 투자 구간,0.4283799506902942,보통,0,0
11380,은평구,2025-04,76163.65482233503,72000.0,1087.9954357380773,1069.3916349809886,197,45824.34532374101,44100.0,656.1365864281388,647.3634651600754,417,717,300,0.4184100418410041,0.6030692453990187,0.3969307546009812,-0.0373591554047886,0.0499644999158772,-0.0873236553206658,-0.2964285714285714,-0.1104218362282878,30339.30949859402,30339.30949859402,매매가>전세가,0.3983436662718686,0.0,0.3983436662718686,0.05116438427276593,0.13931923555354508,0.05116438427276593,-0.0805457223962987,-0.022579991671432986,0.39886401418494877,0.39886401418494866,0.36087305979808526,0.40976778800781805,0.14660907684373384,0.11121244603421825,0.3306801559240995,0.14434756372844165,0.5382056232131647,0.36253090622861395,0.33015669242531687,0,0,1,0,0,0.25,완만 정체 구간,거주 안정권,안정 관찰,0.3463437993269654,낮음,0,0
11380,은평구,2025-05,80601.25099601594,78000.0,1147.3876951467223,1161.8589743589744,251,45683.32467532468,46000.0,640.261977266235,636.1173283072211,385,638,253,0.396551724137931,0.5580171200845598,0.4419828799154401,0.0545887027259031,-0.0241940618619084,0.0787827645878115,0.2741116751269035,-0.1101813110181311,34917.92632069126,34917.92632069126,매매가>전세가,0.43321816831871784,0.0,0.43321816831871784,-0.021858317703073116,-0.05224137931034478,0.021858317703073116,0.0919478581306917,0.03377363367628322,0.4761291980505338,0.47612919805053366,0.5033735466111916,0.6156360430605086,0.135571478311862,0.11097019868651867,0.2869105880919503,0.061556033145022934,0.647702218933367,0.4407626995997192,0.4169384623133084,0,0,0,0,0,0.0,활발 관찰 구간,관찰 필요,조건부 관찰,0.4288505809565138,보통,0,0
11380,은평구,2025-06,86565.78947368421,83000.0,1249.1178001303265,1275.4251417139046,418,46861.78666666667,47250.0,652.071813455094,651.5176924366929,450,679,229,0.337260677466863,0.5220258756916764,0.4779741243083236,0.0886623635706631,0.0184453186479762,0.0702170449226868,0.6653386454183268,0.0642633228840126,39704.00280701755,39704.00280701755,매매가>전세가,0.4586569711708973,0.0,0.4586569711708973,-0.05929104667106799,-0.14951655247486717,0.05929104667106799,0.03407366084476,0.05477294488233306,0.5378548124617781,0.537854812461778,0.556180793637887,0.6050198985327934,0.32906640585671754,0.0647234421409387,0.16818491467273844,0.16730590980638127,0.5847443230744793,0.47665659250440306,0.48657987465490415,0,0,0,0,0,0.0,활발 관찰 구간,신중 매수 구간,우선 점검 구간,0.4816182335796536,주의,0,1
11380,은평구,2025-07,78640.09433962264,78100.0,1160.9371120270564,1107.2785031365424,212,47896.41898148148,48000.0,666.1513554464394,651.5176924366929,432,750,318,0.424,0.5738048586312351,0.4261951413687649,-0.0705943731600572,0.0215920113411174,-0.0921863845011746,-0.492822966507177,0.1045655375552283,30743.675358141154,30743.675358141154,매매가>전세가,0.39094148622671504,0.0,0.39094148622671504,0.08673932253313699,0.25718777292576434,0.08673932253313699,-0.1592567367307203,-0.009041901575159932,0.44905294996864464,0.4490529499686447,0.30936522910197783,0.4037410397837775,0.24374276682845938,0.1053142168217335,0.34187360896759,0.24484906166855283,0.5800981685453633,0.3901646823807999,0.3608361074573009,0,0,1,0,1,0.35,완만 정체 구간,매수 검토 가능,선별 검토 가능,0.3755003949190504,안정,0,0
11380,은평구,2025-08,80065.18348623853,83000.0,1147.91729774947,1124.965789177399,218,47067.00956937799,45750.0,646.05232979867,617.7197317331451,418,652,234,0.3588957055214724,0.5628038980380181,0.4371961019619819,-0.0112149177958943,-0.0301718603188902,0.0189569425229959,0.0283018867924529,-0.1306666666666667,32998.17391686054,32998.17391686054,매매가>전세가,0.4121413638242922,0.0,0.4121413638242922,-0.06510429447852761,-0.15354786433615009,0.06510429447852761,0.059379455364162906,-0.00846299394569478,0.46791979003445994,0.46791979003446005,0.4013913128859338,0.5414893749042601,0.013997684081465874,0.13160222752585524,0.2115073624864392,0.18372871026975066,0.656528557595413,0.41491560546137807,0.37282058770929477,0,0,0,0,1,0.1,활발 관찰 구간,매수 검토 가능,선별 검토 가능,0.3938680965853364,안정,0,0
11380,은평구,2025-09,85764.39873417722,86000.0,1222.854456804956,1197.4868707974856,316,45784.22535211268,48900.0,637.5132360449371,648.3087220342934,426,708,282,0.3983050847457627,0.5213320624521548,0.4786679375478452,0.0652809738144053,-0.0132173407011688,0.0784983145155742,0.4495412844036697,0.0858895705521471,39980.17338206454,39980.17338206454,매매가>전세가,0.4661628131502587,0.0,0.4661628131502587,0.03940937922429033,0.10980733014631316,0.03940937922429033,0.0764958916102996,-0.024799836568268008,0.5390447143175914,0.5390447143175915,0.5199443930259454,0.6152835025623546,0.2223363031166164,0.0865045316778188,0.2904215552716395,0.11113891535303771,0.6314948711847362,0.4799625885595084,0.46017556613161326,0,0,0,0,0,0.0,활발 관찰 구간,신중 매수 구간,신중 투자 구간,0.4700690773455608,주의,0,0
11380,은평구,2025-10,93530.7894736842,91000.0,1292.3615392098675,1264.3213374265829,380,48251.1103117506,49300.0,646.0971013515729,647.134957053771,417,764,347,0.4541884816753926,0.4999352594062711,0.5000647405937289,0.0568400286870751,0.0134646071976309,0.0433754214894441,0.2025316455696202,0.07909604519774,45279.6791619336,45279.6791619336,매매가>전세가,0.4841152246947887,0.0,0.4841152246947887,0.0558833969296299,0.1403029965467304,0.0558833969296299,-0.0084409451273302,0.04681410903793756,0.5757406062413701,0.57574060624137,0.5068626441493419,0.5717530435730167,0.10016908102179771,0.0796623653304207,0.4023236771928735,0.15767907922797766,0.5920984428821374,0.505662931921124,0.4480256198050187,0,0,0,0,0,0.0,활발 관찰 구간,신중 매수 구간,신중 투자 구간,0.4768442758630713,주의,0,0
11380,은평구,2025-11,80127.24043715847,76500.0,1176.7478339331187,1145.4983922829583,183,50497.75063613232,52000.0,690.2233885202749,684.5312630436597,393,631,238,0.3771790808240887,0.5865516541579665,0.4134483458420335,-0.0894592587051402,0.0682966802921636,-0.1577559389973039,-0.5184210526315789,-0.1740837696335078,29629.489801026153,29629.489801026153,매매가>전세가,0.3697804846313623,0.0,0.3697804846313623,-0.07700940085130392,-0.16955383933831758,0.07700940085130392,-0.1462992873922153,-0.0208571102699025,0.42719197241885,0.42719197241885004,0.2801284917978107,0.32247572941143876,0.25640319209576284,0.1753301928051081,0.24811838838419145,0.21736140457953138,0.5111377932119989,0.35053459868718473,0.33023465386076495,0,0,1,0,1,0.35,완만 정체 구간,거주 안정권,안정 관찰,0.3403846262739748,낮음,0,0
11380,은평구,2025-12,86006.23853211009,84100.0,1215.6320370046635,1151.7301468611277,218,50656.96717171717,52750.0,677.4198411901065,682.5938661096286,396,999,603,0.6036036036036037,0.5572573118912525,0.4427426881087475,0.033043785550537,-0.0185498601512432,0.0515936457017802,0.1912568306010929,0.5832012678288432,35349.271360392915,35349.271360392915,매매가>전세가,0.41100822409755083,0.0,0.41100822409755083,0.22642452277951497,0.6003103944280419,0.22642452277951497,0.1225030442556772,0.007797016211690898,0.4774322824077911,0.47743228240779123,0.4699833051389661,0.5819385106919733,0.09459272849223727,0.587376933230959,0.7015157469222941,0.6394687729405113,0.6393684425215771,0.5306028655648171,0.4556214485768015,0,0,0,0,1,0.1,활발 관찰 구간,우선 점검 구간,신중 투자 구간,0.49311215707080924,주의,0,1
11380,은평구,2026-01,87916.52014652015,86000.0,1285.8320984398968,1231.2046700866797,273,50226.555555555555,52000.0,689.3704355657619,689.6958264560246,405,799,394,0.493116395494368,0.5361278789059448,0.4638721210940552,0.0577477882272723,0.0176413409366049,0.0401064472906673,0.2522935779816513,-0.2002002002002002,37689.9645909646,37689.9645909646,매매가>전세가,0.4287017335098245,0.0,0.4287017335098245,-0.11048720810923568,-0.1830459716436591,0.11048720810923568,0.024704002676735302,0.015827720754628447,0.5136696299955065,0.5136696299955066,0.5082694868862709,0.5677015564933166,0.12478057827973367,0.20163361452144268,0.4802737732436849,0.3119383720094497,0.5859314122024194,0.4974516860300049,0.44488950311724984,0,0,0,0,1,0.1,활발 관찰 구간,신중 매수 구간,신중 투자 구간,0.47117059457362737,주의,0,0
11380,은평구,2026-02,89241.22807017544,87650.0,1205.3434602386594,1119.1895458731233,342,48787.882697947214,49875.0,669.2294176565867,652.181852648641,341,627,286,0.4561403508771929,0.5552188564777035,0.4447811435222965,-0.0625965383030136,-0.0292165385546967,-0.0333799997483168,0.2527472527472527,-0.2152690863579474,40453.34537222822,40453.34537222822,매매가>전세가,0.45330332456224676,0.0,0.45330332456224676,-0.036976044617175075,-0.07498441535310374,0.036976044617175075,-0.1203443265302859,-0.06267962053719349,0.4809282691393896,0.4809282691393897,0.3217602471453521,0.47662424214102805,0.12500495893997696,0.21681039246552217,0.40623214227185206,0.10426458794831478,0.6551180059545916,0.4112714809846685,0.3571789946918904,0,0,0,0,0,0.0,활발 관찰 구간,매수 검토 가능,선별 검토 가능,0.38422523783827944,안정,0,0
11380,은평구,2026-03,76967.56329113925,79900.0,1134.2983574482946,1080.04004859689,316,49380.95464852608,50000.0,687.8180620227316,694.5409084595083,441,803,362,0.4508094645080946,0.606381960712735,0.393618039287265,-0.0589417913930505,0.0277761913563752,-0.0867179827494257,-0.0760233918128655,0.2807017543859649,27586.608642613166,27586.608642613166,매매가>전세가,0.35841863069334073,0.0,0.35841863069334073,-0.005330886369098287,-0.011686943193792376,0.005330886369098287,0.0036547469099630914,-0.04029666581741917,0.3931826494097673,0.3931826494097674,0.32742436183422485,0.41051844385509456,0.03760001688939557,0.2827115521500649,0.39555746018024157,0.014864972319848778,0.5709671033957897,0.34832498880829055,0.2923289881966767,0,0,1,0,0,0.25,완만 정체 구간,거주 안정권,안정 관찰,0.32032698850248364,낮음,0,0
11380,은평구,2026-04,81537.85185185185,81000.0,1151.8305531336682,1070.0586530636551,270,45465.62803234501,47000.0,632.9306615429367,630.1664380768804,371,746,375,0.5026809651474531,0.5494998025716428,0.4505001974283572,0.015456423409458,-0.0797993008767207,0.0952557242861787,-0.1455696202531645,-0.070983810709838,36072.22381950684,36072.22381950684,매매가>전세가,0.44239850572771233,0.0,0.44239850572771233,0.05187150063935847,0.1150630248989084,0.05187150063935847,0.0743982148025085,-0.004963500505887907,0.49073654674016154,0.4907365467401614,0.4427264693864692,0.6360522284826294,0.0719965269844171,0.07149204801802299,0.4994260742534359,0.14634521312815077,0.72980446350729,0.47176220678860414,0.4129475312933539,0,0,1,0,0,0.25,완만 정체 구간,신중 매수 구간,조건부 관찰,0.442354869040979,보통,0,0
11110,종로구,2023-06,125363.33333333331,118250.0,1382.048126105596,1282.2173508702006,30,65890.12195121951,63000.0,858.1524533230362,769.6498858858703,82,160,78,0.4875,0.620928053888529,0.379071946111471,0.0506365982743233,0.0867754174008319,-0.0361388191265086,-0.1176470588235294,-0.2307692307692307,59473.211382113805,59473.211382113805,매매가>전세가,0.47440674877380795,0.0,0.47440674877380795,-0.0076923076923077205,-0.01553398058252431,0.0076923076923077205,,0.03182420329411799,0.368235844882591,0.3682358448825911,0.4972485881865387,0.47320502853262664,0.05818645147589721,0.23242151643106287,0.46902738150840717,0.0215361400535294,0.48385356927207535,0.378742317105364,0.33385485077947746,0,0,1,0,0,0.25,완만 정체 구간,거주 안정권,안정 관찰,0.35629858394242075,낮음,0,0
11110,종로구,2023-07,119448.18181818182,127500.0,1427.6663638408274,1283.479441885857,22,62944.70297029703,55000.0,838.1512937520341,764.9758738378251,101,174,73,0.4195402298850574,0.5870778460432236,0.4129221539567764,0.0330077056460955,-0.0233072334566559,0.0563149391027515,-0.2666666666666667,0.0874999999999999,56503.47884788479,56503.47884788479,매매가>전세가,0.4730375798761979,0.0,0.4730375798761979,-0.06795977011494259,-0.13940465664603607,0.06795977011494259,-0.017628892628227796,0.03369236397580022,0.42628954412097975,0.4262895441209797,0.46992738862224015,0.587789966852339,0.13188929001203373,0.08812649164677794,0.33294326889231846,0.1917956133432236,0.6463927991032725,0.4242762636052309,0.3997077663733862,0,0,1,0,1,0.35,완만 정체 구간,매수 검토 가능,조건부 관찰,0.41199201498930854,보통,0,0
11110,종로구,2023-08,133262.0,137225.0,1582.5904320504912,1401.4083192609469,40,59248.738738738735,48000.0,842.6970273938982,739.5741792901828,111,213,102,0.4788732394366197,0.5324795413441579,0.4675204586558421,0.1085155972946467,0.0054235239815891,0.1030920733130575,0.8181818181818181,0.2241379310344826,74013.26126126127,74013.26126126127,매매가>전세가,0.5553965966386613,0.0,0.5553965966386613,0.05933300955156229,0.1414238857804362,0.05933300955156229,0.0755078916485512,0.08018765385289035,0.5199265928035346,0.5199265928035344,0.586949269685049,0.6457644087887023,0.4046603216278306,0.22574273722327362,0.45175296969045203,0.16742445765365208,0.6039712626476791,0.5067880909072403,0.5059585371855271,0,1,0,0,0,0.2,활발 관찰 구간,신중 매수 구간,우선 점검 구간,0.5063733140463837,높음,0,1
11110,종로구,2023-09,102655.20833333331,94250.0,1321.018892695977,1148.6121173598608,48,57560.23584905661,51000.0,763.8425694317509,736.1099134833722,106,217,111,0.511520737327189,0.5782222901240095,0.4217777098759905,-0.1652806272912997,-0.0935739125673795,-0.0717067147239202,0.1999999999999999,0.0187793427230047,45094.9724842767,45094.9724842767,매매가>전세가,0.4392857724066773,0.0,0.4392857724066773,0.032647497890569255,0.06817565735971809,0.032647497890569255,-0.2737962245859464,-0.15028432313868365,0.4414769776006263,0.4414769776006264,0.16262078521255874,0.4291230441844606,0.09891696750902522,0.01891380102412406,0.5171270251361882,0.09203616391722519,0.7501429524334149,0.3704163821152074,0.29690686955769935,0,0,0,0,0,0.0,활발 관찰 구간,거주 안정권,안정 관찰,0.33366162583645337,낮음,0,0
11110,종로구,2023-10,91894.8275862069,92000.0,1218.7867403452456,1003.780471907183,29,61146.39215686275,58000.0,805.9067104615168,741.8747056052755,102,188,86,0.4574468085106383,0.661236854474826,0.3387631455251739,-0.0773888646982882,0.0550691238131162,-0.1324579885114044,-0.3958333333333333,-0.1336405529953916,30748.43542934415,30748.43542934415,매매가>전세가,0.3346046370292052,0.0,0.3346046370292052,-0.054073928816550654,-0.1057120950737972,0.054073928816550654,0.08789176259301149,-0.047183699184305455,0.2991055459907451,0.299105545990745,0.29883514855927223,0.35382939368167626,0.1957731648616125,0.13459740659679056,0.40884822127590453,0.15256721495689027,0.5306685442059624,0.30359399795479425,0.2798425457698814,0,0,1,0,0,0.25,완만 정체 구간,거주 안정권,안정 관찰,0.2917182718623378,낮음,0,0
11110,종로구,2023-11,82070.83333333333,67000.0,1199.0241893775196,1061.4514287440993,24,66165.3781512605,60000.0,795.6976804131717,754.3391188251001,119,224,105,0.46875,0.6636210407283466,0.3363789592716534,-0.016214937620775,-0.012667756597409,-0.003547181023366,-0.1724137931034483,0.1914893617021276,15905.455182072823,15905.455182072823,매매가>전세가,0.1938015557545554,0.0,0.1938015557545554,0.011303191489361708,0.024709302325581328,0.011303191489361708,0.06117392707751321,-0.0006407089236694901,0.2950166248141687,0.2950166248141687,0.393642298677164,0.5135983117621349,0.085273247852608,0.1928604072513075,0.43148197623060686,0.03173711996347505,0.6306833992928735,0.3299163135923874,0.3006686399470575,0,0,1,0,0,0.25,완만 정체 구간,거주 안정권,안정 관찰,0.31529247676972244,낮음,0,0
11110,종로구,2023-12,96205.0,100250.0,1325.002247946542,1064.8278412073432,20,57682.604166666664,49500.0,972.58300405266,1050.5817054957731,96,209,113,0.5406698564593302,0.7340236634012861,0.2659763365987139,0.1050671535112437,0.2223021732922976,-0.1172350197810538,-0.1666666666666666,-0.0669642857142857,38522.395833333336,38522.395833333336,매매가>전세가,0.4004198932834399,0.0,0.4004198932834399,0.07191985645933019,0.1534290271132377,0.07191985645933019,0.1212820911320187,0.10087512290829034,0.1742748940417408,0.17427489404174085,0.5816048829002683,0.3726963707134232,0.08243080625752103,0.06744374360722807,0.5754958513392351,0.2029831130001515,0.28374561081968197,0.3081305314968628,0.2845193958759909,0,0,1,0,1,0.35,완만 정체 구간,거주 안정권,안정 관찰,0.29632496368642686,낮음,0,0
11110,종로구,2024-01,95822.5,87500.0,1289.2106841839106,1136.956611519512,20,61720.47169811321,61950.0,867.8896419726487,828.8525956703108,106,227,121,0.5330396475770925,0.6731945775969392,0.3268054224030607,-0.0270124551245858,-0.1076446551541246,0.0806322000295388,0.0,0.0861244019138756,34102.02830188679,34102.02830188679,매매가>전세가,0.35588748260467834,0.0,0.35588748260467834,-0.0076302088822376435,-0.014112510233519227,0.0076302088822376435,-0.1320796086358295,-0.04174916427660329,0.27859784143307986,0.2785978414330798,0.3769083417156099,0.6179281883456262,0.0,0.086741044409679,0.5602169561478813,0.021360706904871105,0.7709186845345919,0.3466821665310006,0.29861262120431226,0,0,0,0,0,0.0,활발 관찰 구간,거주 안정권,안정 관찰,0.3226473938676564,낮음,0,0
11110,종로구,2024-02,85002.27272727272,60000.0,1052.7455931039765,971.3931121415104,22,62452.84722222222,51500.0,798.0161063261007,745.1204654834437,72,165,93,0.5636363636363636,0.7580331958200687,0.2419668041799313,-0.1834185009330885,-0.0805097010810391,-0.1029087998520493,0.1,-0.2731277533039647,22549.4255050505,22549.4255050505,매매가>전세가,0.2652802658277111,0.0,0.2652802658277111,0.030596716059271056,0.05740045078888034,0.030596716059271056,-0.1564060458085027,-0.18211357703352263,0.13309812548941258,0.13309812548941263,0.13451076855468544,0.390451939100908,0.04945848375451264,0.27508332194337254,0.6214844817273539,0.08624257280863774,0.7308533835794576,0.2160661743466445,0.16761991529645376,0,0,0,0,0,0.0,활발 관찰 구간,거주 안정권,안정 관찰,0.19184304482154912,낮음,0,0
11110,종로구,2024-03,104163.125,105000.0,1346.8015584443942,1283.2275817913703,32,61211.96,50000.0,784.1201037999078,662.5149065853982,75,176,101,0.5738636363636364,0.5822090855802066,0.4177909144197934,0.279322912645406,-0.0174131855435439,0.2967360981889499,0.4545454545454546,0.0666666666666666,42951.165,42951.165,매매가>전세가,0.41234520373692707,0.0,0.41234520373692707,0.010227272727272751,0.01814516129032273,0.010227272727272751,0.4627414135784945,0.24787641155139564,0.43463955357662176,0.4346395535766216,0.8516658828129666,0.8857621013796632,0.22481128979323925,0.06714399363564033,0.6419637936970632,0.028697579980006858,0.6376901197898388,0.5450001117849123,0.5362008920573301,0,0,0,0,0,0.0,활발 관찰 구간,우선 점검 구간,우선 점검 구간,0.5406005019211212,높음,1,1
11110,종로구,2024-04,98387.14285714286,100000.0,1278.524996705149,1142.5959780621572,35,65168.125,64500.0,802.3824444594535,766.1484265657027,64,130,66,0.5076923076923077,0.6275844794018504,0.3724155205981496,-0.0506953391248723,0.023290233946362,-0.0739855730712344,0.09375,-0.2613636363636363,33219.017857142855,33219.017857142855,매매가>전세가,0.33763576106053345,0.0,0.33763576106053345,-0.06617132867132869,-0.11530845392231537,0.06617132867132869,-0.33001825177027827,-0.07085882535323286,0.3568199585601475,0.3568199585601474,0.34020468632015427,0.4262986825990846,0.046367328519855595,0.26323497504881743,0.5094608948844999,0.18674315077123382,0.577590708993942,0.3630058891835329,0.3038170736350011,0,0,0,0,1,0.1,활발 관찰 구간,거주 안정권,안정 관찰,0.333411481409267,낮음,0,0
11110,종로구,2024-05,121948.90476190476,128000.0,1645.2487579369692,1460.1629457200297,63,60468.115942028984,55000.0,807.1939228573024,700.3501750875438,69,159,90,0.5660377358490566,0.4906212017868161,0.5093787982131839,0.286833469957094,0.0059964901164932,0.2808369798406007,0.8,0.2230769230769231,61480.78881987578,61480.78881987578,매매가>전세가,0.5041520376088,0.0,0.5041520376088,0.058345428156748924,0.1149228130360207,0.058345428156748924,0.3375288090819663,0.27326291431231486,0.591714378166196,0.5917143781661961,0.8633057197261012,0.8660571209637687,0.3956678700361011,0.22467413255002752,0.626293041351269,0.1646344764373785,0.6031252667204259,0.6343543669654432,0.6287862286452957,0,1,0,0,0,0.2,활발 관찰 구간,우선 점검 구간,우선 점검 구간,0.6315702978053694,높음,1,1
11110,종로구,2024-06,117486.40625,116495.0,1553.2042482029078,1393.8835029006582,64,63753.39473684211,51500.0,826.0031235860766,750.6257092373025,76,144,68,0.4722222222222222,0.5318058616835364,0.4681941383164636,-0.0559456491245001,0.0233019602801189,-0.0792476094046191,0.0158730158730158,-0.0943396226415094,53733.01151315789,53733.01151315789,매매가>전세가,0.45735513774094944,0.0,0.45735513774094944,-0.09381551362683438,-0.16574074074074074,0.09381551362683438,-0.34277911908159414,-0.09446485371544389,0.5210819652189557,0.5210819652189558,0.3320677732253081,0.4197770428059048,0.007850552976906731,0.09501508533345338,0.4384348290598291,0.26483975847376057,0.5775733948282424,0.44364516376751884,0.3604092098267892,0,0,0,0,1,0.1,활발 관찰 구간,관찰 필요,선별 검토 가능,0.402027186797154,안정,0,0
11110,종로구,2024-07,121457.33333333331,107750.0,1478.3169587262778,1323.8210837641254,60,63923.590361445786,57000.0,859.5098041072547,800.6672226855712,83,154,71,0.461038961038961,0.5814110424924104,0.4185889575075896,-0.0482147081192163,0.0405648351252105,-0.0887795432444269,-0.0625,0.0694444444444444,57533.74297188753,57533.74297188753,매매가>전세가,0.4736950943422179,0.0,0.4736950943422179,-0.011183261183261184,-0.023682200152788435,0.011183261183261184,0.007730941005283799,-0.05269693242651759,0.4360082114474956,0.4360082114474957,0.34404916005881625,0.4079633959404788,0.030911552346570396,0.06994166003712539,0.41604122514233394,0.03139830910389457,0.5520844157735317,0.37554994254826496,0.3107819489688575,0,0,1,0,0,0.25,완만 정체 구간,거주 안정권,안정 관찰,0.34316594575856124,낮음,0,0
11110,종로구,2024-08,91526.25,89725.0,1248.8599245960957,1185.377837779401,40,72650.0,69458.0,886.3546492991026,824.3052284503061,69,134,65,0.4850746268656716,0.7097310369581808,0.2902689630418191,-0.155215045579862,0.0312327387815323,-0.1864477843613943,-0.3333333333333333,-0.1298701298701299,18876.25,18876.25,매매가>전세가,0.2062386473825815,0.0,0.2062386473825815,0.024035665826710573,0.05213369770863974,0.024035665826710573,-0.10700033746064569,-0.1449893888640429,0.21593717380331534,0.2159371738033153,0.1782203905007889,0.2869157544110657,0.1648616125150421,0.13079998760189693,0.46417076192023393,0.0677071822028533,0.5658634421741193,0.23092680305074456,0.20010519991107292,0,0,1,0,0,0.25,완만 정체 구간,거주 안정권,안정 관찰,0.21551600148090874,낮음,0,0
11110,종로구,2024-09,124096.66666666669,123500.0,1244.6932422069824,1073.223814586859,30,72184.875,64000.0,833.7660866868114,776.3244813798729,48,116,68,0.5862068965517241,0.6698566830879948,0.3301433169120051,-0.003336388899228,-0.0593312875990172,0.0559948986997892,-0.25,-0.1343283582089552,51911.791666666686,51911.791666666686,매매가>전세가,0.4183173735528755,0.0,0.4183173735528755,0.10113226968605249,0.20848806366047756,0.10113226968605249,0.151878656680634,0.0078177814424567,0.28432238896901474,0.2843223889690147,0.4136014309460012,0.5873933165642856,0.12364620938628158,0.1352901364300217,0.6666802046949882,0.28551006684174296,0.6995830336233061,0.38752943376472354,0.3468097237333291,1,0,1,0,1,0.6,안정 정체 구간,매수 검토 가능,안정 관찰,0.36716957874902634,안정,0,0
11110,종로구,2024-10,121830.0,124950.0,1356.7602374566552,1324.452552344963,38,68397.04918032787,70000.0,843.8837574865203,765.175790308872,61,139,78,0.5611510791366906,0.6219844407206694,0.3780155592793306,0.09003583489452,0.0121349032555571,0.0779009316389629,0.2666666666666666,0.1982758620689655,53432.95081967213,53432.95081967213,매매가>전세가,0.43858615135575907,0.0,0.43858615135575907,-0.025055817415033488,-0.04274227676682185,0.025055817415033488,0.09337222379374799,0.0935354852154454,0.36642412296606,0.36642412296606003,0.5583093949588145,0.6145431207608921,0.13188929001203367,0.199695498312896,0.6165078943262415,0.07058917631910583,0.5940617772764734,0.42784964590552066,0.38966125731577794,0,0,0,0,0,0.0,활발 관찰 구간,매수 검토 가능,조건부 관찰,0.4087554516106493,보통,0,0
11110,종로구,2024-11,121327.17948717948,97490.0,1501.931157481416,1414.141414141414,39,70556.57971014493,70000.0,869.9291998326436,830.932531839554,69,156,87,0.5576923076923077,0.5792071064638045,0.4207928935361955,0.1069982123716228,0.0308637796557416,0.0761344327158812,0.0263157894736842,0.1223021582733812,50770.59977703456,50770.59977703456,매매가>전세가,0.41846023283183165,0.0,0.41846023283183165,-0.003458771444382891,-0.0061637080867849026,0.003458771444382891,0.016962377477102802,0.08001018451755695,0.43978800033180765,0.43978800033180754,0.5845976315435011,0.6123537649789322,0.013015390461713844,0.12317783005099489,0.6095819756253008,0.009576126760290151,0.5664082176830489,0.4613525198828279,0.39622600066590546,0,0,0,0,0,0.0,활발 관찰 구간,관찰 필요,조건부 관찰,0.4287892602743667,보통,0,0
11110,종로구,2024-12,93394.44444444444,89950.0,1179.9781845678742,1075.1201825372327,18,73770.6380952381,73000.0,882.9038351422365,834.4459279038718,105,224,119,0.53125,0.7482374222584202,0.2517625777415798,-0.2143593408458373,0.0149145876607992,-0.2292739285066365,-0.5384615384615384,0.4358974358974359,19623.806349206337,19623.806349206337,매매가>전세가,0.21011749109851532,0.0,0.21011749109851532,-0.02644230769230771,-0.04741379310344829,0.02644230769230771,-0.32135755321746007,-0.20033217018521868,0.14989804869089363,0.14989804869089363,0.08655875706023428,0.23383807342393817,0.2663149125242988,0.43901841992534113,0.556633327156608,0.07450610088902652,0.5899575178052263,0.18612249172263612,0.16394153010619475,0,0,1,0,0,0.25,완만 정체 구간,거주 안정권,안정 관찰,0.17503201091441545,낮음,0,0
11110,종로구,2025-01,115193.07692307692,115000.0,1457.3663265337648,1355.2051662777817,26,67000.875,54500.0,868.7126624314972,792.119065966082,80,174,94,0.5402298850574713,0.5960839403347985,0.4039160596652015,0.2350790426413469,-0.0160732937675518,0.2511523364088988,0.4444444444444444,-0.2232142857142857,48192.20192307692,48192.20192307692,매매가>전세가,0.4183602279784442,0.0,0.4183602279784442,0.00897988505747127,0.01690331304935766,0.00897988505747127,0.44943838348718423,0.20470562964953334,0.41084393469651137,0.4108439346965115,0.7830968792249461,0.8292666961956415,0.21981548335338946,0.22481247869076026,0.5746148430942518,0.02517362925914998,0.6357117428555037,0.507255350896684,0.50175777765682,0,0,0,0,0,0.0,활발 관찰 구간,신중 매수 구간,우선 점검 구간,0.504506564276752,높음,0,1
11110,종로구,2025-02,129870.33898305084,135000.0,1708.328838423303,1530.4992934526613,59,72242.73,69500.0,948.7621673945793,835.5710220687827,100,234,134,0.5726495726495726,0.5553744373186584,0.4446255626813415,0.1722027655781191,0.0921472754167369,0.0800554901613821,1.2692307692307692,0.3448275862068966,57627.60898305084,57627.60898305084,매매가>전세가,0.4437318746859645,0.0,0.4437318746859645,0.03241968759210134,0.06001091107474088,0.03241968759210134,-0.06287627706322782,0.14549568389980808,0.48066144527262555,0.48066144527262544,0.6856514327223161,0.6172134281678168,0.6277422938072756,0.3472965188050366,0.6395327262742583,0.09139258511254422,0.47592191375809156,0.508852982908513,0.5321050806057913,0,0,0,0,0,0.0,활발 관찰 구간,신중 매수 구간,우선 점검 구간,0.5204790317571522,높음,0,1
11110,종로구,2025-03,136651.77777777778,123250.0,1764.1417156160935,1536.272696740437,90,69226.11111111111,66075.0,856.9758677064922,800.7536504945831,90,185,95,0.5135135135135135,0.4857749579416352,0.5142250420583647,0.0326710384660502,-0.0967432122005284,0.1294142506665786,0.5254237288135593,-0.2094017094017094,67425.66666666667,67425.66666666667,매매가>전세가,0.49341229044465007,0.0,0.49341229044465007,-0.05913605913605913,-0.1032674465510286,0.05913605913605913,-0.1395317271120689,0.017255088919015175,0.6000257712279388,0.6000257712279388,0.46940562293866905,0.6783874749166858,0.2598666095576087,0.21090100565040898,0.5211174032451752,0.16686806001121274,0.7548224865603974,0.5409803966179114,0.4952344369356121,0,0,0,0,0,0.0,활발 관찰 구간,우선 점검 구간,우선 점검 구간,0.5181074167767618,높음,0,1
11110,종로구,2025-04,99236.74418604652,86000.0,1364.0533885726447,1224.2812644941953,43,66406.45,63500.0,860.4825798556521,800.6184657090834,80,161,81,0.5031055900621118,0.6308276399328235,0.3691723600671764,-0.2267892219212817,0.0040919613740639,-0.2308811832953456,-0.5222222222222221,-0.1297297297297297,32830.29418604652,32830.29418604652,매매가>전세가,0.33082800584929634,0.0,0.33082800584929634,-0.010407923451401735,-0.02026806145799287,0.010407923451401735,-0.2594602603873319,-0.2120100581879261,0.35125788145541137,0.35125788145541137,0.06729496842730899,0.23184608094731424,0.2582831929402326,0.13065858220989482,0.5002763523607378,0.0292079299417144,0.6059373413986291,0.27344852636414435,0.22443174031952495,0,1,1,0,0,0.45,안정 정체 구간,거주 안정권,안정 관찰,0.24894013334183465,낮음,0,0
11110,종로구,2025-05,135207.868852459,125500.0,1553.8956221515932,1433.6326934168246,61,72859.22619047618,68500.0,930.2326178695844,881.9049049267718,84,169,85,0.5029585798816568,0.5986454975537823,0.4013545024462177,0.1391750756747143,0.0810592098513289,0.0581158658233853,0.4186046511627908,0.0496894409937889,62348.64266198283,62348.64266198283,매매가>전세가,0.461131760977748,0.0,0.461131760977748,-0.00014701018045493175,-0.0002922054204104185,0.00014701018045493175,0.365964297595996,0.11836000662509441,0.40645081920805126,0.4064508192080512,0.6344652280055311,0.5900219916088711,0.20703551339098317,0.05004521264768237,0.49998197599779687,0.00022018732312852028,0.49229366374122385,0.4369187088782785,0.4182325763866587,0,0,0,0,0,0.0,활발 관찰 구간,관찰 필요,조건부 관찰,0.4275756426324686,보통,0,0
11110,종로구,2025-06,133290.3738317757,129000.0,1598.084407902241,1396.1634695579648,107,69896.19791666667,65575.0,971.9822969296192,883.9230084557187,96,195,99,0.5076923076923077,0.6082171205246362,0.3917828794753638,0.0284374221284322,0.0448809021077434,-0.0164434799793111,0.7540983606557377,0.1538461538461537,63394.17591510904,63394.17591510904,매매가>전세가,0.47560955898524315,0.0,0.47560955898524315,0.004733727810650845,0.00941176470588223,0.004733727810650845,-0.1107376535462821,-0.005451996559897837,0.3900353181951005,0.39003531819510046,0.46284437832291103,0.4976149526351301,0.3729656151979641,0.15494767762070846,0.5094608948844999,0.013177960828993156,0.5457116567803917,0.39135044431260574,0.38586686592248737,0,0,0,0,0,0.0,활발 관찰 구간,매수 검토 가능,선별 검토 가능,0.38860865511754655,안정,0,0
11110,종로구,2025-07,115357.75,84100.0,1436.9347001824983,1184.4475720760977,40,73336.58024691358,66000.0,921.6443649667174,833.3333333333334,81,197,116,0.5888324873096447,0.6413961364073563,0.3586038635926437,-0.1008392966747476,-0.051788939080386,-0.0490503575943616,-0.6261682242990654,0.0102564102564102,42021.16975308642,42021.16975308642,매매가>전세가,0.364268284992438,0.0,0.364268284992438,0.081140179617337,0.1598215659129365,0.081140179617337,-0.1292767188031798,-0.039286825089850326,0.33313272492643653,0.3331327249264365,0.2624917465425192,0.45720278192537844,0.3096933094908735,0.010329845174713852,0.6719377443803095,0.22903112135056472,0.6884466055868496,0.36461742830649035,0.32989246797651983,0,0,1,0,1,0.35,완만 정체 구간,거주 안정권,안정 관찰,0.3472549481415051,낮음,0,0
11110,종로구,2025-08,94112.09302325582,88000.0,1319.6715993250034,1348.635268117392,43,73858.44827586207,76500.0,923.9284314735788,831.057025600036,58,187,129,0.6898395721925134,0.7001199631379182,0.2998800368620817,-0.0816064229241607,0.0024782514749537,-0.0840846743991144,0.0749999999999999,-0.0507614213197969,20253.644747393744,20253.644747393744,매매가>전세가,0.21520767519630993,0.0,0.21520767519630993,0.10100708488286869,0.17153789415452692,0.10100708488286869,0.019232873750586896,-0.07885449907396118,0.23242033371386395,0.23242033371386392,0.292298790752055,0.41378210214953604,0.03709386281588443,0.051124868250487565,0.874196514399322,0.28515641168857786,0.6083200162536517,0.33805759340096064,0.25664301597141104,0,1,0,0,1,0.30000000000000004,완만 정체 구간,거주 안정권,안정 관찰,0.29735030468618584,낮음,0,0
11110,종로구,2025-09,118543.3088235294,107235.0,1456.4392866861135,1415.7721959382177,68,68040.51666666666,61750.0,893.9060001095093,800.7660662033345,60,208,148,0.7115384615384616,0.6137612520350535,0.3862387479649465,0.1036376682131108,-0.0324943256873119,0.1361319939004227,0.5813953488372092,0.1122994652406417,50502.792156862735,50502.792156862735,매매가>전세가,0.4260281972729831,0.0,0.4260281972729831,0.021698889345948214,0.031454979129397875,0.021698889345948214,0.1852440911372715,0.013556857830437488,0.38052703556609213,0.3805270355660922,0.5793894713070306,0.6867132824213295,0.2875493241541432,0.11310351869105201,0.9176468394431497,0.061105637740597664,0.6599577240385575,0.47805417856067484,0.4356479755909855,0,0,0,0,0,0.0,활발 관찰 구간,신중 매수 구간,신중 투자 구간,0.45685107707583017,주의,0,0
11110,종로구,2025-10,117897.19101123596,108000.0,1589.513155829772,1367.9753630973632,89,77658.52873563218,79000.0,965.8203563823988,874.704266652703,87,183,96,0.5245901639344263,0.607620234434746,0.392379765565254,0.0913693213030841,0.0804495732930303,0.0109197480100537,0.3088235294117647,-0.1201923076923077,40238.66227560378,40238.66227560378,매매가>전세가,0.34130297702995244,0.0,0.34130297702995244,-0.1869482976040353,-0.2627381479840496,0.1869482976040353,-0.012268346910026692,0.08134340165394656,0.3910589882919111,0.39105898829191116,0.5603760277900977,0.5315282715898298,0.1527394351242302,0.12105287314117862,0.5432975274677718,0.5279458875283286,0.4931938042800911,0.4664394805525548,0.4309570097996218,0,0,0,0,1,0.1,활발 관찰 구간,관찰 필요,신중 투자 구간,0.4486982451760883,주의,0,0
11110,종로구,2025-11,66548.4,64000.0,1160.009175260231,993.193849256365,25,81792.1875,77500.0,969.3508093916492,897.8779459916757,80,203,123,0.6059113300492611,0.8356406398028616,0.1643593601971383,-0.2702110259322311,0.0036553930406624,-0.2738664189728935,-0.7191011235955056,0.1092896174863387,-15243.787500000006,-15243.787500000006,전세가>매매가,0.0,0.18637217032494707,0.18637217032494707,0.08132116611483486,0.15501847290640391,0.08132116611483486,-0.36158034723531524,-0.2016088774969934,0.0,0.0,0.0,0.17857122578613924,0.35565651239200097,0.1100721207141645,0.7061367882381612,0.22954241989372293,0.6065819432512102,0.12035360468110931,0.11201696400540029,0,1,1,0,1,0.55,안정 정체 구간,거주 안정권,안정 관찰,0.1161852843432548,낮음,0,0
11110,종로구,2025-12,114268.18181818182,109950.0,1358.1946514048132,1286.9333520482985,44,78794.48192771085,76000.0,1003.4935806639768,942.2850412249704,83,272,189,0.6948529411764706,0.7388437140626635,0.2611562859373365,0.1708481970413056,0.0352223064565808,0.1356258905847247,0.76,0.3399014778325122,35473.699890470976,35473.699890470976,매매가>전세가,0.31044249874313273,0.0,0.31044249874313273,0.08894161112720944,0.1467898134863701,0.08894161112720944,0.4410592229735367,0.1456014277024595,0.16600842274891514,0.16600842274891514,0.6835521268783097,0.6860860302866045,0.375884476534296,0.3423351399649645,0.8842353928158462,0.2510706691659651,0.5599727659212252,0.40198054114737586,0.4135203177918441,0,0,0,0,1,0.1,활발 관찰 구간,매수 검토 가능,조건부 관찰,0.40775042946961,안정,0,0
11110,종로구,2026-01,139325.65217391303,108995.0,1508.9517474989764,1303.2140188586204,46,69693.25,70000.0,899.1411416496627,852.5676414085741,80,246,166,0.6747967479674797,0.5958713677491352,0.4041286322508648,0.1109981518026386,-0.1039891445496518,0.2149872963522904,0.0454545454545454,-0.0955882352941176,69632.40217391303,69632.40217391303,매매가>전세가,0.4997816345190654,0.0,0.4997816345190654,-0.02005619320899088,-0.028863939433045105,0.02005619320899088,-0.05985004523866701,0.06907808432999474,0.4112085004034879,0.41120850040348794,0.5907967244612776,0.7844446255347551,0.022481128979323896,0.09627263793345495,0.8440744380232366,0.05646491507183753,0.7655212502099045,0.5019443880106563,0.42798990599450976,0,0,0,0,0,0.0,활발 관찰 구간,신중 매수 구간,신중 투자 구간,0.464967147002583,주의,0,0
11110,종로구,2026-02,118036.92307692308,100750.0,1423.2852866684975,1313.828977691889,52,71144.08196721312,63000.0,849.5867144841162,767.690253671562,61,169,108,0.6390532544378699,0.5969194808953269,0.4030805191046731,-0.0567721671501206,-0.0551130683160916,-0.001659098834029,0.1304347826086955,-0.3130081300813008,46892.84110970996,46892.84110970996,매매가>전세가,0.39727264899264214,0.0,0.39727264899264214,-0.035743493529609816,-0.05296927354387959,0.035743493529609816,-0.1677703189527592,-0.056855249384300505,0.4094109680032474,0.40941096800324733,0.33078683831931693,0.5159383548858687,0.06451106576675554,0.3152492384112385,0.7725008939905095,0.10078255153039045,0.6933547487104232,0.4190426075344915,0.3323937924602261,0,0,0,0,0,0.0,활발 관찰 구간,매수 검토 가능,안정 관찰,0.3757181999973588,안정,0,0
11110,종로구,2026-03,106378.70370370372,92000.0,1449.344206645583,1210.9756338087789,54,70951.32075471699,60000.0,867.5034356409627,694.6983546617915,53,158,105,0.6645569620253164,0.598548937970191,0.4014510620298089,0.018308992737557,0.0210887492134641,-0.0027797564759071,0.0384615384615385,-0.0650887573964497,35427.382948986735,35427.382948986735,매매가>전세가,0.33303078262414737,0.0,0.33303078262414737,0.025503707587446578,0.03990857946554138,0.025503707587446578,0.0750811598876776,0.03695411831318834,0.40661642058485836,0.4066164205848583,0.44714737190868414,0.5145494390729096,0.019022493751735647,0.06555478668568442,0.8235700693215597,0.07185449497997652,0.5808412451155113,0.4371051883698219,0.3446939329617772,0,0,0,0,0,0.0,활발 관찰 구간,관찰 필요,안정 관찰,0.39089956066579956,안정,0,0
11110,종로구,2026-04,111284.35483870968,97750.0,1417.5552012295668,1221.147154345809,62,76151.4705882353,71000.0,886.3321381841857,806.3980975288199,34,78,44,0.5641025641025641,0.6252540553026747,0.3747459446973252,-0.0219333718451808,0.021704470287557,-0.0436378421327379,0.1481481481481481,-0.5063291139240507,35132.88425047438,35132.88425047438,매매가>전세가,0.3157037150585483,0.0,0.3157037150585483,-0.10045439792275235,-0.15115995115995118,0.10045439792275235,-0.040242364582737805,-0.04235329576052671,0.3608166767005413,0.36081667670054124,0.38477988820504283,0.46391092188856664,0.07327182778446314,0.5099543820428386,0.6224180116177112,0.2835950353348897,0.5799321206677046,0.39831326455957217,0.33537427656506985,0,0,0,0,1,0.1,활발 관찰 구간,매수 검토 가능,안정 관찰,0.366843770562321,낮음,0,0
11140,중구,2023-06,90930.90909090907,93000.0,1268.6687256554865,1237.122402654095,55,55073.40579710145,55000.0,799.053215930794,787.1802080404835,207,473,266,0.5623678646934461,0.6298359845813531,0.3701640154186468,-0.0413174284849415,0.0209125445918745,-0.0622299730768161,0.0185185185185186,-0.1336996336996336,35857.503293807626,35857.503293807626,매매가>전세가,0.3943378951370511,0.0,0.3943378951370511,-0.09514129281571138,-0.14469957068907635,0.09514129281571138,,-0.06012982346514681,0.352958587749018,0.3529585877490179,0.3547385412532457,0.44086828718921284,0.009158978473057936,0.1346569103132348,0.6189444120256847,0.26858517029836493,0.5811014147540763,0.3845732763732827,0.3108892352014432,0,0,0,0,1,0.1,활발 관찰 구간,매수 검토 가능,안정 관찰,0.34773125578736297,낮음,0,0
11140,중구,2023-07,98619.11764705884,95500.0,1287.3558901118024,1281.4015718726314,68,53721.44827586207,50600.0,826.80720118168,817.5397292525014,174,363,189,0.5206611570247934,0.6422522377319256,0.3577477622680743,0.0147297431381552,0.0347335880734254,-0.0200038449352701,0.2363636363636363,-0.2325581395348837,44897.66937119677,44897.66937119677,매매가>전세가,0.45526334490111686,0.0,0.45526334490111686,-0.0417067076686527,-0.07416267942583732,0.0417067076686527,0.0560471716230967,0.015414401467859922,0.3316644961627827,0.3316644961627827,0.4416002627023402,0.49320232294123945,0.11690187069248438,0.23422323361269906,0.5354299991071616,0.11762901656499229,0.5606943683625152,0.3713585374951437,0.33234127304606176,0,0,0,0,0,0.0,활발 관찰 구간,거주 안정권,안정 관찰,0.3518499052706027,낮음,0,0
11140,중구,2023-08,107202.38095238096,103000.0,1412.846820451099,1411.1406126268314,63,57342.1875,55000.0,811.055413072544,805.9663032600306,176,318,142,0.4465408805031446,0.5740575703837357,0.4259424296162643,0.0974795946507054,-0.0190513436344331,0.1165309382851386,-0.0735294117647058,-0.1239669421487603,49860.19345238096,49860.19345238096,매매가>전세가,0.4651034147695725,0.0,0.4651034147695725,-0.07412027652164882,-0.14235799141459538,0.07412027652164882,0.0827498515125502,0.06915165120894905,0.44861954488762645,0.4486195448876265,0.5698457092410736,0.662420211034127,0.03636653217243572,0.12485453361999246,0.3870099553040718,0.20919944177469338,0.6401088928876959,0.46877060019296984,0.42984494876904406,0,0,1,0,1,0.35,완만 정체 구간,신중 매수 구간,신중 투자 구간,0.44930777448100695,주의,0,0
11140,중구,2023-09,102794.73684210528,99000.0,1359.2909550237468,1352.0280420630947,57,58060.31210191083,57000.0,833.9167227792616,834.1675008341675,157,343,186,0.5422740524781341,0.613493909966239,0.386506090033761,-0.0379063495434364,0.0281871119263128,-0.0660934614697492,-0.0952380952380952,0.0786163522012579,44734.42474019445,44734.42474019445,매매가>전세가,0.43518205420290534,0.0,0.43518205420290534,0.09573317197498948,0.21438837104258202,0.09573317197498948,-0.1353859441941418,-0.022910045390820363,0.3809855318957942,0.3809855318957943,0.3600250201294748,0.4360799736832827,0.047103317861440584,0.07917923777787787,0.5787081281216898,0.2702572671456347,0.5703603709775641,0.39480505454654324,0.3266571593198591,0,0,1,0,1,0.35,완만 정체 구간,매수 검토 가능,안정 관찰,0.3607311069332012,낮음,0,0
11140,중구,2023-10,91511.62790697676,100000.0,1297.923904705331,1288.300835654596,43,60802.46583850931,58000.0,838.2392253671029,823.8977425201855,161,316,155,0.490506329113924,0.645830793568294,0.354169206431706,-0.0451463684736601,0.0051833743943103,-0.0503297428679705,-0.2456140350877192,-0.0787172011661807,30709.16206846745,30709.16206846745,매매가>전세가,0.33557661218401524,0.0,0.33557661218401524,-0.051767723364210094,-0.09546413502109707,0.051767723364210094,-0.0072400189302237045,-0.014941202959677352,0.32552721023586284,0.32552721023586284,0.34880446270630405,0.45561714294788985,0.12147697764266256,0.07928080881176193,0.4750473199073793,0.14605203562413882,0.6043258483036069,0.3455367815192123,0.3076455949222041,0,1,1,0,0,0.45,안정 정체 구간,거주 안정권,안정 관찰,0.3265911882207082,낮음,0,0
11140,중구,2023-11,93306.97674418605,84000.0,1221.749075358319,1191.6750587445451,43,64423.120253164554,67000.0,890.5793001829605,850.2985010522699,158,297,139,0.468013468013468,0.728937977646325,0.271062022353675,-0.0586897498927768,0.0624404981679729,-0.1211302480607497,0.0,-0.060126582278481,28883.856491021492,28883.856491021492,매매가>전세가,0.3095573074906346,0.0,0.3095573074906346,-0.022492861100456008,-0.04585641359834902,0.022492861100456008,-0.0135433814191167,-0.043115521195671296,0.18299693417185536,0.1829969341718553,0.3278149749188174,0.36786871956414957,0.0,0.06055708286758706,0.4300071286607718,0.06334865922010534,0.519784562932774,0.24518660004646045,0.20952053177875332,0,0,0,0,0,0.0,활발 관찰 구간,거주 안정권,안정 관찰,0.2273535659126069,낮음,0,0
11140,중구,2023-12,84626.31578947368,84250.0,1332.7953386800637,1305.802129955026,38,61663.62658227848,63000.0,847.8555503934284,837.3309546548708,158,311,153,0.4919614147909968,0.6361483461017381,0.3638516538982619,0.0908912194504232,-0.0479729876730291,0.1388642071234523,-0.1162790697674418,0.0471380471380471,22962.689207195202,22962.689207195202,매매가>전세가,0.271342182310286,0.0,0.271342182310286,0.023947946777528817,0.051169353905942794,0.023947946777528817,0.1495809693432,0.08669918884746984,0.34213277719969726,0.3421327771996973,0.5596350671180873,0.6900995210084166,0.057509864830828615,0.04747555105550328,0.4779610149185591,0.06745937022420345,0.6828122772163598,0.41306861533310046,0.3850658063922394,0,0,1,0,0,0.25,완만 정체 구간,매수 검토 가능,선별 검토 가능,0.39906721086266994,안정,0,0
11140,중구,2024-01,100654.76190476192,109500.0,1319.6525919158823,1348.9599252453154,42,58033.89880952381,60000.0,833.6868205265832,812.2424955856386,168,376,208,0.5531914893617021,0.631747192885235,0.368252807114765,-0.0098610389628142,-0.0167112544822882,0.006850215519474,0.1052631578947369,0.2090032154340835,42620.86309523811,42620.86309523811,매매가>전세가,0.42343613246599654,0.0,0.42343613246599654,0.06123007457070534,0.12446113197051867,0.06123007457070534,-0.1007522584132374,-0.024597748114831685,0.3496808320388458,0.3496808320388457,0.40348954982937246,0.5264845920428414,0.05206156184685543,0.21049965850401725,0.6005694397157361,0.17278378884119336,0.636653704576339,0.3916718601559479,0.33347073274918637,1,0,0,0,0,0.25,완만 정체 구간,매수 검토 가능,안정 관찰,0.36257129645256714,낮음,0,0
11140,중구,2024-02,89629.26829268293,93400.0,1311.617583053491,1302.4602026049204,41,57294.770053475935,57880.0,852.9004802490426,839.4075647942695,187,348,161,0.4626436781609195,0.6502661227394199,0.3497338772605801,-0.0060887304064822,0.0230466156467765,-0.0291353460532588,-0.0238095238095238,-0.074468085106383,32334.498239206994,32334.498239206994,매매가>전세가,0.3607582529137604,0.0,0.3607582529137604,-0.09054781120078265,-0.16368258178603012,0.09054781120078265,0.0037723085563320007,-0.004783806506916312,0.3179205430360481,0.3179205430360481,0.4093358611694636,0.48188496264771297,0.011775829465360146,0.07500126948661963,0.41925454539300894,0.2556082880988262,0.5779504162727818,0.36012967843978405,0.3168435580557389,1,0,1,0,1,0.6,안정 정체 구간,거주 안정권,안정 관찰,0.3384866182477615,낮음,0,0
11140,중구,2024-03,102903.79746835445,107500.0,1447.3426899939518,1371.8362027573908,79,57789.05714285714,57000.0,843.9534550516665,834.1675008341675,175,348,173,0.4971264367816091,0.5831054807449874,0.4168945192550126,0.1034791761669495,-0.0104901162615872,0.1139692924285368,0.9268292682926828,0.0,45114.7403254973,45114.7403254973,매매가>전세가,0.43841667105989207,0.0,0.43841667105989207,0.03448275862068961,0.07453416149068315,0.03448275862068961,0.1095679065734317,0.07203267507293915,0.433102220171381,0.4331022201713809,0.5791438408574133,0.6592453694906627,0.4583957030906048,0.0,0.4883035665935612,0.0972208939970866,0.6274680698992159,0.46086193769696665,0.47774506399289796,0,0,0,0,0,0.0,활발 관찰 구간,관찰 필요,우선 점검 구간,0.46930350084493233,주의,0,0
11140,중구,2024-04,104106.0606060606,100250.0,1466.5698080313744,1492.03743765289,66,54738.248062015504,54000.0,813.5566436921246,834.1675008341675,129,287,158,0.5505226480836237,0.5547343462526266,0.4452656537473733,0.0132844268122174,-0.0360171656121498,0.0493015924243672,-0.1645569620253164,-0.1752873563218391,49367.81254404509,49367.81254404509,매매가>전세가,0.47420690262072135,0.0,0.47420690262072135,0.05339621130201461,0.10740971984451497,0.05339621130201461,-0.0901947493547321,-0.006879059416143158,0.481759212660123,0.48175921266012295,0.4393603162345027,0.5790977956312984,0.08138737833021063,0.17654239705922695,0.5952252942539986,0.15065261921275666,0.665159267458356,0.46823611445660723,0.39958071547501056,0,0,1,0,0,0.25,완만 정체 구간,신중 매수 구간,조건부 관찰,0.4339084149658089,보통,0,0
11140,중구,2024-05,105020.28985507246,105500.0,1378.8874603468291,1384.7967000589276,69,53929.10256410256,57000.0,857.2449898704098,845.3725496007089,156,293,137,0.4675767918088737,0.6216932233576107,0.3783067766423893,-0.0597873672322794,0.0537004356328731,-0.1134878028651525,0.0454545454545454,0.0209059233449477,51091.1872909699,51091.1872909699,매매가>전세가,0.4864887286206838,0.0,0.4864887286206838,-0.08294585627475004,-0.15066747310666617,0.08294585627475004,-0.07307179404449679,-0.07335792287705854,0.36692356584349417,0.3669235658434943,0.3261138911916543,0.377340580179894,0.022481128979323896,0.02105560776030532,0.4291327187900163,0.23413227451455088,0.5326894396055816,0.35530645295793606,0.29589953911788636,0,0,0,0,1,0.1,활발 관찰 구간,거주 안정권,안정 관찰,0.3256029960379112,낮음,0,0
11140,중구,2024-06,114460.84905660378,113650.0,1462.9035335757014,1496.4572149362443,106,58100.22413793104,60000.0,860.0698247567132,838.7431614789709,116,252,136,0.5396825396825397,0.5879197124191011,0.4120802875808989,0.060930333798046,0.0032952480559034,0.0576350857421426,0.536231884057971,-0.1399317406143344,56360.62491867274,56360.62491867274,매매가>전세가,0.4924008985011197,0.0,0.4924008985011197,0.07210574787366597,0.15421156297068705,0.07210574787366597,0.12071770103032539,0.022411129207102205,0.42484572854361435,0.42484572854361435,0.5132017854994212,0.5894261244747527,0.2652121592633286,0.14093363851849428,0.5735188268847192,0.203508268250126,0.6071137045050892,0.4555197602814178,0.42935423769961173,0,1,0,0,1,0.30000000000000004,완만 정체 구간,관찰 필요,신중 투자 구간,0.44243699899051475,보통,0,0
11140,중구,2024-07,107958.82352941176,111000.0,1451.011825803406,1451.288748360152,136,61456.56790123456,64000.0,818.1687461576212,823.7356034051077,162,305,143,0.4688524590163934,0.5638608394556757,0.4361391605443243,-0.0081288393249205,-0.0487182289076871,0.0405893895827665,0.2830188679245282,0.2103174603174602,46502.255628177205,46502.255628177205,매매가>전세가,0.4307406667460429,0.0,0.4307406667460429,-0.07083008066614627,-0.13124397299903579,0.07083008066614627,-0.0690591731229665,-0.012611063632221793,0.46610711699405505,0.46610711699405494,0.4061741071064598,0.5683001034189584,0.13997684081465833,0.21182331325529402,0.43168714237966577,0.19990442600898214,0.6839126407648046,0.442383846914705,0.39901930177609984,1,0,0,0,1,0.35,완만 정체 구간,관찰 필요,조건부 관찰,0.42070157434540245,보통,0,0
11140,중구,2024-08,111420.45454545454,108000.0,1510.2932776079804,1500.2082703635033,88,59823.181818181816,60000.0,839.4180863395591,834.446020867835,132,257,125,0.4863813229571984,0.5557980683520216,0.4442019316479784,0.0408552506260595,0.0259718307277458,0.0148834198983136,-0.3529411764705882,-0.1573770491803279,51597.27272727273,51597.27272727273,매매가>전세가,0.4630861805201428,0.0,0.4630861805201428,0.017528863940804995,0.03738673777584278,0.017528863940804995,0.04898408995098,0.05108090734187859,0.4799349106317954,0.4799349106317955,0.4820894879105469,0.5364407500821546,0.17455935442769163,0.15850385382839707,0.4667873184179028,0.04932504667961289,0.5736312778558945,0.4443582275245545,0.4027996741517838,0,0,1,0,0,0.25,완만 정체 구간,관찰 필요,조건부 관찰,0.42357895083816915,보통,0,0
11140,중구,2024-09,108667.70833333331,112375.0,1342.668434977361,1288.0035036586316,48,55610.01801801802,58000.0,775.1753628855315,824.693685202639,111,240,129,0.5375,0.5773393808119143,0.4226606191880857,-0.110988273016818,-0.0765324508722108,-0.0344558221446071,-0.4545454545454546,-0.0661478599221789,53057.690315315296,53057.690315315296,매매가>전세가,0.48825627345120054,0.0,0.48825627345120054,0.0511186770428016,0.1051000000000002,0.0511186770428016,-0.1518435236428775,-0.0998341026751333,0.4429911825323475,0.44299118253234737,0.24676289653119976,0.47529089404049757,0.22481128979323925,0.0666214722843902,0.569148462249208,0.1442184378521158,0.7249808943111367,0.4011403498620607,0.3476012092548586,0,0,1,0,0,0.25,완만 정체 구간,매수 검토 가능,안정 관찰,0.37437077955845965,안정,0,0
11140,중구,2024-10,108437.5,110250.0,1477.7481787275642,1490.763142303654,64,59213.10294117647,60000.0,860.6500964456303,827.5198879475905,136,280,144,0.5142857142857142,0.5824064673770771,0.4175935326229228,0.1006054363320763,0.1102650286019484,-0.0096595922698721,0.3333333333333332,0.1666666666666667,49224.39705882353,49224.39705882353,매매가>전세가,0.4539425665367012,0.0,0.4539425665367012,-0.023214285714285743,-0.04318936877076418,0.023214285714285743,0.21159370934889432,0.10410508665300171,0.4343010403384454,0.4343010403384453,0.574690128353729,0.5060227379933667,0.16486161251504206,0.16785998408910108,0.5226636747624076,0.06538673034225599,0.4491706897817688,0.4380624906317534,0.39941585229935694,0,0,0,0,0,0.0,활발 관찰 구간,관찰 필요,조건부 관찰,0.41873917146555517,보통,0,0
11140,중구,2024-11,114725.55555555556,115000.0,1493.0808685578331,1430.082390931785,54,61571.08108108108,60900.0,909.9148793687611,884.5468976558827,111,232,121,0.521551724137931,0.6094210290482445,0.3905789709517555,0.0103757122160497,0.0572413610671607,-0.046865648851111,-0.15625,-0.1714285714285713,53154.47447447448,53154.47447447448,매매가>전세가,0.4633185188520143,0.0,0.4633185188520143,0.007266009852216815,0.014128352490421658,0.007266009852216815,-0.0902297241160266,-0.01661231563801615,0.3879705939943071,0.38797059399430706,0.4348523999612912,0.45991045678237175,0.077278880866426,0.17265598363450377,0.5372132899439527,0.020331821125856207,0.5274611925703253,0.38395423661568384,0.3283672934892896,0,0,1,0,0,0.25,완만 정체 구간,거주 안정권,안정 관찰,0.3561607650524867,낮음,0,0
11140,중구,2024-12,100887.0,104500.0,1479.9850099380294,1516.1621809962476,70,60638.30597014925,60000.0,891.3783905857547,873.3957392840377,134,273,139,0.5091575091575091,0.60228879657577,0.39771120342423,-0.0087710310242291,-0.0203716734425377,0.0116006424183086,0.2962962962962963,0.1767241379310344,40248.69402985075,40248.69402985075,매매가>전세가,0.3989482691511369,0.0,0.3989482691511369,-0.012394214980421925,-0.023764114673205716,0.012394214980421925,-0.019146743240278798,0.005256139636389519,0.4002024975840137,0.40020249758401366,0.4051788405321287,0.5323721555515684,0.14654365556892632,0.17798946588758116,0.5123948459684793,0.03481933178171863,0.6420583861862386,0.3954553159795812,0.353044554884655,1,0,0,0,0,0.25,완만 정체 구간,매수 검토 가능,선별 검토 가능,0.37424993543211815,안정,0,0
11140,중구,2025-01,97243.50649350647,103300.0,1453.5762011798954,1463.7985309548794,77,56423.48611111111,56500.0,904.9497321393088,878.9627179401431,144,292,148,0.5068493150684932,0.6225677961738393,0.3774322038261607,-0.0178439704326733,0.0152251184198395,-0.0330690888525129,0.1,0.0695970695970695,40820.02038239536,40820.02038239536,매매가>전세가,0.419771168835023,0.0,0.419771168835023,-0.002308194089015947,-0.0045333596136788445,0.002308194089015947,-0.0090729394084442,-0.04821738342448688,0.3654236581481727,0.36542365814817274,0.3911176290062286,0.47700957754005285,0.04945848375451264,0.07009537797127285,0.5077728682334433,0.0063256714295169825,0.5894990129452855,0.36434076402232457,0.30957506136724533,0,0,0,0,0,0.0,활발 관찰 구간,거주 안정권,안정 관찰,0.3369579126947849,낮음,0,0
11140,중구,2025-02,125240.5982905983,112000.0,1519.5924901736114,1550.775387693847,117,56445.82822085889,56000.0,898.8782788711381,867.6036786395974,163,349,186,0.5329512893982808,0.5915258759724737,0.4084741240275262,0.045416462473814,-0.0067091607992607,0.0521256232730747,0.5194805194805194,0.1952054794520548,68794.7700697394,68794.7700697394,매매가>전세가,0.549300873747932,0.0,0.549300873747932,0.02610197432978767,0.051498489893905486,0.02610197432978767,0.06326043290648731,0.01870938079550298,0.4186610948985666,0.4186610948985666,0.4891584389658164,0.5825978307494998,0.25692718833513056,0.19660313204956353,0.5600400258207829,0.07354463716189588,0.6218854137396346,0.4334524542048486,0.40677617912402075,0,1,0,0,0,0.2,활발 관찰 구간,관찰 필요,조건부 관찰,0.42011431666443466,보통,0,0
11140,중구,2025-03,110886.7231638418,112000.0,1519.3833702026004,1561.0273327049954,177,60597.57978723404,60900.0,907.1602315118616,900.900900900901,188,382,194,0.5078534031413613,0.5970581548427092,0.4029418451572908,-0.000137615822902,0.0092136531000885,-0.0093512689229906,0.5128205128205128,0.0945558739255014,50289.14337660776,50289.14337660776,매매가>전세가,0.4535181664833086,0.0,0.4535181664833086,-0.025097886256919555,-0.04709227044981146,0.025097886256919555,-0.045554078296716,-0.015553565369937024,0.4091731397550332,0.4091731397550333,0.41855887889365445,0.5064048664472186,0.2536332500231417,0.09523288495599423,0.5097834758937333,0.07070802351415115,0.5983750614017697,0.40138028161943606,0.3733191378373226,1,1,0,0,0,0.45,안정 정체 구간,매수 검토 가능,선별 검토 가능,0.38734970972837934,안정,0,0
11140,중구,2025-04,106693.98148148147,107500.0,1455.087561872484,1425.1522385199228,108,59117.28571428572,60000.0,863.8174488862253,838.5486971816583,161,354,193,0.5451977401129944,0.5936532422657913,0.4063467577342087,-0.0423170409727091,-0.0477785303191716,0.0054614893464625,-0.3898305084745762,-0.0732984293193717,47576.69576719576,47576.69576719576,매매가>전세가,0.44591733391684785,0.0,0.44591733391684785,0.037344336971633085,0.07353369444929814,0.037344336971633085,-0.042179425149807104,-0.02753787723935349,0.4150126244511608,0.4150126244511608,0.3531893451215764,0.5247634386151688,0.19280425870403226,0.07382323907583496,0.5845625834367043,0.105305037633203,0.6825251570545103,0.408185991893083,0.36029611787418053,0,0,1,0,0,0.25,완만 정체 구간,매수 검토 가능,선별 검토 가능,0.3842410548836318,안정,0,0
11140,중구,2025-05,120573.22834645669,119000.0,1588.1220325718816,1582.9116158644229,127,58753.828025477706,57750.0,878.1098093422726,867.6036786395974,157,404,247,0.6113861386138614,0.552923384558943,0.447076615441057,0.091427123827656,0.0165455797107076,0.0748815441169483,0.1759259259259258,0.1412429378531072,61819.40032097898,61819.40032097898,매매가>전세가,0.512712491560285,0.0,0.512712491560285,0.066188398500867,0.12140255476324824,0.066188398500867,0.1337441648003651,0.07061205477803612,0.4848650436782902,0.4848650436782901,0.5604656099517485,0.610800965335307,0.08701029549404994,0.14225422380432276,0.7170996632448965,0.18679137414201316,0.5875493255098199,0.5085116118708944,0.43568676208312146,0,0,0,0,1,0.1,활발 관찰 구간,신중 매수 구간,신중 투자 구간,0.4720991869770079,주의,0,0
11140,중구,2025-06,117432.32558139534,117000.0,1557.240195109424,1502.253380070105,215,59553.447916666664,58000.0,873.8562570977524,866.2350153117338,192,411,219,0.5328467153284672,0.5611570134409152,0.4388429865590848,-0.0194455065977808,-0.0048439867078881,-0.0146015198898927,0.6929133858267718,0.0173267326732673,57878.87766472868,57878.87766472868,매매가>전세가,0.4928700626354483,0.0,0.4928700626354483,-0.0785394232853942,-0.12846124294453143,0.0785394232853942,-0.1108726304254368,-0.053334925286110835,0.4707442259586786,0.47074422595867865,0.3886355735476639,0.4998978331504901,0.34270445436197733,0.017450790425104536,0.5598306244430387,0.22168381676146176,0.6191314469887312,0.44680356810451244,0.4160412102556111,0,1,0,0,1,0.30000000000000004,완만 정체 구간,관찰 필요,조건부 관찰,0.43142238918006176,보통,0,0
11140,중구,2025-07,109547.31578947368,112000.0,1435.990414254453,1394.2534149788034,57,67118.1978021978,65000.0,884.094056008191,872.248257770919,182,344,162,0.4709302325581395,0.6156684941850401,0.3843315058149599,-0.0778619645419895,0.0117156555523678,-0.0895776200943574,-0.7348837209302326,-0.1630170316301703,42429.11798727588,42429.11798727588,매매가>전세가,0.3873131685747143,0.0,0.3873131685747143,-0.061916482770327685,-0.11619942656897109,0.061916482770327685,-0.0584164579442087,-0.016309492957092227,0.37725608187930537,0.3772560818793054,0.29810193998422513,0.40697427891186744,0.363462345730837,0.1641842180141572,0.43584772103035097,0.17472293633192187,0.5946808048730481,0.35544653951029387,0.34504651792979313,0,0,1,0,1,0.35,완만 정체 구간,거주 안정권,안정 관찰,0.35024652872004347,낮음,0,0
11140,중구,2025-08,119578.87323943662,123000.0,1497.1968558375945,1416.38908696629,71,64539.90977443609,64000.0,894.751657939735,883.6003770028276,133,303,170,0.5610561056105611,0.597617911399616,0.402382088600384,0.0426231547060282,0.0120548281702792,0.030568326535749,0.2456140350877194,-0.1191860465116279,55038.96346500053,55038.96346500053,매매가>전세가,0.46027330726552546,0.0,0.46027330726552546,0.09012587305242159,0.1913783970989693,0.09012587305242159,0.12048511924801769,0.045375078556227716,0.40821314745750037,0.40821314745750026,0.48482937981402474,0.5558802417158455,0.12147697764266266,0.12003940722650827,0.6163177172846844,0.25441628558182955,0.5941800097371596,0.4472864172448821,0.3946797011206815,0,0,0,0,1,0.1,활발 관찰 구간,관찰 필요,조건부 관찰,0.4209830591827818,보통,0,0
11140,중구,2025-09,126665.43209876544,130000.0,1640.1226158158308,1628.1713983559343,162,62677.27272727273,61320.0,908.278121355431,917.5842509175844,165,353,188,0.5325779036827195,0.5537867185031375,0.4462132814968624,0.095462236259024,0.0151175617230396,0.0803446745359843,1.2816901408450705,0.165016501650165,63988.15937149271,63988.15937149271,매매가>전세가,0.5051746029777004,0.0,0.5051746029777004,-0.028478201927841562,-0.050758206965505814,0.028478201927841562,0.052839081552995805,0.005381425876350696,0.4833844108453218,0.4833844108453217,0.5667192138692891,0.6175718362451245,0.6339045100930493,0.16619800404861484,0.5592923501932793,0.08025763357817013,0.5896578225535651,0.48329086131696786,0.5091541936905197,0,0,0,0,0,0.0,활발 관찰 구간,신중 매수 구간,우선 점검 구간,0.4962225275037438,높음,0,1
11140,중구,2025-10,127778.62068965516,130000.0,1612.2593477154946,1536.0169491525426,145,68106.88,65000.0,912.2246786514654,900.900900900901,125,277,152,0.5487364620938628,0.5658051726876636,0.4341948273123364,-0.0169885274623058,0.0043450978320878,-0.0213336252943936,-0.1049382716049383,-0.2152974504249292,59671.740689655155,59671.740689655155,매매가>전세가,0.4669931508697693,0.0,0.4669931508697693,0.01615855841114333,0.03034027191028499,0.01615855841114333,-0.11245076372132981,-0.02701444711144334,0.46277255145209817,0.4627725514520983,0.39244339169604514,0.49155422552100164,0.05190087801399475,0.21683895961651578,0.5916485968200199,0.04545384506687457,0.6055635803689945,0.42769616249729564,0.35110043266043045,0,1,1,0,0,0.45,안정 정체 구간,매수 검토 가능,선별 검토 가능,0.389398297578863,안정,0,0
11140,중구,2025-11,92617.64705882352,87400.0,1464.8425243575314,1438.4100872683734,34,69195.18644067796,68000.0,885.4051699832489,894.0790262497468,118,288,170,0.5902777777777778,0.6044371017775995,0.3955628982224005,-0.0914349317104886,-0.0294001130377918,-0.0620348186726967,-0.7655172413793103,0.0397111913357399,23422.46061814556,23422.46061814556,매매가>전세가,0.25289414449569675,0.0,0.25289414449569675,0.04154131568391495,0.07570358187134496,0.04154131568391495,-0.0744464042481828,-0.0228327832752509,0.39651811654182834,0.39651811654182834,0.2770666003000719,0.4411101568090869,0.37861322046557944,0.03999551967465927,0.6748318252533868,0.11716177352744221,0.6553890573406775,0.3851849317153709,0.3509248526340528,0,0,1,0,0,0.25,완만 정체 구간,매수 검토 가능,선별 검토 가능,0.3680548921747119,안정,0,0
11140,중구,2025-12,105549.35897435895,115000.0,1524.5940284302187,1472.7847037530532,78,68012.02531645569,68000.0,923.0932951988332,918.42187658169,158,353,195,0.5524079320113314,0.6054682610486714,0.3945317389513286,0.0407903942431586,0.0425659647055114,-0.0017755704623527,1.2941176470588234,0.2256944444444444,37537.33365790326,37537.33365790326,매매가>전세가,0.3556377226982703,0.0,0.3556377226982703,-0.037869845766446364,-0.0641559740043327,0.037869845766446364,0.1322253259536472,0.015543624904312499,0.3947496603343139,0.3947496603343139,0.48198897370255767,0.5157940027837684,0.6400509662348693,0.22731039512065757,0.5990004275409058,0.10678963391480131,0.5491297080312953,0.41762128278567656,0.4444055847409856,0,0,0,0,0,0.0,활발 관찰 구간,매수 검토 가능,신중 투자 구간,0.4310134337633311,보통,0,0
11140,중구,2026-01,121356.32911392405,134500.0,1760.27699655813,1693.3600266933602,79,64050.836257309944,66000.0,917.0635964130868,882.6678904696344,171,408,237,0.5808823529411765,0.520976867962384,0.479023132037616,0.1545873614437409,-0.006532057828941,0.161119419272682,0.0128205128205127,0.1558073654390934,57305.4928566141,57305.4928566141,매매가>전세가,0.47220852241516137,0.0,0.47220852241516137,0.02847442092984509,0.05154600301659129,0.02847442092984509,0.11379696720058231,0.11266729397109707,0.5396538790877023,0.5396538790877021,0.6583511375812311,0.7176820894215689,0.006340831250578483,0.1569229313014258,0.6560182234801972,0.08024695201466121,0.6216239176712499,0.5498584411437569,0.4730613229703088,0,1,0,0,0,0.2,활발 관찰 구간,우선 점검 구간,우선 점검 구간,0.5114598820570329,높음,0,1
11140,중구,2026-02,117322.65625,118500.0,1672.5915039523145,1635.3776577445417,64,62580.259541984735,65000.0,908.4362104037142,860.0377002827522,131,311,180,0.5787781350482315,0.5431309487445619,0.4568690512554381,-0.049813462754593,-0.0094076201946263,-0.0404058425599667,-0.189873417721519,-0.2377450980392157,54742.396708015265,54742.396708015265,매매가>전세가,0.46659697672857,0.0,0.46659697672857,-0.002104217892945015,-0.003622451056209175,0.002104217892945015,-0.2044008241983339,-0.049896544988772905,0.501659242584757,0.5016592425847571,0.3415714154058406,0.46791658351647997,0.09390851345793538,0.23944733024474707,0.6518046920890815,0.005749425503263598,0.625869742863588,0.4380082328899611,0.35213955425814575,0,1,1,0,0,0.45,안정 정체 구간,관찰 필요,선별 검토 가능,0.3950738935740534,안정,0,0
11140,중구,2026-03,118906.02040816328,118750.0,1637.6303913992267,1584.9182515849184,98,64909.230158730155,65000.0,926.7540665214976,901.0525934739984,126,286,160,0.5594405594405595,0.5659116192449622,0.4340883807550377,-0.0209023616767602,0.0201641633259455,-0.0410665250027058,0.53125,-0.0803858520900321,53996.79024943313,53996.79024943313,매매가>전세가,0.4541131732781974,0.0,0.4541131732781974,-0.01933757560767202,-0.03341103341103335,0.01933757560767202,0.0289111010778328,-0.002257236101128865,0.4625899937422425,0.4625899937422424,0.3863777443584767,0.4670977497729944,0.2627481949458484,0.0809614071169297,0.61308271271414,0.05443477394130106,0.5822064146213275,0.42606806965638605,0.3774573032720865,0,0,0,0,0,0.0,활발 관찰 구간,매수 검토 가능,선별 검토 가능,0.4017626864642363,안정,0,0
11140,중구,2026-04,107164.0,107500.0,1649.5795038307533,1597.6032399025728,80,63475.94520547945,62000.0,943.6753907489295,917.8522257916476,73,179,106,0.5921787709497207,0.572070269154939,0.427929730845061,0.0072965868820478,0.0182586997335172,-0.0109621128514694,-0.183673469387755,-0.3741258741258741,43688.05479452055,43688.05479452055,매매가>전세가,0.40767473026875206,0.0,0.40767473026875206,0.03273821150916123,0.058519553072625685,0.03273821150916123,0.028198948558808,-0.013123337033298106,0.4520278012965645,0.45202780129656434,0.43008038168947704,0.5044084256780969,0.09084211301849254,0.3768045796685414,0.678638415070503,0.09229243574784189,0.585019869624202,0.44328030683525277,0.36796305245487043,1,0,1,0,0,0.5,안정 정체 구간,관찰 필요,선별 검토 가능,0.4056216796450616,안정,0,0
11260,중랑구,2023-06,54852.00763358779,55662.0,896.2374414094212,922.1715488510788,131,34020.5,33758.0,562.8888318310101,505.748715535161,278,459,181,0.3943355119825708,0.6280577063884011,0.3719422936115989,-0.0161974774876795,-0.0288956724075813,0.0126981949199018,0.9264705882352942,-0.15625,20831.50763358779,20831.50763358779,매매가>전세가,0.3797765757771815,0.0,0.3797765757771815,-0.08728213507625271,-0.18122702855527284,0.08728213507625271,,-0.035009872467884805,0.3560083659910781,0.3560083659910781,0.3936693583337619,0.5337324354158638,0.4582183053726906,0.15736873508353222,0.282472796969039,0.24638254215654518,0.654644240687996,0.3699999859705413,0.4034542868683606,0,0,0,0,1,0.1,활발 관찰 구간,거주 안정권,조건부 관찰,0.38672713641945095,안정,0,0
11260,중랑구,2023-07,58558.602150537634,56000.0,890.5954669671794,887.7086494688922,93,34648.027586206896,35000.0,568.4501914901073,530.0505205300313,290,480,190,0.3958333333333333,0.6382810294621183,0.3617189705378817,-0.0062951782435793,0.0098800319789731,-0.0161752102225525,-0.2900763358778626,0.0457516339869281,23910.57456433074,23910.57456433074,매매가>전세가,0.4083187386007508,0.0,0.4083187386007508,0.0014978213507625404,0.003798342541436517,0.0014978213507625404,0.009902299244100198,-0.00561051991387458,0.33847518788916664,0.3384751878891667,0.40901590899345935,0.497947439643987,0.14346735745583816,0.04607921131857675,0.2854720668169388,0.004036316111786981,0.597391139694707,0.33423293453307285,0.32178272071825204,1,1,1,0,0,0.7,신중 정체 구간,거주 안정권,안정 관찰,0.32800782762566244,낮음,0,0
11260,중랑구,2023-08,63520.27027027027,62000.0,927.0605344746244,883.2829737896141,74,35049.52615384616,35000.0,557.3573727605326,512.0373697448797,325,511,186,0.3639921722113503,0.6012092544489483,0.3987907455510516,0.0409445914109833,-0.0195141437115123,0.0604587351224957,-0.2043010752688172,0.0645833333333334,28470.744116424117,28470.744116424117,매매가>전세가,0.44821509724824693,0.0,0.44821509724824693,-0.03184116112198304,-0.08044082809764141,0.03184116112198304,0.0472397696545626,0.012616647969226954,0.40205393123641775,0.40205393123641775,0.4822279479639155,0.5929256868103578,0.10104421412212258,0.0650457438345267,0.22171263754544054,0.08975821047443944,0.6407922264330668,0.39344709563633784,0.37988205605336317,0,0,1,0,0,0.25,완만 정체 구간,매수 검토 가능,선별 검토 가능,0.3866645758448505,안정,0,0
11260,중랑구,2023-09,65113.46153846154,59500.0,890.3592106121548,847.6256667435543,104,36257.72666666667,35000.0,551.7641954567546,522.4081330236377,300,481,181,0.3762993762993763,0.6197096507570201,0.3802903492429799,-0.039588918412182,-0.010035172363605,-0.0295537460485769,0.4054054054054055,-0.0587084148727984,28855.73487179487,28855.73487179487,매매가>전세가,0.4431608179016903,0.0,0.4431608179016903,0.012307204088026047,0.03381172736011462,0.012307204088026047,-0.08053350982316529,-0.02459261425956596,0.37032542758976306,0.37032542758976306,0.35741738045447524,0.4813664078742271,0.20050736657234855,0.05912876151866569,0.24635684902925595,0.03457352039172016,0.6267963361589906,0.3390733189862845,0.33090411434718187,0,0,0,0,0,0.0,활발 관찰 구간,거주 안정권,안정 관찰,0.3349887166667332,낮음,0,0
11260,중랑구,2023-10,61398.61111111111,60000.0,981.1404202694534,959.492759200474,72,35725.2428115016,35000.0,575.4086359617481,531.6164092264981,313,609,296,0.4860426929392447,0.5864691985717212,0.4135308014282788,0.1019602072683487,0.0428524371455827,0.059107770122766,-0.3076923076923077,0.2661122661122661,25673.36829960951,25673.36829960951,매매가>전세가,0.4181424927210362,0.0,0.4181424927210362,0.10974331663986836,0.29163831659545125,0.10974331663986836,0.14154912568053069,0.13216537278233145,0.42733338519322017,0.42733338519322017,0.5767897478757483,0.5912513336620276,0.15217995001388504,0.2680176045331176,0.46610923835052676,0.30983683056954314,0.5487067257592084,0.4664674617192835,0.4369855766842193,0,0,1,0,1,0.35,완만 정체 구간,관찰 필요,신중 투자 구간,0.4517265192017514,주의,0,0
11260,중랑구,2023-11,51407.01754385965,57500.0,947.9924943371972,905.5501460564752,57,43328.23877917415,45020.0,584.1677204311309,595.3004208279852,557,782,225,0.2877237851662404,0.616215554364236,0.3837844456357639,-0.033785098694795,0.0152223722793847,-0.0490074709741797,-0.2083333333333333,0.2840722495894909,8078.7787646854995,8078.7787646854995,매매가>전세가,0.15715322830764913,0.0,0.15715322830764913,-0.19831890777300426,-0.4080277528167554,0.19831890777300426,-0.13574530596314371,-0.01821086999768949,0.37631786409188506,0.376317864091885,0.3664121210815773,0.4572559345588939,0.1030385078219013,0.28610617977748243,0.06899117079915859,0.5600685955457149,0.5895030676764448,0.3746151170265005,0.36790749928811073,0,0,1,0,1,0.35,완만 정체 구간,거주 안정권,선별 검토 가능,0.3712613081573056,안정,0,0
11260,중랑구,2023-12,54243.220338983054,54500.0,832.2900083862008,818.074424099232,59,39662.805714285714,40000.0,559.6847908580604,542.49547920434,350,642,292,0.454828660436137,0.672463666773174,0.3275363332268259,-0.1220500021278032,-0.0419107881465984,-0.0801392139812048,0.0350877192982457,-0.1790281329923273,14580.41462469734,14580.41462469734,매매가>전세가,0.2687969949715322,0.0,0.2687969949715322,0.1671048752698966,0.5807822776047071,0.1671048752698966,-0.0882649034330082,-0.12624203273075654,0.27985136629552265,0.27985136629552265,0.22961946529357818,0.41867200978863894,0.017353853948951843,0.18030995733356114,0.4036055849807342,0.47188693798797887,0.673861318691708,0.3247186567069652,0.27739804511101707,0,0,0,0,1,0.1,활발 관찰 구간,거주 안정권,안정 관찰,0.30105835090899113,낮음,0,0
11260,중랑구,2024-01,54078.04878048781,57500.0,858.4010911077586,852.8625617233213,82,38213.16806722689,36900.0,557.4110499826005,527.1084337349397,357,652,295,0.4524539877300613,0.649359670854177,0.350640329145823,0.0313725774170794,-0.0040625382583185,0.035435115675398,0.3898305084745763,0.0155763239875388,15864.880713260914,15864.880713260914,매매가>전세가,0.2933700655077113,0.0,0.2933700655077113,-0.00237467270607572,-0.005221026977056842,0.00237467270607572,0.1534225795448826,0.016635868265061915,0.31947512389299426,0.3194751238929943,0.4673932722939896,0.5619120217544555,0.1928042587040323,0.015687848980289673,0.39885048902597453,0.006513477815759873,0.617977622765237,0.3546697527379374,0.3472493387594179,0,1,0,0,0,0.2,활발 관찰 구간,거주 안정권,안정 관찰,0.3509595457486776,낮음,0,0
11260,중랑구,2024-02,59179.41176470588,59500.0,891.3437178443403,827.3979653198819,68,30144.27149321267,25110.0,449.0418205692179,465.5550730701751,442,816,374,0.4583333333333333,0.5037807655785108,0.4962192344214892,0.0383767298036277,-0.1944152872763561,0.2327920170799838,-0.1707317073170732,0.2515337423312884,29035.140271493212,29035.140271493212,매매가>전세가,0.49062907868931427,0.0,0.49062907868931427,0.005879345603272024,0.012994350282485856,0.005879345603272024,0.0070041523865483,0.039681653703193584,0.5691454958136055,0.5691454958136056,0.4782482845268755,0.8065113631715685,0.08444131372721671,0.2533346999136126,0.41062341774294,0.016414405074731426,0.8990372536937967,0.5199904773433365,0.4704604906410064,0,0,1,0,0,0.25,완만 정체 구간,신중 매수 구간,우선 점검 구간,0.4952254839921715,주의,0,1
11260,중랑구,2024-03,56071.406015037595,55900.0,885.3435243315072,863.8743455497382,133,30430.49015317287,29000.0,448.89224536809274,471.069004053175,457,754,297,0.3938992042440318,0.5070260673189382,0.4929739326810618,-0.0067316270847167,-0.0003330985985572,-0.0063985284861595,0.9558823529411764,-0.0759803921568627,25640.915861864727,25640.915861864727,매매가>전세가,0.4572904031510852,0.0,0.4572904031510852,-0.06443412908930152,-0.14058355437665782,0.06443412908930152,-0.0451083568883444,-0.03817812817872705,0.5635797464971588,0.5635797464971588,0.40833950202112185,0.5100644210971164,0.47276491824166483,0.07652440451120777,0.2815991249226771,0.181835449767318,0.6124710307157388,0.46589391918531464,0.4700319786106348,1,1,0,0,1,0.55,안정 정체 구간,관찰 필요,우선 점검 구간,0.46796294889797474,주의,0,0
11260,중랑구,2024-04,57826.159420289856,58000.0,872.0441482575607,870.0076598098188,138,36727.46153846154,36500.0,573.3818907079464,535.5118548841721,260,518,258,0.4980694980694981,0.6575147506621378,0.3424852493378622,-0.0150217127120102,0.2773263441826039,-0.2923480568946142,0.037593984962406,-0.3129973474801061,21098.697881828317,21098.697881828317,매매가>전세가,0.3648642429887065,0.0,0.3648642429887065,0.10417029382546628,0.2644592644592645,0.10417029382546628,-0.008290085627293501,-0.035185198940370754,0.3054890192108609,0.30548901921086097,0.39549155469936326,0.1556655334501256,0.018593414945305493,0.3152383786076486,0.4901919729005263,0.29409268122478527,0.20250132492227135,0.31384653824038494,0.24935085471797347,0,0,0,0,1,0.1,활발 관찰 구간,거주 안정권,안정 관찰,0.28159869647917923,낮음,0,0
11260,중랑구,2024-05,64602.04081632653,62000.0,905.6340534122444,866.188769414576,147,37446.71678321678,36000.0,548.1295166811409,530.0977809453713,286,516,230,0.4457364341085271,0.6052439333701076,0.3947560666298924,0.0385185832870962,-0.0440411084410543,0.0825596917281505,0.0652173913043479,-0.0038610038610038,27155.324033109748,27155.324033109748,매매가>전세가,0.42034777369211107,0.0,0.42034777369211107,-0.05233306396097098,-0.10507181058830606,0.05233306396097098,0.0535402959991064,0.02494802764231705,0.39513438623146946,0.39513438623146946,0.4784681285869913,0.6203170746562239,0.03225553288337784,0.003888648280056333,0.3853991144555288,0.147649159318493,0.6770067791003866,0.4156898009796192,0.37765732169401334,0,0,0,0,0,0.0,활발 관찰 구간,매수 검토 가능,선별 검토 가능,0.3966735613368163,안정,0,0
11260,중랑구,2024-06,63877.27272727273,61000.0,926.327762254291,881.1785763458627,209,36116.54012345679,35000.0,632.2030503359161,588.7750851251194,324,590,266,0.4508474576271186,0.6824831081359374,0.3175168918640626,0.0228499676708013,0.1533826059283041,-0.1305326382575027,0.4217687074829932,0.1434108527131783,27760.732603815937,27760.732603815937,매매가>전세가,0.4345948319105889,0.0,0.4345948319105889,0.005111023518591495,0.011466470154753106,0.005111023518591495,-0.015668615616294904,-0.015669236920142496,0.2626678488982668,0.26266784889826683,0.45418495986069135,0.3562156259378069,0.20860040767209412,0.14443766072783112,0.3956335384229895,0.014243845568887418,0.38550672678467635,0.29388175071809586,0.28672830998179594,0,0,0,0,0,0.0,활발 관찰 구간,거주 안정권,안정 관찰,0.2903050303499459,낮음,0,0
11260,중랑구,2024-07,70389.06976744186,65500.0,958.1193468582848,909.8497495826376,215,40294.954225352114,37000.0,584.4857892469352,576.991678612768,284,544,260,0.4779411764705882,0.6100344295974083,0.3899655704025917,0.0343200170602968,-0.0754777457394848,0.1097977627997817,0.0287081339712917,-0.0779661016949152,30094.11554208975,30094.11554208975,매매가>전세가,0.427539611498171,0.0,0.427539611498171,0.027093718843469616,0.06009509066784613,0.027093718843469616,0.011470049389495498,0.029837792752995505,0.3869186013106416,0.38691860131064165,0.47196120451720397,0.6540752771724633,0.014198607776415028,0.07852433153998618,0.4498865866609011,0.07634637945781865,0.7234236011442576,0.4149880695206429,0.3703932359089021,0,0,0,0,0,0.0,활발 관찰 구간,매수 검토 가능,선별 검토 가능,0.3926906527147725,안정,0,0
11260,중랑구,2024-08,66906.0,64850.0,949.1920044540984,898.4255936502365,200,31738.138095238097,28175.0,456.7339703956195,490.60259986026995,420,745,325,0.436241610738255,0.4811818559916099,0.5188181440083901,-0.0093175682481099,-0.2185713001096468,0.2092537318615369,-0.0697674418604651,0.3694852941176469,35167.8619047619,35167.8619047619,매매가>전세가,0.5256309135916345,0.0,0.5256309135916345,-0.04169956573233319,-0.08724832214765099,0.04169956573233319,-0.043637585308406696,0.0009080884677091922,0.6079030215064776,0.6079030215064777,0.40433181894785425,0.7773385852167839,0.034505918898497176,0.37213077355047014,0.36638647491003573,0.11760884013367848,0.9347040884868518,0.529601602882306,0.4660369102083372,1,0,1,0,0,0.5,안정 정체 구간,우선 점검 구간,신중 투자 구간,0.49781925654532155,높음,0,1
11260,중랑구,2024-09,62789.69072164949,59500.0,907.5115214336756,883.7044892188052,97,39616.68571428571,39680.0,563.1554674357363,559.3333333333334,175,470,295,0.6276595744680851,0.6205491105458036,0.3794508894541963,-0.0439115403678459,0.2330054340997132,-0.2769169744675591,-0.515,-0.3691275167785235,23173.005007363776,23173.005007363776,매매가>전세가,0.369057479675941,0.0,0.369057479675941,0.19141796372983005,0.4387888707037644,0.19141796372983005,-0.034593972119736,-0.0327573700261612,0.368885739351408,0.36888573935140795,0.35071819522586883,0.17479044153364479,0.25471119133574005,0.37177043455975395,0.749685942946716,0.5405729829753204,0.26794203273750095,0.3922950577818347,0.32647571312278856,0,0,1,0,1,0.35,완만 정체 구간,매수 검토 가능,안정 관찰,0.35938538545231163,낮음,0,0
11260,중랑구,2024-10,62899.51754385965,61850.0,910.9018942294562,889.918974975958,114,38198.35106382979,37000.0,595.0122672822565,587.9118341203978,188,380,192,0.5052631578947369,0.6532122405844651,0.3467877594155348,0.0037359005541048,0.0565683930790488,-0.0528324925249439,0.1752577319587629,-0.1914893617021277,24701.16648002986,24701.16648002986,매매가>전세가,0.3927083615992096,0.0,0.3927083615992096,-0.12239641657334821,-0.19500446030330054,0.12239641657334821,0.047647440921950696,0.007235550875030208,0.3128678993394799,0.31286789933947984,0.4245620417799225,0.452515295921154,0.08667981688935204,0.19286040725130757,0.504596712824218,0.3455826549921597,0.5284548432285963,0.3730134871065392,0.33247947034165204,1,0,0,0,1,0.35,완만 정체 구간,거주 안정권,안정 관찰,0.3527464787240956,낮음,0,0
11260,중랑구,2024-11,61660.63829787234,60000.0,898.995866234268,870.4464887670995,94,39155.23560209424,39680.0,576.4639025508441,567.2027000198531,191,421,230,0.5463182897862233,0.6412308712447674,0.3587691287552326,-0.0130705930799053,-0.0311730795335243,0.018102486453619,-0.175438596491228,0.1078947368421052,22505.402695778102,22505.402695778102,매매가>전세가,0.3649881564160628,0.0,0.3649881564160628,0.04105513189148646,0.08125494853523363,0.04105513189148646,-0.0168064936340101,-0.04005862093397115,0.33341615757439436,0.3334161575743944,0.3985153934603528,0.5404303828429133,0.08676926974475897,0.10866725285768111,0.586806396322853,0.11578827291710674,0.6580068777373351,0.37780941215668307,0.3290790281651158,0,0,1,0,0,0.25,완만 정체 구간,거주 안정권,안정 관찰,0.35344422016089944,낮음,0,0
11260,중랑구,2024-12,60824.7191011236,59500.0,900.6022112646549,880.0945067926757,89,36810.63905325444,36000.0,581.5746698350915,568.9424364123159,169,398,229,0.5753768844221105,0.6457619829940519,0.3542380170059481,0.0017868213756262,0.0088657195387817,-0.0070788981631555,-0.0531914893617021,-0.0546318289786222,24014.08004786916,24014.08004786916,매매가>전세가,0.3948079070935743,0.0,0.3948079070935743,0.029058594635887225,0.05318986235525447,0.029058594635887225,0.014857414455531499,0.01581399203624482,0.32564522157569653,0.3256452215756965,0.421541365307223,0.5092211874745322,0.02630770412474075,0.05502298765866006,0.6449939543179304,0.08189728045893743,0.5988887922453378,0.37512611718279837,0.31226422177244967,1,1,1,0,0,0.7,신중 정체 구간,거주 안정권,안정 관찰,0.343695169477624,낮음,0,0
11260,중랑구,2025-01,73364.43181818182,66000.0,947.386885279254,906.0227372260732,88,40423.748768472906,40000.0,562.6912897054584,553.2275530863035,203,385,182,0.4727272727272727,0.5939403410039797,0.4060596589960202,0.0519482113517162,-0.0324693992174515,0.0844176105691677,-0.0112359550561798,-0.0326633165829145,32940.68304970892,32940.68304970892,매매가>전세가,0.4490007246474069,0.0,0.4490007246474069,-0.10264961169483783,-0.17840412862246924,0.10264961169483783,0.05016138997609,0.021574798359902624,0.4145202450875043,0.4145202450875042,0.4992813218014236,0.6226197340599994,0.005557133006125027,0.03289718281143179,0.439446153107716,0.28979665600331167,0.6599209196085953,0.44846956183406833,0.39927553250416103,0,0,1,0,1,0.35,완만 정체 구간,관찰 필요,조건부 관찰,0.4238725471691147,보통,0,0
11260,중랑구,2025-02,63849.25925925926,61000.0,936.7919391499198,894.1129194293751,135,39328.764,38000.0,566.270038294147,554.5363000114303,250,507,257,0.5069033530571992,0.6044779151366328,0.3955220848633671,-0.0111833362842164,0.0063600568449564,-0.0175433931291728,0.5340909090909092,0.316883116883117,24520.49525925926,24520.49525925926,매매가>전세가,0.38403727065484095,0.0,0.38403727065484095,0.03417608032992653,0.07229555454407532,0.03417608032992653,-0.0631315476359326,-0.03789041796252742,0.39644812091636394,0.3964481209163639,0.40144025780841364,0.4962517470408111,0.26415326550705615,0.31915196974862853,0.5078810750700494,0.09635450802104298,0.6025884531937136,0.39330141949467495,0.3675536839187351,0,1,0,0,0,0.2,활발 관찰 구간,매수 검토 가능,선별 검토 가능,0.38042755170670506,안정,0,0
11260,중랑구,2025-03,61672.60638297872,60250.0,907.5663849338616,884.3635153352894,188,39411.61825726141,38500.0,575.8894450963711,557.839107457428,241,479,238,0.4968684759916493,0.6345425025171451,0.3654574974828549,-0.0311974868641361,0.0169873137402818,-0.0481848006044179,0.3925925925925926,-0.0552268244575936,22260.98812571731,22260.98812571731,매매가>전세가,0.3609542296214874,0.0,0.3609542296214874,-0.010034877065549952,-0.01979643063126002,0.010034877065549952,-0.020014150579919697,-0.04661343641117112,0.3448868270687526,0.34488682706875257,0.3704223933494548,0.4582755321975627,0.19417034362882737,0.05562224324845942,0.4877870203319707,0.028154049811133456,0.5868970964037986,0.3483422093807393,0.3183909311089043,0,0,0,0,0,0.0,활발 관찰 구간,거주 안정권,안정 관찰,0.3333665702448218,낮음,0,0
11260,중랑구,2025-04,60245.94594594595,58750.0,889.1525717345926,878.1883258223734,148,39696.438095238096,38000.0,584.3071507907657,567.5029868578256,210,418,208,0.4976076555023923,0.6571506053802185,0.3428493946197815,-0.0202892190642459,0.0146168778852788,-0.0349060969495248,-0.2127659574468084,-0.127348643006263,20549.50785070785,20549.50785070785,매매가>전세가,0.34109362095742246,0.0,0.34109362095742246,0.0007391795107429822,0.0014876764102769169,0.0007391795107429822,0.010908267799890198,-0.005510055330890292,0.30611353474625236,0.30611353474625236,0.38732799075404756,0.47473283440358727,0.105230816498963,0.12826044713279947,0.48926716936151154,0.0018931039222400197,0.590397092227257,0.3314819184751466,0.2955258350597838,0,0,1,0,0,0.25,완만 정체 구간,거주 안정권,안정 관찰,0.31350387676746516,낮음,0,0
11260,중랑구,2025-05,60235.051546391755,60000.0,886.8722214701228,874.8114630467571,194,40535.8373015873,39180.0,574.417356061719,567.2718714560835,252,529,277,0.5236294896030246,0.6476889704692033,0.3523110295307967,-0.0025646332665059,-0.0169256780713061,0.0143610448048002,0.3108108108108107,0.2655502392344497,19699.214244804454,19699.214244804454,매매가>전세가,0.32703905349250906,0.0,0.32703905349250906,0.0260218341006323,0.052293878144539896,0.0260218341006323,0.01772458579774,-0.023379702316125777,0.3223404043104726,0.32234040431047256,0.414797495276367,0.5357933311019379,0.1537223143721338,0.2674515535965102,0.5413738524217742,0.07331823583924482,0.6369703052826731,0.365228034938084,0.33332747752407094,1,0,0,0,0,0.25,완만 정체 구간,거주 안정권,안정 관찰,0.3492777562310775,낮음,0,0
11260,중랑구,2025-06,68655.01730103807,66500.0,959.5824937658974,921.2898057280192,289,42185.48669201521,43000.0,612.9584292101044,588.5100420364316,263,483,220,0.4554865424430642,0.6387761690029785,0.3612238309970215,0.081985060007006,0.0670959412031491,0.0148891188038569,0.4896907216494846,-0.0869565217391304,26469.530609022855,26469.530609022855,매매가>전세가,0.38554400901188957,0.0,0.38554400901188957,-0.06814294715996039,-0.13013580883616982,0.06814294715996039,0.0845496932735119,0.04809564131867597,0.3376260149057245,0.33762601490572464,0.5458323306310863,0.5364478131670165,0.24219360601436601,0.08757912213344397,0.40492294213140373,0.1923131003245865,0.5129107084283056,0.39087863326817673,0.3901854849112377,0,0,0,0,1,0.1,활발 관찰 구간,매수 검토 가능,조건부 관찰,0.39053205908970723,안정,0,0
11260,중랑구,2025-07,62949.63503649635,65500.0,925.4503173199572,895.6228956228956,137,43028.275,40975.0,616.4209603578532,584.7891506137137,240,497,257,0.5171026156941649,0.6660767723792754,0.3339232276207245,-0.0355698198619568,0.0056488841375601,-0.0412187039995169,-0.5259515570934257,0.0289855072463767,19921.36003649635,19921.36003649635,매매가>전세가,0.31646506012221565,0.0,0.31646506012221565,0.061616073251100745,0.13527528809218925,0.061616073251100745,-0.1175548798689628,0.025982651722940474,0.2908050020281364,0.2908050020281364,0.36364616611191697,0.46690914282723983,0.26012766542165816,0.02919304071114789,0.5283042990294949,0.17387426004029194,0.6036385138820849,0.3402036532619204,0.324299388314957,0,1,1,0,1,0.55,안정 정체 구간,거주 안정권,안정 관찰,0.3322515207884387,낮음,0,0
11260,중랑구,2025-08,64906.49253731343,64000.0,916.473238836801,884.7680594976342,134,42900.775,42000.0,614.8263211213531,583.6889786569841,240,422,182,0.4312796208530806,0.6708611829208435,0.3291388170791565,-0.0097002273543469,-0.0025869322087529,-0.007113295145594,-0.021897810218978,-0.1509054325955734,22005.71753731343,22005.71753731343,매매가>전세가,0.3390372315167514,0.0,0.3390372315167514,-0.08582299484108435,-0.16596898224131884,0.08582299484108435,0.025869592507609902,-0.0069483035041473795,0.2825996541649123,0.2825996541649124,0.40373877512898976,0.5091785566914618,0.010830324909747242,0.15198590108671114,0.356450479111464,0.24226037676399234,0.6157988609988516,0.3381085124430696,0.30734393173467095,1,1,1,0,1,0.7999999999999999,신중 정체 구간,거주 안정권,안정 관찰,0.32272622208887025,낮음,0,0
11260,중랑구,2025-09,61847.5,60000.0,1044.0935805645338,971.5252176375308,260,47976.07324840764,52706.0,611.4573579325722,626.4306117816201,628,841,213,0.253269916765755,0.5856346301851235,0.4143653698148765,0.1392515747537921,-0.0054795363715665,0.1447311111253586,0.9402985074626866,0.9928909952606636,13871.426751592357,13871.426751592357,매매가>전세가,0.22428435670952515,0.0,0.22428435670952515,-0.17800970408732558,-0.4127477754112714,0.17800970408732558,0.148951802108139,0.049170764371118794,0.42876468459116834,0.42876468459116845,0.6345837860255977,0.6973708190720291,0.4650573845573576,1.0,0.0,0.5026937836080864,0.6200698487445857,0.4644449114210369,0.5364865466708466,0,1,0,0,1,0.30000000000000004,완만 정체 구간,관찰 필요,우선 점검 구간,0.5004657290459418,높음,0,1
11260,중랑구,2025-10,71268.30708661418,70000.0,1006.5531040113938,953.003565363116,254,42271.17408906882,43000.0,580.9885745769728,567.0407560543414,247,629,382,0.6073131955484896,0.5772060830785499,0.4227939169214501,-0.0359550879843951,-0.0498297762882743,0.0138746883038791,-0.0230769230769231,-0.2520808561236622,28997.132997545355,28997.132997545355,매매가>전세가,0.40687276270368544,0.0,0.40687276270368544,0.3540432787827346,1.397889189935586,0.3540432787827346,-0.1752066627381872,-0.04598100763353263,0.44321979047937266,0.4432197904793728,0.36304907884836163,0.5351905526889583,0.011413496251041388,0.2538857309885094,0.7089439140148811,1.0,0.6855538626444941,0.5272402313717724,0.4364868774129007,0,0,1,0,1,0.35,완만 정체 구간,우선 점검 구간,신중 투자 구간,0.4818635543923366,주의,0,1
11260,중랑구,2025-11,65472.77227722772,62500.0,923.881064060404,910.674691162496,101,43832.27074235808,43000.0,598.0205198037345,577.5196356676126,229,621,392,0.6312399355877617,0.6472916732111261,0.3527083267888738,-0.08213380856064,0.0293154563997457,-0.1114492649603857,-0.6023622047244095,-0.012718600953895,21640.50153486964,21640.50153486964,매매가>전세가,0.33052673320809556,0.0,0.33052673320809556,0.023926740039272087,0.039397694986131215,0.023926740039272087,-0.0461787205762449,-0.0135316601254023,0.32302177606553095,0.32302177606553095,0.2914814502346748,0.3798670944563701,0.2979192131669462,0.012809664922538638,0.7568553354416034,0.06739945981914171,0.568694347855233,0.34463864926249677,0.2987551585181009,0,0,1,0,0,0.25,완만 정체 구간,거주 안정권,안정 관찰,0.3216969038902988,낮음,0,0
11260,중랑구,2025-12,68617.85714285714,64500.0,997.4196650486368,942.95438562358,154,42795.059907834104,43000.0,583.531242654561,576.5384162842688,217,763,546,0.7155963302752294,0.5850408439922894,0.4149591560077106,0.0795974761784106,-0.024228729064228,0.1038262052426386,0.5247524752475248,0.2286634460547503,25822.79723502304,25822.79723502304,매매가>전세가,0.3763276544946886,0.0,0.3763276544946886,0.0843563946874677,0.13363602321662604,0.0843563946874677,0.1617312847390506,0.05435070683956451,0.42978303831024256,0.4297830383102426,0.5421320611000837,0.6466742740389715,0.25953461772169995,0.23030065449905637,0.9257724035117398,0.23811713662007722,0.6477534057491054,0.5096014234391613,0.45092723675665863,0,0,0,0,1,0.1,활발 관찰 구간,신중 매수 구간,신중 투자 구간,0.4802643300979099,주의,0,1
11260,중랑구,2026-01,68213.38461538461,66000.0,967.4380682908716,932.1785085143864,195,41043.64855072464,41000.0,580.808712654384,575.8990196423474,276,639,363,0.568075117370892,0.6003575129935419,0.3996424870064581,-0.0300591594575221,-0.0046656113694818,-0.0253935480880402,0.2662337662337661,-0.1625163826998689,27169.73606465997,27169.73606465997,매매가>전세가,0.3983050572531216,0.0,0.3983050572531216,-0.1475212129043374,-0.20615143854580475,0.1475212129043374,-0.1096566356359327,-0.07197922693016595,0.4035146827481073,0.4035146827481073,0.3721865694041556,0.4865224559985642,0.13167518402175435,0.16367998448530946,0.6303727381482189,0.4165618271336178,0.6188680722434867,0.4352571517126453,0.3743794043590065,0,1,0,0,1,0.30000000000000004,완만 정체 구간,관찰 필요,선별 검토 가능,0.40481827803582593,안정,0,0
11260,중랑구,2026-02,70483.57487922705,67500.0,991.7082295326446,938.9671361502348,207,32925.321875,26365.0,428.1755840322656,393.21620342589233,320,681,361,0.5301027900146843,0.4317556023852387,0.5682443976147613,0.0250870438504142,-0.2627941442623369,0.2878811881127512,0.0615384615384615,0.0657276995305164,37558.253004227045,37558.253004227045,매매가>전세가,0.5328653245608322,0.0,0.5328653245608322,-0.0379723273562077,-0.06684384898241524,0.0379723273562077,0.0551462033079363,0.0250039616162343,0.6926699119922782,0.6926699119922783,0.4576519731344507,0.8747875412931839,0.030435990002776987,0.06619830358443417,0.5543361290852791,0.10707915102392225,1.0,0.6123424111712045,0.5241956856856331,0,0,0,1,0,0.2,활발 관찰 구간,우선 점검 구간,우선 점검 구간,0.5682690484284187,높음,1,1
11260,중랑구,2026-03,69188.1974248927,65000.0,965.5993561141652,918.0437322650644,233,30101.16265060241,26743.0,424.463416527342,398.6806318765455,332,694,362,0.521613832853026,0.4395854386600862,0.5604145613399139,-0.0263271722881474,-0.0086697318655232,-0.0176574404226241,0.1256038647342994,0.0190895741556533,39087.03477429029,39087.03477429029,매매가>전세가,0.5649378973447206,0.0,0.5649378973447206,-0.008488957161658317,-0.016013794534873393,0.008488957161658317,-0.051414216138561605,-0.007682046712516065,0.6792416056650878,0.6792416056650881,0.37797039079192807,0.49611039960036163,0.0621217670346535,0.019226253684214063,0.5373376577775272,0.02378672625038917,0.6247802360268647,0.526845359794179,0.4242476577414757,0,1,0,1,0,0.4,완만 정체 구간,우선 점검 구간,신중 투자 구간,0.47554650876782734,주의,0,0
11260,중랑구,2026-04,67502.70516717325,64800.0,964.5355631922046,933.955970647098,329,41797.231292517004,40950.0,600.3924883038437,590.8768612621129,147,565,418,0.7398230088495575,0.6224679640808667,0.3775320359191333,-0.001101691830286,0.414474051063878,-0.4155757428941641,0.4120171673819743,-0.1858789625360231,25705.473874656243,25705.473874656243,매매가>전세가,0.3808065737661264,0.0,0.3808065737661264,0.21820917599653156,0.4183347186231847,0.21820917599653156,0.0252254804578614,-0.021521615745631908,0.3655948719358769,0.365594871935877,0.4170647570819012,0.002940137858034437,0.20377744379541687,0.18720983816277265,0.9742844283441746,0.6162598877487961,0.0,0.4048526018182259,0.3041517895097362,1,0,0,0,1,0.35,완만 정체 구간,매수 검토 가능,안정 관찰,0.35450219566398106,낮음,0,0
