sggCd,gu,contract_month,avg_sale_price,med_sale_price,avg_sale_price_per_m2,med_sale_price_per_m2,sale_count,avg_jeonse_deposit,med_jeonse_deposit,avg_jeonse_deposit_per_m2,med_jeonse_deposit_per_m2,jeonse_count,total_rent_count,monthly_count,monthly_ratio,jeonse_rate,gap_rate,sale_growth_1m,jeonse_growth_1m,growth_gap_1m,sale_volume_growth_1m,rent_volume_growth_1m
11110,종로구,2023-05,97098.5294117647,93495.0,1315.4387809977475,1180.7557598702565,34,59292.695238095235,59000.0,789.6318223459838,729.7551789077213,105,208,103,0.4951923076923077,0.6002801755221598,0.39971982447784016,,,,,
11110,종로구,2023-06,125363.33333333333,118250.0,1382.048126105596,1282.2173508702006,30,65890.12195121951,63000.0,858.1524533230362,769.6498858858703,82,160,78,0.4875,0.620928053888529,0.379071946111471,0.05063659827432332,0.08677541740083194,-0.036138819126508626,-0.11764705882352944,-0.23076923076923073
11110,종로구,2023-07,119448.18181818182,127500.0,1427.6663638408274,1283.479441885857,22,62944.70297029703,55000.0,838.1512937520341,764.9758738378251,101,174,73,0.41954022988505746,0.5870778460432236,0.41292215395677645,0.033007705646095564,-0.023307233456655974,0.05631493910275154,-0.2666666666666667,0.08749999999999991
11110,종로구,2023-08,133262.0,137225.0,1582.5904320504912,1401.4083192609467,40,59248.738738738735,48000.0,842.6970273938982,739.5741792901828,111,213,102,0.4788732394366197,0.5324795413441579,0.46752045865584213,0.10851559729464677,0.0054235239815891845,0.10309207331305759,0.8181818181818181,0.22413793103448265
11110,종로구,2023-09,102655.20833333333,94250.0,1321.018892695977,1148.6121173598608,48,57560.235849056604,51000.0,763.8425694317509,736.1099134833722,106,217,111,0.511520737327189,0.5782222901240095,0.4217777098759905,-0.16528062729129978,-0.09357391256737957,-0.0717067147239202,0.19999999999999996,0.018779342723004744
11110,종로구,2023-10,91894.8275862069,92000.0,1218.7867403452456,1003.780471907183,29,61146.39215686275,58000.0,805.9067104615168,741.8747056052755,102,188,86,0.4574468085106383,0.661236854474826,0.33876314552517395,-0.0773888646982882,0.05506912381311624,-0.13245798851140445,-0.39583333333333337,-0.13364055299539168
11110,종로구,2023-11,82070.83333333333,67000.0,1199.0241893775196,1061.4514287440993,24,66165.3781512605,60000.0,795.6976804131717,754.3391188251001,119,224,105,0.46875,0.6636210407283466,0.3363789592716534,-0.016214937620775083,-0.012667756597409041,-0.0035471810233660417,-0.1724137931034483,0.1914893617021276
11110,종로구,2023-12,96205.0,100250.0,1325.002247946542,1064.8278412073432,20,57682.604166666664,49500.0,972.5830040526599,1050.5817054957731,96,209,113,0.5406698564593302,0.7340236634012861,0.2659763365987139,0.10506715351124374,0.22230217329229762,-0.11723501978105388,-0.16666666666666663,-0.0669642857142857
11110,종로구,2024-01,95822.5,87500.0,1289.2106841839106,1136.956611519512,20,61720.47169811321,61950.0,867.8896419726487,828.8525956703108,106,227,121,0.5330396475770925,0.6731945775969392,0.32680542240306076,-0.027012455124585832,-0.10764465515412469,0.08063220002953886,0.0,0.0861244019138756
11110,종로구,2024-02,85002.27272727272,60000.0,1052.7455931039763,971.3931121415103,22,62452.84722222222,51500.0,798.0161063261007,745.1204654834437,72,165,93,0.5636363636363636,0.7580331958200687,0.24196680417993133,-0.18341850093308854,-0.08050970108103916,-0.10290879985204937,0.10000000000000009,-0.27312775330396477
11110,종로구,2024-03,104163.125,105000.0,1346.8015584443942,1283.2275817913705,32,61211.96,50000.0,784.1201037999078,662.5149065853982,75,176,101,0.5738636363636364,0.5822090855802066,0.41779091441979344,0.279322912645406,-0.017413185543543985,0.29673609818894997,0.4545454545454546,0.06666666666666665
11110,종로구,2024-04,98387.14285714286,100000.0,1278.524996705149,1142.5959780621572,35,65168.125,64500.0,802.3824444594535,766.1484265657027,64,130,66,0.5076923076923077,0.6275844794018504,0.37241552059814964,-0.05069533912487234,0.023290233946362093,-0.07398557307123443,0.09375,-0.26136363636363635
11110,종로구,2024-05,121948.90476190476,128000.0,1645.2487579369692,1460.1629457200295,63,60468.115942028984,55000.0,807.1939228573024,700.3501750875438,69,159,90,0.5660377358490566,0.4906212017868161,0.5093787982131839,0.286833469957094,0.0059964901164932805,0.28083697984060074,0.8,0.22307692307692317
11110,종로구,2024-06,117486.40625,116495.0,1553.2042482029078,1393.8835029006582,64,63753.39473684211,51500.0,826.0031235860766,750.6257092373025,76,144,68,0.4722222222222222,0.5318058616835364,0.4681941383164636,-0.055945649124500174,0.023301960280118994,-0.07924760940461917,0.015873015873015817,-0.09433962264150941
11110,종로구,2024-07,121457.33333333333,107750.0,1478.3169587262778,1323.8210837641254,60,63923.590361445786,57000.0,859.5098041072547,800.6672226855712,83,154,71,0.461038961038961,0.5814110424924104,0.4185889575075896,-0.048214708119216354,0.040564835125210585,-0.08877954324442694,-0.0625,0.06944444444444442
11110,종로구,2024-08,91526.25,89725.0,1248.8599245960957,1185.377837779401,40,72650.0,69458.0,886.3546492991026,824.3052284503061,69,134,65,0.48507462686567165,0.7097310369581808,0.29026896304181915,-0.155215045579862,0.03123273878153232,-0.1864477843613943,-0.33333333333333337,-0.1298701298701299
11110,종로구,2024-09,124096.66666666667,123500.0,1244.6932422069824,1073.223814586859,30,72184.875,64000.0,833.7660866868114,776.3244813798729,48,116,68,0.5862068965517241,0.6698566830879948,0.33014331691200516,-0.003336388899228049,-0.05933128759901729,0.05599489869978924,-0.25,-0.13432835820895528
11110,종로구,2024-10,121830.0,124950.0,1356.7602374566552,1324.452552344963,38,68397.04918032787,70000.0,843.8837574865203,765.175790308872,61,139,78,0.5611510791366906,0.6219844407206694,0.3780155592793306,0.09003583489452005,0.012134903255557106,0.07790093163896294,0.2666666666666666,0.19827586206896552
11110,종로구,2024-11,121327.17948717948,97490.0,1501.931157481416,1414.141414141414,39,70556.57971014493,70000.0,869.9291998326436,830.932531839554,69,156,87,0.5576923076923077,0.5792071064638045,0.42079289353619553,0.10699821237162288,0.030863779655741608,0.07613443271588127,0.026315789473684292,0.1223021582733812
11110,종로구,2024-12,93394.44444444444,89950.0,1179.9781845678742,1075.1201825372327,18,73770.6380952381,73000.0,882.9038351422365,834.4459279038718,105,224,119,0.53125,0.7482374222584202,0.25176257774157984,-0.2143593408458373,0.014914587660799228,-0.22927392850663653,-0.5384615384615384,0.4358974358974359
11110,종로구,2025-01,115193.07692307692,115000.0,1457.3663265337648,1355.2051662777817,26,67000.875,54500.0,868.7126624314972,792.119065966082,80,174,94,0.5402298850574713,0.5960839403347985,0.4039160596652015,0.23507904264134694,-0.016073293767551844,0.2511523364088988,0.4444444444444444,-0.2232142857142857
11110,종로구,2025-02,129870.33898305085,135000.0,1708.328838423303,1530.4992934526613,59,72242.73,69500.0,948.7621673945793,835.5710220687827,100,234,134,0.5726495726495726,0.5553744373186584,0.44462556268134157,0.1722027655781191,0.09214727541673695,0.08005549016138214,1.2692307692307692,0.3448275862068966
11110,종로구,2025-03,136651.77777777778,123250.0,1764.1417156160937,1536.272696740437,90,69226.11111111111,66075.0,856.9758677064922,800.7536504945831,90,185,95,0.5135135135135135,0.4857749579416352,0.5142250420583647,0.03267103846605024,-0.0967432122005284,0.12941425066657863,0.5254237288135593,-0.20940170940170943
11110,종로구,2025-04,99236.74418604652,86000.0,1364.0533885726447,1224.2812644941953,43,66406.45,63500.0,860.4825798556521,800.6184657090834,80,161,81,0.5031055900621118,0.6308276399328235,0.36917236006717646,-0.2267892219212817,0.004091961374063979,-0.23088118329534568,-0.5222222222222221,-0.12972972972972974
11110,종로구,2025-05,135207.868852459,125500.0,1553.8956221515932,1433.6326934168246,61,72859.22619047618,68500.0,930.2326178695845,881.9049049267718,84,169,85,0.5029585798816568,0.5986454975537823,0.40135450244621773,0.13917507567471432,0.08105920985132897,0.05811586582338535,0.4186046511627908,0.049689440993788914
11110,종로구,2025-06,133290.3738317757,129000.0,1598.084407902241,1396.1634695579648,107,69896.19791666667,65575.0,971.9822969296191,883.9230084557187,96,195,99,0.5076923076923077,0.6082171205246362,0.39178287947536383,0.028437422128432255,0.044880902107743426,-0.01644347997931117,0.7540983606557377,0.15384615384615374
11110,종로구,2025-07,115357.75,84100.0,1436.9347001824985,1184.4475720760977,40,73336.58024691358,66000.0,921.6443649667174,833.3333333333334,81,197,116,0.5888324873096447,0.6413961364073563,0.35860386359264373,-0.10083929667474767,-0.051788939080386065,-0.049050357594361604,-0.6261682242990654,0.01025641025641022
11110,종로구,2025-08,94112.09302325582,88000.0,1319.6715993250034,1348.6352681173921,43,73858.44827586207,76500.0,923.9284314735789,831.057025600036,58,187,129,0.6898395721925134,0.7001199631379182,0.29988003686208176,-0.08160642292416076,0.00247825147495373,-0.08408467439911449,0.07499999999999996,-0.050761421319796995
11110,종로구,2025-09,118543.30882352941,107235.0,1456.4392866861135,1415.7721959382175,68,68040.51666666666,61750.0,893.9060001095093,800.7660662033345,60,208,148,0.7115384615384616,0.6137612520350535,0.3862387479649465,0.10363766821311082,-0.03249432568731192,0.13613199390042274,0.5813953488372092,0.11229946524064172
11110,종로구,2025-10,117897.19101123596,108000.0,1589.513155829772,1367.9753630973632,89,77658.52873563218,79000.0,965.8203563823989,874.704266652703,87,183,96,0.5245901639344263,0.607620234434746,0.392379765565254,0.09136932130308417,0.08044957329303037,0.010919748010053798,0.3088235294117647,-0.12019230769230771
11110,종로구,2025-11,66548.4,64000.0,1160.009175260231,993.193849256365,25,81792.1875,77500.0,969.3508093916492,897.8779459916757,80,203,123,0.6059113300492611,0.8356406398028616,0.16435936019713837,-0.2702110259322311,0.0036553930406624247,-0.27386641897289354,-0.7191011235955056,0.1092896174863387
11110,종로구,2025-12,114268.18181818182,109950.0,1358.1946514048132,1286.9333520482983,44,78794.48192771085,76000.0,1003.4935806639767,942.2850412249705,83,272,189,0.6948529411764706,0.7388437140626635,0.26115628593733653,0.1708481970413056,0.035222306456580865,0.13562589058472474,0.76,0.33990147783251223
11110,종로구,2026-01,139325.65217391305,108995.0,1508.9517474989764,1303.2140188586204,46,69693.25,70000.0,899.1411416496627,852.5676414085741,80,246,166,0.6747967479674797,0.5958713677491352,0.4041286322508648,0.11099815180263861,-0.1039891445496518,0.2149872963522904,0.045454545454545414,-0.09558823529411764
11110,종로구,2026-02,118036.92307692308,100750.0,1423.2852866684977,1313.8289776918887,52,71144.08196721312,63000.0,849.5867144841162,767.690253671562,61,169,108,0.6390532544378699,0.5969194808953269,0.40308051910467313,-0.05677216715012068,-0.05511306831609164,-0.001659098834029038,0.13043478260869557,-0.3130081300813008
11110,종로구,2026-03,106378.70370370371,92000.0,1449.344206645583,1210.9756338087789,54,70951.32075471699,60000.0,867.5034356409627,694.6983546617915,53,158,105,0.6645569620253164,0.598548937970191,0.40145106202980896,0.01830899273755704,0.021088749213464153,-0.0027797564759071136,0.03846153846153855,-0.0650887573964497
11110,종로구,2026-04,111284.35483870968,97750.0,1417.5552012295668,1221.147154345809,62,76151.4705882353,71000.0,886.3321381841857,806.3980975288199,34,78,44,0.5641025641025641,0.6252540553026747,0.37474594469732525,-0.02193337184518085,0.021704470287557065,-0.043637842132737914,0.14814814814814814,-0.5063291139240507
11140,중구,2023-05,95290.74074074074,92250.0,1323.3459784822624,1358.9773798303488,54,55152.42780748663,55000.0,782.6852752115293,765.0208909550992,187,546,359,0.6575091575091575,0.5914441785731547,0.4085558214268453,,,,,
11140,중구,2023-06,90930.90909090909,93000.0,1268.6687256554865,1237.1224026540947,55,55073.40579710145,55000.0,799.053215930794,787.1802080404835,207,473,266,0.5623678646934461,0.6298359845813531,0.37016401541864685,-0.041317428484941576,0.020912544591874527,-0.0622299730768161,0.0185185185185186,-0.13369963369963367
11140,중구,2023-07,98619.11764705883,95500.0,1287.3558901118024,1281.4015718726314,68,53721.44827586207,50600.0,826.80720118168,817.5397292525014,174,363,189,0.5206611570247934,0.6422522377319256,0.35774776226807437,0.014729743138155227,0.034733588073425414,-0.020003844935270187,0.23636363636363633,-0.2325581395348837
11140,중구,2023-08,107202.38095238095,103000.0,1412.846820451099,1411.1406126268314,63,57342.1875,55000.0,811.055413072544,805.9663032600306,176,318,142,0.44654088050314467,0.5740575703837357,0.4259424296162643,0.09747959465070544,-0.01905134363443317,0.11653093828513861,-0.07352941176470584,-0.12396694214876036
11140,중구,2023-09,102794.73684210527,99000.0,1359.2909550237468,1352.0280420630947,57,58060.31210191083,57000.0,833.9167227792616,834.1675008341675,157,343,186,0.5422740524781341,0.613493909966239,0.386506090033761,-0.03790634954343641,0.028187111926312847,-0.06609346146974926,-0.09523809523809523,0.07861635220125796
11140,중구,2023-10,91511.62790697675,100000.0,1297.9239047053313,1288.300835654596,43,60802.46583850931,58000.0,838.2392253671029,823.8977425201855,161,316,155,0.49050632911392406,0.645830793568294,0.354169206431706,-0.04514636847366016,0.0051833743943103805,-0.05032974286797054,-0.24561403508771928,-0.07871720116618075
11140,중구,2023-11,93306.97674418605,84000.0,1221.749075358319,1191.6750587445451,43,64423.120253164554,67000.0,890.5793001829605,850.2985010522699,158,297,139,0.468013468013468,0.728937977646325,0.27106202235367505,-0.058689749892776866,0.062440498167972924,-0.12113024806074979,0.0,-0.060126582278481
11140,중구,2023-12,84626.31578947368,84250.0,1332.7953386800637,1305.802129955026,38,61663.626582278484,63000.0,847.8555503934284,837.3309546548708,158,311,153,0.4919614147909968,0.6361483461017381,0.3638516538982619,0.09089121945042322,-0.047972987673029155,0.13886420712345238,-0.11627906976744184,0.047138047138047146
11140,중구,2024-01,100654.76190476191,109500.0,1319.6525919158823,1348.9599252453154,42,58033.89880952381,60000.0,833.6868205265832,812.2424955856386,168,376,208,0.5531914893617021,0.631747192885235,0.36825280711476505,-0.009861038962814206,-0.016711254482288274,0.006850215519474068,0.10526315789473695,0.2090032154340835
11140,중구,2024-02,89629.26829268293,93400.0,1311.617583053491,1302.4602026049204,41,57294.770053475935,57880.0,852.9004802490426,839.4075647942695,187,348,161,0.46264367816091956,0.6502661227394199,0.34973387726058014,-0.006088730406482279,0.02304661564677657,-0.029135346053258848,-0.023809523809523836,-0.07446808510638303
11140,중구,2024-03,102903.79746835443,107500.0,1447.3426899939518,1371.8362027573908,79,57789.05714285714,57000.0,843.9534550516665,834.1675008341675,175,348,173,0.49712643678160917,0.5831054807449874,0.41689451925501264,0.10347917616694957,-0.010490116261587246,0.11396929242853682,0.9268292682926829,0.0
11140,중구,2024-04,104106.06060606061,100250.0,1466.5698080313744,1492.03743765289,66,54738.248062015504,54000.0,813.5566436921246,834.1675008341675,129,287,158,0.5505226480836237,0.5547343462526266,0.44526565374737337,0.01328442681221742,-0.03601716561214985,0.04930159242436727,-0.16455696202531644,-0.17528735632183912
11140,중구,2024-05,105020.28985507246,105500.0,1378.8874603468291,1384.7967000589276,69,53929.10256410256,57000.0,857.2449898704098,845.3725496007089,156,293,137,0.46757679180887374,0.6216932233576107,0.3783067766423893,-0.0597873672322794,0.05370043563287319,-0.11348780286515259,0.045454545454545414,0.020905923344947785
11140,중구,2024-06,114460.84905660378,113650.0,1462.9035335757014,1496.4572149362443,106,58100.224137931036,60000.0,860.0698247567132,838.7431614789709,116,252,136,0.5396825396825397,0.5879197124191011,0.4120802875808989,0.06093033379804602,0.0032952480559034214,0.0576350857421426,0.536231884057971,-0.13993174061433444
11140,중구,2024-07,107958.82352941176,111000.0,1451.011825803406,1451.288748360152,136,61456.567901234564,64000.0,818.1687461576212,823.7356034051077,162,305,143,0.46885245901639344,0.5638608394556757,0.43613916054432433,-0.00812883932492059,-0.04871822890768718,0.04058938958276659,0.28301886792452824,0.21031746031746024
11140,중구,2024-08,111420.45454545454,108000.0,1510.2932776079804,1500.2082703635033,88,59823.181818181816,60000.0,839.4180863395591,834.446020867835,132,257,125,0.48638132295719844,0.5557980683520216,0.4442019316479784,0.04085525062605955,0.025971830727745893,0.014883419898313655,-0.3529411764705882,-0.1573770491803279
11140,중구,2024-09,108667.70833333333,112375.0,1342.668434977361,1288.0035036586316,48,55610.01801801802,58000.0,775.1753628855315,824.693685202639,111,240,129,0.5375,0.5773393808119143,0.42266061918808573,-0.11098827301681802,-0.07653245087221083,-0.034455822144607184,-0.4545454545454546,-0.06614785992217898
11140,중구,2024-10,108437.5,110250.0,1477.7481787275642,1490.7631423036541,64,59213.10294117647,60000.0,860.6500964456303,827.5198879475905,136,280,144,0.5142857142857142,0.5824064673770771,0.41759353262292287,0.1006054363320763,0.11026502860194842,-0.00965959226987212,0.33333333333333326,0.16666666666666674
11140,중구,2024-11,114725.55555555556,115000.0,1493.0808685578331,1430.082390931785,54,61571.08108108108,60900.0,909.9148793687613,884.5468976558827,111,232,121,0.521551724137931,0.6094210290482445,0.39057897095175553,0.010375712216049715,0.05724136106716071,-0.046865648851111,-0.15625,-0.17142857142857137
11140,중구,2024-12,100887.0,104500.0,1479.9850099380294,1516.1621809962476,70,60638.30597014925,60000.0,891.3783905857547,873.3957392840377,134,273,139,0.5091575091575091,0.60228879657577,0.39771120342423005,-0.008771031024229159,-0.020371673442537763,0.011600642418308604,0.2962962962962963,0.17672413793103448
11140,중구,2025-01,97243.50649350649,103300.0,1453.5762011798954,1463.7985309548794,77,56423.48611111111,56500.0,904.9497321393087,878.9627179401431,144,292,148,0.5068493150684932,0.6225677961738393,0.3774322038261607,-0.017843970432673384,0.015225118419839534,-0.03306908885251292,0.10000000000000009,0.06959706959706957
11140,중구,2025-02,125240.5982905983,112000.0,1519.5924901736114,1550.775387693847,117,56445.82822085889,56000.0,898.8782788711381,867.6036786395974,163,349,186,0.5329512893982808,0.5915258759724737,0.40847412402752625,0.045416462473814034,-0.0067091607992607605,0.052125623273074795,0.5194805194805194,0.1952054794520548
11140,중구,2025-03,110886.7231638418,112000.0,1519.3833702026004,1561.0273327049954,177,60597.57978723404,60900.0,907.1602315118615,900.900900900901,188,382,194,0.5078534031413613,0.5970581548427092,0.4029418451572908,-0.00013761582290205965,0.009213653100088592,-0.009351268922990652,0.5128205128205128,0.09455587392550147
11140,중구,2025-04,106693.98148148147,107500.0,1455.087561872484,1425.1522385199228,108,59117.28571428572,60000.0,863.8174488862253,838.5486971816583,161,354,193,0.5451977401129944,0.5936532422657913,0.4063467577342087,-0.04231704097270916,-0.047778530319171675,0.005461489346462511,-0.38983050847457623,-0.0732984293193717
11140,중구,2025-05,120573.22834645669,119000.0,1588.1220325718816,1582.9116158644229,127,58753.828025477706,57750.0,878.1098093422726,867.6036786395974,157,404,247,0.6113861386138614,0.552923384558943,0.44707661544105703,0.09142712382765605,0.016545579710707692,0.07488154411694836,0.17592592592592582,0.14124293785310726
11140,중구,2025-06,117432.32558139534,117000.0,1557.240195109424,1502.2533800701053,215,59553.447916666664,58000.0,873.8562570977524,866.2350153117338,192,411,219,0.5328467153284672,0.5611570134409152,0.4388429865590848,-0.01944550659778088,-0.004843986707888104,-0.014601519889892778,0.6929133858267718,0.017326732673267342
11140,중구,2025-07,109547.31578947368,112000.0,1435.990414254453,1394.2534149788034,57,67118.1978021978,65000.0,884.094056008191,872.248257770919,182,344,162,0.47093023255813954,0.6156684941850401,0.3843315058149599,-0.07786196454198957,0.011715655552367865,-0.08957762009435744,-0.7348837209302326,-0.16301703163017034
11140,중구,2025-08,119578.87323943662,123000.0,1497.1968558375943,1416.38908696629,71,64539.90977443609,64000.0,894.751657939735,883.6003770028276,133,303,170,0.5610561056105611,0.597617911399616,0.40238208860038405,0.04262315470602829,0.012054828170279253,0.030568326535749035,0.2456140350877194,-0.1191860465116279
11140,중구,2025-09,126665.43209876544,130000.0,1640.1226158158308,1628.1713983559343,162,62677.27272727273,61320.0,908.278121355431,917.5842509175843,165,353,188,0.5325779036827195,0.5537867185031375,0.44621328149686246,0.09546223625902406,0.015117561723039685,0.08034467453598437,1.2816901408450705,0.16501650165016502
11140,중구,2025-10,127778.62068965517,130000.0,1612.2593477154946,1536.0169491525426,145,68106.88,65000.0,912.2246786514654,900.900900900901,125,277,152,0.5487364620938628,0.5658051726876636,0.4341948273123364,-0.016988527462305836,0.0043450978320878075,-0.021333625294393643,-0.1049382716049383,-0.2152974504249292
11140,중구,2025-11,92617.64705882352,87400.0,1464.8425243575314,1438.4100872683734,34,69195.18644067796,68000.0,885.4051699832489,894.0790262497468,118,288,170,0.5902777777777778,0.6044371017775995,0.39556289822240054,-0.09143493171048866,-0.029400113037791886,-0.06203481867269678,-0.7655172413793103,0.03971119133573997
11140,중구,2025-12,105549.35897435897,115000.0,1524.5940284302187,1472.7847037530532,78,68012.02531645569,68000.0,923.0932951988332,918.42187658169,158,353,195,0.5524079320113314,0.6054682610486714,0.39453173895132865,0.04079039424315867,0.04256596470551144,-0.0017755704623527713,1.2941176470588234,0.22569444444444442
11140,중구,2026-01,121356.32911392405,134500.0,1760.27699655813,1693.3600266933602,79,64050.836257309944,66000.0,917.0635964130867,882.6678904696344,171,408,237,0.5808823529411765,0.520976867962384,0.47902313203761604,0.15458736144374097,-0.0065320578289410625,0.16111941927268203,0.012820512820512775,0.15580736543909346
11140,중구,2026-02,117322.65625,118500.0,1672.5915039523145,1635.3776577445415,64,62580.259541984735,65000.0,908.4362104037142,860.0377002827522,131,311,180,0.5787781350482315,0.5431309487445619,0.4568690512554381,-0.049813462754593085,-0.009407620194626376,-0.04040584255996671,-0.189873417721519,-0.23774509803921573
11140,중구,2026-03,118906.02040816327,118750.0,1637.6303913992267,1584.9182515849184,98,64909.230158730155,65000.0,926.7540665214976,901.0525934739985,126,286,160,0.5594405594405595,0.5659116192449622,0.43408838075503775,-0.020902361676760295,0.020164163325945506,-0.0410665250027058,0.53125,-0.08038585209003213
11140,중구,2026-04,107164.0,107500.0,1649.5795038307533,1597.6032399025728,80,63475.94520547945,62000.0,943.6753907489297,917.8522257916475,73,179,106,0.5921787709497207,0.572070269154939,0.42792973084506103,0.0072965868820478175,0.018258699733517236,-0.010962112851469419,-0.18367346938775508,-0.37412587412587417
11170,용산구,2023-05,189051.02040816325,180000.0,2088.7516965534473,2118.64406779661,49,69245.84955752212,58400.0,780.7316748846223,741.7426589292727,339,552,213,0.3858695652173913,0.37377907396693993,0.62622092603306,,,,,
11170,용산구,2023-06,204423.115942029,167400.0,2182.3658428491635,2158.5279547062987,69,68762.81927710843,57000.0,794.3326732918786,790.3300790330078,332,627,295,0.4704944178628389,0.3639777793877338,0.6360222206122662,0.04481822633594246,0.017420835921978295,0.027397390413964162,0.40816326530612246,0.13586956521739135
11170,용산구,2023-07,225175.4716981132,200000.0,2284.52661872034,2026.7919276270009,53,70621.20833333333,60000.0,780.9566858902515,750.1534091315104,336,564,228,0.40425531914893614,0.34184617482272905,0.658153825177271,0.04681193861511401,-0.016839276352808463,0.06365121496792248,-0.23188405797101452,-0.1004784688995215
11170,용산구,2023-08,248798.12307692308,198000.0,2148.066488219814,2092.3573893253065,65,78247.7593220339,61000.0,835.3226398612178,765.7869934024505,295,491,196,0.39918533604887985,0.38887187358594383,0.6111281264140562,-0.05973234427750429,0.06961455731567479,-0.12934690159317908,0.2264150943396226,-0.12943262411347523
11170,용산구,2023-09,196722.69696969696,162750.0,2051.5134863515054,2083.639245200722,66,72724.57342657342,60000.0,787.8329317512264,751.082568938778,286,490,204,0.4163265306122449,0.3840252267375246,0.6159747732624754,-0.04494879576484878,-0.05685193462238902,0.01190313885754024,0.01538461538461533,-0.0020366598778004397
11170,용산구,2023-10,226605.84375,191500.0,2202.5206416245255,2118.6642121789564,64,71100.46863468635,60000.0,794.4455478752268,789.2527287993283,271,456,185,0.4057017543859649,0.3606983439162064,0.6393016560837936,0.0736076834384245,0.00839342436384527,0.06521425907457923,-0.030303030303030276,-0.06938775510204087
11170,용산구,2023-11,194560.92682926828,175000.0,1770.725081464771,1720.3807776121116,41,70982.1825095057,64000.0,831.1517264828015,844.3093549476529,263,444,181,0.40765765765765766,0.4693849627945971,0.5306150372054028,-0.19604609010214435,0.04620351729045069,-0.24224960739259505,-0.359375,-0.02631578947368418
11170,용산구,2023-12,184409.48484848486,170000.0,1867.4450257751155,1712.1771217712178,33,74407.54889589906,65000.0,826.4703111348139,789.2527287993283,317,525,208,0.3961904761904762,0.4425674114780289,0.5574325885219711,0.05462166054051498,-0.005632443751032112,0.060254104291547095,-0.19512195121951215,0.18243243243243246
11170,용산구,2024-01,227194.3829787234,180000.0,2194.9083998434517,2179.9445105033687,47,78763.07580174928,63000.0,864.6306271500741,843.267277396604,343,536,193,0.36007462686567165,0.3939256085637754,0.6060743914362245,0.1753536888896725,0.04617263984094344,0.12918104904872907,0.4242424242424243,0.020952380952381056
11170,용산구,2024-02,243805.25806451612,196500.0,2181.8135766662467,2078.095220671553,62,72298.46181818182,61000.0,819.0829490366148,800.1882795951989,275,469,194,0.4136460554371002,0.3754138106923653,0.6245861893076348,-0.0059659998467994635,-0.05267877019761602,0.04671277035081656,0.31914893617021267,-0.125
11170,용산구,2024-03,229805.7111111111,189500.0,2223.691519611125,2137.646175303079,90,73826.65870307168,63000.0,835.9162832481352,820.3445447087777,293,519,226,0.43545279383429675,0.3759137793511569,0.6240862206488431,0.019194097695948154,0.02055144015794652,-0.0013573424619983676,0.4516129032258065,0.10660980810234544
11170,용산구,2024-04,261189.11392405065,169000.0,2208.4175915451856,2019.8619760983001,79,75245.49248120301,65000.0,857.1432994880255,851.6250610000766,266,674,408,0.6053412462908012,0.3881255532330276,0.6118744467669723,-0.006868726139051207,0.02539371066849916,-0.032262436807550365,-0.12222222222222223,0.2986512524084779
11170,용산구,2024-05,194753.679245283,179500.0,2111.3692957818907,2086.1756974002865,106,85741.57794676805,68000.0,916.9273257066975,906.8010075566751,263,604,341,0.5645695364238411,0.43428088470289955,0.5657191152971004,-0.043944721385502095,0.06974799459364744,-0.11369271597914954,0.3417721518987342,-0.10385756676557867
11170,용산구,2024-06,213945.9263803681,170000.0,2225.135567994116,2162.6460610629474,163,81336.82462686567,70000.0,898.9768372778526,892.6052417760486,268,556,288,0.5179856115107914,0.4040099175117899,0.5959900824882101,0.0538826970911761,-0.019576784250605717,0.07345948134178182,0.5377358490566038,-0.07947019867549665
11170,용산구,2024-07,230974.17714285714,174500.0,2282.463988972731,2160.6465446148773,175,81241.0142857143,69125.0,874.25323788071,839.4191752003741,210,381,171,0.44881889763779526,0.3830304627387288,0.6169695372612711,0.02576401267554873,-0.027501931498042698,0.05326594417359143,0.07361963190184051,-0.31474820143884896
11170,용산구,2024-08,228878.70967741936,173250.0,2266.18288565542,2174.1928708234673,124,80329.36981132075,70000.0,926.1897097674567,910.6529209621992,265,446,181,0.40582959641255606,0.4087003373073248,0.5912996626926752,-0.007133126040967164,0.05940666804122641,-0.06653979408219357,-0.2914285714285715,0.17060367454068248
11170,용산구,2024-09,301077.5862068966,269000.0,2612.0893201080557,2385.8429758792117,58,78846.51813471502,65000.0,898.7869000722343,883.6278759586529,193,367,174,0.47411444141689374,0.34408735304467064,0.6559126469553294,0.1526383579375561,-0.029586605644865815,0.1822249635824219,-0.532258064516129,-0.17713004484304928
11170,용산구,2024-10,264225.31944444444,194745.0,2450.985731394771,2422.8800606705613,72,86457.09489051095,68625.0,909.0446109067283,856.8673585725386,274,447,173,0.3870246085011186,0.3708893933011281,0.6291106066988719,-0.06167614080923556,0.011412839721706591,-0.07308898053094215,0.24137931034482762,0.21798365122615815
11170,용산구,2024-11,204517.5,180000.0,2288.9693135830794,2158.369537406774,80,82985.90833333334,60398.5,917.0306448506238,880.6166378494579,240,698,458,0.6561604584527221,0.40063037953756286,0.5993696204624371,-0.06610255446876623,0.008785084745103866,-0.0748876392138701,0.11111111111111116,0.5615212527964206
11170,용산구,2024-12,198891.6274509804,180000.0,2168.5401730268313,2002.002002002002,51,83226.15384615384,68000.0,924.3362096799365,872.7760993622021,247,674,427,0.6335311572700296,0.4262481374231381,0.5737518625768618,-0.05261282440162207,0.00796654383398776,-0.06057936823560983,-0.36250000000000004,-0.034383954154727836
11170,용산구,2025-01,227383.11842105264,170250.0,2343.3065409860815,2331.2456506610997,76,78872.18828451882,65000.0,906.4602504579835,880.4605485946495,239,430,191,0.4441860465116279,0.38682956523329554,0.6131704347667044,0.08059171332542703,-0.019339239374970174,0.0999309527003972,0.4901960784313726,-0.3620178041543026
11170,용산구,2025-02,248918.47272727272,194500.0,2465.753379221761,2438.3726367826844,165,77223.58620689655,64000.0,879.4082614826831,835.5890314228551,319,551,232,0.42105263157894735,0.3566489126176281,0.6433510873823719,0.052253871225978354,-0.029843546875478077,0.08209741810145643,1.1710526315789473,0.2813953488372094
11170,용산구,2025-03,233709.07692307694,198000.0,2375.1798658949597,2250.2099076406384,299,77366.45671641792,65000.0,880.5403350077872,839.6305625524769,335,567,232,0.4091710758377425,0.37072574909016526,0.6292742509098348,-0.03673259219273095,0.0012873128155466151,-0.038019905008277566,0.812121212121212,0.029038112522685955
11170,용산구,2025-04,207604.6511627907,168000.0,2315.87797830776,2122.4773834377174,43,77939.93674698795,66500.0,870.1782605710695,839.1612474850438,332,571,239,0.4185639229422067,0.3757444341721835,0.6242555658278165,-0.024967324975557204,-0.011767858921109098,-0.013199466054448106,-0.8561872909698997,0.007054673721340388
11170,용산구,2025-05,226478.17204301077,178500.0,2372.604384222354,2217.1985044778717,93,83726.42857142857,69000.0,940.1978430879437,888.0243572395129,329,578,249,0.43079584775086505,0.3962724883002791,0.6037275116997209,0.02449455733243977,0.08046579153899192,-0.055971234206552145,1.1627906976744184,0.012259194395796813
11170,용산구,2025-06,220771.30177514793,175000.0,2326.8304123127623,2123.327515997673,169,77856.85018726591,68000.0,883.6911277735015,839.6305625524769,267,589,322,0.5466893039049237,0.3797832120026114,0.6202167879973886,-0.019292711508916205,-0.060100877416240484,0.04080816590732428,0.8172043010752688,0.01903114186851207
11170,용산구,2025-07,214777.86842105264,174000.0,2325.8619849091883,2167.713831788482,152,82915.49655172414,68250.0,935.8857501633861,897.863032282034,290,553,263,0.4755877034358047,0.40238232373015337,0.5976176762698466,-0.0004162002518315333,0.059064327737895495,-0.05948052798972703,-0.10059171597633132,-0.06112054329371819
11170,용산구,2025-08,151266.9420289855,83250.0,2054.8328143669364,1844.3609090826549,138,80580.63063063064,65887.5,918.5031047822899,876.8218401836236,222,438,216,0.4931506849315068,0.4469965139549648,0.5530034860450352,-0.1165284837624766,-0.018573469441180768,-0.09795501432129583,-0.09210526315789469,-0.20795660036166363
11170,용산구,2025-09,180817.6923076923,170000.0,2395.515582132488,2175.9410912746703,130,78821.1155378486,67700.0,904.8906157519375,863.1528046421663,251,593,342,0.5767284991568297,0.3777435732421343,0.6222564267578656,0.16579585715371725,-0.014820297241759373,0.18061615439547662,-0.05797101449275366,0.3538812785388128
11170,용산구,2025-10,214138.24193548388,193000.0,2492.7292208429703,2155.1240318778764,124,81738.75799086758,71000.0,939.9662531023565,893.4707903780069,219,434,215,0.49539170506912444,0.377083176641419,0.622916823358581,0.040581509648934366,0.038762295397739566,0.0018192142511948006,-0.0461538461538461,-0.2681281618887015
11170,용산구,2025-11,203874.60869565216,171000.0,2372.9446127080787,2085.54259455638,115,89439.0,75000.0,981.6618248830764,931.391385937111,228,444,216,0.4864864864864865,0.41368931226876515,0.5863106877312348,-0.048053598093732774,0.04435858377160207,-0.09241218186533484,-0.07258064516129037,0.02304147465437789
11170,용산구,2025-12,194860.31746031746,173000.0,2311.4495814354896,2317.4375522887535,63,88816.2169117647,72960.0,968.7438810924847,942.4860064916982,272,563,291,0.5168738898756661,0.41910664583514795,0.580893354164852,-0.02591507232965251,-0.013159260616180446,-0.012755811713472065,-0.4521739130434783,0.26801801801801806
11170,용산구,2026-01,238800.9090909091,197000.0,2482.198298844022,2297.545212309551,88,88206.7171314741,69300.0,964.5322289824331,950.3167722574192,251,514,263,0.5116731517509727,0.3885798444997819,0.6114201555002181,0.07387083792781302,-0.004347539315863291,0.07821837724367631,0.39682539682539675,-0.08703374777975137
11170,용산구,2026-02,236073.63636363635,210000.0,2557.2825121202955,2391.329280880835,99,95582.49145299145,70000.0,994.1139345521779,924.5693309999133,234,456,222,0.4868421052631579,0.3887384087759383,0.6112615912240618,0.03024907933876242,0.030669483798330788,-0.0004204044595683687,0.125,-0.11284046692607008
11170,용산구,2026-03,243613.75,220500.0,2533.649760539413,2454.534458881597,72,81167.48898678414,68250.0,957.5927072944824,992.063492063492,227,540,313,0.5796296296296296,0.37794991328659855,0.6220500867134015,-0.00924135345581667,-0.036737466389249795,0.027496112933433126,-0.2727272727272727,0.18421052631578938
11170,용산구,2026-04,211928.33333333334,195000.0,2340.432586458861,2284.7691967511796,60,85699.125,70700.0,982.6125410838237,987.0821549743629,160,460,300,0.6521739130434783,0.41984227478670666,0.5801577252132933,-0.07626041179401855,0.026127844958250268,-0.10238825675226881,-0.16666666666666663,-0.14814814814814814
11200,성동구,2023-05,123403.45911949685,120000.0,1618.8201064100535,1551.0340226817877,159,63358.74566473989,60000.0,799.1384788768612,772.1814543028686,519,866,347,0.4006928406466513,0.49365490069743195,0.506345099302568,,,,,
11200,성동구,2023-06,133293.5393258427,129000.0,1680.493415480535,1654.7653760829187,178,57878.18620689655,55000.0,758.5162695424006,725.4836557705137,580,918,338,0.3681917211328976,0.451365213665835,0.548634786334165,0.03809769153859244,-0.05083250326220379,0.08893019480079623,0.11949685534591192,0.06004618937644346
11200,성동구,2023-07,127122.70531400967,115800.0,1704.3367794149246,1634.9683016349684,207,59882.7037037037,57000.0,781.5383966186821,729.7551789077213,567,917,350,0.3816793893129771,0.45855866402588197,0.541441335974118,0.01418831142969501,0.03035152705448274,-0.01616321562478773,0.1629213483146068,-0.0010893246187363426
11200,성동구,2023-08,150229.89417989418,125000.0,1795.8204571338254,1730.2985805188448,189,64388.93894736842,59000.0,828.356757947744,783.725195931299,475,779,304,0.3902439024390244,0.46126925142050235,0.5387307485794977,0.053676995546799056,0.05990538856647487,-0.006228393019675815,-0.08695652173913049,-0.15049073064340235
11200,성동구,2023-09,138041.90751445087,133000.0,1766.340812421274,1800.3000500083347,173,63115.65502183406,59000.0,831.6640270239848,788.7065121936612,458,746,288,0.38605898123324395,0.4708400673163136,0.5291599326836864,-0.01641569712353186,0.003992566058656388,-0.020408263182188247,-0.08465608465608465,-0.042362002567394086
11200,성동구,2023-10,133070.5,129250.0,1662.7903481528647,1651.32069709907,100,65054.93560606061,60000.0,850.6849900202801,800.6595441382352,528,856,328,0.38317757009345793,0.5116008707683901,0.4883991292316099,-0.058624283343407524,0.022870969980942624,-0.08149525332435015,-0.4219653179190751,0.14745308310991967
11200,성동구,2023-11,151402.97619047618,133500.0,1782.8409805395456,1702.5111488915816,84,65976.3228962818,60000.0,845.159840643091,828.8928359976317,511,808,297,0.36757425742574257,0.47405228501496427,0.5259477149850358,0.07219829759057772,-0.006494941655262321,0.07869323924584004,-0.16000000000000003,-0.05607476635514019
11200,성동구,2023-12,123106.02409638555,120000.0,1651.9481827399493,1520.545038779792,83,69736.94368932038,65100.0,890.1304808916774,858.657216233305,515,831,316,0.3802647412755716,0.538836805047536,0.46116319495246405,-0.07341810022786432,0.05320962744084934,-0.12662772766871366,-0.011904761904761862,0.02846534653465338
11200,성동구,2024-01,144214.63414634147,118500.0,1769.8475302978084,1651.6516516516517,123,67682.53492647059,64000.0,879.1223941329908,848.5963482182499,544,931,387,0.41568206229860366,0.4967221068953114,0.5032778931046886,0.07136988241502173,-0.012366823735391441,0.08373670615041318,0.4819277108433735,0.12033694344163659
11200,성동구,2024-02,140416.66666666666,135000.0,1801.694298819001,1692.411842697517,120,71603.95353535353,65000.0,913.8162608681258,867.244829886591,495,799,304,0.3804755944931164,0.5071982863392122,0.49280171366078784,0.017994074617169842,0.03946420540151396,-0.02147013078434412,-0.024390243902439046,-0.1417830290010741
11200,성동구,2024-03,133195.5128205128,125000.0,1790.981078723187,1725.533796508373,234,66684.28625235405,64000.0,884.4467749229575,857.3388203017832,531,906,375,0.4139072847682119,0.4938336788870437,0.5061663211129563,-0.005946191927696298,-0.03213937768766262,0.02619318575996632,0.95,0.1339173967459324
11200,성동구,2024-04,131949.58158995816,126500.0,1812.216201962983,1818.0748411390914,239,68139.43083900226,65000.0,912.0916405112487,871.0217755443886,441,740,299,0.40405405405405403,0.5033017801757185,0.49669821982428153,0.011856698818356382,0.03125667521451381,-0.019399976396157426,0.02136752136752129,-0.1832229580573952
11200,성동구,2024-05,142377.09030100334,130000.0,1821.8078933742718,1750.1508750754376,299,68028.5976744186,65000.0,900.2323146781316,871.5529223994105,430,715,285,0.3986013986013986,0.4941422846789632,0.5058577153210368,0.005292796411873635,-0.013002340232467935,0.01829513664434157,0.2510460251046025,-0.03378378378378377
11200,성동구,2024-06,137364.68812877263,130000.0,1835.888848861288,1794.9623352165727,497,70778.43496801706,69000.0,942.3978774678917,917.2781854569713,469,731,262,0.35841313269493846,0.5133196805745702,0.4866803194254298,0.007729111032083624,0.04683853501174973,-0.0391094239796661,0.6622073578595318,0.02237762237762242
11200,성동구,2024-07,146956.4516129032,136000.0,1863.2435470880089,1802.149262713739,434,70995.16859122402,67000.0,937.1459002533694,917.2781854569713,433,712,279,0.39185393258426965,0.5029647904687492,0.4970352095312508,0.014899975150286293,-0.005572993467083953,0.020472968617370246,-0.12676056338028174,-0.025991792065663488
11200,성동구,2024-08,144259.74921630093,133500.0,1814.774233928363,1751.8686599038974,319,69241.63913043478,66000.0,900.0359784714824,867.8898388275111,460,717,257,0.3584379358437936,0.49594928208960387,0.5040507179103961,-0.026013407230309094,-0.03959887331508771,0.013585466084778619,-0.26497695852534564,0.0070224719101124045
11200,성동구,2024-09,156115.74803149607,142700.0,1997.4795990450382,1945.250053052274,127,72793.0655737705,66000.0,955.6609232197162,917.4312181872779,366,629,263,0.41812400635930047,0.4784333835882989,0.5215666164117011,0.10067663608005994,0.06180302352212719,0.03887361255793276,-0.6018808777429467,-0.12273361227336121
11200,성동구,2024-10,147105.1724137931,138850.0,1907.5776066624844,1817.8785857238158,174,71116.22975929978,66000.0,947.3064174946035,896.8609865470853,457,750,293,0.39066666666666666,0.4966017708459157,0.5033982291540843,-0.04500771493512845,-0.00874212340603564,-0.03626559152909281,0.3700787401574803,0.19236883942766303
11200,성동구,2024-11,152632.70440251572,140800.0,1912.1714483417927,1778.9820923656928,159,71058.7399463807,65000.0,925.1989044192242,883.4805800966827,373,694,321,0.46253602305475505,0.4838472539800462,0.5161527460199538,0.0024082069653490468,-0.023337235626301744,0.02574544259165079,-0.08620689655172409,-0.07466666666666666
11200,성동구,2024-12,139698.39743589744,134500.0,1848.8361008554716,1760.2991517849614,156,66836.21052631579,65000.0,878.6606641763298,847.1584892340276,475,825,350,0.42424242424242425,0.47525070706363115,0.5247492929363688,-0.03312221168308138,-0.05030079480272176,0.017178583119640378,-0.018867924528301883,0.1887608069164266
11200,성동구,2025-01,138384.86486486485,135000.0,1929.3956605249518,1865.1871089599813,185,69188.97840172786,63000.0,930.7189356400598,892.2558922558923,463,807,344,0.42627013630731103,0.48238884054856274,0.5176111594514372,0.043573121290851446,0.0592472994253479,-0.015674178134496453,0.1858974358974359,-0.021818181818181848
11200,성동구,2025-02,153050.25252525252,138900.0,1979.675720207809,1924.9204343875642,396,69716.05391304348,64050.0,900.6028362727554,840.3954802259888,575,983,408,0.4150559511698881,0.45492442377290865,0.5450755762270914,0.026060004545245485,-0.03235788830985098,0.058417892855096465,1.1405405405405404,0.2180916976456011
11200,성동구,2025-03,152052.0,142000.0,2008.0459718064826,1941.4048711613132,675,70834.5982404692,66000.0,934.8283115200489,882.3492469269795,682,1055,373,0.35355450236966823,0.4655412897141278,0.5344587102858722,0.014330756956344004,0.03800285083371424,-0.023672093877370237,0.7045454545454546,0.07324516785350976
11200,성동구,2025-04,156216.05744125327,155000.0,2014.8814002607223,2017.0028338056343,383,67507.91666666667,64000.0,904.957109049771,861.4305900818078,552,934,382,0.4089935760171306,0.44913666329575086,0.5508633367042491,0.0034040199030356266,-0.031953677592098995,0.03535769749513462,-0.43259259259259264,-0.11469194312796205
11200,성동구,2025-05,157764.4863945578,147600.0,2020.2106700859892,1981.1636065845155,588,68080.64726631393,65000.0,916.1373829507926,882.0065944418276,567,966,399,0.41304347826086957,0.45348606287273874,0.5465139371272613,0.002644954598606697,0.012354479333016366,-0.009709524734409669,0.5352480417754568,0.03426124197002145
11200,성동구,2025-06,175607.7505827506,155500.0,2107.8059193589356,1977.0520809844893,858,71466.92628205128,68250.0,936.85555157993,875.4377188594298,624,1014,390,0.38461538461538464,0.44446955147790057,0.5555304485220994,0.04335946273821922,0.022614696239559695,0.020744766498659528,0.4591836734693877,0.049689440993788914
11200,성동구,2025-07,148940.9090909091,135000.0,1895.633547455027,1721.2921480782836,121,69073.51130434782,63000.0,904.2795955391268,867.1484157865482,575,1091,516,0.47296058661778184,0.47703291427457734,0.5229670857254227,-0.10066029796919751,-0.03477158883871312,-0.06588870913048439,-0.858974358974359,0.07593688362919138
11200,성동구,2025-08,158025.32188841203,145000.0,2044.6776241669033,1938.9896037153164,233,69857.4609800363,65000.0,941.2325954665403,913.2420091324202,551,948,397,0.41877637130801687,0.46033300523354737,0.5396669947664526,0.07862494146718113,0.04086457342364591,0.03776036804353522,0.9256198347107438,-0.13107241063244734
11200,성동구,2025-09,169502.7394247039,158500.0,2150.996209561065,2047.5405977877147,591,71122.99625468165,68000.0,950.0523632973848,941.5237269298127,534,935,401,0.4288770053475936,0.4416801661827445,0.5583198338172555,0.051997725283212226,0.009370444535521827,0.0426272807476904,1.536480686695279,-0.01371308016877637
11200,성동구,2025-10,172468.79336734695,158750.0,2296.538197166865,2118.7854521187855,392,69319.00212314224,67000.0,926.5429470345176,895.9094659908052,471,792,321,0.4053030303030303,0.4034520079733713,0.5965479920266288,0.06766259603753522,-0.02474539001331677,0.09240798605085199,-0.33671742808798644,-0.15294117647058825
11200,성동구,2025-11,161780.88235294117,150000.0,2198.552112440159,1998.3329721009513,68,73052.57531760435,68250.0,957.378256162406,914.572864321608,551,921,370,0.4017372421281216,0.43545852324592754,0.5645414767540724,-0.04266686478264847,0.033279956667502164,-0.07594682145015064,-0.826530612244898,0.16287878787878785
11200,성동구,2025-12,134477.0890410959,137500.0,2067.739067512043,1758.3341313669785,146,76286.52653061225,74500.0,1010.2823699278952,997.7484989993329,490,889,399,0.44881889763779526,0.48859277546247304,0.511407224537527,-0.059499633503309224,0.05525936423243216,-0.11475899773574139,1.1470588235294117,-0.034744842562432154
11200,성동구,2026-01,177181.4814814815,165500.0,2324.0598335372715,2168.835502168836,135,76742.58196721312,73000.0,1005.6297495167336,969.0915815413807,610,1119,509,0.4548704200178731,0.4327038981548691,0.5672961018451309,0.12396185285295203,-0.004605267348665731,0.12856712020161776,-0.07534246575342463,0.25871766029246346
11200,성동구,2026-02,170542.25,163500.0,2279.9801783158323,2167.7505419376357,120,76491.101010101,73000.0,1011.1046271385552,931.0903636236736,396,735,339,0.46122448979591835,0.44347079713887444,0.5565292028611255,-0.018966661092519765,0.005444227981971084,-0.02441088907449085,-0.11111111111111116,-0.34316353887399464
11200,성동구,2026-03,167657.5892857143,166500.0,2195.886391919007,2192.6252962376147,112,78446.17002237137,72450.0,1010.5589541587977,967.2092474640245,447,779,332,0.42618741976893454,0.46020548143005713,0.5397945185699429,-0.03688356030311779,-0.0005396800342034602,-0.03634388026891433,-0.06666666666666665,0.05986394557823127
11200,성동구,2026-04,168874.30555555556,163750.0,2277.999064042249,2153.40822688789,144,72278.625,70000.0,976.61365915663,932.1216499490789,352,607,255,0.4200988467874794,0.4287155664689585,0.5712844335310415,0.037393861734113854,-0.03359061325662516,0.07098447499073901,0.2857142857142858,-0.22079589216944806
11215,광진구,2023-05,107571.23287671233,114000.0,1476.004579919722,1531.898390537134,73,57533.21863799283,53000.0,753.0444636050374,731.8224740321058,279,401,122,0.30423940149625933,0.5101911429339837,0.4898088570660163,,,,,
11215,광진구,2023-06,117183.58208955223,102900.0,1480.0665936501605,1484.5704753961634,67,65255.86642599278,60500.0,808.7726542723253,769.7456492637216,277,471,194,0.4118895966029724,0.5464434220339499,0.4535565779660501,0.0027520332834329864,0.07400385151296551,-0.07125181822953253,-0.0821917808219178,0.1745635910224439
11215,광진구,2023-07,121374.26470588235,115500.0,1492.0870766504627,1536.050572583524,68,61649.82638888889,58750.0,809.8043906573965,774.1781800857552,288,472,184,0.3898305084745763,0.5427326617393536,0.45726733826064636,0.00812158253680817,0.0012756815894072737,0.006845900947400896,0.014925373134328401,0.002123142250530785
11215,광진구,2023-08,116172.61904761905,116400.0,1512.772440365292,1532.6567877578364,84,63716.882575757576,60000.0,835.9937017583579,822.079662305709,264,411,147,0.35766423357664234,0.5526235668045942,0.44737643319540576,0.013863375696052005,0.032340292795524306,-0.0184769170994723,0.23529411764705888,-0.1292372881355932
11215,광진구,2023-09,121817.08860759494,115000.0,1531.107776001335,1647.6403436507003,79,57391.036697247706,55000.0,789.117485392784,780.8951169293714,218,340,122,0.3588235294117647,0.5153899011953657,0.48461009880463435,0.012120352768732134,-0.056072451583042415,0.06819280435177455,-0.059523809523809534,-0.17274939172749393
11215,광진구,2023-10,144076.7441860465,134000.0,1434.6487935680664,1479.8507919036263,43,65782.95348837209,62000.0,841.7600999716328,817.1093030231716,258,438,180,0.410958904109589,0.5867360037839783,0.4132639962160217,-0.06299947263358718,0.06671074403153776,-0.12971021666512494,-0.45569620253164556,0.28823529411764715
11215,광진구,2023-11,130480.55555555556,117500.0,1501.7550271375844,1472.2226668582232,36,63775.704280155645,61290.0,804.1422583123104,800.847956659993,257,403,146,0.36228287841191065,0.5354683312397784,0.46453166876022156,0.0467753737851202,-0.04468950436186048,0.09146487814698068,-0.16279069767441856,-0.07990867579908678
11215,광진구,2023-12,108055.6603773585,104000.0,1462.598219514582,1505.9368664929048,53,64637.8629032258,62000.0,832.0271505364158,823.8686546509048,248,409,161,0.39364303178484106,0.5688692488717476,0.4311307511282524,-0.02607403132695818,0.03467656616209758,-0.06075059748905576,0.4722222222222223,0.014888337468982549
11215,광진구,2024-01,128421.47457627118,119500.0,1406.4428296699075,1504.9448186899815,59,64246.93227091633,62000.0,814.9277884805293,793.8010173902757,251,398,147,0.3693467336683417,0.5794247524954804,0.4205752475045196,-0.038394269250041746,-0.020551447203210005,-0.01784282204683174,0.1132075471698113,-0.02689486552567233
11215,광진구,2024-02,123722.72727272728,115200.0,1463.8205176027589,1446.930503671183,66,65870.93103448275,63000.0,828.0902577033105,823.8686546509048,232,366,134,0.366120218579235,0.5657047757872948,0.43429522421270517,0.040796317292411954,0.016151700075565323,0.02464461721684663,0.11864406779661008,-0.08040201005025127
11215,광진구,2024-03,118516.39344262295,110500.0,1516.3345667203375,1538.826233569786,122,68131.23481781376,63000.0,818.3171565192152,800.0941287210261,247,376,129,0.34308510638297873,0.5396679429983212,0.4603320570016788,0.035874650263530095,-0.011801975802976705,0.0476766260665068,0.8484848484848484,0.02732240437158473
11215,광진구,2024-04,126510.625,119750.0,1570.4651535573885,1584.571579438394,80,69566.09375,63500.0,842.8531597167624,825.0528875069202,192,313,121,0.3865814696485623,0.536690137827985,0.463309862172015,0.03569831356817876,0.02998348867804901,0.005714824890129755,-0.34426229508196726,-0.16755319148936165
11215,광진구,2024-05,119316.36363636363,117850.0,1519.5302575595322,1578.2345028526706,110,62790.985,60000.0,831.5004082050478,823.8201718253501,200,325,125,0.38461538461538464,0.5472088522544417,0.4527911477455583,-0.03243299979148184,-0.013469429853629089,-0.018963569937852753,0.375,0.03833865814696491
11215,광진구,2024-06,111443.82978723405,115000.0,1561.350264745636,1576.6088576752186,235,66779.5076923077,63000.0,851.8622644614929,849.8583569405099,195,319,124,0.3887147335423197,0.5455933134902771,0.45440668650972293,0.027521667948402273,0.024488089308819516,0.003033578639582757,1.1363636363636362,-0.018461538461538418
11215,광진구,2024-07,129946.9512195122,126250.0,1622.809689318261,1644.5297219233598,246,68146.15789473684,63450.0,864.2247222754285,837.9420144126026,190,324,134,0.41358024691358025,0.5325484115383163,0.46745158846168366,0.03936299622214334,0.014512273086483729,0.024850723135659614,0.04680851063829783,0.01567398119122254
11215,광진구,2024-08,134065.11627906977,138500.0,1689.1244292562062,1736.709532016439,129,71543.67475728155,65000.0,892.3801271354962,870.546764389934,206,339,133,0.39233038348082594,0.5283092895225305,0.47169071047746947,0.040864150845564495,0.03257880055309803,0.008285350292466465,-0.47560975609756095,0.04629629629629628
11215,광진구,2024-09,113209.74324324324,111750.0,1545.0738722906485,1569.123881300047,74,69580.4129032258,65000.0,866.8282904130856,870.6906694905283,155,292,137,0.4691780821917808,0.5610270848266755,0.4389729151733245,-0.08528119922402,-0.028633354716706805,-0.056647844507313194,-0.4263565891472868,-0.13864306784660763
11215,광진구,2024-10,127340.02739726027,125000.0,1524.2114981334962,1566.5488810365134,73,68947.53023255814,62500.0,839.4302006507735,835.8408559010364,215,355,140,0.39436619718309857,0.5507307887906072,0.4492692112093928,-0.013502509188264789,-0.031607286085754804,0.018104776897490016,-0.013513513513513487,0.21575342465753433
11215,광진구,2024-11,137758.0,131000.0,1670.0576640481754,1687.0273414776032,75,65222.40291262136,63000.0,861.6305509369769,867.6501927210734,206,352,146,0.4147727272727273,0.5159286229964104,0.4840713770035896,0.0956863047505403,0.026446928248462287,0.06923937650207801,0.027397260273972712,-0.008450704225352101
11215,광진구,2024-12,119923.73333333334,120000.0,1604.256755699682,1602.6396417629037,75,65093.80357142857,60750.0,843.7152556852789,838.8567982711317,224,466,242,0.51931330472103,0.525922831671231,0.474077168328769,-0.03940038105570187,-0.0207923166515116,-0.018608064404190272,0.0,0.32386363636363646
11215,광진구,2025-01,132030.94791666666,128250.0,1623.9716589440156,1648.6104569006122,96,63125.58767772512,60000.0,837.0946929385213,812.1019108280256,211,427,216,0.5058548009367682,0.5154613926469878,0.48453860735301224,0.012289119665097159,-0.00784691600886156,0.02013603567395872,0.28,-0.08369098712446355
11215,광진구,2025-02,135276.82926829267,129500.0,1650.2170657786812,1723.9343488015115,164,62876.28515625,60000.0,824.3899510904574,805.0478633317273,256,465,209,0.44946236559139785,0.49956455316468074,0.5004354468353193,0.016161246835878718,-0.015177185992501507,0.031338432828380225,0.7083333333333333,0.08899297423887598
11215,광진구,2025-03,145395.67567567568,143000.0,1747.1131821145736,1765.121204989409,259,66773.2723880597,60350.0,832.043862163464,806.6057303014596,268,518,250,0.4826254826254826,0.4762392446472306,0.5237607553527694,0.05871719444991341,0.009284333297467251,0.04943286115244616,0.5792682926829269,0.11397849462365595
11215,광진구,2025-04,134567.82857142857,127000.0,1661.3578462214136,1674.9015995310276,175,67806.24745762712,64000.0,859.05760176613,822.4891558224892,295,506,211,0.41699604743083,0.5170816171362284,0.48291838286377164,-0.049084018580506705,0.03246672541087592,-0.08155074399138262,-0.32432432432432434,-0.02316602316602312
11215,광진구,2025-05,146906.6535433071,139125.0,1730.637403719333,1748.3712495803547,254,67692.14285714286,63000.0,869.9919905246882,831.316565533593,252,409,157,0.38386308068459657,0.502700328014972,0.497299671985028,0.04170056297954616,0.012728353414344085,0.02897220956520208,0.4514285714285715,-0.191699604743083
11215,광진구,2025-06,147907.3033707865,139750.0,1772.6179457085193,1765.8485452625991,356,73486.92783505155,69000.0,893.1215910170666,872.6003490401396,291,425,134,0.31529411764705884,0.5038432523936137,0.4961567476063863,0.024257271857736074,0.026585992450837592,-0.0023287205931015187,0.40157480314960625,0.03911980440097795
11215,광진구,2025-07,137132.92682926828,134250.0,1740.1053802052982,1772.579815701497,82,71777.74893617022,65000.0,873.3712397661532,839.7715821296607,235,397,162,0.4080604534005038,0.5019070969501356,0.4980929030498644,-0.018341552719768783,-0.02211384367992064,0.0037722909601518584,-0.7696629213483146,-0.0658823529411765
11215,광진구,2025-08,137441.03773584907,136500.0,1776.0012977300914,1765.5093479081795,106,69003.89690721649,62300.0,859.6173877059152,834.4459511448607,194,311,117,0.3762057877813505,0.48401844570980485,0.5159815542901951,0.020628588321793595,-0.015748002033958097,0.03637659035575169,0.29268292682926833,-0.21662468513853905
11215,광진구,2025-09,148376.96078431373,145000.0,1896.4037753995824,1930.8181905626802,306,69554.11666666667,64000.0,866.0533529612657,859.2279790724024,240,423,183,0.4326241134751773,0.45668193883382435,0.5433180611661756,0.06779413833952574,0.007487011486035922,0.06030712685348982,1.8867924528301887,0.360128617363344
11215,광진구,2025-10,152147.5,158500.0,1897.571215556613,1917.335614544889,260,74500.36150234741,70000.0,904.5257184316349,898.5507246376811,213,376,163,0.43351063829787234,0.4766755055178844,0.5233244944821156,0.0006156073786471872,0.04442262747303283,-0.04380702009438564,-0.15032679738562094,-0.11111111111111116
11215,광진구,2025-11,115657.65789473684,105000.0,1636.5191861406977,1519.5613763415558,38,72947.83208955223,68625.0,913.8357267876333,879.8391151332328,268,517,249,0.4816247582205029,0.5584020856747032,0.4415979143252968,-0.1375716638594463,0.010292696123821887,-0.1478643599832682,-0.8538461538461538,0.375
11215,광진구,2025-12,140544.14705882352,159500.0,1879.7314069166343,1959.660978775994,68,75643.77777777778,70000.0,915.1951960805496,914.5748200038918,243,464,221,0.47629310344827586,0.48687551461501877,0.5131244853849812,0.14861556334667192,0.0014876517223672003,0.14712791162430472,0.7894736842105263,-0.10251450676982587
11215,광진구,2026-01,138812.35294117648,149000.0,1828.61294622303,1964.9293181608855,68,73373.13617021276,68250.0,931.2645527648917,890.7892392659896,235,445,210,0.47191011235955055,0.5092737392505087,0.4907262607494913,-0.02719455583149255,0.017558392737594408,-0.04475294856908696,0.0,-0.04094827586206895
11215,광진구,2026-02,140761.64556962025,148000.0,1868.840401212831,1837.790249807417,79,74414.01734104047,68250.0,902.738041022451,875.1458576429404,173,419,246,0.5871121718377088,0.4830471561063194,0.5169528438936806,0.021998889963505075,-0.03063201714029229,0.052630907103797364,0.16176470588235303,-0.05842696629213484
11215,광진구,2026-03,129663.33333333333,129000.0,1805.6643224458596,1952.9161354663815,60,77438.52071005917,70000.0,926.2695968177611,924.1620448517001,169,421,252,0.5985748218527316,0.5129799516463194,0.4870200483536806,-0.03380496201065197,0.02606687070443825,-0.05987183271509022,-0.240506329113924,0.004773269689737569
11215,광진구,2026-04,139903.4090909091,145500.0,1851.6218468705629,1812.0286882263977,88,77664.69677419355,70000.0,939.5692156290245,938.4950561421149,155,279,124,0.4444444444444444,0.5074304006603703,0.49256959933962974,0.02545186491941731,0.014358259039220167,0.011093605880197144,0.46666666666666656,-0.33729216152019004
11230,동대문구,2023-05,77055.15337423312,77500.0,1102.2138981906523,1076.2331838565024,163,44460.79907621247,46000.0,630.7892803442282,640.9529211571186,433,661,228,0.34493192133131617,0.5722929835848606,0.4277070164151394,,,,,
11230,동대문구,2023-06,84161.57894736843,84000.0,1152.6387500352664,1089.3887645742552,190,46355.61038961039,46500.0,632.7865304306468,647.2872778627751,462,746,284,0.3806970509383378,0.5489894647488521,0.45101053525114787,0.045748698984280134,0.0031662714454003815,0.04258242753887975,0.16564417177914104,0.12859304084720113
11230,동대문구,2023-07,79022.1875,78250.0,1108.817444233477,1088.876781103773,160,45310.96016771488,46500.0,631.959006815217,618.3155080213903,477,758,281,0.370712401055409,0.5699396326255389,0.43006036737446107,-0.03801824795535336,-0.001307745306883601,-0.036710502648469756,-0.1578947368421053,0.01608579088471851
11230,동대문구,2023-08,80485.03401360544,79500.0,1125.0054587722423,1096.0518562168534,147,47707.922666666665,49300.0,660.0561306258554,667.8911337451996,375,653,278,0.42572741194486985,0.5867137136793965,0.4132862863206035,0.014599350526953492,0.04446035819986971,-0.029861007672916218,-0.08125000000000004,-0.13852242744063326
11230,동대문구,2023-09,81184.4696969697,80000.0,1160.6256640864742,1120.113152092545,132,46347.34195402299,45000.0,644.5291513567986,644.9695310335353,348,601,253,0.4209650582362729,0.5553290533723515,0.4446709466276485,0.031662251090857296,-0.02352372555699822,0.05518597664785552,-0.10204081632653061,-0.07963246554364467
11230,동대문구,2023-10,79037.09677419355,78800.0,1095.6119938260883,1058.9481115425344,93,47179.87283236994,46000.0,657.9983430750474,641.8799193084716,346,601,255,0.4242928452579035,0.6005760677894647,0.3994239322105353,-0.05601605433355461,0.020897723074115193,-0.0769137774076698,-0.2954545454545454,0.0
11230,동대문구,2023-11,54871.348314606745,45750.0,1153.8084332229375,1282.946609596756,89,50146.73699421965,50000.0,686.7977123878635,672.0386391490047,346,598,252,0.4214046822742475,0.59524414331886,0.40475585668114,0.053117745812197636,0.04376814868290846,0.009349597129289178,-0.043010752688172005,-0.004991680532445919
11230,동대문구,2023-12,67207.53424657535,72500.0,1120.9057140372452,1109.2592592592594,73,48486.86592178771,48800.0,716.3427266647585,703.9581202132855,358,675,317,0.4696296296296296,0.6390749174474777,0.3609250825525223,-0.02851662220372675,0.04301851002702484,-0.07153513223075159,-0.1797752808988764,0.1287625418060201
11230,동대문구,2024-01,72073.85321100918,72500.0,1116.8887430715984,1066.7349377026796,109,47709.62085308057,49000.0,707.918539583029,683.3981383292094,422,786,364,0.4631043256997455,0.6338308483942234,0.36616915160577657,-0.003583683190603648,-0.011759995276216406,0.008176312085612758,0.4931506849315068,0.1644444444444444
11230,동대문구,2024-02,69939.6875,70800.0,1114.7543555522996,1079.0107181871808,128,47215.69096209913,47000.0,699.5031893883911,651.7379679144385,343,646,303,0.46904024767801855,0.6274953633545802,0.3725046366454198,-0.0019110117570251273,-0.011887455581534256,0.00997644382450913,0.17431192660550465,-0.17811704834605602
11230,동대문구,2024-03,75425.86206896552,79000.0,1117.2292355468169,1100.5502751375689,203,48048.56892230576,49000.0,687.5654797844021,650.3251625812907,399,734,335,0.4564032697547684,0.6154202359803804,0.3845797640196196,0.0022201124240426306,-0.01706598309355345,0.01928609551759608,0.5859375,0.13622291021671828
11230,동대문구,2024-04,84070.66326530612,81000.0,1153.8837709826362,1103.327157504067,196,49310.620689655174,50000.0,686.2215053416971,682.5938566552901,319,548,229,0.41788321167883213,0.5947059163136661,0.4052940836863339,0.03280842844922427,-0.0019546857458964118,0.03476311419512068,-0.03448275862068961,-0.2534059945504087
11230,동대문구,2024-05,79418.65437788019,80000.0,1120.1923107064106,1105.3540587219345,217,47132.88217522659,48500.0,686.7373564877305,669.5681285570806,331,616,285,0.46266233766233766,0.6130530891206201,0.38694691087937994,-0.02919831366337211,0.0007517268724717141,-0.029950040535843825,0.1071428571428572,0.12408759124087587
11230,동대문구,2024-06,86256.81818181818,86500.0,1234.4748270101927,1178.8746452084365,330,50478.58017492711,50000.0,747.7339271033884,715.2252548503782,343,578,235,0.40657439446366783,0.6057101455153565,0.3942898544846435,0.10202044346449202,0.08882081342949011,0.013199630035001908,0.5207373271889402,-0.06168831168831168
11230,동대문구,2024-07,87628.37398373983,86000.0,1205.3992293762126,1151.1177494588687,369,48746.45336787565,50000.0,744.8610393481026,707.5476519367844,386,654,268,0.40978593272171254,0.6179372121662663,0.3820627878337337,-0.023553009747796172,-0.0038421257230026873,-0.019710884024793485,0.11818181818181817,0.13148788927335642
11230,동대문구,2024-08,84360.34602076125,82000.0,1198.8862489816886,1133.0965668865213,289,50946.142441860466,50000.0,732.2758031661391,712.7700794258549,344,612,268,0.43790849673202614,0.6107967322071801,0.3892032677928199,-0.00540317285410441,-0.016896086004146493,0.011492913150042083,-0.21680216802168017,-0.06422018348623848
11230,동대문구,2024-09,75149.17293233082,72500.0,1103.2190118910232,1094.2760942760942,133,52913.442028985504,53000.0,761.56728002087,765.5577789569122,276,484,208,0.4297520661157025,0.6903137743388511,0.3096862256611489,-0.07979675901022576,0.040000607323201764,-0.11979736633342752,-0.5397923875432526,-0.20915032679738566
11230,동대문구,2024-10,78854.11392405063,79500.0,1105.4951685729395,1054.6741786595067,158,50195.417073170735,50000.0,714.5952030192119,706.1315758503001,410,727,317,0.4360385144429161,0.6464028277406837,0.3535971722593163,0.002063195664127271,-0.0616781711004849,0.06374136676461217,0.18796992481203012,0.5020661157024793
11230,동대문구,2024-11,68224.2774566474,71000.0,1175.5339419525749,1144.7811447811448,173,50152.017964071856,50000.0,733.9128174009068,747.0042777537776,334,668,334,0.5,0.6243229490948339,0.3756770509051661,0.06335511485775824,0.02703294718475102,0.03632216767300722,0.09493670886075956,-0.08115543328748276
11230,동대문구,2024-12,72344.11764705883,75000.0,1130.0059399289632,1078.2465236860712,153,51046.94956140351,50000.0,760.1403026570316,764.9758738378251,456,950,494,0.52,0.6726869972956223,0.3273130027043777,-0.03872963629445625,0.03573651343085604,-0.07446614972531229,-0.11560693641618502,0.42215568862275443
11230,동대문구,2025-01,76602.17391304347,78000.0,1186.913420083934,1162.7906976744184,161,50101.2688172043,50000.0,742.1976591606096,752.0053475935829,465,1065,600,0.5633802816901409,0.6253174381566301,0.3746825618433699,0.05036033718419941,-0.023604383866641987,0.0739647210508414,0.05228758169934644,0.1210526315789473
11230,동대문구,2025-02,87660.38148148148,82650.0,1215.8072230680034,1119.4645523822398,270,49665.34621848739,50000.0,742.8047472797338,740.2837754472548,595,1147,552,0.4812554489973845,0.6109560242661815,0.38904397573381855,0.024343648403626794,0.0008179601641571388,0.023525688239469655,0.6770186335403727,0.0769953051643193
11230,동대문구,2025-03,88618.6460807601,85000.0,1243.642857551866,1175.249447532311,421,49270.13057324841,49000.0,705.35823086936,706.1315758503001,628,967,339,0.3505687693898656,0.5671710544439348,0.4328289455560652,0.02289477637221249,-0.05041232779880411,0.0733071041710166,0.5592592592592593,-0.15693112467306014
11230,동대문구,2025-04,75921.69811320755,77750.0,1295.896851130505,1316.3435828877004,318,49917.47983014862,50000.0,708.3457615499244,709.0522335145355,471,788,317,0.4022842639593909,0.5466065921311429,0.45339340786885707,0.042016880699577985,0.004235480001250291,0.037781400698327694,-0.2446555819477435,-0.18510858324715618
11230,동대문구,2025-05,90401.75342465754,86500.0,1241.0857380926955,1173.1044349070098,365,50711.973140495866,50000.0,712.001779465986,712.533243230665,484,1011,527,0.5212660731948566,0.5736926608794914,0.42630733912050855,-0.04229589182965743,0.005161346498441466,-0.047457238328098894,0.14779874213836486,0.28299492385786795
11230,동대문구,2025-06,95059.64746945899,90000.0,1306.4790827544764,1216.940073652494,573,50988.675619834714,52500.0,721.9254563321846,717.030487164048,484,988,504,0.5101214574898786,0.55257329861733,0.44742670138267004,0.052690432783699226,0.013937713573751953,0.03875271920994727,0.5698630136986302,-0.022749752720079175
11230,동대문구,2025-07,87379.70297029703,83500.0,1233.9211127524784,1161.5323800459878,202,49586.71714922049,50000.0,715.4689481542368,716.8079096045199,449,933,484,0.5187566988210075,0.5798336220686404,0.4201663779313596,-0.05553703152217526,-0.008943455479116458,-0.046593576043058804,-0.6474694589877836,-0.05566801619433204
11230,동대문구,2025-08,91989.9957081545,87000.0,1308.140510891299,1227.8582930756843,233,51591.13953488372,51400.0,731.006240466424,729.2525014714538,387,756,369,0.4880952380952381,0.5588132424462218,0.44118675755377823,0.06014922459123917,0.021716235697258668,0.0384329888939805,0.15346534653465338,-0.18971061093247588
11230,동대문구,2025-09,102401.08695652174,95750.0,1406.9662221867336,1321.528900987149,506,53317.41160220995,55000.0,735.2844438946712,732.4637736795419,362,667,305,0.4572713643178411,0.5226027692064122,0.47739723079358776,0.07554670960239562,0.00585248550753481,0.06969422409486081,1.1716738197424892,-0.11772486772486768
11230,동대문구,2025-10,101663.06972477064,93000.0,1325.9909988841193,1226.6355140186915,545,53268.114285714284,52500.0,720.3156120981514,709.4952347334981,385,666,281,0.4219219219219219,0.543228131038845,0.45677186896115496,-0.057553068457294576,-0.020357879077697483,-0.03719518937959709,0.07707509881422925,-0.0014992503748125774
11230,동대문구,2025-11,92538.02739726027,86500.0,1264.8981443363866,1205.617286436138,146,54392.761658031086,55000.0,761.997045276008,752.0053475935829,386,704,318,0.45170454545454547,0.6024177114085185,0.3975822885914815,-0.04607335539920332,0.05786551405771423,-0.10393886945691755,-0.7321100917431193,0.05705705705705699
11230,동대문구,2025-12,84558.02255639098,82650.0,1278.1485731194077,1279.5746396289144,266,53546.04213483146,55000.0,776.9915589862982,766.2844860505336,356,870,514,0.5908045977011495,0.6079039442887284,0.3920960557112716,0.010475490728127257,0.019677915817716718,-0.009202425089589461,0.821917808219178,0.23579545454545459
11230,동대문구,2026-01,97302.35570469798,92250.0,1309.088478520824,1212.2995701571335,298,57137.944444444445,59000.0,813.279636519507,819.0661624086651,396,882,486,0.5510204081632653,0.6212564313746421,0.37874356862535785,0.024206814490983275,0.046703309853908914,-0.02249649536292564,0.12030075187969924,0.01379310344827589
11230,동대문구,2026-02,100870.36099585063,97000.0,1357.954056098342,1237.8721980595517,241,55380.39333333333,56700.0,789.5527891301904,772.6256138423946,300,696,396,0.5689655172413793,0.5814282048677879,0.4185717951322121,0.037327941066850334,-0.0291742794530766,0.06650222051992694,-0.1912751677852349,-0.2108843537414966
11230,동대문구,2026-03,94695.7445887446,94700.0,1335.396217352347,1290.7500662602704,231,55514.6993006993,55000.0,787.6178214992152,759.0742840821424,286,639,353,0.5524256651017214,0.5898008480665036,0.41019915193349643,-0.016611636192470303,-0.0024507134388149776,-0.014160922753655325,-0.04149377593360992,-0.0818965517241379
11230,동대문구,2026-04,94900.21505376344,93000.0,1299.4831595489156,1213.1919905771495,279,54992.70085470085,55000.0,774.1257815261978,753.5012082230219,234,470,236,0.502127659574468,0.5957182098419167,0.4042817901580833,-0.026893185211079307,-0.0171301862460852,-0.009762998964994107,0.20779220779220786,-0.26447574334898283
11260,중랑구,2023-05,61576.470588235294,59725.0,910.9932338054127,838.4069710451886,68,34764.68085106383,34250.0,579.6378574756591,530.2415992274848,282,544,262,0.48161764705882354,0.6362702114201093,0.3637297885798907,,,,,
11260,중랑구,2023-06,54852.00763358779,55662.0,896.2374414094212,922.1715488510788,131,34020.5,33758.0,562.8888318310101,505.748715535161,278,459,181,0.39433551198257083,0.6280577063884011,0.3719422936115989,-0.016197477487679524,-0.028895672407581396,0.012698194919901873,0.9264705882352942,-0.15625
11260,중랑구,2023-07,58558.602150537634,56000.0,890.5954669671794,887.7086494688922,93,34648.027586206896,35000.0,568.4501914901073,530.0505205300313,290,480,190,0.3958333333333333,0.6382810294621183,0.3617189705378817,-0.006295178243579391,0.009880031978973136,-0.016175210222552527,-0.29007633587786263,0.045751633986928164
11260,중랑구,2023-08,63520.27027027027,62000.0,927.0605344746245,883.2829737896141,74,35049.52615384616,35000.0,557.3573727605326,512.0373697448797,325,511,186,0.3639921722113503,0.6012092544489483,0.39879074555105165,0.04094459141098339,-0.01951414371151239,0.06045873512249578,-0.20430107526881724,0.06458333333333344
11260,중랑구,2023-09,65113.46153846154,59500.0,890.3592106121548,847.6256667435543,104,36257.72666666667,35000.0,551.7641954567546,522.4081330236377,300,481,181,0.3762993762993763,0.6197096507570201,0.3802903492429799,-0.03958891841218204,-0.010035172363605072,-0.029553746048576968,0.4054054054054055,-0.05870841487279843
11260,중랑구,2023-10,61398.61111111111,60000.0,981.1404202694534,959.4927592004741,72,35725.2428115016,35000.0,575.4086359617481,531.6164092264981,313,609,296,0.4860426929392447,0.5864691985717212,0.4135308014282788,0.10196020726834876,0.042852437145582734,0.059107770122766023,-0.3076923076923077,0.2661122661122661
11260,중랑구,2023-11,51407.01754385965,57500.0,947.9924943371973,905.5501460564751,57,43328.23877917415,45020.0,584.1677204311309,595.3004208279852,557,782,225,0.2877237851662404,0.616215554364236,0.38378444563576397,-0.03378509869479507,0.015222372279384722,-0.04900747097417979,-0.20833333333333337,0.28407224958949095
11260,중랑구,2023-12,54243.220338983054,54500.0,832.2900083862008,818.074424099232,59,39662.805714285714,40000.0,559.6847908580604,542.49547920434,350,642,292,0.45482866043613707,0.672463666773174,0.32753633322682596,-0.12205000212780326,-0.04191078814659843,-0.08013921398120483,0.03508771929824572,-0.17902813299232734
11260,중랑구,2024-01,54078.04878048781,57500.0,858.4010911077586,852.8625617233213,82,38213.16806722689,36900.0,557.4110499826005,527.1084337349397,357,652,295,0.45245398773006135,0.649359670854177,0.350640329145823,0.03137257741707944,-0.004062538258318593,0.03543511567539803,0.38983050847457634,0.015576323987538832
11260,중랑구,2024-02,59179.41176470588,59500.0,891.3437178443403,827.3979653198819,68,30144.27149321267,25110.0,449.0418205692179,465.5550730701751,442,816,374,0.4583333333333333,0.5037807655785108,0.4962192344214892,0.03837672980362772,-0.19441528727635615,0.23279201707998387,-0.1707317073170732,0.25153374233128845
11260,중랑구,2024-03,56071.406015037595,55900.0,885.3435243315072,863.8743455497382,133,30430.49015317287,29000.0,448.89224536809274,471.069004053175,457,754,297,0.39389920424403185,0.5070260673189382,0.4929739326810618,-0.006731627084716751,-0.00033309859855723545,-0.006398528486159516,0.9558823529411764,-0.0759803921568627
11260,중랑구,2024-04,57826.159420289856,58000.0,872.0441482575607,870.0076598098188,138,36727.46153846154,36500.0,573.3818907079464,535.5118548841721,260,518,258,0.4980694980694981,0.6575147506621378,0.3424852493378622,-0.015021712712010249,0.27732634418260393,-0.2923480568946142,0.03759398496240607,-0.3129973474801061
11260,중랑구,2024-05,64602.04081632653,62000.0,905.6340534122444,866.188769414576,147,37446.71678321678,36000.0,548.1295166811409,530.0977809453713,286,516,230,0.44573643410852715,0.6052439333701076,0.3947560666298924,0.03851858328709623,-0.044041108441054355,0.08255969172815059,0.0652173913043479,-0.0038610038610038533
11260,중랑구,2024-06,63877.27272727273,61000.0,926.327762254291,881.1785763458627,209,36116.54012345679,35000.0,632.2030503359161,588.7750851251194,324,590,266,0.45084745762711864,0.6824831081359374,0.3175168918640626,0.022849967670801385,0.1533826059283041,-0.13053263825750272,0.4217687074829932,0.14341085271317833
11260,중랑구,2024-07,70389.06976744186,65500.0,958.1193468582849,909.8497495826377,215,40294.954225352114,37000.0,584.4857892469352,576.991678612768,284,544,260,0.47794117647058826,0.6100344295974083,0.3899655704025917,0.03432001706029686,-0.07547774573948485,0.1097977627997817,0.028708133971291794,-0.07796610169491525
11260,중랑구,2024-08,66906.0,64850.0,949.1920044540983,898.4255936502365,200,31738.138095238097,28175.0,456.7339703956195,490.60259986026995,420,745,325,0.436241610738255,0.48118185599160995,0.5188181440083901,-0.00931756824810992,-0.21857130010964687,0.20925373186153695,-0.06976744186046513,0.36948529411764697
11260,중랑구,2024-09,62789.69072164949,59500.0,907.5115214336755,883.7044892188052,97,39616.68571428571,39680.0,563.1554674357363,559.3333333333334,175,470,295,0.6276595744680851,0.6205491105458036,0.37945088945419636,-0.04391154036784595,0.2330054340997132,-0.27691697446755914,-0.515,-0.3691275167785235
11260,중랑구,2024-10,62899.51754385965,61850.0,910.9018942294562,889.918974975958,114,38198.35106382979,37000.0,595.0122672822565,587.9118341203978,188,380,192,0.5052631578947369,0.6532122405844651,0.34678775941553486,0.0037359005541048873,0.05656839307904882,-0.05283249252494393,0.17525773195876293,-0.19148936170212771
11260,중랑구,2024-11,61660.63829787234,60000.0,898.995866234268,870.4464887670995,94,39155.23560209424,39680.0,576.4639025508441,567.2027000198531,191,421,230,0.5463182897862233,0.6412308712447674,0.3587691287552326,-0.013070593079905324,-0.031173079533524328,0.018102486453619004,-0.17543859649122806,0.10789473684210527
11260,중랑구,2024-12,60824.7191011236,59500.0,900.6022112646549,880.0945067926757,89,36810.63905325444,36000.0,581.5746698350915,568.9424364123159,169,398,229,0.5753768844221105,0.6457619829940519,0.35423801700594815,0.0017868213756262463,0.008865719538781791,-0.007078898163155545,-0.05319148936170215,-0.05463182897862229
11260,중랑구,2025-01,73364.43181818182,66000.0,947.3868852792541,906.0227372260733,88,40423.748768472906,40000.0,562.6912897054584,553.2275530863035,203,385,182,0.4727272727272727,0.5939403410039797,0.40605965899602026,0.051948211351716234,-0.03246939921745151,0.08441761056916774,-0.011235955056179803,-0.03266331658291455
11260,중랑구,2025-02,63849.25925925926,61000.0,936.7919391499198,894.1129194293751,135,39328.764,38000.0,566.270038294147,554.5363000114303,250,507,257,0.5069033530571992,0.6044779151366328,0.39552208486336715,-0.011183336284216416,0.006360056844956441,-0.017543393129172857,0.5340909090909092,0.316883116883117
11260,중랑구,2025-03,61672.60638297872,60250.0,907.5663849338615,884.3635153352894,188,39411.61825726141,38500.0,575.8894450963711,557.839107457428,241,479,238,0.4968684759916493,0.6345425025171451,0.36545749748285494,-0.031197486864136148,0.01698731374028184,-0.04818480060441799,0.3925925925925926,-0.05522682445759364
11260,중랑구,2025-04,60245.94594594595,58750.0,889.1525717345926,878.1883258223734,148,39696.438095238096,38000.0,584.3071507907657,567.5029868578256,210,418,208,0.49760765550239233,0.6571506053802185,0.3428493946197815,-0.020289219064245967,0.014616877885278878,-0.034906096949524845,-0.21276595744680848,-0.12734864300626303
11260,중랑구,2025-05,60235.051546391755,60000.0,886.8722214701228,874.8114630467571,194,40535.8373015873,39180.0,574.417356061719,567.2718714560835,252,529,277,0.5236294896030246,0.6476889704692033,0.35231102953079674,-0.0025646332665059113,-0.016925678071306183,0.014361044804800271,0.31081081081081074,0.26555023923444976
11260,중랑구,2025-06,68655.01730103807,66500.0,959.5824937658974,921.2898057280192,289,42185.48669201521,43000.0,612.9584292101044,588.5100420364316,263,483,220,0.4554865424430642,0.6387761690029785,0.3612238309970215,0.081985060007006,0.0670959412031491,0.014889118803856904,0.4896907216494846,-0.08695652173913049
11260,중랑구,2025-07,62949.63503649635,65500.0,925.4503173199571,895.6228956228956,137,43028.275,40975.0,616.4209603578532,584.7891506137137,240,497,257,0.5171026156941649,0.6660767723792754,0.33392322762072457,-0.03556981986195684,0.005648884137560151,-0.04121870399951699,-0.5259515570934257,0.02898550724637672
11260,중랑구,2025-08,64906.49253731343,64000.0,916.473238836801,884.7680594976342,134,42900.775,42000.0,614.8263211213531,583.6889786569841,240,422,182,0.4312796208530806,0.6708611829208435,0.3291388170791565,-0.009700227354346946,-0.0025869322087529456,-0.007113295145594001,-0.021897810218978075,-0.15090543259557343
11260,중랑구,2025-09,61847.5,60000.0,1044.0935805645338,971.5252176375308,260,47976.07324840764,52706.0,611.4573579325722,626.4306117816201,628,841,213,0.25326991676575505,0.5856346301851235,0.4143653698148765,0.13925157475379213,-0.005479536371566507,0.14473111112535864,0.9402985074626866,0.9928909952606635
11260,중랑구,2025-10,71268.30708661418,70000.0,1006.5531040113938,953.003565363116,254,42271.17408906882,43000.0,580.9885745769728,567.0407560543414,247,629,382,0.6073131955484896,0.5772060830785499,0.4227939169214501,-0.03595508798439517,-0.04982977628827434,0.013874688303879168,-0.023076923076923106,-0.25208085612366227
11260,중랑구,2025-11,65472.77227722772,62500.0,923.881064060404,910.6746911624961,101,43832.27074235808,43000.0,598.0205198037345,577.5196356676126,229,621,392,0.6312399355877617,0.6472916732111261,0.35270832678887387,-0.08213380856064001,0.029315456399745754,-0.11144926496038576,-0.6023622047244095,-0.012718600953895098
11260,중랑구,2025-12,68617.85714285714,64500.0,997.4196650486367,942.95438562358,154,42795.059907834104,43000.0,583.531242654561,576.5384162842688,217,763,546,0.7155963302752294,0.5850408439922894,0.4149591560077106,0.07959747617841062,-0.024228729064228016,0.10382620524263864,0.5247524752475248,0.2286634460547503
11260,중랑구,2026-01,68213.38461538461,66000.0,967.4380682908715,932.1785085143863,195,41043.64855072464,41000.0,580.808712654384,575.8990196423474,276,639,363,0.568075117370892,0.6003575129935419,0.3996424870064581,-0.030059159457522133,-0.004665611369481848,-0.025393548088040285,0.26623376623376616,-0.1625163826998689
11260,중랑구,2026-02,70483.57487922705,67500.0,991.7082295326446,938.9671361502348,207,32925.321875,26365.0,428.1755840322656,393.21620342589233,320,681,361,0.5301027900146843,0.43175560238523875,0.5682443976147613,0.02508704385041427,-0.26279414426233694,0.2878811881127512,0.06153846153846154,0.06572769953051649
11260,중랑구,2026-03,69188.1974248927,65000.0,965.5993561141651,918.0437322650644,233,30101.16265060241,26743.0,424.463416527342,398.6806318765455,332,694,362,0.521613832853026,0.4395854386600862,0.5604145613399139,-0.026327172288147405,-0.008669731865523223,-0.017657440422624182,0.1256038647342994,0.019089574155653377
11260,중랑구,2026-04,67502.70516717325,64800.0,964.5355631922046,933.9559706470981,329,41797.231292517004,40950.0,600.3924883038437,590.8768612621129,147,565,418,0.7398230088495575,0.6224679640808667,0.3775320359191333,-0.0011016918302860779,0.414474051063878,-0.4155757428941641,0.41201716738197436,-0.1858789625360231
11290,성북구,2023-05,73331.94594594595,74000.0,1016.5010632340488,993.0369196940501,185,43188.663286004055,43000.0,577.4345674267422,570.8703123896514,493,775,282,0.3638709677419355,0.5680609576438664,0.43193904235613356,,,,,
11290,성북구,2023-06,76029.62962962964,77000.0,1056.1592489091652,1078.8727697181926,189,42820.42923433875,43000.0,590.8192480799219,583.5278426142048,431,725,294,0.40551724137931033,0.5594035640838622,0.44059643591613784,0.03901440648664134,0.02317956251359643,0.01583484397304491,0.021621621621621623,-0.06451612903225812
11290,성북구,2023-07,73824.064171123,74700.0,1034.7870263505959,1001.6835016835017,187,42237.642857142855,42000.0,590.2681868501061,588.4429798752501,490,778,288,0.37017994858611825,0.5704248041568677,0.4295751958431323,-0.020235795483155794,-0.0009327069685131084,-0.019303088514642686,-0.010582010582010581,0.07310344827586213
11290,성북구,2023-08,75898.72380952381,74000.0,1059.3040013940797,1013.0955888631961,210,42740.86177105831,42950.0,593.232120977924,591.0934045797917,463,707,244,0.3451202263083451,0.5600206552578019,0.43997934474219813,0.02369277389372426,0.005021334698104951,0.01867143919561931,0.12299465240641716,-0.09125964010282772
11290,성북구,2023-09,77295.10638297872,76000.0,1061.0130436737827,1007.0629667007311,188,42352.24395604395,42000.0,585.6921955072231,585.3821709315939,455,741,286,0.38596491228070173,0.5520122481051223,0.4479877518948777,0.001613363375814636,-0.012709907646726082,0.014323271022540718,-0.10476190476190472,0.0480905233380482
11290,성북구,2023-10,77947.03676470589,74500.0,1055.2094935712314,1000.6671392410133,136,46398.21786492375,45100.0,622.476453371244,610.0217864923748,459,727,268,0.3686382393397524,0.58990793502487,0.41009206497512996,-0.005469819751184546,0.0628047601559123,-0.06827457990709684,-0.276595744680851,-0.018893387314439902
11290,성북구,2023-11,75856.7302631579,72250.0,1033.8273973719172,993.563980990916,152,46867.895074946464,47000.0,629.8124235400771,624.6758757248598,467,713,246,0.3450210378681627,0.6092046168839376,0.39079538311606243,-0.020263366023128837,0.011785136817790587,-0.032048502840919424,0.11764705882352944,-0.019257221458046758
11290,성북구,2023-12,72401.06481481482,73000.0,990.321058531457,946.8405760657758,108,49460.14734774067,49610.0,660.9762368894217,645.906579608237,509,868,359,0.41359447004608296,0.667436313905695,0.332563686094305,-0.04208278765977502,0.04948110291978303,-0.09156389057955805,-0.2894736842105263,0.21739130434782616
11290,성북구,2024-01,76506.88405797101,73900.0,1053.9374141376181,1000.7658772239896,138,47250.49180327869,47000.0,652.7665814203317,626.8134067033517,488,846,358,0.4231678486997636,0.6193599094823448,0.38064009051765524,0.06423811253746092,-0.012420500179741611,0.07665861271720253,0.2777777777777777,-0.025345622119815614
11290,성북구,2024-02,75366.66666666667,74500.0,1041.5001263781041,970.9309167941626,159,48632.63858093126,49000.0,652.5347960998465,637.9962192816635,451,741,290,0.3913630229419703,0.6265335736147108,0.37346642638528915,-0.011800783986486318,-0.00035508147488316766,-0.01144570251160315,0.15217391304347827,-0.12411347517730498
11290,성북구,2024-03,74483.85650224215,72300.0,1013.6358040915592,974.7474747474748,223,47081.43771043771,47000.0,645.2794374296841,612.7017791917049,594,1047,453,0.4326647564469914,0.6365988995505112,0.3634011004494888,-0.026754026793491814,-0.01111873069992153,-0.015635296093570283,0.40251572327044016,0.41295546558704443
11290,성북구,2024-04,76363.43173431735,75000.0,1044.2900356588925,984.3176509843177,271,48922.080555555556,48000.0,655.5302817380244,635.7566653649444,360,587,227,0.38671209540034074,0.6277281783354555,0.37227182166454453,0.030241859495883094,0.015885899524665126,0.014355959971217969,0.2152466367713004,-0.43935052531041074
11290,성북구,2024-05,76282.59541984733,76250.0,1055.3288527387995,1001.1017712754436,262,49031.108280254775,48000.0,673.7589033130736,636.2672322375397,471,745,274,0.36778523489932885,0.6384350257879599,0.36156497421204015,0.010570642927701712,0.027807443962343248,-0.017236801034641536,-0.03321033210332103,0.26916524701873934
11290,성북구,2024-06,82475.29691211402,81300.0,1147.2379745767996,1132.7374488346838,421,48822.20714285714,50000.0,672.1165901473785,649.3123214879797,420,674,254,0.3768545994065282,0.5858562957657613,0.41414370423423874,0.08709050415846842,-0.002437538350319901,0.08952804250878832,0.6068702290076335,-0.09530201342281874
11290,성북구,2024-07,82478.6012526096,80000.0,1102.3012032701206,1051.5122873345936,479,48977.31870669746,50000.0,674.7949750533361,667.2226855713094,433,717,284,0.39609483960948394,0.6121693172895654,0.38783068271043464,-0.03916952916700267,0.003985000437751962,-0.04315452960475463,0.13776722090261284,0.06379821958456966
11290,성북구,2024-08,80841.17647058824,78000.0,1112.296049484009,1081.0491493383743,374,49581.573113207545,49000.0,676.8962448318625,674.023466619897,424,644,220,0.3416149068322981,0.6085576273923411,0.3914423726076589,0.009067255106170125,0.0031139380941009875,0.005953317012069137,-0.21920668058455117,-0.101813110181311
11290,성북구,2024-09,81578.2722513089,79000.0,1102.442856778743,1063.3270321361058,191,49244.857142857145,49000.0,677.9401764951573,658.5959088768515,336,547,211,0.3857404021937843,0.6149435975992885,0.3850564024007115,-0.008858426414295906,0.0015422329068379703,-0.010400659321133876,-0.48930481283422456,-0.1506211180124224
11290,성북구,2024-10,75579.81651376147,75500.0,1029.7710636516035,961.7321248741189,218,48460.84222737819,48000.0,666.0272380022024,658.9785831960461,431,666,235,0.35285285285285284,0.646772143354317,0.353227856645683,-0.06591887523266382,-0.017572256234381856,-0.048346618998281965,0.1413612565445026,0.21755027422303463
11290,성북구,2024-11,79406.96026490066,78500.0,1094.1899158599333,1075.636192271442,151,49182.26119402985,49150.0,693.6929175489388,686.5296291046179,402,657,255,0.3881278538812785,0.6339785328799704,0.3660214671200296,0.06255647928181074,0.0415383605477182,0.02101811873409254,-0.30733944954128445,-0.013513513513513487
11290,성북구,2024-12,73368.87218045113,73400.0,1049.3354184170028,1042.535446205171,133,49146.07980049875,49000.0,682.2967306339085,666.9045292821106,401,716,315,0.4399441340782123,0.650217955725922,0.349782044274078,-0.04099333835267438,-0.016428287829861388,-0.024565050522812992,-0.11920529801324509,0.08980213089802125
11290,성북구,2025-01,79196.94871794872,79000.0,1104.1846860139597,1072.7788279773156,195,47619.41972477064,48000.0,658.3526747654153,650.5963845413387,436,727,291,0.40027510316368636,0.5962342016732988,0.40376579832670123,0.05227048152029501,-0.03509331760427359,0.0873637991245686,0.46616541353383467,0.015363128491620026
11290,성북구,2025-02,79979.72972972973,78700.0,1110.3777136046174,1059.322033898305,259,47252.295112781954,47000.0,662.5892462615919,641.7041122859464,532,867,335,0.3863898500576701,0.5967241940678272,0.4032758059321728,0.005608688174271181,0.006435109415612539,-0.0008264212413413574,0.32820512820512815,0.19257221458046758
11290,성북구,2025-03,83087.63796909493,80900.0,1168.956612405152,1141.5793809579852,453,47169.88644688645,47000.0,657.0879232943099,643.2144226805851,546,824,278,0.33737864077669905,0.5621148948739322,0.4378851051260678,0.05275583081577717,-0.008302765247581556,0.06105859606335873,0.7490347490347491,-0.049596309111880066
11290,성북구,2025-04,81160.54913294797,80000.0,1139.1986186234283,1092.5241314386808,346,47672.250564334085,46000.0,652.6221247087086,639.1545042778057,443,728,285,0.3914835164835165,0.5728782619990503,0.42712173800094966,-0.02545688476879915,-0.0067963485970218285,-0.01866053617177732,-0.23620309050772625,-0.11650485436893199
11290,성북구,2025-05,82665.57894736843,80000.0,1149.593557978002,1102.6936026936028,475,48645.53177966102,48000.0,655.9905689543476,647.2491931794459,472,843,371,0.4400948991696323,0.5706282576149407,0.42937174238505926,0.009124782267674103,0.005161400630023794,0.0039633816376503095,0.3728323699421965,0.15796703296703307
11290,성북구,2025-06,88225.2655538695,86700.0,1199.6950053163732,1153.3482405554903,659,47889.60310421286,48000.0,681.3208692679374,669.0081953503931,451,773,322,0.4165588615782665,0.5679117327726686,0.4320882672273314,0.04358187899599364,0.03861381780833595,0.004968061187657691,0.3873684210526316,-0.08303677342823246
11290,성북구,2025-07,82641.81034482758,81750.0,1115.220378559163,1040.521898607707,232,49753.66950959488,50000.0,663.5764298778331,647.7159053017673,469,728,259,0.3557692307692308,0.5950182068365334,0.4049817931634666,-0.0704134187296489,-0.026044174177682566,-0.044369244551966336,-0.6479514415781487,-0.05821474773609314
11290,성북구,2025-08,73757.84730538922,78000.0,1122.5035112072242,1036.427355415348,334,48084.32786885246,48000.0,652.8082137416396,650.2639538095308,366,606,240,0.39603960396039606,0.5815645182611152,0.4184354817388848,0.006530666752584624,-0.016227544637436808,0.022758211390021432,0.43965517241379315,-0.16758241758241754
11290,성북구,2025-09,90506.90625,88250.0,1254.6210194774153,1201.4887421019505,544,48631.38770685579,49500.0,658.710098794001,647.9736098020735,423,714,291,0.40756302521008403,0.5250271504843528,0.4749728495156472,0.11769897105096994,0.00904076408373311,0.10865820696723683,0.6287425149700598,0.17821782178217815
11290,성북구,2025-10,92035.89494163424,90000.0,1270.404507257385,1217.200648073083,514,50901.72335025381,51000.0,684.3496227850554,665.3878138658965,394,620,226,0.36451612903225805,0.5386863938813197,0.46131360611868033,0.01258028323688043,0.038923836203508255,-0.026343552966627826,-0.05514705882352944,-0.13165266106442575
11290,성북구,2025-11,91906.76328502415,90000.0,1211.4748665798804,1157.4275519972152,207,53590.720657276994,53250.0,707.6050338685983,700.18191608295,426,725,299,0.4124137931034483,0.5840856078725273,0.4159143921274727,-0.04638651731858612,0.03398176941911912,-0.08036828673770524,-0.5972762645914397,0.1693548387096775
11290,성북구,2025-12,89845.71865443425,87800.0,1182.124576874743,1106.2728021654702,327,54571.53333333333,54600.0,713.3398781668712,701.5796529093068,450,860,410,0.47674418604651164,0.6034388355690672,0.3965611644309328,-0.024226907643570272,0.00810458380562884,-0.03233149144919911,0.5797101449275361,0.18620689655172407
11290,성북구,2026-01,95260.30303030302,93500.0,1214.1006609823685,1146.721204884796,363,54465.44416873449,53000.0,722.4429627087522,700.3501750875438,403,756,353,0.4669312169312169,0.5950437108931315,0.40495628910686854,0.02704967372572753,0.012761216385762664,0.014288457339964866,0.11009174311926606,-0.1209302325581395
11290,성북구,2026-02,94659.01960784313,90850.0,1231.751623429623,1154.093085229547,408,53838.35435435436,52500.0,725.4466871493096,695.5287437899219,333,592,259,0.4375,0.588955332674468,0.411044667325532,0.01453830231257136,0.004157732299439942,0.010380570013131418,0.12396694214876036,-0.21693121693121697
11290,성북구,2026-03,88616.18497109826,87950.0,1197.2980918176122,1128.139538595022,346,50906.855769230766,50000.0,708.9147922580783,658.8412155952499,416,711,295,0.4149085794655415,0.5920954832408346,0.4079045167591654,-0.027971168015253012,-0.022788573142699886,-0.005182594872553126,-0.1519607843137255,0.2010135135135136
11290,성북구,2026-04,90530.7955801105,90000.0,1214.4142754815437,1173.070402858882,362,54943.61209964413,54000.0,764.3054241776995,747.7194556602362,281,460,179,0.38913043478260867,0.6293613634232309,0.3706386365767691,0.01429567438627366,0.07813439996531546,-0.0638387255790418,0.046242774566473965,-0.35302390998593525
11305,강북구,2023-05,60905.26315789474,60000.0,865.3039820713125,882.4256115209488,57,34392.301204819276,35000.0,482.0654585159754,460.2349444368456,166,309,143,0.4627831715210356,0.5571053277277613,0.44289467227223867,,,,,
11305,강북구,2023-06,53853.22580645161,52500.0,889.7201060850299,859.375,93,35332.201257861634,37000.0,491.46336203696677,472.22714125494366,159,308,149,0.4837662337662338,0.5523797413093393,0.4476202586906607,0.028216816887022267,0.019495077597806887,0.00872173928921538,0.631578947368421,-0.003236245954692518
11305,강북구,2023-07,59763.07692307692,63000.0,844.8594344335464,829.5625942684766,65,35759.28021978022,36000.0,484.99227312487704,470.36688617121354,182,307,125,0.40716612377850164,0.5740508460440525,0.42594915395594746,-0.050421105856403026,-0.013166981329531868,-0.03725412452687116,-0.30107526881720426,-0.0032467532467532756
11305,강북구,2023-08,41093.706293706295,42500.0,903.9811256224503,972.6443768996961,143,36856.67484662577,37000.0,506.5329376487171,486.2508383635144,163,257,94,0.3657587548638132,0.560335745173812,0.439664254826188,0.06997813929667873,0.04441444888400059,0.02556369041267814,1.2000000000000002,-0.1628664495114006
11305,강북구,2023-09,64137.5,65150.0,889.4993017996708,858.0741147145985,52,35827.86394557823,37000.0,532.6101954118087,519.449855380438,147,280,133,0.475,0.5987752821550397,0.4012247178449603,-0.016020051096540144,0.051481859963816046,-0.06750191106035619,-0.6363636363636364,0.08949416342412442
11305,강북구,2023-10,46339.08045977011,34900.0,878.9020333543755,893.953708077468,87,35089.28571428572,35000.0,500.890099549383,480.57669203043656,147,243,96,0.3950617283950617,0.5699043585525793,0.43009564144742074,-0.01191374565877057,-0.059555930651872035,0.047642184993101466,0.6730769230769231,-0.13214285714285712
11305,강북구,2023-11,59923.68421052631,59900.0,834.6989062606059,829.060253388441,38,36334.258278145695,39000.0,530.2337664235774,501.72467858262775,151,245,94,0.3836734693877551,0.6352395605727921,0.3647604394272079,-0.050293577004328904,0.05858304426578398,-0.10887662127011288,-0.5632183908045977,0.008230452674897082
11305,강북구,2023-12,55501.25,61500.0,852.2894832266038,839.8043405396346,40,36692.81451612903,37000.0,515.5405838009141,500.51523670649806,124,276,152,0.5507246376811594,0.6048890593477426,0.3951109406522574,0.02107415839898774,-0.027710763729305254,0.048784922128292996,0.05263157894736836,0.12653061224489792
11305,강북구,2024-01,56932.92682926829,59700.0,840.6737718812469,823.5429760019578,41,37092.15757575758,40000.0,577.058067679188,547.9213776308923,165,282,117,0.4148936170212766,0.6864233035221929,0.31357669647780706,-0.013628833364670911,0.11932617103531462,-0.13295500439998553,0.02499999999999991,0.021739130434782705
11305,강북구,2024-02,59175.555555555555,61000.0,825.4431363451812,814.5918186647777,45,34992.91366906475,36000.0,550.1960413141669,530.2039517867873,139,260,121,0.4653846153846154,0.6665462671968814,0.33345373280311863,-0.018117177013840746,-0.046549953756048756,0.02843277674220801,0.09756097560975618,-0.07801418439716312
11305,강북구,2024-03,58310.6125,59450.0,820.784614253331,800.2431651893721,80,36359.28846153846,38500.0,572.7481275384295,540.3815708370563,156,310,154,0.4967741935483871,0.6978056332835372,0.3021943667164628,-0.0056436620364629375,0.04098918300174592,-0.04663284503820886,0.7777777777777777,0.1923076923076923
11305,강북구,2024-04,57156.06060606061,58950.0,859.698965092556,892.7311135280547,66,32770.43065693431,34500.0,560.5695501795255,500.30018010806486,137,242,105,0.43388429752066116,0.6520533034713775,0.34794669652862253,0.04741116020385627,-0.021263408422206975,0.06867456862606325,-0.17500000000000004,-0.21935483870967742
11305,강북구,2024-05,57599.375,59750.0,812.7005560725447,783.2391788890724,80,37952.643835616436,40000.0,595.1713680852835,558.4063140446593,146,281,135,0.4804270462633452,0.7323378378889115,0.2676621621110885,-0.054668448990108365,0.06172618169266686,-0.11639463068277522,0.21212121212121215,0.16115702479338845
11305,강북구,2024-06,62668.3962264151,63750.0,869.566366278919,878.6967238680969,106,36092.453237410075,37000.0,569.21523178954,545.4223481494599,139,241,102,0.42323651452282157,0.6545966516912874,0.34540334830871255,0.06997141786291361,-0.043611197862636675,0.11358261572555028,0.32499999999999996,-0.14234875444839856
11305,강북구,2024-07,63257.08955223881,63500.0,908.1333387510138,923.7590799031477,134,35371.14201183432,40000.0,544.8916350073595,531.2555339118115,169,295,126,0.4271186440677966,0.6000128084238898,0.3999871915761102,0.04435195974417927,-0.04273180938203325,0.08708376912621252,0.26415094339622636,0.22406639004149387
11305,강북구,2024-08,66361.86440677966,67250.0,908.611552959064,919.320328998555,118,39177.56028368794,41000.0,596.9687175173856,542.208875542209,141,253,112,0.4426877470355731,0.6570120262869704,0.3429879737130296,0.0005265903008340178,0.09557328313421953,-0.09504669283338552,-0.11940298507462688,-0.14237288135593218
11305,강북구,2024-09,56296.0,58900.0,860.5249126942128,832.3364026895307,50,39523.142857142855,42250.0,580.41347550339,548.2616472013382,112,216,104,0.48148148148148145,0.6744877073763926,0.32551229262360737,-0.05292321026322855,-0.027732176792854113,-0.025191033470374435,-0.576271186440678,-0.1462450592885376
11305,강북구,2024-10,60522.94117647059,64500.0,882.8643270840564,836.5440128191533,85,38183.10317460317,39500.0,576.260750526399,552.0898063935974,126,235,109,0.46382978723404256,0.6527172214893828,0.3472827785106172,0.025960218071898966,-0.0071547700945251425,0.03311498816642411,0.7,0.08796296296296302
11305,강북구,2024-11,58590.38461538462,59950.0,889.3810491369447,865.4392587514412,52,38601.480769230766,39000.0,559.1228214324833,559.3860559930083,104,199,95,0.47738693467336685,0.6286650946465028,0.3713349053534972,0.007381340318066698,-0.029739886116242675,0.03712122643430937,-0.388235294117647,-0.15319148936170213
11305,강북구,2024-12,60998.88888888889,59500.0,916.2872965184026,966.9889963321108,45,38111.47863247863,40000.0,543.5817093985625,529.723366686286,117,255,138,0.5411764705882353,0.5932437473093847,0.4067562526906153,0.030252777937609165,-0.027795524414661266,0.05804830235227043,-0.13461538461538458,0.2814070351758795
11305,강북구,2025-01,58833.96226415094,61000.0,865.3233867871963,893.2461873638345,53,36994.47321428572,39500.0,604.9419874722413,594.2211660988122,112,293,181,0.6177474402730375,0.699093537409513,0.30090646259048703,-0.05562001123976379,0.1128814252075736,-0.1685014364473374,0.1777777777777778,0.14901960784313717
11305,강북구,2025-02,58731.9587628866,60000.0,861.7814461841166,848.2774893817838,97,36596.29530201342,38000.0,560.6172998914482,531.2555339118115,149,284,135,0.4753521126760563,0.6505330352304594,0.34946696476954064,-0.00409319874761549,-0.07327097225637202,0.06917777350875653,0.8301886792452831,-0.030716723549488067
11305,강북구,2025-03,64363.846153846156,69900.0,900.9359429435124,875.2132950901037,104,38538.89189189189,39000.0,558.1290461643398,520.6185517760911,148,248,100,0.4032258064516129,0.6194991447902904,0.38050085520970955,0.04543436962209846,-0.0044384176649385765,0.049872787287037035,0.07216494845360821,-0.12676056338028174
11305,강북구,2025-04,68539.10891089108,70500.0,936.9878708496188,934.9452078622369,101,35302.40666666667,38825.0,508.6006716922045,488.75932529698747,150,286,136,0.4755244755244755,0.5428039012191568,0.4571960987808432,0.04001608348349239,-0.08874000522372338,0.12875608870721578,-0.028846153846153855,0.153225806451613
11305,강북구,2025-05,58266.50406504065,60000.0,912.376584966787,883.3333333333334,123,36748.5,38000.0,545.7108591592956,506.7474385315627,144,242,98,0.4049586776859504,0.5981201930770297,0.4018798069229703,-0.026266386842889844,0.07296527419757215,-0.099231661040462,0.2178217821782178,-0.15384615384615385
11305,강북구,2025-06,65569.27374301676,64000.0,951.6939825239814,953.3333333333334,179,38016.640625,39187.5,530.9906047393005,506.47226950831845,128,221,93,0.42081447963800905,0.5579425892040042,0.4420574107959958,0.04309338731947565,-0.02697445757753969,0.07006784489701534,0.4552845528455285,-0.08677685950413228
11305,강북구,2025-07,63488.50574712644,67000.0,894.2399128891223,888.3084489310885,87,39190.56428571429,40000.0,557.6034005379408,531.2555339118115,140,268,128,0.47761194029850745,0.6235501150205076,0.3764498849794924,-0.060370319335723455,0.0501191462920636,-0.11048946562778705,-0.5139664804469274,0.21266968325791846
11305,강북구,2025-08,59469.78723404255,62000.0,917.0825128760922,907.7967910995411,94,40533.05825242718,42000.0,570.6667245636792,531.2555339118115,103,222,119,0.536036036036036,0.6222632277372652,0.37773677226273483,0.025544151695454653,0.023427626182221273,0.0021165255132333805,0.08045977011494254,-0.17164179104477617
11305,강북구,2025-09,65058.916666666664,67500.0,942.8225145715768,944.2705714764538,120,37129.126760563384,37900.0,554.0845843644398,519.5240489358137,142,277,135,0.48736462093862815,0.5876870522297811,0.4123129477702189,0.028067269121467175,-0.029057485718862797,0.05712475484032997,0.27659574468085113,0.24774774774774766
11305,강북구,2025-10,67385.36585365854,70700.0,992.5319613293354,995.0,123,39667.74257425743,40000.0,554.3805867315692,529.9105040037682,101,190,89,0.46842105263157896,0.5585518737241131,0.4414481262758869,0.052724076896219385,0.0005342187375037,0.052189858158715685,0.02499999999999991,-0.3140794223826715
11305,강북구,2025-11,62649.31506849315,65000.0,939.8692257973244,874.8317631224764,73,39967.7,42750.0,557.455166385299,530.1830869484979,110,222,112,0.5045045045045045,0.5931199267774621,0.40688007322253794,-0.053058982061875315,0.005545972797958765,-0.05860495485983408,-0.4065040650406504,0.16842105263157903
11305,강북구,2025-12,66602.56410256411,68500.0,919.4963339667557,917.7453115568844,117,44678.245614035084,45575.0,641.2189089337447,608.9483938614924,114,284,170,0.5985915492957746,0.6973588531533264,0.30264114684667365,-0.021676304821328318,0.15026094939902368,-0.171937254220352,0.6027397260273972,0.2792792792792793
11305,강북구,2026-01,69367.6,67500.0,953.989011664852,983.6612204068023,125,43599.2,44050.0,635.7648977809923,623.6027767972703,120,251,131,0.5219123505976095,0.6664279043125334,0.3335720956874666,0.03751257772751848,-0.00850569294941983,0.04601827067693831,0.06837606837606836,-0.1161971830985915
11305,강북구,2026-02,70591.25,72750.0,956.8502014042053,919.7394344225165,160,45007.29807692308,45000.0,614.2010542045771,565.3943764216297,104,236,132,0.559322033898305,0.6418988607654774,0.3581011392345226,0.002999185215309952,-0.033917952456449574,0.036917137671759526,0.28,-0.05976095617529875
11305,강북구,2026-03,71769.06474820143,71500.0,947.4340928916575,891.6150246616922,139,41006.47899159664,43000.0,629.4437032427375,589.2057506481264,119,239,120,0.502092050209205,0.6643667437822681,0.3356332562177319,-0.009840734211822744,0.024817034965692875,-0.03465776917751562,-0.13124999999999998,0.012711864406779627
11305,강북구,2026-04,74177.96610169491,75000.0,996.4192966471894,958.2335096142532,118,45027.98095238095,45700.0,653.3445974094036,600.6006006006006,105,192,87,0.453125,0.6556924375188399,0.3443075624811601,0.0517030198966395,0.0379714564519984,0.013731563444641104,-0.15107913669064743,-0.19665271966527198
11320,도봉구,2023-05,50280.88421052632,49800.0,766.8318155012824,725.8505260281459,95,27401.043126684635,26250.0,402.8754551083703,404.10843576359656,371,546,175,0.32051282051282054,0.5253765518909883,0.4746234481090117,,,,,
11320,도봉구,2023-06,52289.565217391304,49500.0,779.1063719190346,726.1386371660586,115,26827.246612466126,26000.0,411.3750324372399,400.995575221239,369,530,161,0.30377358490566037,0.528008815309741,0.471991184690259,0.01600684292125809,0.02109728259961452,-0.005090439678356429,0.21052631578947367,-0.02930402930402931
11320,도봉구,2023-07,50842.913385826774,50000.0,754.7124843157912,696.2962962962963,127,27638.837765957447,26700.0,407.0628522507708,394.56343414969945,376,565,189,0.3345132743362832,0.5393614928999175,0.4606385071000825,-0.03131008612233299,-0.010482357572653589,-0.020827728549679403,0.10434782608695659,0.0660377358490567
11320,도봉구,2023-08,53445.72649572649,50000.0,821.459759136212,820.7070707070707,117,29666.830601092897,30000.0,416.21909518396876,412.5898913871581,366,566,200,0.35335689045936397,0.5066822696484059,0.4933177303515941,0.08844066609144896,0.022493437764144808,0.06594722832730415,-0.07874015748031493,0.001769911504424737
11320,도봉구,2023-09,52408.22429906542,51000.0,791.7725685399338,741.3509060955519,107,29826.1593220339,28500.0,425.011005371893,420.16806722689074,295,463,168,0.36285097192224625,0.536784200740414,0.463215799259586,-0.03613955554864323,0.02112327447167761,-0.05726283002032084,-0.0854700854700855,-0.1819787985865724
11320,도봉구,2023-10,51519.51162790698,49125.0,748.2653623202037,707.0856172634994,86,28270.193452380954,27000.0,423.83333313638843,412.76829939460646,336,513,177,0.34502923976608185,0.5664211581599554,0.4335788418400446,-0.05494912042729572,-0.0027709217423066423,-0.052178198684989074,-0.19626168224299068,0.10799136069114468
11320,도봉구,2023-11,49638.23529411765,49500.0,779.7173907668448,734.8695010106048,68,29997.478510028654,29000.0,440.3162484047549,435.3883664228492,349,535,186,0.34766355140186916,0.5647126171851932,0.43528738281480683,0.042033254551721244,0.038890087163253595,0.003143167388467649,-0.2093023255813954,0.042884990253411415
11320,도봉구,2023-12,52651.92307692308,53650.0,769.246652113472,717.9822031006838,52,29634.42679127726,27550.0,429.6167370123542,423.6789455101801,321,509,188,0.3693516699410609,0.5584902265508738,0.44150977344912623,-0.013428889463495075,-0.024299606092585857,0.010870716629090782,-0.23529411764705888,-0.04859813084112152
11320,도봉구,2024-01,49076.5306122449,49750.0,757.2119701479324,714.848243719397,98,29742.196531791906,29000.0,443.2982128642528,435.5979380884402,346,583,237,0.4065180102915952,0.5854347664071501,0.4145652335928499,-0.015644763526074246,0.031845770132333584,-0.04749053365840783,0.8846153846153846,0.14538310412573674
11320,도봉구,2024-02,49748.21428571428,48150.0,702.500151093349,668.2318729783728,84,29351.498412698413,28000.0,429.6109786458982,421.05263157894734,315,499,184,0.3687374749498998,0.6115457455450583,0.38845425445494175,-0.0722542976227577,-0.03087590660453654,-0.04137839101822116,-0.1428571428571429,-0.144082332761578
11320,도봉구,2024-03,49986.466165413534,49400.0,742.6734286823859,688.1388362061731,133,29871.502551020407,29875.0,438.12067578317107,434.8704362517676,392,590,198,0.33559322033898303,0.589923725372083,0.41007627462791696,0.05718614796952348,0.01980791357822098,0.0373782343913025,0.5833333333333333,0.1823647294589179
11320,도봉구,2024-04,55629.65517241379,54000.0,802.4666570830982,783.4757834757835,145,28685.978260869564,27000.0,444.51601919818575,433.17319051744505,322,482,160,0.33195020746887965,0.5539370580379822,0.4460629419620178,0.08051079531254346,0.014597218913676047,0.06591357639886741,0.09022556390977443,-0.18305084745762712
11320,도봉구,2024-05,53787.93103448276,54100.0,779.2513769218484,747.5888998828182,116,29814.674193548388,30000.0,450.01279245753454,435.7979944744718,310,480,170,0.3541666666666667,0.5774937405117561,0.42250625948824394,-0.028929900023055732,0.012365748413890376,-0.04129564843694611,-0.19999999999999996,-0.004149377593360981
11320,도봉구,2024-06,56151.47727272727,54250.0,806.0283920797455,773.927392739274,176,29920.212543554007,29000.0,454.29574147950217,447.37461737697197,287,471,184,0.39065817409766457,0.5636225050426708,0.43637749495732925,0.03436248680582388,0.009517393935799756,0.02484509287002412,0.5172413793103448,-0.018750000000000044
11320,도봉구,2024-07,56572.95358649789,54000.0,795.6100654259926,752.3876077335196,237,30775.66304347826,30000.0,463.5222608685098,454.7334386044064,276,469,193,0.4115138592750533,0.5825997948132124,0.41740020518678755,-0.01292550827753236,0.02030950006037857,-0.03323500833791093,0.34659090909090917,-0.00424628450106157
11320,도봉구,2024-08,56791.978609625665,55000.0,834.2110510828531,837.7456171314273,187,31318.104166666668,30000.0,455.4090559039531,452.2840343735866,288,455,167,0.367032967032967,0.5459158750208433,0.45408412497915673,0.04851746770723975,-0.017503377182694235,0.06602084488993398,-0.21097046413502107,-0.02985074626865669
11320,도봉구,2024-09,56951.8064516129,53850.0,767.3502667044847,704.6070460704607,93,29730.68049792531,29000.0,455.8510609936531,443.7617340843147,241,404,163,0.4034653465346535,0.5940586467134265,0.40594135328657355,-0.0801485239155959,0.0009705671944151284,-0.08111909111001103,-0.5026737967914439,-0.11208791208791213
11320,도봉구,2024-10,55333.56643356643,53500.0,786.216341859693,729.6006025088847,143,29911.74183006536,28000.0,471.269814959879,463.4305745350841,306,479,173,0.36116910229645094,0.5994149318305331,0.40058506816946693,0.02458600195218774,0.033824104593760174,-0.009238102641572432,0.5376344086021505,0.1856435643564356
11320,도봉구,2024-11,53127.380952380954,50000.0,784.9906237173288,731.6004980031381,84,30954.689138576778,30000.0,455.9414250870223,447.37461737697197,267,443,176,0.3972911963882618,0.5808240395635662,0.4191759604364338,-0.0015590087322082669,-0.03252571963294881,0.030966710900740546,-0.4125874125874126,-0.07515657620041749
11320,도봉구,2024-12,52800.555555555555,51175.0,768.6237699116031,715.9290375023021,90,30921.047826086957,30000.0,465.2830957327481,447.73159968589675,230,385,155,0.4025974025974026,0.605345702210405,0.39465429778959504,-0.020849744329709874,0.020488751694239804,-0.04133849602394968,0.0714285714285714,-0.13092550790067725
11320,도봉구,2025-01,51715.0,51350.0,812.1052915080853,804.6981606621734,80,30075.37037037037,30000.0,451.1214717948609,445.4365794789146,216,377,161,0.4270557029177719,0.5554962841790195,0.44450371582098047,0.05657061789994211,-0.030436575211452488,0.0870071931113946,-0.11111111111111116,-0.020779220779220786
11320,도봉구,2025-02,51359.016393442624,48650.0,769.4228745965579,739.4418147809739,122,30422.99035369775,29000.0,459.82956679019406,457.39759441500547,311,489,178,0.36400817995910023,0.5976291867216748,0.40237081327832525,-0.0525577377192874,0.01930321551906311,-0.07186095323835051,0.5249999999999999,0.2970822281167109
11320,도봉구,2025-03,53010.625,49500.0,785.5354646095537,723.1800317519751,176,31043.341040462426,30000.0,452.5683405167351,440.4074101910735,346,534,188,0.352059925093633,0.576127190822227,0.42387280917777304,0.02094113724061608,-0.01579112522960502,0.0367322624702211,0.4426229508196722,0.09202453987730053
11320,도봉구,2025-04,53982.16560509554,51000.0,782.4764939825318,724.200362100181,157,30427.363914373087,30000.0,442.21356254980685,435.6016011302096,327,497,170,0.3420523138832998,0.5651461302039815,0.4348538697960185,-0.0038941216085545127,-0.02288003167677466,0.018985910068220146,-0.10795454545454541,-0.06928838951310856
11320,도봉구,2025-05,51580.74534161491,50000.0,793.2773764537775,723.0117177761157,161,30017.037593984962,29000.0,440.9718691922182,435.58288021112253,266,464,198,0.4267241379310345,0.5558861027444323,0.4441138972555677,0.013803459342622615,-0.0028079042859495695,0.016611363628572184,0.02547770700636942,-0.0663983903420523
11320,도봉구,2025-06,57655.681818181816,54500.0,825.1921970987717,823.6263089775268,308,30484.719626168226,30000.0,453.35265839985954,445.0774434751647,321,509,188,0.3693516699410609,0.5493903844386393,0.4506096155613607,0.040231603210045375,0.02807614288485283,0.012155460325192546,0.9130434782608696,0.09698275862068972
11320,도봉구,2025-07,55148.98648648649,51750.0,808.6167249545867,760.2893419101417,148,38433.30933333333,30000.0,538.584520580048,459.2480444107999,375,557,182,0.3267504488330341,0.666056617379879,0.333943382620121,-0.020086801841390778,0.18800344632591415,-0.20809024816730493,-0.5194805194805194,0.09430255402750487
11320,도봉구,2025-08,52444.26573426573,49800.0,779.7217214035156,713.3500059545075,143,48395.32865168539,36000.0,629.7334453318996,496.11696191585213,356,517,161,0.3114119922630561,0.807638710126436,0.19236128987356405,-0.03573386829550662,0.16923792138267446,-0.20497178967818108,-0.03378378378378377,-0.07181328545780974
11320,도봉구,2025-09,57328.75,56000.0,869.0070927664093,884.9557522123895,200,45593.222543352604,36750.0,594.9485839160637,484.26150121065376,346,523,177,0.3384321223709369,0.6846302968852603,0.31536970311473966,0.11450927800520683,-0.055237436845207655,0.16974671485041448,0.39860139860139854,0.011605415860735047
11320,도봉구,2025-10,57305.72327044025,55000.0,878.8298835248903,907.0796460176992,159,31292.27559055118,29030.0,473.7519142102228,459.59802988692775,254,422,168,0.3981042654028436,0.5390712390321274,0.4609287609678726,0.011303464425372,-0.20370948512575926,0.21501294955113126,-0.20499999999999996,-0.19311663479923513
11320,도봉구,2025-11,57718.316831683165,56000.0,807.5525739806793,746.4387464387464,101,32601.03433476395,30975.0,467.51301661091964,461.0318331503842,233,433,200,0.4618937644341801,0.5789257958852161,0.4210742041147839,-0.0811047858981826,-0.013169123780119918,-0.06793566211806268,-0.3647798742138365,0.026066350710900466
11320,도봉구,2025-12,58067.708333333336,56950.0,856.3206030121639,826.636163338321,144,32897.343873517784,32800.0,477.913242870459,475.00296876855487,253,432,179,0.41435185185185186,0.5581008341844956,0.44189916581550437,0.06038991218997891,0.02224585389072664,0.03814405829925227,0.4257425742574257,-0.002309468822170868
11320,도봉구,2026-01,58278.82352941176,58250.0,852.7094503292008,817.9966343466169,170,34514.67615658363,33600.0,485.0770366880039,478.05302042590176,281,526,245,0.46577946768060835,0.568865557313494,0.431134442686506,-0.004217056871294145,0.014989736996023462,-0.019206793867317606,0.18055555555555558,0.21759259259259256
11320,도봉구,2026-02,56067.71356783919,54300.0,858.6256380039989,823.6941505948248,199,32848.243902439026,31500.0,481.0029287716925,483.2645810243213,246,434,188,0.43317972350230416,0.5602009857169584,0.4397990142830416,0.006938104969417269,-0.008398888440748431,0.0153369934101657,0.1705882352941177,-0.17490494296577952
11320,도봉구,2026-03,55654.6,53250.0,865.2714013237689,829.689957194209,250,32640.003773584907,30000.0,479.8838444984938,475.1187796949237,265,478,213,0.4456066945606695,0.5546049988065304,0.44539500119346964,0.007740001026779408,-0.0023265643642886857,0.010066565391068094,0.256281407035176,0.10138248847926268
11320,도봉구,2026-04,56190.84249084249,54000.0,878.9547227858529,835.7893810759689,273,32153.7805907173,31000.0,478.9047735955027,458.2696847660047,237,378,141,0.373015873015873,0.5448571595105728,0.4551428404894272,0.015813906990511883,-0.0020402247631700066,0.01785413175368189,0.09200000000000008,-0.20920502092050208
11350,노원구,2023-05,60048.10924369748,54500.0,973.2888512926023,966.8983464137144,238,28907.74358974359,25000.0,451.80880341854754,438.77143996808934,936,1482,546,0.3684210526315789,0.46420834145845885,0.5357916585415412,,,,,
11350,노원구,2023-06,62236.619718309856,56250.0,967.2761136215403,977.5489919592226,284,28322.58555885262,24000.0,449.5651453528981,427.35042735042737,1011,1631,620,0.3801348865726548,0.4647743689955281,0.5352256310044718,-0.006177752537776082,-0.004965945879480627,-0.0012118066582954556,0.19327731092436973,0.10053981106612686
11350,노원구,2023-07,61596.06122448979,56000.0,980.5761736300061,969.4659548914439,294,29660.207149404217,25000.0,456.82012188765304,435.8353510895884,1091,1723,632,0.3668020893789901,0.4658690820485118,0.5341309179514881,0.013750013901066671,0.01613776470384498,-0.00238775080277831,0.035211267605633756,0.056407112201103615
11350,노원구,2023-08,60331.52866242038,56000.0,976.6174601698652,964.322203849699,314,29209.116947472747,25000.0,458.5094957321603,439.95859213250515,1009,1571,562,0.3577339274347549,0.46948730125346183,0.5305126987465382,-0.0040371299717451015,0.0036981160933247104,-0.007735246065069812,0.06802721088435382,-0.0882182240278584
11350,노원구,2023-09,61564.204545454544,57000.0,998.564327921133,983.8816615904377,264,30163.54995242626,26000.0,467.71733287462,447.53268166293725,1051,1653,602,0.3641863278886872,0.4683897870138623,0.5316102129861378,0.022472327852351093,0.020082107847638753,0.00239022000471234,-0.15923566878980888,0.05219605346912792
11350,노원구,2023-10,56688.793103448275,53000.0,966.7104351063784,957.4645537948289,203,30167.45969884854,25000.0,474.1367138061764,455.1365409622887,1129,1720,591,0.3436046511627907,0.4904640485793469,0.5095359514206531,-0.031899690309456386,0.013724915628211765,-0.04562460593766815,-0.23106060606060608,0.04053236539624927
11350,노원구,2023-11,58003.45911949685,54500.0,941.0564751914924,929.2929292929292,159,31171.753465346534,26000.0,478.75447813762946,451.0147832623403,1010,1681,671,0.39916716240333133,0.5087414950736185,0.49125850492638146,-0.02653737767097042,0.009739309774987825,-0.036276687445958244,-0.21674876847290636,-0.022674418604651136
11350,노원구,2023-12,58358.59872611465,51500.0,927.3779653985345,905.3497942386831,157,31411.25069637883,27000.0,483.6054661325109,462.7915586819696,1077,1694,617,0.3642266824085006,0.5214761231950176,0.47852387680498243,-0.014535269830829756,0.0101325172220883,-0.024667787052918055,-0.012578616352201255,0.007733491969066142
11350,노원구,2024-01,55673.47150259068,52000.0,924.4698620018761,913.3064516129032,193,30813.983521248916,26000.0,485.81170586606675,464.71100784199825,1153,1778,625,0.3515185601799775,0.5255030216064316,0.4744969783935684,-0.003135834045192798,0.004562065336439547,-0.007697899381632345,0.2292993630573248,0.04958677685950419
11350,노원구,2024-02,57009.972850678736,54000.0,945.6326412753135,929.5211201317803,221,30738.58702368692,26000.0,477.3622671262652,464.64646464646466,971,1588,617,0.3885390428211587,0.5048073070769613,0.4951926929230387,0.02289180009352698,-0.017392414875509354,0.040284214969036336,0.14507772020725396,-0.10686164229471318
11350,노원구,2024-03,61303.45394736842,57650.0,950.1266190166859,947.8288334157191,304,29912.283035714285,25000.0,479.4849067478258,462.1257785814748,1120,1797,677,0.37673900946021144,0.5046536926247355,0.4953463073752645,0.004752350484974466,0.004446601182659382,0.0003057493023150837,0.3755656108597285,0.13161209068010082
11350,노원구,2024-04,61118.90625,55900.0,960.0981896217038,937.6611274162917,320,30071.135275754423,25000.0,485.3290954716293,467.0558798999166,961,1512,551,0.3644179894179894,0.5054994382010634,0.49450056179893664,0.010494991304777601,0.012188472758073887,-0.001693481453296286,0.05263157894736836,-0.1585976627712855
11350,노원구,2024-05,58869.57746478873,55000.0,925.5510562370055,921.10532639167,355,30330.706521739132,26000.0,481.3462042122702,467.0748512476331,920,1613,693,0.4296342219466832,0.5200644534611304,0.4799355465388696,-0.03598291691218636,-0.008206578374388651,-0.027776338537797707,0.109375,0.06679894179894186
11350,노원구,2024-06,61855.995623632385,59000.0,970.7570821106469,962.4639076034648,457,30668.725685785535,26000.0,494.651557792401,484.26150121065376,802,1334,532,0.3988005997001499,0.5095523554841505,0.49044764451584955,0.04884228219395559,0.027641962196222503,0.021200319997733086,0.2873239436619719,-0.1729696218226906
11350,노원구,2024-07,63243.59353970391,60000.0,978.7836163357994,968.5230024213075,743,30523.929494712105,26000.0,494.2024989342079,484.26150121065376,851,1422,571,0.4015471167369902,0.5049149686263831,0.4950850313736169,0.008268324149333983,-0.0009078286545729508,0.009176152803906934,0.62582056892779,0.06596701649175407
11350,노원구,2024-08,65998.86578449905,62000.0,988.7733943265903,966.2320294215981,529,31148.64970414201,27000.0,498.91859467876935,489.96175908221795,845,1352,507,0.375,0.5045833530124065,0.49541664698759347,0.010206319174189904,0.009542840747936543,0.0006634784262533611,-0.28802153432032307,-0.049226441631504914
11350,노원구,2024-09,61752.734375,57500.0,958.8367529561755,946.8189632919667,256,31011.603773584906,27000.0,499.6667174543648,493.75544583212314,689,1195,506,0.42343096234309624,0.5211176103897245,0.4788823896102755,-0.030276544193225674,0.001499488661225623,-0.0317760328544513,-0.5160680529300568,-0.11612426035502954
11350,노원구,2024-10,58764.45993031359,54500.0,966.871648082251,939.4800087393488,287,31798.709826589595,27800.0,511.2148166969075,489.6994258696386,865,1437,572,0.3980514961725818,0.5287307965963015,0.4712692034036985,0.008379836402081287,0.023111603873430697,-0.01473176747134941,0.12109375,0.20251046025104613
11350,노원구,2024-11,57014.18918918919,53250.0,973.687207483127,952.842071214329,296,32443.869182389935,27000.0,514.3177233331961,494.9911608721273,795,1332,537,0.40315315315315314,0.5282165765150085,0.47178342348499147,0.0070490839341441625,0.006069672738238108,0.0009794111959060547,0.03135888501742157,-0.07306889352818369
11350,노원구,2024-12,60091.70212765958,57000.0,975.1650090016042,961.1533840608731,235,34133.2143727162,28000.0,519.7093539167425,498.603909054647,821,1431,610,0.42627533193570927,0.5329450391670971,0.4670549608329029,0.00151773742852912,0.010483073670112475,-0.008965336241583355,-0.20608108108108103,0.07432432432432434
11350,노원구,2025-01,59648.85321100918,57150.0,952.0355305253859,924.2896610186801,218,31902.178723404257,27500.0,507.82607987517275,490.90909090909093,705,1204,499,0.41445182724252494,0.5334108482221522,0.46658915177784777,-0.02371852790318918,-0.0228652302522796,-0.0008532976509095791,-0.07234042553191489,-0.15863032844164915
11350,노원구,2025-02,60795.1871657754,56000.0,986.4724293700026,961.6714001390094,374,32421.79777553084,28000.0,510.22049416597287,493.82716049382714,989,1629,640,0.3928790669122161,0.5172171861831134,0.4827828138168866,0.03617186306651021,0.004715028206878857,0.031456834859631355,0.7155963302752293,0.35299003322259126
11350,노원구,2025-03,60621.88019966722,56300.0,992.8969229864929,968.5230024213075,601,31118.11078140455,27000.0,495.8662834502235,482.58003766478345,1011,1641,630,0.38391224862888484,0.49941365711833224,0.5005863428816677,0.006512593180727055,-0.028133347993426594,0.03464594117415365,0.606951871657754,0.007366482504604033
11350,노원구,2025-04,61636.72248803828,57500.0,990.0549562256924,968.584354372816,418,30797.87899543379,27000.0,488.1276210068708,478.3301927815626,876,1506,630,0.41832669322709165,0.4930308342354255,0.5069691657645745,-0.0028622978830996626,-0.015606349335766989,0.012744051452667327,-0.3044925124792013,-0.08226691042047529
11350,노원구,2025-05,60844.501754385965,57950.0,994.3002277843194,972.4513861077738,570,30267.09572072072,27000.0,488.64163770431855,475.7601170462168,888,1521,633,0.4161735700197239,0.4914427494331352,0.5085572505668647,0.0042879150616152995,0.0010530375158599448,0.0032348775457553547,0.36363636363636354,0.009960159362549792
11350,노원구,2025-06,64056.72316384181,60000.0,1007.9679169971934,985.4721549636805,885,31587.82268722467,27000.0,496.8526137094037,483.7256320487811,908,1522,614,0.40341655716162944,0.4929250280004569,0.5070749719995431,0.01374603850119871,0.016803676501374376,-0.0030576380001756664,0.5526315789473684,0.0006574621959236637
11350,노원구,2025-07,61586.63742690058,56250.0,979.4452891597477,958.3722689449562,342,32936.33867276888,29000.0,506.1033856187656,489.6994258696386,874,1476,602,0.4078590785907859,0.5167245084745311,0.4832754915254689,-0.0282971584278362,0.01861874458161239,-0.04691590300944859,-0.6135593220338983,-0.030223390275952666
11350,노원구,2025-08,63037.213541666664,57000.0,1008.4344284925596,988.9431756015667,384,30817.981286549708,27000.0,495.3436768497833,482.41206030150755,855,1406,551,0.3918918918918919,0.4912006798401747,0.5087993201598253,0.02959750754192836,-0.021259902768339334,0.05085741031026769,0.12280701754385959,-0.04742547425474253
11350,노원구,2025-09,64978.32487309645,59500.0,1047.591665854481,1022.2489476849067,591,30892.702194357367,27100.0,496.7088004477523,485.6254856254857,957,1650,693,0.42,0.474143520455182,0.525856479544818,0.03882973077432017,0.002755912029907659,0.03607381874441251,0.5390625,0.17354196301564717
11350,노원구,2025-10,65883.38345864661,61500.0,1042.213250919953,1005.2197339619464,665,32977.4794359577,28000.0,508.18792143480835,498.20645675567954,851,1485,634,0.42693602693602695,0.4876045482882079,0.5123954517117921,-0.00513407571846336,0.023110363610848728,-0.028244439329312088,0.1252115059221659,-0.09999999999999998
11350,노원구,2025-11,65682.34042553192,59300.0,1027.1808580623724,993.06851506265,235,33536.179569892476,29000.0,519.7175694015101,506.7567567567567,930,1604,674,0.42019950124688277,0.5059650063786059,0.49403499362139414,-0.014423528816498554,0.02268776466419964,-0.03711129348069819,-0.6466165413533835,0.08013468013468006
11350,노원구,2025-12,64167.102615694166,59500.0,1032.926447485888,1010.1010101010102,497,35133.05250875146,30000.0,538.7898042966974,517.1522151353215,857,1494,637,0.4263721552878179,0.5216148793634781,0.47838512063652194,0.005593551883700254,0.036697306418080666,-0.031103754534380412,1.1148936170212767,-0.0685785536159601
11350,노원구,2026-01,65779.86866791744,60000.0,1035.6091337740959,1002.905569007264,533,33848.142857142855,30000.0,525.4008430456101,510.51051051051047,1015,1794,779,0.4342251950947603,0.5073350803028155,0.4926649196971845,0.0025971706840670628,-0.02485006424456082,0.027447234928627884,0.07243460764587528,0.20080321285140568
11350,노원구,2026-02,63071.855,58000.0,1067.5560646071237,1047.2210224265664,800,32069.74477958237,28750.0,520.1432892558189,511.359728743112,862,1590,728,0.4578616352201258,0.48722807775649635,0.5127719222435037,0.030848444447957757,-0.010006747913297143,0.0408551923612549,0.5009380863039399,-0.11371237458193983
11350,노원구,2026-03,64385.79017264276,60000.0,1030.9186884579829,1009.4371418941691,753,30905.15945330296,27300.0,515.5547506281974,508.4745762711865,878,1656,778,0.46980676328502413,0.5000925450283075,0.49990745497169253,-0.03431892465771713,-0.00882168187575083,-0.0254972427819663,-0.05874999999999997,0.04150943396226414
11350,노원구,2026-04,63703.315579227696,60000.0,1054.7299930311833,1035.1966873706003,751,33740.26194398682,29500.0,540.1334734243751,529.703400887188,607,1065,458,0.4300469483568075,0.512105919991986,0.48789408000801404,0.023097170358621355,0.047674321235967154,-0.0245771508773458,-0.0026560424966799445,-0.3568840579710145
11380,은평구,2023-05,72611.85074626865,77000.0,1025.2857850875916,1029.654036243822,134,40995.21402214022,41000.0,573.22777940643,583.5765267081983,542,817,275,0.33659730722154224,0.5590907313295662,0.4409092686704338,,,,,
11380,은평구,2023-06,77235.65891472869,75500.0,1028.0290154345662,1049.4752623688155,129,41921.64638157895,42000.0,602.9747668226194,619.7723695718389,608,836,228,0.2727272727272727,0.5865347745731974,0.41346522542680264,0.0026755762996755195,0.05189383432706607,-0.04921825802739055,-0.03731343283582089,0.023255813953488413
11380,은평구,2023-07,75364.6225165563,78000.0,1050.7945382534879,1097.3606705935658,151,43186.96363636364,43000.0,604.8435658058812,612.4571427225369,605,943,338,0.3584305408271474,0.5756059284540858,0.42439407154591424,0.022144825172369487,0.0030992988199316507,0.019045526352437836,0.1705426356589148,0.12799043062200965
11380,은평구,2023-08,77865.36144578313,80250.0,1056.7683971303434,1051.4094706423332,166,43130.94915254237,45000.0,600.6891196674285,611.83668666902,590,977,387,0.3961105424769703,0.5684207829251906,0.4315792170748094,0.005685087483214835,-0.006868629135398763,0.012553716618613597,0.09933774834437092,0.036055143160127257
11380,은평구,2023-09,74153.54330708661,76500.0,1094.4032196344817,1113.9926912648828,127,43728.88224299066,46000.0,581.3215097455777,601.7651778550414,535,837,302,0.36081242532855434,0.5311767174257149,0.46882328257428507,0.03561312261639893,-0.03224231851006998,0.06785544112646891,-0.2349397590361446,-0.1432958034800409
11380,은평구,2023-10,68427.1568627451,65000.0,959.5581544985807,956.6807144392628,102,44313.46808510638,45000.0,593.186765913222,591.3021482476552,564,917,353,0.38495092693565974,0.6181874054555797,0.3818125945444203,-0.12321333007494051,0.0204108328502024,-0.1436241629251429,-0.19685039370078738,0.09557945041816018
11380,은평구,2023-11,71044.0,65250.0,1005.4327573882488,985.0571834042908,75,44244.59541984733,43000.0,627.4398782570496,635.5184182652702,393,593,200,0.3372681281618887,0.6240495683539413,0.3759504316460587,0.04780804860507892,0.057744228819896826,-0.009936180214817902,-0.2647058823529411,-0.3533260632497274
11380,은평구,2023-12,68990.31746031746,68500.0,993.2065236146431,960.501233874662,63,45653.264150943396,46000.0,619.31105051899,624.8388473950083,424,881,457,0.5187287173666288,0.6235471030386407,0.3764528969613593,-0.01216017051738505,-0.012955548443367215,0.0007953779259821658,-0.16000000000000003,0.48566610455311965
11380,은평구,2024-01,72425.0,73800.0,1069.1278836895403,1053.0551104518354,90,42709.09195402299,42950.0,611.4080952675944,615.4574505858682,435,716,281,0.3924581005586592,0.5718755488423297,0.4281244511576703,0.07644065787907994,-0.01276088202329484,0.08920153990237478,0.4285714285714286,-0.18728717366628833
11380,은평구,2024-02,68257.0796460177,73000.0,1023.6075775782067,1004.6291736432581,113,44308.56308411215,46000.0,620.1566410095767,625.110575978325,428,732,304,0.41530054644808745,0.6058538981089117,0.39414610189108834,-0.042577045090474996,0.014308848393892015,-0.05688589348436701,0.25555555555555554,0.022346368715083775
11380,은평구,2024-03,73055.5,73500.0,1054.47441714209,1024.407032113922,200,45513.3126142596,46700.0,642.3690844172297,647.8972788314289,547,994,447,0.44969818913480886,0.6091841337964586,0.39081586620354136,0.030154954144548718,0.03581747245581779,-0.005662518311269071,0.7699115044247788,0.3579234972677596
11380,은평구,2024-04,75447.44973544973,74500.0,1118.321654248769,1141.3107424402872,189,42926.333333333336,43000.0,608.1385821890909,613.5449130006637,528,823,295,0.35844471445929527,0.543795767415062,0.45620423258493803,0.06054887256508512,-0.05328790419481877,0.11383677675990389,-0.05500000000000005,-0.17203219315895368
11380,은평구,2024-05,77798.86363636363,78200.0,1083.3730466282,1088.7669804076845,220,48261.60243407708,50000.0,677.4565613175014,674.4653628221531,493,949,456,0.48050579557428874,0.6253215948338025,0.37467840516619755,-0.03125094420535535,0.11398385361259189,-0.14523479781794724,0.16402116402116396,0.15309842041312272
11380,은평구,2024-06,79150.71942446043,79450.0,1134.123036345447,1141.2892480957344,278,46974.95660749507,48000.0,652.1323736165215,675.3376688344172,507,757,250,0.33025099075297226,0.5750102526070954,0.4249897473929046,0.046844427111415676,-0.03738127157810689,0.08422569868952257,0.26363636363636367,-0.20231822971548996
11380,은평구,2024-07,80759.8606271777,80000.0,1152.8435370842642,1167.6396997497914,287,42630.47928994083,44000.0,604.4214677914799,635.3270051626203,507,777,270,0.3474903474903475,0.5242875102723512,0.4757124897276488,0.016506587150492358,-0.07316138219063073,0.08966796934112309,0.03237410071942448,0.026420079260237816
11380,은평구,2024-08,84583.79629629629,82000.0,1161.4791233945114,1160.4044052304685,216,46321.88630490956,48300.0,642.3230932796621,671.4571798798445,387,737,350,0.47489823609226595,0.553021643128999,0.44697835687100096,0.00749068371592565,0.06270727879119264,-0.055216595075266994,-0.2473867595818815,-0.051480051480051525
11380,은평구,2024-09,79283.89705882352,75250.0,1050.040932740378,992.5655874592434,136,39874.1129032258,38000.0,537.7151040207586,505.6604475117646,434,828,394,0.4758454106280193,0.5120896597977752,0.4879103402022248,-0.0959450655716022,-0.16285883281073,0.06691376723912779,-0.37037037037037035,0.12347354138398914
11380,은평구,2024-10,73672.72727272728,74300.0,1059.1971489021878,1067.7236445917295,132,47355.67741935484,47125.0,680.1099546163978,679.7850214427312,310,727,417,0.5735900962861072,0.6420994951896372,0.35790050481036284,0.008719865936953619,0.2648146751521079,-0.25609480921515426,-0.02941176470588236,-0.1219806763285024
11380,은평구,2024-11,68618.94354838709,66000.0,1027.683185645611,985.8644942940481,124,46075.64262295082,47500.0,658.186828659958,668.660918528946,305,871,566,0.6498277841561424,0.6404569402840545,0.35954305971594547,-0.029752688901437896,-0.03223467883043274,0.0024819899289948433,-0.06060606060606055,0.1980742778541953
11380,은평구,2024-12,67511.44791666667,62500.0,1026.4945435814318,1020.357390397688,96,46209.4670846395,46000.0,665.3668785675221,670.8032869361059,319,730,411,0.563013698630137,0.6481932931139235,0.3518067068860765,-0.0011566230534680866,0.0109088325607829,-0.012065455614250986,-0.22580645161290325,-0.16188289322617677
11380,은평구,2025-01,77778.99159663866,75500.0,1086.237184749757,1041.2968879422554,119,43679.32203389831,43000.0,615.8165510482494,643.4885091337655,413,681,268,0.3935389133627019,0.5669264132125239,0.4330735867874761,0.05820064172955419,-0.07447068544492375,0.13267132717447794,0.23958333333333326,-0.06712328767123288
11380,은평구,2025-02,72693.63636363637,75000.0,1083.4298645434153,1033.2998661311915,165,42987.808712121216,42000.0,604.2457407156278,588.5468961066856,528,801,273,0.3408239700374532,0.5577156034648096,0.44228439653519036,-0.0025844449497357536,-0.018789378611090646,0.016204933661354892,0.38655462184873945,0.17621145374449343
11380,은평구,2025-03,78144.425,74600.0,1130.2194809691223,1101.522745458587,280,45176.75294117647,45000.0,624.9131151393292,635.5042078616577,510,806,296,0.36724565756823824,0.5529130630481514,0.44708693695184865,0.043186566991510134,0.034203591405086886,0.008982975586423247,0.696969696969697,0.006242197253433224
11380,은평구,2025-04,76163.65482233503,72000.0,1087.9954357380773,1069.3916349809886,197,45824.34532374101,44100.0,656.1365864281388,647.3634651600754,417,717,300,0.41841004184100417,0.6030692453990187,0.39693075460098126,-0.037359155404788624,0.04996449991587726,-0.08732365532066588,-0.2964285714285714,-0.11042183622828783
11380,은평구,2025-05,80601.25099601594,78000.0,1147.3876951467225,1161.8589743589744,251,45683.32467532468,46000.0,640.261977266235,636.1173283072211,385,638,253,0.39655172413793105,0.5580171200845598,0.44198287991544016,0.054588702725903104,-0.024194061861908422,0.07878276458781153,0.2741116751269035,-0.11018131101813111
11380,은평구,2025-06,86565.78947368421,83000.0,1249.1178001303265,1275.4251417139046,418,46861.78666666667,47250.0,652.071813455094,651.5176924366929,450,679,229,0.33726067746686306,0.5220258756916764,0.47797412430832364,0.08866236357066315,0.018445318647976272,0.07021704492268688,0.6653386454183268,0.0642633228840126
11380,은평구,2025-07,78640.09433962264,78100.0,1160.9371120270564,1107.2785031365424,212,47896.41898148148,48000.0,666.1513554464394,651.5176924366929,432,750,318,0.424,0.5738048586312351,0.4261951413687649,-0.07059437316005723,0.021592011341117434,-0.09218638450117467,-0.49282296650717705,0.10456553755522835
11380,은평구,2025-08,80065.18348623853,83000.0,1147.91729774947,1124.965789177399,218,47067.00956937799,45750.0,646.05232979867,617.7197317331451,418,652,234,0.3588957055214724,0.5628038980380181,0.4371961019619819,-0.011214917795894341,-0.030171860318890298,0.018956942522995957,0.028301886792452935,-0.1306666666666667
11380,은평구,2025-09,85764.39873417722,86000.0,1222.854456804956,1197.4868707974856,316,45784.22535211268,48900.0,637.5132360449371,648.3087220342934,426,708,282,0.3983050847457627,0.5213320624521548,0.4786679375478452,0.06528097381440534,-0.013217340701168867,0.07849831451557421,0.4495412844036697,0.08588957055214719
11380,은평구,2025-10,93530.78947368421,91000.0,1292.3615392098675,1264.3213374265829,380,48251.1103117506,49300.0,646.0971013515729,647.134957053771,417,764,347,0.45418848167539266,0.4999352594062711,0.5000647405937289,0.05684002868707516,0.013464607197630984,0.04337542148944418,0.20253164556962022,0.07909604519774005
11380,은평구,2025-11,80127.24043715847,76500.0,1176.7478339331187,1145.4983922829583,183,50497.75063613232,52000.0,690.2233885202749,684.5312630436597,393,631,238,0.37717908082408874,0.5865516541579665,0.4134483458420335,-0.08945925870514027,0.06829668029216363,-0.1577559389973039,-0.5184210526315789,-0.1740837696335078
11380,은평구,2025-12,86006.23853211009,84100.0,1215.6320370046637,1151.7301468611277,218,50656.96717171717,52750.0,677.4198411901065,682.5938661096286,396,999,603,0.6036036036036037,0.5572573118912525,0.4427426881087475,0.033043785550537,-0.01854986015124327,0.051593645701780266,0.1912568306010929,0.5832012678288432
11380,은평구,2026-01,87916.52014652015,86000.0,1285.8320984398968,1231.2046700866797,273,50226.555555555555,52000.0,689.3704355657619,689.6958264560246,405,799,394,0.493116395494368,0.5361278789059448,0.4638721210940552,0.057747788227272334,0.017641340936604966,0.04010644729066737,0.2522935779816513,-0.20020020020020024
11380,은평구,2026-02,89241.22807017544,87650.0,1205.3434602386594,1119.1895458731233,342,48787.882697947214,49875.0,669.2294176565867,652.181852648641,341,627,286,0.45614035087719296,0.5552188564777035,0.4447811435222965,-0.0625965383030136,-0.029216538554696747,-0.033379999748316846,0.25274725274725274,-0.2152690863579474
11380,은평구,2026-03,76967.56329113925,79900.0,1134.2983574482946,1080.04004859689,316,49380.95464852608,50000.0,687.8180620227316,694.5409084595083,441,803,362,0.45080946450809467,0.606381960712735,0.393618039287265,-0.05894179139305056,0.027776191356375213,-0.08671798274942577,-0.07602339181286555,0.2807017543859649
11380,은평구,2026-04,81537.85185185185,81000.0,1151.8305531336682,1070.0586530636551,270,45465.62803234501,47000.0,632.9306615429367,630.1664380768804,371,746,375,0.5026809651474531,0.5494998025716428,0.45050019742835723,0.015456423409458075,-0.07979930087672071,0.09525572428617879,-0.14556962025316456,-0.07098381070983806
11410,서대문구,2023-05,87189.75409836066,83250.0,1136.3253922481113,1143.3613235746834,122,45933.01253918495,45000.0,627.4673199148565,602.5094518670261,319,521,202,0.3877159309021113,0.5521898253751704,0.44781017462482964,,,,,
11410,서대문구,2023-06,88764.39393939394,85000.0,1165.2044638684351,1164.6059883994235,132,47826.94150417827,45000.0,653.5966142340305,648.7379098844067,359,604,245,0.4056291390728477,0.560928690630067,0.439071309369933,0.025414438344275148,0.041642478404643635,-0.016228040060368487,0.08196721311475419,0.15930902111324374
11410,서대문구,2023-07,86149.55625,84000.0,1216.2632961131444,1233.7051962337482,160,48525.9125,48000.0,656.2284509871834,631.1571213892136,400,634,234,0.36908517350157727,0.5395447294054797,0.4604552705945203,0.043819633230030686,0.0040266988779267265,0.03979293435210396,0.21212121212121215,0.04966887417218535
11410,서대문구,2023-08,90357.53012048193,87950.0,1242.0296630420585,1203.1104561747743,166,49200.3175074184,47000.0,663.9592574718769,658.9785831960461,337,511,174,0.3405088062622309,0.5345760066999249,0.4654239933000751,0.02118485940606485,0.011780663384929113,0.009404196021135736,0.03750000000000009,-0.194006309148265
11410,서대문구,2023-09,89096.91780821918,83000.0,1189.1014097569184,1171.7748632092212,146,49423.68370607029,48000.0,664.0997868079478,667.3340006673341,313,540,227,0.4203703703703704,0.5584887725797131,0.4415112274202869,-0.042614323039197655,0.00021165355327079638,-0.04282597659246845,-0.12048192771084343,0.05675146771037176
11410,서대문구,2023-10,84815.78947368421,78000.0,1123.1856892051724,1121.2852269269315,76,51814.54390934844,50000.0,682.9260973706264,700.5022468939995,353,584,231,0.3955479452054795,0.608025995998847,0.391974004001153,-0.05543322042248766,0.028348617085346195,-0.08378183750783386,-0.4794520547945206,0.08148148148148149
11410,서대문구,2023-11,83335.17857142857,78000.0,1154.6747309702453,1072.5941957687778,56,52494.927680798006,53000.0,693.7045915536182,706.1232655847289,401,643,242,0.37636080870917576,0.6007792263460334,0.3992207736539666,0.028035472734126765,0.01578281196822129,0.012252660765905476,-0.26315789473684215,0.10102739726027399
11410,서대문구,2023-12,79864.86486486487,80250.0,1107.4239927301473,1118.8625739818249,74,52846.788321167885,51700.0,713.9923516106215,704.816244336298,411,737,326,0.4423337856173677,0.6447326013322201,0.3552673986677799,-0.04092125424828019,0.029245532326039436,-0.07016678657431963,0.3214285714285714,0.14618973561430804
11410,서대문구,2024-01,80873.95833333333,78350.0,1135.1341255274463,1146.9333684091848,96,53101.29314420804,52000.0,735.2102635357923,744.2322004465393,423,730,307,0.42054794520547945,0.647685808224797,0.35231419177520296,0.025022153194446117,0.029717281813043783,-0.004695128618597666,0.29729729729729737,-0.009497964721845276
11410,서대문구,2024-02,86509.30232558139,84000.0,1200.1105078968017,1178.9073129329931,86,52362.80352644836,53000.0,710.7495497251582,706.9635913750442,397,799,402,0.5031289111389237,0.5922367524060344,0.40776324759396565,0.057241149665167246,-0.033270364987829426,0.09051151465299667,-0.10416666666666663,0.09452054794520537
11410,서대문구,2024-03,89530.27586206897,89000.0,1270.6633626767823,1224.249558563861,145,51790.02865329513,50000.0,693.7020821091388,682.4385805277525,349,586,237,0.4044368600682594,0.5459369511117284,0.45406304888827165,0.05878863180993621,-0.023985196505029838,0.08277382831496605,0.6860465116279071,-0.2665832290362954
11410,서대문구,2024-04,90039.83957219252,86500.0,1212.677526169469,1201.4016352411147,187,50900.83276450512,50100.0,682.8051922273237,674.9740394600208,293,514,221,0.42996108949416345,0.5630558639806962,0.4369441360193038,-0.045634302688290385,-0.015708313644791305,-0.02992598904349908,0.289655172413793,-0.12286689419795227
11410,서대문구,2024-05,91405.30303030302,89250.0,1255.7285758006776,1205.4077254436124,198,51054.29473684211,50000.0,681.0143189443455,666.6666666666666,285,508,223,0.4389763779527559,0.5423260504445534,0.4576739495554466,0.03550082252055553,-0.0026228173179766445,0.038123639838532175,0.05882352941176472,-0.011673151750972721
11410,서대문구,2024-06,96630.06079027355,94200.0,1312.2286219519556,1288.6901259267977,329,53288.90378006873,52700.0,744.380041070947,744.1091360066143,291,498,207,0.41566265060240964,0.5672639878588175,0.4327360121411825,0.04499383643893928,0.09304609369275219,-0.0480522572538129,0.6616161616161615,-0.019685039370078705
11410,서대문구,2024-07,99979.01275510204,98250.0,1327.4277515061422,1347.353074594025,392,50612.29367088607,50500.0,699.377807534741,718.49234393404,395,683,288,0.4216691068814056,0.5268669475541735,0.4731330524458265,0.011582684068861093,-0.06045599163494608,0.07203867570380718,0.1914893617021276,0.37148594377510036
11410,서대문구,2024-08,97604.69827586207,95900.0,1302.0152266660498,1265.038924274593,232,56698.93251533742,58000.0,781.6695819006034,800.616163732708,326,527,201,0.38140417457305503,0.600353640949463,0.399646359050537,-0.019144186801321905,0.11766426311972245,-0.13680844992104435,-0.40816326530612246,-0.22840409956076135
11410,서대문구,2024-09,84342.52336448598,80000.0,1188.5764157627352,1166.3607542132488,107,55256.91459074733,55000.0,758.9359804375271,769.8731884967556,281,514,233,0.45330739299610895,0.6385251889341094,0.36147481106589063,-0.08712556395656512,-0.02908339020663986,-0.05804217374992526,-0.5387931034482758,-0.024667931688804545
11410,서대문구,2024-10,90468.0,83875.0,1277.6967717658124,1218.4952570006021,150,54696.06734006734,53500.0,763.2098315576695,777.0190722863198,297,594,297,0.5,0.5973325192822491,0.40266748071775094,0.07498075413677685,0.005631372382264077,0.06934938175451277,0.4018691588785046,0.1556420233463034
11410,서대문구,2024-11,92456.07638888889,88500.0,1278.2256008674754,1213.7540850824669,144,56031.37869822485,54800.0,746.6028263966641,752.3600751970148,338,585,247,0.4222222222222222,0.5840931568652495,0.41590684313475046,0.00041389249260759264,-0.02175942247377949,0.02217331496638708,-0.040000000000000036,-0.015151515151515138
11410,서대문구,2024-12,64535.73853211009,49450.0,1369.4085511294056,1465.221124946329,218,54186.42385786802,53000.0,748.0530489286891,750.8760220256967,394,711,317,0.44585091420534456,0.5462599516497396,0.4537400483502604,0.07133556877600356,0.0019424283980067347,0.06939314037799682,0.5138888888888888,0.21538461538461529
11410,서대문구,2025-01,94346.21212121213,90000.0,1355.9267052399891,1325.6412633732411,132,51835.82113821138,51450.0,720.4155190459369,719.2078677995585,369,625,256,0.4096,0.5313085996919197,0.4686914003080803,-0.00984501365812085,-0.03694594911728899,0.02710093545916814,-0.39449541284403666,-0.1209563994374121
11410,서대문구,2025-02,95782.10280373832,93000.0,1361.3426363947256,1341.567421969432,214,52860.04827586207,50925.0,728.8151201961692,704.816244336298,435,721,286,0.39667128987517336,0.5353649409867208,0.4646350590132792,0.0039942654229070396,0.01165938396407129,-0.007665118541164251,0.6212121212121211,0.15359999999999996
11410,서대문구,2025-03,104313.52583586627,102000.0,1395.810348453106,1370.7165109034268,329,54364.86046511628,53000.0,726.9028227696319,716.5211661999671,387,659,272,0.41274658573596357,0.5207747768708086,0.47922522312919136,0.02531891027057087,-0.0026238443379476006,0.027942754608518472,0.5373831775700935,-0.0859916782246879
11410,서대문구,2025-04,97576.76579925651,92100.0,1353.6611240943405,1259.803103620891,269,53091.181818181816,51000.0,710.7019006275359,700.4669779853235,341,601,260,0.43261231281198004,0.5250220221128291,0.4749779778871709,-0.03019695648873566,-0.022287603837288117,-0.007909352651447543,-0.18237082066869303,-0.08801213960546284
11410,서대문구,2025-05,101281.13513513513,96500.0,1394.6392184119998,1400.329489291598,370,53715.26829268293,52500.0,728.6156529066377,729.2525014714538,369,590,221,0.37457627118644066,0.5224402435321394,0.47755975646786064,0.030272047847333505,0.025205718829912183,0.005066329017421323,0.3754646840148699,-0.01830282861896837
11410,서대문구,2025-06,109391.43327556326,106000.0,1445.1326844514247,1414.9841481728683,577,54351.39142857143,55000.0,742.787538196521,738.2004466117805,350,608,258,0.4243421052631579,0.5139926223995721,0.4860073776004279,0.0362053966164233,0.019450426618407013,0.01675496999801629,0.5594594594594595,0.03050847457627115
11410,서대문구,2025-07,97347.55555555556,96500.0,1369.6489045988837,1388.888888888889,135,54469.06306306306,53000.0,744.241081954851,750.8760220256967,333,582,249,0.42783505154639173,0.5433809200707607,0.45661907992923934,-0.05223311372352968,0.0019568768774165246,-0.0541899906009462,-0.7660311958405546,-0.042763157894736836
11410,서대문구,2025-08,99889.9375,95250.0,1378.564303659577,1324.2166303788995,160,55405.32666666667,53775.0,742.4332650729094,741.9201398804498,300,518,218,0.42084942084942084,0.5385554109460287,0.46144458905397134,0.006509258709117338,-0.0024290742956476485,0.008938333004764987,0.18518518518518512,-0.10996563573883167
11410,서대문구,2025-09,111850.3514986376,108000.0,1494.4071331515445,1518.039963284615,367,56198.08888888889,56000.0,757.9784010040652,750.8760220256967,315,535,220,0.411214953271028,0.507210106395551,0.492789893604449,0.08403150232778245,0.02093809189655471,0.06309341043122774,1.2937500000000002,0.032818532818532864
11410,서대문구,2025-10,112084.2270531401,108375.0,1495.9693351971139,1518.4509919552488,414,57449.96875,59400.0,757.48006274714,767.56215584849,288,486,198,0.4074074074074074,0.5063473193769256,0.49365268062307444,0.0010453657580413722,-0.0006574570677279068,0.001702822825769279,0.12806539509536785,-0.09158878504672896
11410,서대문구,2025-11,96983.8041958042,95000.0,1287.7915726013441,1220.309435606886,143,57800.86855670103,57750.0,783.7294376630385,800.6955388121793,388,661,273,0.4130105900151286,0.6085840708523212,0.39141592914767875,-0.13915911088400723,0.03465355222776467,-0.1738126631117719,-0.6545893719806763,0.36008230452674894
11410,서대문구,2025-12,99194.33884297521,95000.0,1342.1560352739737,1294.5441718885727,242,58618.82278481012,59000.0,799.4731777076753,794.585050029429,395,793,398,0.501891551071879,0.5956633630489016,0.40433663695109845,0.04221526513239482,0.02008823362764356,0.02212703150475126,0.6923076923076923,0.199697428139183
11410,서대문구,2026-01,106189.81132075471,100000.0,1395.8374690241094,1313.1313131313132,265,60221.55072463768,59500.0,800.0220535205503,791.5225067929204,414,712,298,0.41853932584269665,0.5731484297236128,0.4268515702763872,0.03999641795685682,0.0006865468763428417,0.03930987108051398,0.0950413223140496,-0.1021437578814628
11410,서대문구,2026-02,98403.84888888888,90800.0,1344.1463053920052,1250.8338892595063,225,60478.60727272727,61000.0,811.6455025969957,802.4095818528367,275,609,334,0.548440065681445,0.6038371711034004,0.3961628288965996,-0.037032365715360616,0.014528910828514707,-0.05156127654387532,-0.15094339622641506,-0.1446629213483146
11410,서대문구,2026-03,101507.15481171547,97000.0,1354.9526627683963,1262.9561884853235,239,59080.25597269624,58800.0,780.8886581493581,817.2114743162108,293,557,264,0.473967684021544,0.5763217266600821,0.4236782733399179,0.008039569303610605,-0.03789443094211198,0.045934000245722584,0.06222222222222218,-0.08538587848932677
11410,서대문구,2026-04,98691.43951612903,92250.0,1305.5039813044687,1185.4617010697175,248,57386.01298701299,59500.0,784.5952894745044,793.0214115781126,231,449,218,0.48552338530066813,0.6009903460352004,0.3990096539647996,-0.03649476680823349,0.004746683520709283,-0.041241450328942775,0.03765690376569042,-0.19389587073608616
11440,마포구,2023-05,120708.28571428571,121000.0,1600.1197508914972,1646.8002247564255,175,58586.70751633987,55050.0,775.8071817042053,741.6127236374231,612,1030,418,0.4058252427184466,0.4848432008116698,0.5151567991883301,,,,,
11440,마포구,2023-06,119182.95454545454,114000.0,1616.8221774190658,1725.359476855371,176,57597.936090225565,55000.0,773.8545050148931,741.7438123037397,532,1303,771,0.5917114351496546,0.47862684952169415,0.5213731504783059,0.01043823533723831,-0.00251696134730639,0.0129551966845447,0.005714285714285783,0.2650485436893204
11440,마포구,2023-07,119038.08510638298,117750.0,1619.3979436217094,1599.5749929689923,188,58865.244036697244,58000.0,790.4559060441952,743.8894792773646,545,1008,463,0.4593253968253968,0.48811714820161917,0.5118828517983809,0.0015931042007075735,0.021452871207337187,-0.019859767006629614,0.06818181818181812,-0.22640061396776667
11440,마포구,2023-08,119825.42857142857,117500.0,1652.307223714152,1611.9922812632371,175,60920.76908752328,58000.0,804.7172091916733,788.7049659201558,537,936,399,0.42628205128205127,0.48702638204460746,0.5129736179553925,0.020321922861555874,0.018041870569160734,0.0022800522923951405,-0.06914893617021278,-0.0714285714285714
11440,마포구,2023-09,119911.38888888889,118500.0,1601.4970094091248,1560.477873617502,144,56861.77620967742,55000.0,759.5440575423335,741.0109313907496,496,866,370,0.42725173210161665,0.47427129309630656,0.5257287069036934,-0.03075106952011819,-0.05613543631646156,0.02538436679634337,-0.17714285714285716,-0.07478632478632474
11440,마포구,2023-10,107687.80487804877,109400.0,1451.9154682529313,1402.065975374667,82,60393.09272727273,57025.0,800.4621023823942,780.1417683012046,550,1014,464,0.45759368836291914,0.5513145357873889,0.44868546421261113,-0.09340107429322131,0.05387185171648867,-0.14727292600970998,-0.4305555555555556,0.17090069284064668
11440,마포구,2023-11,118023.5294117647,120250.0,1496.0795498756236,1472.3663731231545,68,59647.30037313433,59250.0,810.2688197625052,800.1976960121491,536,910,374,0.41098901098901097,0.5415947432941429,0.4584052567058571,0.030417805022653566,0.012251320019927903,0.018166485002725663,-0.1707317073170732,-0.10256410256410253
11440,마포구,2023-12,112929.57746478873,106700.0,1506.6496517514242,1500.500166722241,71,63887.30809859155,62000.0,836.8110677382448,824.5820575149891,568,1066,498,0.46716697936210133,0.5554118482458633,0.4445881517541367,0.007065200427797791,0.03275733599562569,-0.0256921355678279,0.044117647058823595,0.17142857142857149
11440,마포구,2024-01,118150.4,115000.0,1590.3801090538782,1582.5763637219372,125,62281.389982110915,60000.0,857.522230913707,833.9588024351598,559,1098,539,0.49089253187613846,0.5391932570282518,0.4608067429717482,0.05557393997013205,0.024750106653633086,0.03082383331649896,0.7605633802816902,0.030018761726078758
11440,마포구,2024-02,117370.27027027027,109000.0,1511.2763885463162,1515.8664621918133,111,59605.04051172708,58000.0,831.0176551032268,813.9672053792616,469,966,497,0.5144927536231884,0.5498780113295991,0.4501219886704009,-0.04973887692459955,-0.030908325003118575,-0.018830551921480976,-0.11199999999999999,-0.1202185792349727
11440,마포구,2024-03,119938.00904977375,120000.0,1651.4253072300876,1616.7558980996646,221,58237.05728314239,57000.0,791.6614679399285,784.4557084238475,611,1174,563,0.479557069846678,0.4793807291640523,0.5206192708359477,0.09273546503203134,-0.04735902651600066,0.140094491548032,0.9909909909909911,0.21532091097308492
11440,마포구,2024-04,121142.20472440944,121000.0,1672.12972293596,1679.4160851607476,254,63135.32846715328,59000.0,816.956991253802,801.7429193899782,411,796,385,0.4836683417085427,0.48857273454799427,0.5114272654520058,0.012537300727575529,0.03195244980117318,-0.01941514907359765,0.1493212669683257,-0.32197614991482115
11440,마포구,2024-05,132302.87769784173,132500.0,1723.6101531315628,1708.5298523908282,278,60637.94398340249,60000.0,840.7031069617778,811.0969383770262,482,938,456,0.4861407249466951,0.4877571099441111,0.5122428900558889,0.03078734232725222,0.02906654323568758,0.0017207990915646398,0.09448818897637801,0.17839195979899491
11440,마포구,2024-06,132893.68686868687,134000.0,1744.8999389895514,1744.9282024549855,396,63554.85494505495,60000.0,854.8287134952586,825.5690529543577,455,840,385,0.4583333333333333,0.48990127994977106,0.5100987200502289,0.012351856839151187,0.016802134328406826,-0.0044502774892556385,0.4244604316546763,-0.10447761194029848
11440,마포구,2024-07,134089.98850574714,133000.0,1759.492455751646,1749.9579337035168,435,66482.76211453744,65000.0,876.5840592063698,853.988159849727,454,801,347,0.4332084893882647,0.49820279498265746,0.5017972050173425,0.008362953333900025,0.025449947302491838,-0.017086993968591813,0.0984848484848484,-0.046428571428571375
11440,마포구,2024-08,131823.102310231,123000.0,1710.77052409684,1684.5140032948927,303,60949.76356589147,60000.0,816.1464367096597,834.5283633728181,516,951,435,0.45741324921135645,0.4770636536075021,0.5229363463924979,-0.027690901143416546,-0.06894675058479649,0.041255849441379944,-0.303448275862069,0.18726591760299627
11440,마포구,2024-09,128384.32835820895,124750.0,1651.3191397849178,1566.000153982171,134,57665.92277227723,58640.0,747.8861596673594,788.6064030131828,505,848,343,0.4044811320754717,0.45290225350671504,0.5470977464932849,-0.034751232543773325,-0.08363729102034123,0.048886058476567906,-0.5577557755775577,-0.10830704521556256
11440,마포구,2024-10,126111.32075471699,120000.0,1639.5588769175579,1597.7719143946058,159,66203.77165354331,63630.0,885.198054319338,880.7318129968501,508,879,371,0.42207053469852107,0.5399001321523439,0.4600998678476561,-0.007121738362998453,0.1835999943000033,-0.19072173266300174,0.18656716417910446,0.03655660377358494
11440,마포구,2024-11,133604.9079754601,134500.0,1780.1433220944969,1695.2699874424445,163,65118.48453608248,63000.0,884.3329255179324,875.4377188594298,485,849,364,0.4287396937573616,0.49677625084559823,0.5032237491544018,0.08574528622067157,-0.0009773279518455746,0.08672261417251714,0.02515723270440251,-0.03412969283276446
11440,마포구,2024-12,132886.71875,122500.0,1845.5938916366338,1764.3261302163228,128,59998.053872053875,60000.0,821.5693883935729,826.4906160607234,594,1096,502,0.458029197080292,0.44515177044990245,0.5548482295500976,0.036767022480599154,-0.0709727471558298,0.10773976963642895,-0.21472392638036808,0.2909305064782097
11440,마포구,2025-01,135057.72455089822,128000.0,1860.7482913613192,1795.2049131923939,167,62495.293413173655,61500.0,853.4837023534427,851.4190317195325,501,1168,667,0.5710616438356164,0.45867767624230144,0.5413223237576985,0.008211123689430222,0.038845549031801596,-0.030634425342371374,0.3046875,0.06569343065693434
11440,마포구,2025-02,142970.4802259887,142750.0,1934.073672168382,1902.8530513246756,354,63425.87671232877,63000.0,860.247000079465,825.0825082508251,657,1137,480,0.42216358839050133,0.44478502161450817,0.5552149783854918,0.03940639427024184,0.007924343144892987,0.03148205112534885,1.1197604790419162,-0.02654109589041098
11440,마포구,2025-03,144281.74603174604,144750.0,1950.9297221433856,1947.6158495634654,567,66017.23387096774,65000.0,894.1605236727031,882.9242481588292,620,1099,479,0.43585077343039125,0.4583253376704596,0.5416746623295404,0.008715309151644313,0.03942300710157132,-0.030707697949927004,0.6016949152542372,-0.033421284080914715
11440,마포구,2025-04,141626.3323782235,140500.0,1896.8658397541878,1865.9608207842998,349,66365.7298657718,65000.0,890.4813983187073,862.4359587668968,596,1088,492,0.4522058823529412,0.46944880320798205,0.530551196792018,-0.027711855417221543,-0.004114613938539846,-0.023597241478681696,-0.3844797178130511,-0.010009099181073733
11440,마포구,2025-05,150753.62473347547,147000.0,1957.4473555608158,1929.165017807677,469,65091.80917431193,63000.0,876.7553049156052,843.6558419819216,545,1009,464,0.45986124876114964,0.447907476246998,0.552092523753002,0.03193769139438918,-0.01541423934179642,0.0473519307361856,0.3438395415472779,-0.07261029411764708
11440,마포구,2025-06,155099.72602739726,149950.0,2002.2181349344016,1950.650216738913,730,68798.72592592593,65050.0,917.7321202529124,902.039271583807,540,966,426,0.4409937888198758,0.45835771050139845,0.5416422894986015,0.022872022200953968,0.046736888967271906,-0.023864866766317938,0.556503198294243,-0.04261645193260655
11440,마포구,2025-07,128133.09352517985,120000.0,1637.8403743712156,1567.4908316573997,139,67292.27606177607,65000.0,884.4307312341233,843.4008763024486,518,951,433,0.45531019978969506,0.5399981250148786,0.46000187498512135,-0.1819870443712288,-0.036286611619970044,-0.14570043275125877,-0.8095890410958904,-0.01552795031055898
11440,마포구,2025-08,137867.27748691099,134500.0,1884.9264287974074,1828.1535648994516,191,65653.70658682635,63000.0,895.96512346898,861.0521349374852,501,903,402,0.44518272425249167,0.4753316149535928,0.5246683850464072,0.15086088869988368,0.013041600464020142,0.13781928823586354,0.3741007194244603,-0.050473186119873836
11440,마포구,2025-09,153781.55963302753,141000.0,2065.324323268592,1933.9779926642216,545,66278.59636363636,65000.0,882.7882949536088,889.4307413792271,550,967,417,0.4312306101344364,0.42743325346428107,0.5725667465357189,0.0957055361499064,-0.014706854285079118,0.11041239043498552,1.8534031413612566,0.07087486157253609
11440,마포구,2025-10,156223.2101616628,145000.0,2072.370778621027,1998.800719568259,433,68137.474,66500.0,895.9688760690601,888.2987791385522,500,974,474,0.486652977412731,0.4323400451849863,0.5676599548150136,0.003411791200562453,0.014930625146251986,-0.011518833945689533,-0.20550458715596331,0.007238883143743546
11440,마포구,2025-11,118310.10638297872,117500.0,1583.2084289682446,1450.6427644769428,94,70136.32849364792,70000.0,946.548414744139,933.6445481827276,551,1010,459,0.45445544554455447,0.5978672153488923,0.4021327846511077,-0.23603997638794894,0.05645233894394819,-0.2924923153318971,-0.7829099307159353,0.03696098562628336
11440,마포구,2025-12,138265.95744680852,139000.0,1810.2731496768522,1708.3412865050582,141,69222.55008787346,68250.0,934.2195402152363,911.7896522476676,569,1125,556,0.49422222222222223,0.5160655122029522,0.48393448779704784,0.1434206113067391,-0.013025086025034827,0.15644569733177394,0.5,0.11386138613861396
11440,마포구,2026-01,140012.65060240965,134750.0,1916.7012401024726,1759.5381526104418,166,69733.91783216783,69500.0,941.4981877023828,917.8335739914087,572,1172,600,0.5119453924914675,0.49120758520094004,0.5087924147990599,0.05879117769858033,0.007791153121748717,0.051000024576831615,0.17730496453900702,0.04177777777777769
11440,마포구,2026-02,143771.78431372548,141000.0,1850.9476050621486,1647.6403436507003,153,67987.74709976798,66000.0,925.6277892260873,898.0006777363606,431,870,439,0.5045977011494253,0.5000831934381027,0.4999168065618973,-0.0343056255532076,-0.016856536405051803,-0.017449089148155794,-0.07831325301204817,-0.25767918088737196
11440,마포구,2026-03,132590.9090909091,125000.0,1843.5313984531415,1575.5066612602081,154,70586.44938271605,67000.0,924.4452402203092,913.0658436213992,405,1027,622,0.6056475170399221,0.5014534826995553,0.49854651730044475,-0.004006708017409322,-0.0012775642861444503,-0.0027291437312648714,0.006535947712418277,0.18045977011494263
11440,마포구,2026-04,141488.93805309734,132000.0,1895.1421911520645,1647.5492117065432,113,70400.6696969697,67297.5,940.3764972786313,882.9211295928483,330,704,374,0.53125,0.49620366306497177,0.5037963369350282,0.027995613604535396,0.01723331611781087,0.010762297486724526,-0.26623376623376627,-0.31450827653359303
11470,양천구,2023-05,116951.77304964539,109300.0,1476.185073825295,1369.4054776219104,141,50108.553846153845,45000.0,632.038862502276,628.1407035175879,650,944,294,0.3114406779661017,0.4281569253809412,0.5718430746190588,,,,,
11470,양천구,2023-06,116316.85393258427,110000.0,1438.4716682439612,1446.243046646814,178,46578.05263157895,42000.0,590.5516460448988,615.3088850603002,703,994,291,0.29275653923541245,0.41054103398909814,0.5894589660109019,-0.02554788437442035,-0.06564029353057033,0.04009240915614998,0.26241134751773054,0.052966101694915224
11470,양천구,2023-07,120964.15662650602,106000.0,1425.246030258149,1337.3580109088284,166,51512.47145187602,47000.0,652.148996963662,653.53286607312,613,931,318,0.34156820622986034,0.45756941827478087,0.5424305817252191,-0.009194229040296431,0.10430476543634937,-0.1134989944766458,-0.0674157303370787,-0.06338028169014087
11470,양천구,2023-08,117037.76041666667,106750.0,1492.6010278847007,1444.5557782231128,192,40757.05946601942,35000.0,521.5059007435444,530.0162634232787,824,1155,331,0.2865800865800866,0.34939403832691807,0.6506059616730819,0.047258505687156394,-0.20032706763083008,0.24758557331798647,0.15662650602409633,0.24060150375939848
11470,양천구,2023-09,127799.72777777778,120000.0,1631.3743285769453,1652.073481403408,180,52321.142857142855,46000.0,661.5810510434454,667.8905444275831,630,962,332,0.34511434511434513,0.4055360192044614,0.5944639807955385,0.09297414252013003,0.2685974407963301,-0.17562329827620005,-0.0625,-0.16709956709956708
11470,양천구,2023-10,122988.99082568807,118000.0,1516.8943441069553,1527.66308835673,109,51177.0217948718,46750.0,646.988737106031,665.1048336200279,780,1179,399,0.3384223918575064,0.42652195231628615,0.5734780476837138,-0.070173952393778,-0.0220567289743252,-0.04811722341945279,-0.3944444444444445,0.22557172557172556
11470,양천구,2023-11,133726.2931034483,129000.0,1579.4357832115932,1689.5207679960986,116,59915.55444126074,54000.0,731.0600711063507,740.4403288008682,698,1023,325,0.3176930596285435,0.46286153503488936,0.5371384649651106,0.04122992438307094,0.12994250004469832,-0.08871257566162738,0.06422018348623859,-0.1323155216284987
11470,양천구,2023-12,122912.64367816092,113000.0,1546.6039205655652,1663.6370821149135,87,57096.1087928465,52500.0,718.8354062713911,730.0792657488528,671,1009,338,0.33498513379583744,0.4647831268968502,0.5352168731031498,-0.020787082953932057,-0.01672183356486623,-0.004065249389065828,-0.25,-0.013685239491691092
11470,양천구,2024-01,99270.94017094017,89000.0,1300.9226058272295,1200.2824193927981,117,54674.670731707316,50000.0,699.7686282762143,715.3635735914813,656,990,334,0.3373737373737374,0.5379018130223404,0.4620981869776596,-0.15885212204071908,-0.02652453931571963,-0.13232758272499945,0.3448275862068966,-0.018830525272547027
11470,양천구,2024-02,109212.32876712328,94350.0,1359.8143509286704,1244.2967797168785,146,56148.70526315789,51000.0,706.4365325962328,706.939570256076,570,830,260,0.3132530120481928,0.5195095434268506,0.48049045657314937,0.04526921496916625,0.009528727140060589,0.03574048782910566,0.24786324786324787,-0.16161616161616166
11470,양천구,2024-03,112602.7950310559,100000.0,1378.2545026578193,1236.6593257665593,161,53477.865793780686,50000.0,696.770200697842,704.4314381270904,611,981,370,0.37716615698267075,0.5055453832033153,0.4944546167966847,0.013560786232734934,-0.013683227653680352,0.027244013886415286,0.10273972602739723,0.18192771084337345
11470,양천구,2024-04,115557.05128205128,103350.0,1388.796642984689,1221.1893916284719,156,50714.778523489935,47000.0,678.2493949684598,697.6778838703524,596,860,264,0.30697674418604654,0.4883720006053739,0.5116279993946261,0.007648906864835325,-0.02658093832203634,0.034229845186871666,-0.03105590062111796,-0.1233435270132518
11470,양천구,2024-05,117151.35135135135,105000.0,1437.2607186025891,1390.0909671755999,222,52679.04700162075,48500.0,695.2570609004747,698.0138333650613,617,1014,397,0.3915187376725838,0.4837376071729386,0.5162623928270613,0.034896452164332015,0.025075829124485693,0.009820623039846321,0.42307692307692313,0.17906976744186043
11470,양천구,2024-06,124251.07913669065,123000.0,1589.8885779706047,1556.200689792993,278,55962.38898450947,50200.0,722.3264462035604,719.3041150886584,581,830,249,0.3,0.4543252000247501,0.5456747999752499,0.10619357879370117,0.038934355111800434,0.06725922368190074,0.25225225225225234,-0.18145956607495073
11470,양천구,2024-07,118401.61434977579,110000.0,1518.7761996115637,1407.647932491299,446,53359.16271721959,50000.0,705.5447144479778,704.3158163723384,633,947,314,0.33157338965153116,0.46454817676786425,0.5354518232321357,-0.044727900649372265,-0.023232891227761288,-0.021495009421610978,0.60431654676259,0.14096385542168677
11470,양천구,2024-08,118784.26315789473,114500.0,1552.4750252832391,1400.4118906973467,380,56335.364102564105,52000.0,731.7619024850424,725.8514796203239,585,871,286,0.3283582089552239,0.4713518031322514,0.5286481968677486,0.022188144428582746,0.03715879022292312,-0.014970645794340376,-0.14798206278026904,-0.08025343189017953
11470,양천구,2024-09,125412.6404494382,123500.0,1586.3519312156886,1552.6216247603556,178,55700.03301886792,54750.0,727.2519672015723,733.0859616573903,424,674,250,0.37091988130563797,0.4584430181543942,0.5415569818456059,0.02182122441954837,-0.006163118451718352,0.02798434287126672,-0.531578947368421,-0.22617680826636055
11470,양천구,2024-10,122376.25581395348,98150.0,1472.346638084136,1254.8466894217452,172,55333.449044585985,50000.0,718.1940705756354,733.6776831353061,628,995,367,0.3688442211055276,0.4877887122492922,0.5122112877507078,-0.07186633110106,-0.012454963388811802,-0.0594113677122482,-0.0337078651685393,0.47626112759643924
11470,양천구,2024-11,138711.03184713377,132000.0,1638.964286749878,1566.9180018850143,157,60318.80104712042,57000.0,767.7228231628823,757.7192650123129,573,907,334,0.36824696802646084,0.4684194947806354,0.5315805052193646,0.11316468850198902,0.06896290935338611,0.044201779148602904,-0.08720930232558144,-0.08844221105527639
11470,양천구,2024-12,130527.58620689655,126000.0,1645.920550492214,1529.7717109908212,145,61623.467741935485,57000.0,755.5906499284554,755.0430390690074,558,958,400,0.4175365344467641,0.45906872582792363,0.5409312741720764,0.0042443046493285674,-0.015802803913584906,0.020047108562913474,-0.07643312101910826,0.05622932745314224
11470,양천구,2025-01,127784.4827586207,128500.0,1645.8034160292077,1627.9344107585232,116,56718.734375,52000.0,738.2924429906925,730.040139819575,512,832,320,0.38461538461538464,0.44859090447870975,0.5514090955212902,-7.116653532956985e-05,-0.02289362228000147,0.0228224557446719,-0.19999999999999996,-0.13152400835073064
11470,양천구,2025-02,120431.02678571429,119500.0,1578.846969885327,1459.8804546536621,224,56401.2352,52000.0,712.8223456479797,710.9879963065558,625,986,361,0.3661257606490872,0.4514828601151589,0.5485171398848411,-0.04068313717893779,-0.03449865643963246,-0.006184480739305331,0.9310344827586208,0.18509615384615374
11470,양천구,2025-03,138380.4828973843,130500.0,1726.462336349562,1622.453813358598,497,56144.86541471048,50000.0,718.7481545143313,701.5590200445434,639,979,340,0.3472931562819203,0.4163126755687326,0.5836873244312675,0.09349567708576356,0.008313163725198525,0.08518251336056504,1.21875,-0.007099391480730244
11470,양천구,2025-04,144143.57798165138,143000.0,1827.0249233752986,1733.7956788476927,327,56399.06375227687,50000.0,707.9428625109657,694.2810072958342,549,949,400,0.4214963119072708,0.38748396557343706,0.612516034426563,0.05824777344310128,-0.015033488344282309,0.07328126178738359,-0.3420523138832998,-0.03064351378958119
11470,양천구,2025-05,134222.0338983051,127000.0,1645.1580745245637,1518.0042362908919,413,56280.76451077944,52500.0,724.4018244801205,721.0467706013362,603,945,342,0.3619047619047619,0.44032353832592425,0.5596764616740757,-0.09954262064184038,0.023248997681504013,-0.1227916183233444,0.2629969418960245,-0.004214963119072657
11470,양천구,2025-06,145917.17647058822,136000.0,1770.5691084757154,1531.4576464090246,595,54521.15909090909,50000.0,695.774287153281,710.1434609142889,748,1019,271,0.26594700686947986,0.3929664670091718,0.6070335329908282,0.07623038533084081,-0.0395188641985883,0.11574924952942911,0.44067796610169485,0.07830687830687832
11470,양천구,2025-07,137255.77889447237,114800.0,1861.4820089433622,1459.3562465902892,199,59726.39897260274,54600.0,747.1064452423155,750.2123843029194,584,931,347,0.3727175080558539,0.40135034432398164,0.5986496556760184,0.05134671108427602,0.07377702659731367,-0.022430315513037646,-0.665546218487395,-0.08635917566241413
11470,양천구,2025-08,110003.43511450382,104000.0,1424.2927463877504,1235.730257738025,131,45642.26056338028,38415.0,577.9654054526624,585.3286206547076,710,1085,375,0.3456221198156682,0.40579115980087754,0.5942088401991225,-0.23486085842096027,-0.22639483418563489,-0.008466024235325387,-0.3417085427135679,0.16541353383458657
11470,양천구,2025-09,122276.00536193029,112000.0,1584.4709001760673,1362.673570251824,373,56645.08442776735,52500.0,727.3306317654191,730.6889352818371,533,882,349,0.3956916099773243,0.4590369136376046,0.5409630863623953,0.11246153867914876,0.2584328143235042,-0.1459712756443554,1.8473282442748094,-0.18709677419354842
11470,양천구,2025-10,135261.99541284403,118000.0,1713.166900549049,1412.0969639915274,436,54171.08387096774,49785.0,688.6177011151586,709.7313682450089,620,950,330,0.3473684210526316,0.4019559920837048,0.5980440079162952,0.08122332846799574,-0.05322604185704949,0.13444937032504523,0.16890080428954413,0.07709750566893425
11470,양천구,2025-11,133297.86585365853,120000.0,1867.4347077336488,1441.6563511903328,164,64586.91341991342,59000.0,806.21646424052,811.8765947575968,693,1042,349,0.33493282149712095,0.43172404416696225,0.5682759558330377,0.09004832345007308,0.17077510922957706,-0.08072678577950398,-0.6238532110091743,0.09684210526315784
11470,양천구,2025-12,145355.45454545456,141000.0,1983.9822758329344,1591.1120498670598,220,63858.1265625,59425.0,799.0467587464506,805.0850837111328,640,1056,416,0.3939393939393939,0.40274894008868456,0.5972510599113154,0.062410518352596034,-0.008893027880326865,0.0713035462329229,0.3414634146341464,0.013435700575815668
11470,양천구,2026-01,132649.79338842974,120500.0,1738.1761970060968,1470.5277747352395,242,61076.239092495634,57000.0,780.8659534276082,785.0063781768227,573,944,371,0.3930084745762712,0.4492444176675544,0.5507555823324456,-0.12389529978217217,-0.022753118162151753,-0.10114218162002042,0.10000000000000009,-0.10606060606060608
11470,양천구,2026-02,126713.6862745098,109000.0,1648.7531591587656,1295.704650337238,255,61681.17738359202,55965.0,770.122911119191,764.9758738378251,451,713,262,0.36746143057503505,0.46709412312036247,0.5329058768796375,-0.05144647475978381,-0.01375785723690559,-0.03768861752287822,0.05371900826446274,-0.24470338983050843
11470,양천구,2026-03,116880.24390243902,88500.0,1512.7154635763518,1238.2526076629144,205,58523.71597633136,53500.0,757.1684631482863,763.041065482797,507,852,345,0.40492957746478875,0.500535944385862,0.499464055614138,-0.08250943740530792,-0.016821273310877793,-0.06568816409443012,-0.196078431372549,0.1949509116409538
11470,양천구,2026-04,118043.84955752212,93150.0,1582.106144539307,1242.7206822335033,226,56738.00742574257,52500.0,761.9809662751718,778.4128779463149,404,703,299,0.42532005689900426,0.48162442760567925,0.5183755723943207,0.04587160152306646,0.006355921252815033,0.03951568027025143,0.102439024390244,-0.17488262910798125
11500,강서구,2023-05,74668.30601092897,72000.0,1075.6450553158852,1081.6542948038175,183,38179.613219094244,37000.0,578.640674683076,555.5555555555555,817,1235,418,0.3384615384615385,0.5379475988137614,0.4620524011862386,,,,,
11500,강서구,2023-06,80372.16346153847,75000.0,1127.7227985619509,1127.6168258066666,208,38418.55839416059,36875.0,594.09627243029,567.5954592363261,822,1349,527,0.3906597479614529,0.5268105541431543,0.47318944585684575,0.04841536061426144,0.026710182023894413,0.021705178590367025,0.13661202185792343,0.0923076923076922
11500,강서구,2023-07,74895.35483870968,69800.0,1140.3488143090772,1151.1511511511512,155,40246.67545076283,40000.0,610.0604515710753,586.2068965517242,721,1182,461,0.3900169204737733,0.5349770560692021,0.4650229439307979,0.01119602775010553,0.02687136728779671,-0.01567533953769118,-0.2548076923076923,-0.12379540400296518
11500,강서구,2023-08,73675.3807106599,71000.0,1116.31647284484,1111.111111111111,197,41437.33722627737,40000.0,605.0368885339481,592.1601334445371,685,1133,448,0.3954104148278906,0.5419940520917529,0.4580059479082471,-0.021074552946150904,-0.008234533191243898,-0.012840019754907006,0.2709677419354839,-0.04145516074450084
11500,강서구,2023-09,75037.62626262626,71750.0,1069.9044149823437,1068.6069010318947,198,39769.697860962566,37725.0,595.6827984085766,578.6684072269945,748,1110,362,0.3261261261261261,0.5567626323127257,0.4432373676872743,-0.04157607541544117,-0.015460363330965121,-0.02611571208447605,0.0050761421319796,-0.02030008826125329
11500,강서구,2023-10,69192.20472440944,69000.0,1013.0106665027789,976.8153465929151,127,39996.18757612668,38000.0,600.2055242408362,589.430894308943,821,1279,458,0.35809225957779517,0.5924967466659836,0.4075032533340164,-0.05317647790106905,0.007592507026126238,-0.06076898492719529,-0.35858585858585856,0.15225225225225225
11500,강서구,2023-11,67494.28571428571,64000.0,1001.5846639717288,975.177304964539,105,41687.72141918528,40000.0,609.6923846948143,622.6189999976469,761,1242,481,0.38727858293075684,0.6087277557516834,0.39127224424831664,-0.011279251945585322,0.015806019889566203,-0.027085271835151525,-0.17322834645669294,-0.02892885066458173
11500,강서구,2023-12,75019.81132075471,70250.0,1105.273347031417,1117.6061355040506,106,44676.95918367347,43000.0,635.7245807875986,620.2307370788346,686,1242,556,0.4476650563607085,0.5751740802354917,0.42482591976450834,0.10352463130627054,0.042697262990770035,0.06082736831550051,0.00952380952380949,0.0
11500,강서구,2024-01,72611.07142857143,69250.0,1094.766175280782,1095.3930896344518,140,44597.38837516512,43000.0,659.764266179324,643.6314363143631,757,1313,556,0.42345773038842344,0.6026531336795365,0.39734686632046345,-0.009506401089699246,0.0378146230588452,-0.047321024148544444,0.320754716981132,0.05716586151368763
11500,강서구,2024-02,73702.6119402985,72000.0,1099.7470460541233,1058.9142886966506,134,43053.65076923077,42000.0,654.3330923900257,639.0891457325242,650,1022,372,0.3639921722113503,0.5949850874687626,0.40501491253123745,0.004549711971201464,-0.008231991436501995,0.01278170340770346,-0.042857142857142816,-0.22162985529322166
11500,강서구,2024-03,76853.72549019608,75500.0,1124.529037173591,1101.4686248331109,255,39367.289696969696,37000.0,612.6960053000466,602.1505376344086,825,1299,474,0.3648960739030023,0.5448467625522649,0.45515323744773506,0.022534264773326873,-0.06363286157191739,0.08616712634524426,0.9029850746268657,0.2710371819960862
11500,강서구,2024-04,77812.33050847458,70350.0,1115.053897560031,1086.1921703496769,236,43327.03686635945,40500.0,656.5446862392351,648.0499587604571,651,1037,386,0.3722275795564127,0.588800853192739,0.411199146807261,-0.008425873677192941,0.0715667811767684,-0.07999265485396134,-0.07450980392156858,-0.201693610469592
11500,강서구,2024-05,80031.03448275862,77400.0,1125.3642139142396,1115.1295961422543,261,42312.50924608819,40000.0,643.4382649209268,631.3131313131313,703,1178,475,0.4032258064516129,0.5717600195255198,0.4282399804744802,0.00924647353528818,-0.01996272545191624,0.02920919898720442,0.10593220338983045,0.13596914175506258
11500,강서구,2024-06,86486.51226158038,80700.0,1214.1604789036448,1197.6470588235295,367,43183.43108504399,41343.0,650.5643914338114,631.3131313131313,682,1078,396,0.3673469387755102,0.535814171798158,0.46418582820184195,0.07890446834145748,0.01107507417787823,0.06782939416357925,0.4061302681992338,-0.08488964346349748
11500,강서구,2024-07,88718.51685393258,85000.0,1234.0184786790023,1187.2602968150743,445,35843.520692974016,29000.0,521.2485768564813,517.2621195717551,1039,1556,517,0.33226221079691515,0.4223993285858003,0.5776006714141997,0.016355333681498774,-0.1987748119633852,0.21513014564488397,0.21253405994550412,0.4434137291280149
11500,강서구,2024-08,79603.9349112426,75500.0,1177.9639062168935,1159.4619589096965,338,33899.53756260434,25811.0,503.43335068444816,426.9250575548285,1198,1704,506,0.29694835680751175,0.42737587121939635,0.5726241287806036,-0.04542441902662131,-0.034177985251244825,-0.011246433775376485,-0.24044943820224718,0.0951156812339331
11500,강서구,2024-09,81334.01360544217,74700.0,1128.2479628960075,1088.3709925470248,147,41635.279411764706,38251.0,635.3747946245792,615.6062759707931,612,975,363,0.3723076923076923,0.5631517321721438,0.43684826782785624,-0.04220498018530294,0.26208324053372434,-0.3042882207190273,-0.5650887573964497,-0.42781690140845074
11500,강서구,2024-10,78885.42713567839,76000.0,1134.887639149636,1131.6451509005285,199,43043.796992481206,38568.5,620.5181079629388,617.6412041975792,798,1251,453,0.36211031175059955,0.546766117241253,0.453233882758747,0.005884944154107563,-0.02338255591397631,0.029267500068083874,0.3537414965986394,0.283076923076923
11500,강서구,2024-11,86359.14110429448,80500.0,1202.2373173097951,1145.2682338758289,163,40683.47442455243,37650.0,603.2378842188016,595.5541508638853,782,1306,524,0.4012251148545176,0.5017627348056756,0.49823726519432443,0.05934479840720064,-0.027848057167687457,0.0871928555748881,-0.18090452261306533,0.04396482813749003
11500,강서구,2024-12,76606.55844155845,71200.0,1146.69029064666,1089.0509190834346,154,47810.4335154827,47000.0,683.2276350301661,674.0815638692281,549,1004,455,0.4531872509960159,0.5958257784190963,0.40417422158090366,-0.04620304648954898,0.1326006752957034,-0.1788037217852524,-0.05521472392638038,-0.23124042879019913
11500,강서구,2025-01,76331.05555555556,72500.0,1133.3800019680825,1087.5936480144835,180,43873.692556634305,42000.0,662.9543535093835,648.9059629196593,618,1014,396,0.3905325443786982,0.5849356370839276,0.4150643629160724,-0.011607570751358987,-0.029672806662580986,0.018065235911222,0.16883116883116878,0.009960159362549792
11500,강서구,2025-02,78772.97297297297,74000.0,1223.9489505777806,1209.542876209543,259,43035.483253588514,41500.0,644.0457589711319,635.7408610405716,836,1372,536,0.39067055393586003,0.5262031220069284,0.4737968779930716,0.07991048761441677,-0.028521714109211227,0.108432201723628,0.4388888888888889,0.3530571992110454
11500,강서구,2025-03,84414.43695652173,80250.0,1252.2803557872026,1235.5427082317574,460,44771.674775928295,43000.0,665.7167407228803,662.8787878787879,781,1223,442,0.36140637775960754,0.5316035963084326,0.46839640369156743,0.023147538298919912,0.033648201932682476,-0.010500663633762564,0.7760617760617761,-0.10860058309037901
11500,강서구,2025-04,84573.3983286908,80900.0,1227.6819951811722,1180.0326061641176,359,43880.01114206128,42000.0,644.5194898931311,635.5558193021266,718,1223,505,0.4129190515126738,0.5249889567680902,0.4750110432319098,-0.01964285432758983,-0.031841246483800045,0.012198392156210214,-0.2195652173913043,0.0
11500,강서구,2025-05,79043.74784482758,76000.0,1249.1593913279619,1233.704290548054,464,44245.73381294964,43000.0,657.9671765984167,631.3131313131313,695,1332,637,0.47822822822822825,0.5267279589508126,0.4732720410491874,0.01749426661879183,0.020864670372521044,-0.003370403753729212,0.2924791086350975,0.08912510220768599
11500,강서구,2025-06,92712.03305785124,87000.0,1296.0344870427582,1265.29244176303,605,44658.50682852807,43500.0,681.6799829547431,660.6890042472864,659,1340,681,0.5082089552238805,0.5259736448141703,0.4740263551858297,0.03752531185388941,0.03603949740915313,0.0014858144447362776,0.3038793103448276,0.006006006006006093
11500,강서구,2025-07,69922.18045112782,68750.0,1220.3215152311507,1203.3745121184575,266,46249.75974025974,45000.0,676.4444061880115,659.189924968786,616,1165,549,0.47124463519313303,0.5543165450622092,0.4456834549377908,-0.05841894839107753,-0.00768040267815695,-0.05073854571292058,-0.5603305785123966,-0.13059701492537312
11500,강서구,2025-08,85863.04195804195,79350.0,1262.7709528527002,1234.567901234568,286,45720.07692307692,44300.0,667.55424298886,656.5656565656566,624,1145,521,0.4550218340611354,0.5286423808536312,0.47135761914636876,0.03478545374454778,-0.013142489046883421,0.0479279427914312,0.07518796992481214,-0.01716738197424894
11500,강서구,2025-09,94682.4092409241,89000.0,1360.6665210573153,1349.6790179653233,606,46450.85855263158,44000.0,669.6671711511478,649.659738282953,608,1058,450,0.42533081285444235,0.4921611289669848,0.5078388710330153,0.07752440613514366,0.0031651782375430315,0.07435922789760063,1.1188811188811187,-0.07598253275109168
11500,강서구,2025-10,95648.3940397351,89600.0,1362.6169681451975,1335.1709676899395,604,45873.39882697947,45000.0,659.9122890210082,657.1312320936256,682,1153,471,0.4084995663486557,0.4842977186166152,0.5157022813833848,0.0014334497525274603,-0.01456676174430227,0.01600021149682973,-0.0033003300330033403,0.08979206049149346
11500,강서구,2025-11,90751.5425531915,86750.0,1272.9015409244764,1222.6614272605402,188,47803.13384615385,46000.0,669.1562460311227,673.1518727093949,650,1119,469,0.419124218051832,0.5256936412734101,0.4743063587265899,-0.06584053282621471,0.014007857049954442,-0.07984838987616916,-0.6887417218543046,-0.02948829141370335
11500,강서구,2025-12,87911.70886075949,89000.0,1260.19448285521,1199.9239657713774,316,48655.025862068964,47000.0,678.4273627050011,679.8507351071626,580,1247,667,0.5348837209302325,0.5383513195264076,0.4616486804735924,-0.009982750166236398,0.01385493556828754,-0.02383768573452394,0.6808510638297873,0.11438784629133147
11500,강서구,2026-01,92977.32368421053,88250.0,1312.0208028404531,1237.4386912538587,380,49432.11345218801,47250.0,721.3210149672323,706.2146892655368,617,1265,648,0.5122529644268775,0.5497786417758102,0.45022135822418985,0.04112565218332076,0.06322512124394142,-0.022099469060620658,0.20253164556962022,0.014434643143544479
11500,강서구,2026-02,92068.48387096774,90000.0,1305.0796392666468,1232.6702833031948,403,49834.33531746032,48000.0,715.7030430514686,687.9944960440316,504,882,378,0.42857142857142855,0.5483979839373159,0.45160201606268413,-0.005290437132383197,-0.007788448969587858,0.002498011837204661,0.06052631578947376,-0.30276679841897236
11500,강서구,2026-03,92152.51396648044,87700.0,1387.6814061048742,1334.1860270874943,358,43377.35379644588,40000.0,654.9753270754985,648.9290495314592,619,1168,549,0.4700342465753425,0.4719925799928162,0.5280074200071838,0.06329251055103668,-0.0848504370151224,0.1481429475661591,-0.11166253101736978,0.3242630385487528
11500,강서구,2026-04,85014.17410714286,80000.0,1313.3636304804509,1280.3375356789852,448,48099.6693877551,47625.0,713.5026389993917,706.422560875144,490,867,377,0.4348327566320646,0.5432635885755267,0.4567364114244733,-0.05355535881469231,0.08935804068409858,-0.1429133994987909,0.25139664804469275,-0.2577054794520548
11530,구로구,2023-05,62028.10218978102,60000.0,870.2276460078034,882.5012607160867,137,35527.044917257685,35000.0,499.6454330947962,501.5045135406219,423,780,357,0.4576923076923077,0.5741548609572855,0.4258451390427145,,,,,
11530,구로구,2023-06,63573.21428571428,62500.0,926.8635391211432,925.5531416520062,140,36390.58588235294,36000.0,512.9360589606245,500.3335557038025,425,765,340,0.4444444444444444,0.5534105478428821,0.44658945215711787,0.06508169830406874,0.026600114772402428,0.03848158353166631,0.021897810218978186,-0.019230769230769273
11530,구로구,2023-07,69297.96621621621,65500.0,944.902507855924,959.0997023486119,148,36607.217054263565,36000.0,523.8196841191501,515.3231333707802,387,707,320,0.4526166902404526,0.5543637356913658,0.44563626430863423,0.01946237819634744,0.02121828826107386,-0.001755910064726418,0.05714285714285716,-0.07581699346405224
11530,구로구,2023-08,69179.19254658386,69500.0,961.8344555769974,954.3108932821226,161,32310.506072874494,31250.0,458.7675394037739,459.04495115765417,494,924,430,0.4653679653679654,0.4769714130573152,0.5230285869426847,0.0179192536587649,-0.12418804922302074,0.14210730288178564,0.08783783783783794,0.306930693069307
11530,구로구,2023-09,64784.437086092716,65000.0,917.3117847113814,879.7476034461838,151,32992.06882591093,31000.0,464.47267586198336,463.1058968817536,494,824,330,0.40048543689320387,0.5063411193481209,0.49365888065187913,-0.04628932828041299,0.012435789301100009,-0.058725117581513,-0.06211180124223603,-0.10822510822510822
11530,구로구,2023-10,63882.04918032787,61100.0,927.0266719709236,880.2378566532656,122,33876.62813102119,33000.0,482.5475486783219,471.48572223361646,519,929,410,0.4413347685683531,0.5205325405065121,0.4794674594934879,0.010590605529611663,0.03891482482321407,-0.028324219293602404,-0.1920529801324503,0.12742718446601953
11530,구로구,2023-11,61051.6129032258,59500.0,920.7259850508285,884.070058381985,93,37159.68309859155,36000.0,511.3450460249307,506.0847879775573,426,691,265,0.3835021707670043,0.555371581042868,0.444628418957132,-0.006796661963025752,0.059678051262479714,-0.06647471322550547,-0.23770491803278693,-0.25618945102260493
11530,구로구,2023-12,63344.642857142855,63750.0,894.903091411904,871.5366790611022,84,34277.26865671642,33000.0,464.7954707441116,470.8097928436912,603,934,331,0.354389721627409,0.5193807857013834,0.48061921429861665,-0.028046230972289643,-0.09103359002435629,0.06298735905206665,-0.09677419354838712,0.3516642547033284
11530,구로구,2024-01,62340.29197080292,60000.0,862.8417322270341,856.7729786983641,137,38198.939457202505,38000.0,543.8372889410961,550.1833944648216,479,884,405,0.4581447963800905,0.6302862606534191,0.3697137393465809,-0.035826626919218896,0.17005720402232605,-0.20588383094154494,0.6309523809523809,-0.05353319057815842
11530,구로구,2024-02,62736.86440677966,64000.0,918.6037096578019,906.0422458849214,118,36458.18625277162,38000.0,546.3928033543468,531.0674455655868,451,848,397,0.4681603773584906,0.5948079651865209,0.4051920348134791,0.06462596250049657,0.004699042278300869,0.0599269202221957,-0.13868613138686137,-0.040723981900452455
11530,구로구,2024-03,65103.00925925926,61650.0,892.5140113267373,869.0647998016811,216,38549.52760736196,38000.0,551.5067207663604,531.5291266149627,489,882,393,0.445578231292517,0.6179250003554972,0.38207499964450276,-0.028401472862311317,0.009359415754780942,-0.03776088861709226,0.8305084745762712,0.04009433962264142
11530,구로구,2024-04,64248.642533936654,64000.0,923.4963150264272,900.900900900901,221,33593.418386491554,32000.0,475.96193039930824,478.9272030651341,533,885,352,0.3977401129943503,0.5153912610746995,0.48460873892530054,0.03471352080359402,-0.13697891162972042,0.17169243243331445,0.02314814814814814,0.00340136054421758
11530,구로구,2024-05,65798.70689655172,62750.0,933.9314465416978,917.8630265944928,232,37542.86265060241,36800.0,556.573919183736,548.6908236946645,415,866,451,0.5207852193995381,0.5959472948948253,0.40405270510517466,0.011299591937161235,0.16936646323120508,-0.15806687129404384,0.04977375565610864,-0.021468926553672274
11530,구로구,2024-06,74217.64705882352,70000.0,983.8804776458298,942.6092759426093,255,39151.09819121447,38000.0,575.0366441295472,550.4587155963302,387,804,417,0.5186567164179104,0.5844578251064199,0.41554217489358014,0.053482545522041125,0.033172098636760294,0.02031044688528083,0.09913793103448265,-0.07159353348729791
11530,구로구,2024-07,70363.16614420063,70900.0,1004.2837551748613,999.1039426523297,319,37783.30580357143,36400.0,563.0409022747075,540.5651759330644,448,1054,606,0.5749525616698292,0.5606392609394278,0.43936073906057216,0.020737557043362775,-0.020860830309341494,0.04159838735270427,0.25098039215686274,0.31094527363184077
11530,구로구,2024-08,66526.4798206278,64000.0,948.4917587724541,941.008732846195,223,39599.6608040201,39000.0,567.0639775707398,562.5366044705063,398,980,582,0.5938775510204082,0.5978586237846059,0.40214137621539414,-0.055554016596328415,0.007145262945869257,-0.06269927954219767,-0.30094043887147337,-0.0702087286527514
11530,구로구,2024-09,64722.35294117647,64620.0,944.6566793180147,930.285769726861,136,37912.75153374233,37150.0,549.2595356612917,557.9528832408255,326,763,437,0.5727391874180865,0.5814382597260881,0.4185617402739119,-0.004043345046458646,-0.0313975893614703,0.027354244315011655,-0.3901345291479821,-0.22142857142857142
11530,구로구,2024-10,68431.31868131868,66000.0,968.6704823894252,951.875837427423,182,39527.378531073446,38000.0,572.4721900869843,564.4836654622083,354,735,381,0.5183673469387755,0.5909875447787608,0.4090124552212392,0.025420667208691183,0.04226172313557597,-0.016841055926884785,0.33823529411764697,-0.03669724770642202
11530,구로구,2024-11,68337.51937984496,67000.0,998.412734377734,955.8424394043095,129,40018.206896551725,38000.0,557.37089547077,536.2654320987654,319,677,358,0.5288035450516987,0.5582569976114682,0.4417430023885318,0.03070419975525973,-0.026379088587551558,0.05708328834281129,-0.2912087912087912,-0.07891156462585036
11530,구로구,2024-12,68457.6,64000.0,945.9666926934337,917.2781854569713,125,38918.114457831325,38000.0,576.1909883018978,565.3930274120487,332,776,444,0.5721649484536082,0.6091028286221365,0.3908971713778635,-0.05252941982654846,0.03376583345858397,-0.08629525328513243,-0.03100775193798455,0.1462333825701625
11530,구로구,2025-01,65956.25,64800.0,947.0116832209803,936.3518282613235,136,38386.09063444109,37000.0,549.3762875129564,531.0255504533144,331,803,472,0.5877957658779577,0.5801156387473652,0.41988436125263484,0.0011046800438303528,-0.0465378690978272,0.04764254914165755,0.08800000000000008,0.03479381443298979
11530,구로구,2025-02,66225.55555555556,64000.0,962.9351849275575,930.9309309309309,225,39868.472160356345,37000.0,554.6201115144368,530.0977735893509,449,1005,556,0.5532338308457712,0.5759682688883794,0.4240317311116206,0.016814472290793914,0.009545049760373292,0.007269422530420622,0.6544117647058822,0.2515566625155665
11530,구로구,2025-03,69533.61344537816,67000.0,981.0321009800307,924.1706161137441,357,39966.2802690583,39150.0,567.1807398306029,546.9382671155556,446,889,443,0.4983127109111361,0.578146973237676,0.42185302676232395,0.018793493410290685,0.022647264416481905,-0.00385377100619122,0.5866666666666667,-0.11542288557213931
11530,구로구,2025-04,69527.95698924731,68500.0,977.9264638469419,964.7172319674349,279,38348.661577608145,39000.0,539.878651699684,531.3014827018121,393,1004,611,0.6085657370517928,0.5520646711777523,0.44793532882224774,-0.003165683498008165,-0.048136486685131485,0.04497080318712332,-0.2184873949579832,0.12935883014623162
11530,구로구,2025-05,61032.96444444444,58950.0,1053.4630032526745,1109.1815881150796,450,39401.547215496365,38850.0,555.2841516789437,541.813898704358,413,825,412,0.4993939393939394,0.5271036096801189,0.47289639031988107,0.07724153318091931,0.028535116050169673,0.048706417130749635,0.6129032258064515,-0.1782868525896414
11530,구로구,2025-06,74515.75203252032,72000.0,1013.5110662251767,996.5879458573138,492,41106.28080229226,39900.0,574.2615193412984,565.5042412818096,349,702,353,0.5028490028490028,0.5666060672431887,0.43339393275681126,-0.03792438548306121,0.03417595766955572,-0.07210034315261693,0.09333333333333327,-0.14909090909090905
11530,구로구,2025-07,66406.23853211009,65000.0,934.4981057412762,885.7586995532315,218,41869.125382262995,41808.0,576.0099264446904,556.9007263922518,327,666,339,0.509009009009009,0.6163842632808544,0.3836157367191456,-0.07795964258997623,0.003044618252320941,-0.08100426084229717,-0.556910569105691,-0.05128205128205132
11530,구로구,2025-08,66954.82456140351,65000.0,973.9221740760217,922.9558317097305,228,36983.144164759724,36750.0,516.3164508220202,522.8867357166722,437,795,358,0.45031446540880504,0.5301413855905471,0.46985861440945287,0.04218742455713498,-0.10363272034410353,0.1458201449012385,0.04587155963302747,0.1936936936936937
11530,구로구,2025-09,76860.57471264368,74950.0,1061.5235610250875,1028.593742228375,348,35313.91421568627,33600.0,481.0635863650901,482.2744285680657,408,786,378,0.48091603053435117,0.45318220341764126,0.5468177965823587,0.08994700940265044,-0.0682776316749244,0.15822464107757483,0.5263157894736843,-0.01132075471698113
11530,구로구,2025-10,75769.38218390805,72125.0,1062.549003807389,1024.4958108756573,348,36286.56167979003,35000.0,501.28949118357616,495.6629491945477,381,873,492,0.563573883161512,0.47178011497571004,0.52821988502429,0.0009660103835200662,0.04204414009239965,-0.041078129708879585,0.0,0.11068702290076327
11530,구로구,2025-11,76683.21212121213,70000.0,1032.1700409322877,992.4937447873227,165,41508.26050420168,40285.0,571.4787263847558,563.063063063063,357,707,350,0.49504950495049505,0.5536672289660516,0.4463327710339484,-0.028590646423125476,0.14001736807898846,-0.16860801450211393,-0.5258620689655172,-0.19014891179839633
11530,구로구,2025-12,75972.18309859154,72500.0,1048.1319511876418,990.6214777628829,284,36098.75203252032,35000.0,497.72842762878844,507.2814251809841,492,1023,531,0.5190615835777126,0.47487191575909,0.5251280842409101,0.015464419254928918,-0.12905169580418285,0.14451611505911177,0.7212121212121212,0.44695898161244685
11530,구로구,2026-01,76677.34627831716,72750.0,1069.4736522683268,1000.3125976867772,309,41164.606060606064,40285.0,575.8331371570055,576.6062602965403,429,845,416,0.49230769230769234,0.5384266699190559,0.46157333008094414,0.020361654900895365,0.1569223399601929,-0.13656068505929753,0.0880281690140845,-0.17399804496578686
11530,구로구,2026-02,75187.5,70000.0,1032.0637087325015,965.4249882882051,372,42034.99173553719,42000.0,587.4499928930509,564.2062430275649,363,754,391,0.5185676392572944,0.5691993507014312,0.43080064929856876,-0.03497977108316763,0.020173996573729536,-0.05515376765689717,0.20388349514563098,-0.10769230769230764
11530,구로구,2026-03,75529.9191374663,69000.0,1045.810401896199,976.4646970455684,371,42093.688953488374,40000.0,580.5602884300686,577.8438170711573,344,881,537,0.6095346197502838,0.5551295792979611,0.44487042070203886,0.013319616848634475,-0.01172815481544598,0.025047771664080454,-0.0026881720430107503,0.16843501326259958
11530,구로구,2026-04,71658.85802469136,67600.0,1043.347242450715,974.1162229956728,324,35353.20466321243,32000.0,495.5203399855474,497.5759399693178,386,761,375,0.492772667542707,0.47493329145301744,0.5250667085469826,-0.00235526386142082,-0.1464790998269676,0.1441238359655468,-0.12668463611859837,-0.1362088535754824
11545,금천구,2023-05,66518.75,59550.0,842.6661905608167,822.5028227999414,40,33425.05063291139,33000.0,523.7939255400548,478.4807052525782,158,512,354,0.69140625,0.6215912438488318,0.3784087561511682,,,,,
11545,금천구,2023-06,56907.37704918033,57000.0,837.9018077828326,742.2522998039511,61,33621.40909090909,32550.0,514.1322791121228,466.9546943106753,154,379,225,0.5936675461741425,0.6135949037663081,0.3864050962336919,-0.005653938453153429,-0.018445510642320806,0.012791572189167377,0.5249999999999999,-0.259765625
11545,금천구,2023-07,60496.26865671642,54900.0,844.3040460218505,728.0080889787664,67,33883.13385826772,31500.0,537.7178051777047,484.78769642260113,127,252,125,0.49603174603174605,0.6368769730659193,0.3631230269340807,0.007640797739724148,0.04587443158852578,-0.03823363384880163,0.09836065573770503,-0.3350923482849604
11545,금천구,2023-08,55040.87719298246,52300.0,832.7624493362399,762.5547691270643,57,33507.96296296296,30000.0,543.9931733766566,500.5840704342586,162,328,166,0.5060975609756098,0.6532393166985985,0.34676068330140153,-0.01366995306962182,0.011670374569199948,-0.02534032763882177,-0.14925373134328357,0.3015873015873016
11545,금천구,2023-09,58951.78571428572,58000.0,820.1134000323697,779.406808223795,56,35399.19852941176,34000.0,548.410986207567,480.2605380644168,136,262,126,0.48091603053435117,0.6687014090806483,0.33129859091935165,-0.01518926473444171,0.008121081379548034,-0.023310346113989744,-0.01754385964912286,-0.2012195121951219
11545,금천구,2023-10,61563.82978723404,57000.0,893.8668368221713,844.3093549476529,47,32734.474025974025,32000.0,506.3433376214771,474.3819042472621,154,283,129,0.4558303886925795,0.5664639482784735,0.43353605172152654,0.0899307788250876,-0.07670825283242566,0.16663903165751326,-0.1607142857142857,0.08015267175572527
11545,금천구,2023-11,54285.294117647056,48400.0,805.8060771116507,775.1164724832774,34,36120.920245398775,35000.0,561.21222598058,518.3984316091087,163,287,124,0.43205574912891986,0.6964606521611275,0.3035393478388725,-0.0985166426171371,0.10836301039695084,-0.20687965301408795,-0.276595744680851,0.014134275618374659
11545,금천구,2023-12,52216.666666666664,56250.0,768.2179736889534,712.8547579298831,33,36698.67441860465,35000.0,554.3546902692746,500.7511266900351,172,273,101,0.36996336996337,0.7216111953320806,0.2783888046679194,-0.046646587175699805,-0.012219148824357151,-0.034427438351342654,-0.02941176470588236,-0.04878048780487809
11545,금천구,2024-01,58553.333333333336,53900.0,836.2924027434767,765.8158648770924,45,36035.43506493507,37000.0,551.3906881813464,500.87731930157656,154,260,106,0.4076923076923077,0.6593276303509351,0.3406723696490649,0.08861342924278715,-0.0053467610898870754,0.09396019033267422,0.36363636363636354,-0.04761904761904767
11545,금천구,2024-02,57446.42857142857,59350.0,851.4152208870235,797.8109042231846,42,36079.4540229885,35000.0,563.5380351773648,517.1838505171838,174,280,106,0.37857142857142856,0.6618839096983236,0.33811609030167644,0.01808317054410158,0.022030381100711205,-0.003947210556609626,-0.06666666666666665,0.07692307692307687
11545,금천구,2024-03,59191.69841269841,59000.0,859.9762282784734,762.7018743369091,63,33340.77127659575,33000.0,540.979974239835,483.68065993464904,188,307,119,0.38762214983713356,0.6290638699662492,0.3709361300337508,0.010055032117620488,-0.040029349448311935,0.05008438156593242,0.5,0.09642857142857153
11545,금천구,2024-04,64344.20289855073,60500.0,902.6147528558934,820.3728810632033,69,34542.42944785276,32500.0,534.7586949544744,500.8347245409015,163,260,97,0.3730769230769231,0.5924550792710688,0.4075449207289312,0.04958105023760373,-0.011500017711565835,0.061081067949169565,0.09523809523809534,-0.15309446254071657
11545,금천구,2024-05,64102.58620689655,61000.0,926.1552590177595,826.1036124509858,58,37598.76056338028,35850.0,592.4405455954621,531.2078013889675,142,224,82,0.36607142857142855,0.6396773541228704,0.3603226458771296,0.026080347221650646,0.10786519449842391,-0.08178484727677326,-0.1594202898550725,-0.1384615384615384
11545,금천구,2024-06,62011.34020618557,60000.0,893.3134096327581,830.615668828231,97,36569.72268907563,37000.0,570.7435486966616,530.1802141456793,119,184,65,0.3532608695652174,0.6389062814262407,0.36109371857375927,-0.03546041450958459,-0.03662307899097772,0.0011626644813931275,0.6724137931034482,-0.1785714285714286
11545,금천구,2024-07,67467.72727272728,65350.0,986.6244393620067,891.8903859823979,110,36290.82113821138,32600.0,563.7078532830269,517.8298222902201,123,218,95,0.43577981651376146,0.5713499795804211,0.4286500204195789,0.10445497484204203,-0.012327244748891686,0.11678221959093371,0.134020618556701,0.1847826086956521
11545,금천구,2024-08,64808.10526315789,63000.0,959.7922194375394,874.3169398907104,95,36911.95041322314,37500.0,543.7629920408285,500.94295143800093,121,216,95,0.4398148148148148,0.5665424047295219,0.4334575952704781,-0.027195981423101756,-0.035381556467662834,0.008185575044561078,-0.13636363636363635,-0.00917431192660545
11545,금천구,2024-09,55597.142857142855,60000.0,863.7435171048872,797.4087161366313,35,34956.416666666664,34165.0,546.058977211113,495.07903123550255,108,175,67,0.38285714285714284,0.6322003770765242,0.3677996229234758,-0.10007239107328769,0.004222400575050633,-0.10429479164833833,-0.631578947368421,-0.18981481481481477
11545,금천구,2024-10,57173.40425531915,53000.0,844.2042891178241,800.4718570947084,47,38485.710743801654,40000.0,599.6239436010753,565.3710247349823,121,229,108,0.47161572052401746,0.7102829863938145,0.2897170136061855,-0.022621562535780404,0.09809373826895906,-0.12071530080473947,0.34285714285714275,0.3085714285714285
11545,금천구,2024-11,55953.48837209302,50500.0,890.3347877750455,844.9548810500411,43,36219.25396825397,33750.0,635.4461191228578,534.3873834067356,126,235,109,0.46382978723404256,0.7137159278150226,0.2862840721849774,0.05464376247771341,0.059741069221903365,-0.0050973067441899556,-0.08510638297872342,0.026200873362445476
11545,금천구,2024-12,63156.25,59950.0,831.1936292656843,756.4033951162673,48,38869.54330708661,36000.0,604.1348148094678,550.5505505505506,127,243,116,0.4773662551440329,0.7268280140010084,0.2731719859989916,-0.06642575278582052,-0.04927452284484912,-0.017151229940971402,0.11627906976744184,0.03404255319148941
11545,금천구,2025-01,60497.560975609755,50900.0,866.5654453419886,793.3514086997525,41,35902.693181818184,31801.0,562.9544934117184,527.2413010690976,176,276,100,0.36231884057971014,0.6496387508153517,0.3503612491846483,0.04255544656610688,-0.06816412560288687,0.11071957216899375,-0.14583333333333337,0.1358024691358024
11545,금천구,2025-02,62406.45161290323,59600.0,858.6669711609384,758.9618383952368,62,36170.264,35000.0,538.8525820332239,500.8347245409015,125,301,176,0.584717607973422,0.6275454863539031,0.37245451364609694,-0.009114688594504372,-0.04281324984623136,0.03369856125172699,0.5121951219512195,0.0905797101449275
11545,금천구,2025-03,61047.9381443299,56800.0,890.7293033154756,805.6478405315615,97,35852.31578947369,34625.0,540.5570016179007,505.5611729019211,152,461,309,0.6702819956616052,0.6068701227250947,0.39312987727490534,0.03733965929909733,0.003163053572547758,0.03417660572654957,0.564516129032258,0.5315614617940199
11545,금천구,2025-04,62017.74193548387,54750.0,875.3525049028408,781.1717576364547,62,37109.37762237762,36200.0,555.3648205313218,505.5611729019211,143,480,337,0.7020833333333333,0.6344470569521752,0.3655529430478248,-0.017263155433866584,0.027393630771779698,-0.04465678620564628,-0.3608247422680413,0.04121475054229928
11545,금천구,2025-05,60294.155844155845,54300.0,840.4013124321934,748.9918363332349,77,37877.99137931035,39500.0,606.8283216573816,591.6341880376552,116,469,353,0.7526652452025586,0.7220696977509096,0.27793030224909043,-0.03992813440857945,0.09266611644004441,-0.13259425084862386,0.24193548387096775,-0.022916666666666696
11545,금천구,2025-06,64378.72340425532,58500.0,937.0680374545058,836.5065600965163,141,38288.360544217685,38000.0,550.1931910291869,505.5611729019211,147,323,176,0.544891640866873,0.5871432692590356,0.4128567307409644,0.11502448127139475,-0.0933297418840171,0.20835422315541186,0.8311688311688312,-0.3113006396588486
11545,금천구,2025-07,59554.76190476191,55500.0,849.1168269183935,752.9854697335137,63,36167.1724137931,34800.0,533.9207425132619,501.50653165728545,116,268,152,0.5671641791044776,0.628795385495965,0.37120461450403497,-0.09385787052883265,-0.029575881310864527,-0.06428198921796813,-0.5531914893617021,-0.1702786377708978
11545,금천구,2025-08,62594.05405405405,60900.0,908.0523718350895,852.282501182643,74,34257.69090909091,31750.0,562.5805874705176,503.83824687253957,110,241,131,0.5435684647302904,0.6195464104494265,0.3804535895505735,0.06940805204695377,0.05367808866602308,0.01572996338093069,0.17460317460317465,-0.10074626865671643
11545,금천구,2025-09,66933.5294117647,63000.0,923.3097266658585,818.869603916333,85,38826.42857142857,36700.0,580.8176723531301,522.6130653266332,133,280,147,0.525,0.629060493546956,0.37093950645304397,0.016802285092802904,0.032416839984846124,-0.01561455489204322,0.14864864864864868,0.16182572614107893
11545,금천구,2025-10,62574.31578947369,57600.0,933.8746513682231,848.0565371024734,95,39695.25252525252,37000.0,558.3318239864296,492.4052745785345,99,216,117,0.5416666666666666,0.5978659161252697,0.40213408387473026,0.011442449264035481,-0.03871412568354038,0.05015657494757586,0.11764705882352944,-0.22857142857142854
11545,금천구,2025-11,72366.03773584905,70000.0,952.0235158206818,843.5756296184587,53,36037.6976744186,35000.0,588.1581532240442,530.8392315470171,129,231,102,0.44155844155844154,0.6177979256289995,0.3822020743710005,0.019433940546377038,0.053420435583731773,-0.033986495037354736,-0.4421052631578948,0.06944444444444442
11545,금천구,2025-12,65298.19277108434,57500.0,967.2053319989019,913.0881465842256,83,39352.186991869916,37000.0,585.3985567937203,543.0510896748839,123,247,124,0.5020242914979757,0.6052474458385068,0.39475255416149324,0.015946891989461864,-0.004691929228893499,0.020638821218355363,0.5660377358490567,0.06926406926406936
11545,금천구,2026-01,64313.983050847455,61250.0,949.0496377229915,826.5104405932574,118,38736.166666666664,39450.0,593.8376769220127,528.0509314313374,126,284,158,0.5563380281690141,0.6257182483592518,0.3742817516407482,-0.018771292584159327,0.01441602482676796,-0.033187317410927286,0.4216867469879517,0.1497975708502024
11545,금천구,2026-02,68150.96153846153,65350.0,980.2493430411228,905.5063741950489,104,38241.516949152545,36000.0,587.3156480574597,531.4128503007239,118,215,97,0.4511627906976744,0.5991492391470249,0.4008507608529751,0.03287468229057766,-0.010982847869064338,0.043857530159642,-0.11864406779661019,-0.24295774647887325
11545,금천구,2026-03,62429.565217391304,54000.0,894.1518500012303,842.6019548365351,115,37472.664179104475,38000.0,567.3107545194214,519.8957775867755,134,265,131,0.49433962264150944,0.634468020749094,0.36553197925090597,-0.08783223743132929,-0.034061570816654285,-0.053770666614675,0.10576923076923084,0.2325581395348837
11545,금천구,2026-04,68848.34782608696,62000.0,971.7435681426168,876.5036571359487,115,39540.50704225352,38000.0,583.4740838191261,536.5526492287056,71,161,90,0.5590062111801242,0.6004403866900544,0.3995596133099456,0.08677689157750978,0.028491138535522653,0.05828575304198713,0.0,-0.39245283018867927
11560,영등포구,2023-05,112107.40625,98500.0,1376.122447690147,1328.0206936923355,192,52171.23801369863,48000.0,667.1732824401076,633.9673006339673,584,933,349,0.3740621650589496,0.48482116076223686,0.5151788392377632,,,,,
11560,영등포구,2023-06,105117.21459227467,95000.0,1402.6477381424202,1343.8602385351924,233,48846.00367647059,47000.0,664.1334960399897,648.0195210093663,544,869,325,0.3739930955120829,0.4734855929825453,0.5265144070174548,0.019275385338562323,-0.004556217222908332,0.023831602561470655,0.21354166666666674,-0.0685959271168275
11560,영등포구,2023-07,107689.85635359117,96500.0,1382.2526368957795,1341.2585240508831,181,49967.52877697842,46100.0,695.1359855009165,650.0565007113529,556,850,294,0.3458823529411765,0.5029008206936986,0.49709917930630143,-0.014540429996807824,0.046681111020276056,-0.06122154101708388,-0.223175965665236,-0.021864211737629424
11560,영등포구,2023-08,108482.34183673469,96150.0,1374.5162965732927,1336.8373659071335,196,49921.39962825279,47750.0,683.2856340535668,649.3306443185159,538,936,398,0.4252136752136752,0.4971098820414257,0.5028901179585743,-0.005596907624543013,-0.0170475298280095,0.011450622203466487,0.08287292817679548,0.1011764705882352
11560,영등포구,2023-09,110150.61956521739,100000.0,1409.05748597096,1358.2381803358562,184,52964.83546617916,49000.0,707.1156820271975,688.840779374139,547,830,283,0.3409638554216867,0.501835935770878,0.49816406422912196,0.025129705252516343,0.034875675392529226,-0.009745970140012883,-0.061224489795918324,-0.11324786324786329
11560,영등포구,2023-10,100846.06837606838,93000.0,1382.1438507765888,1343.351548269581,117,54022.94953271028,51000.0,706.357790857453,678.7023211619384,535,846,311,0.367612293144208,0.5110595329571302,0.48894046704286975,-0.0191004522259256,-0.0010718064794883464,-0.018028645746437255,-0.36413043478260865,0.01927710843373487
11560,영등포구,2023-11,108938.68131868132,97000.0,1363.0006369006396,1329.8185327276578,91,54251.33826247689,52000.0,723.4311300926632,698.2204646564508,541,873,332,0.38029782359679265,0.5307636038510525,0.4692363961489475,-0.01385037734327954,0.024170950552530712,-0.03802132789581025,-0.2222222222222222,0.03191489361702127
11560,영등포구,2023-12,110791.35802469136,97300.0,1325.6053767852252,1280.6572429624262,81,56595.740432612314,55000.0,730.920379538643,710.132706049443,601,947,346,0.36536430834213307,0.5513861005235398,0.44861389947646024,-0.0274359813950259,0.010352401402771383,-0.03778838279779728,-0.10989010989010994,0.08476517754868262
11560,영등포구,2024-01,101573.07692307692,98000.0,1349.1197419643129,1328.7037617358387,117,52723.503607503604,50000.0,715.1924918056332,703.125,693,1159,466,0.40207075064710956,0.5301178757967886,0.4698821242032114,0.01773858615156887,-0.02151792202447178,0.03925650817604065,0.4444444444444444,0.22386483632523757
11560,영등포구,2024-02,100937.34375,96000.0,1323.8041862809032,1297.8941761427081,128,55272.29948364888,54000.0,743.9940512269559,717.5925925925925,581,940,359,0.3819148936170213,0.5620121608144582,0.43798783918554185,-0.01876449872903818,0.04027105954175769,-0.059035558270795874,0.09401709401709413,-0.18895599654874895
11560,영등포구,2024-03,102791.54228855722,95500.0,1333.561353149791,1267.8437265214125,201,57582.377966101696,55000.0,753.912110091968,728.1672960187921,590,1156,566,0.48961937716262977,0.5653374014710859,0.4346625985289141,0.007370551453157015,0.013330830869757282,-0.005960279416600267,0.5703125,0.2297872340425533
11560,영등포구,2024-04,116552.82287822878,108000.0,1469.3650125278245,1435.7403634474178,271,58343.75052410901,55000.0,756.5494074699567,729.9270072992701,477,814,337,0.414004914004914,0.5148818714339916,0.48511812856600844,0.10183532917872395,0.00349814964196149,0.09833717953676246,0.34825870646766166,-0.2958477508650519
11560,영등포구,2024-05,117066.2271062271,105000.0,1478.9359743919922,1379.0865579621968,273,57311.62947368421,53000.0,767.741635932588,752.0964689070785,475,782,307,0.39258312020460356,0.5191175610210006,0.4808824389789994,0.006513672084584421,0.014793783924912818,-0.008280111840328397,0.007380073800737907,-0.039312039312039304
11560,영등포구,2024-06,115789.42934782608,108000.0,1499.443835056358,1464.9476793157241,368,47728.0,47400.0,814.4059467271543,802.9283268390601,655,1210,555,0.45867768595041325,0.5431386809473554,0.4568613190526446,0.013866631834956067,0.060781268867725835,-0.04691463703276977,0.3479853479853481,0.5473145780051152
11560,영등포구,2024-07,115453.95569620254,105850.0,1469.4368202095582,1402.6662041102475,474,54874.30272108843,53700.0,804.9339358968547,785.8613030420573,588,989,401,0.40546006066734075,0.5477839705840922,0.45221602941590777,-0.02001209658224512,-0.01163057670239842,-0.0083815198798467,0.2880434782608696,-0.1826446280991736
11560,영등포구,2024-08,116636.2324929972,98700.0,1464.9926890987037,1408.7152516904582,357,55332.51871657754,53000.0,788.6773256504391,755.0969041026932,561,908,347,0.38215859030837,0.5383489839363301,0.4616510160636699,-0.003024377128525102,-0.02019620433607694,0.017171827207551837,-0.24683544303797467,-0.08190091001011124
11560,영등포구,2024-09,191695.29411764705,129000.0,2014.4160713469846,1648.5605075828403,204,54642.076419213976,55000.0,777.7344689906711,769.2798507884827,458,809,351,0.4338689740420272,0.38608432490841943,0.6139156750915806,0.3750348969907136,-0.013874947717995134,0.3889098447087087,-0.4285714285714286,-0.1090308370044053
11560,영등포구,2024-10,125677.09523809524,105000.0,1577.7743511207877,1429.6047851235646,210,57300.53171641791,56000.0,797.1440001082332,766.1742954984053,536,889,353,0.39707536557930256,0.5052332100226968,0.49476678997730317,-0.21675845741948763,0.024956501082884275,-0.2417149585023719,0.02941176470588225,0.09888751545117436
11560,영등포구,2024-11,120442.45810055867,105000.0,1570.234745830974,1435.2507614976748,179,55794.489795918365,53000.0,800.281273914826,795.2262536800279,490,1070,580,0.5420560747663551,0.5096570917435114,0.49034290825648863,-0.0047786334493636895,0.003935642501438741,-0.00871427595080243,-0.14761904761904765,0.20359955005624286
11560,영등포구,2024-12,119704.90697674418,103350.0,1478.8336330769998,1396.0126752960095,172,57674.8353909465,54600.0,780.2947741039363,771.3043331764316,486,949,463,0.48788198103266595,0.5276420258852119,0.4723579741147881,-0.05820856594636381,-0.024974343974237256,-0.033234221972126554,-0.03910614525139666,-0.11308411214953273
11560,영등포구,2025-01,127018.06930693069,103000.0,1608.177225461821,1449.5410464945712,202,54141.42533936651,52500.0,761.7302383911957,741.0333172861494,442,787,345,0.4383735705209657,0.4736606303900674,0.5263393696099326,0.08746324771887748,-0.023791695560257287,0.11125494327913477,0.17441860465116288,-0.1707060063224447
11560,영등포구,2025-02,125461.46131805157,108000.0,1607.89633642616,1460.5332124074653,349,54080.4759535655,52000.0,755.463362055547,739.7133610725843,603,1021,418,0.40940254652301666,0.4698458134028098,0.5301541865971902,-0.00017466298565482763,-0.008227159721116761,0.008052496735461934,0.7277227722772277,0.2973316391359593
11560,영등포구,2025-03,134336.37655417406,113000.0,1624.6637275947517,1501.0176390773406,563,55723.78859527121,54000.0,759.1027481986806,748.574144486692,719,1087,368,0.33854645814167433,0.4672368412646851,0.5327631587353149,0.010428154345982543,0.004817422426987239,0.005610731918995304,0.6131805157593124,0.06464250734573951
11560,영등포구,2025-04,135228.92287917738,114800.0,1661.645292527227,1519.425680649702,389,56907.64124783362,52500.0,760.1014620702629,741.2218159228564,577,908,331,0.3645374449339207,0.45743906084445407,0.5425609391555459,0.022762596532653,0.0013156504491020904,0.02144694608355091,-0.3090586145648313,-0.1646734130634775
11560,영등포구,2025-05,125362.1186440678,112000.0,1618.3521010855127,1509.8431765098433,531,54851.624750499,51500.0,760.351705579002,740.7407407407408,501,846,345,0.4078014184397163,0.4698308267212028,0.5301691732787972,-0.02605441223612104,0.00032922382237954295,-0.02638363605850058,0.3650385604113111,-0.06828193832599116
11560,영등포구,2025-06,140217.02872062664,123000.0,1690.4949549586079,1549.1092191247376,766,56270.726333907056,53000.0,767.4494394515272,764.6314100555297,581,951,370,0.3890641430073607,0.4539791362289622,0.5460208637710378,0.04457797152097198,0.009334803644742706,0.035243167876229275,0.44256120527306964,0.12411347517730498
11560,영등포구,2025-07,113468.13671875,96000.0,1557.2655678868043,1422.2160281276304,256,55936.730275229354,54600.0,755.153939940865,730.7240047035108,545,1033,488,0.4724104549854792,0.4849230314426089,0.515076968557391,-0.07881087528892727,-0.016021250233043793,-0.06278962505588348,-0.6657963446475196,0.08622502628811768
11560,영등포구,2025-08,112719.4693877551,104000.0,1535.683797139893,1495.0445153704015,245,56165.25173210161,53000.0,739.0073932759944,717.7033492822967,433,805,372,0.462111801242236,0.48122367029745683,0.5187763297025432,-0.013858760632714517,-0.02138179490414227,0.007523034271427753,-0.04296875,-0.22071636011616647
11560,영등포구,2025-09,126101.3,118000.0,1629.9264157911996,1538.1335169516913,500,57412.705882352944,55000.0,785.0900234500849,777.1663512039811,476,882,406,0.4603174603174603,0.4816720655876886,0.5183279344123114,0.061368504914115274,0.06235746840069867,-0.000988963486583394,1.0408163265306123,0.09565217391304337
11560,영등포구,2025-10,131707.30434782608,123250.0,1664.0963057347376,1565.3403210532392,460,62880.18828451883,60000.0,792.5057229262532,765.0915068989666,478,783,305,0.3895274584929757,0.4762378957246367,0.5237621042753633,0.02096406906010606,0.009445667700093585,0.011518401360012476,-0.07999999999999996,-0.11224489795918369
11560,영등포구,2025-11,126593.11926605504,110000.0,1638.783061973935,1492.9107589658047,109,60664.277039848195,58800.0,797.3551301912864,776.65333019534,527,897,370,0.4124860646599777,0.486553192239406,0.513446807760594,-0.015211405537990275,0.006119081698397366,-0.02133048723638764,-0.7630434782608696,0.14559386973180066
11560,영등포구,2025-12,111856.75105485233,106500.0,1565.6398059034134,1501.5015015015015,237,64462.62378167641,61950.0,827.5497464865018,805.8058058058058,513,943,430,0.4559915164369035,0.5285696897627005,0.47143031023729953,-0.044632665401373894,0.03786846682477818,-0.08250113222615207,1.1743119266055047,0.05128205128205132
11560,영등포구,2026-01,124825.46468401486,120000.0,1675.2841411409481,1617.7451634422948,269,60961.1714770798,58000.0,820.7942162805655,787.2466049990159,589,1031,442,0.42870999030067897,0.48994328551428035,0.5100567144857197,0.07003164765235836,-0.008163291976848619,0.07819493962920698,0.1350210970464134,0.0933191940615059
11560,영등포구,2026-02,132648.43167701864,118250.0,1722.194206779728,1653.5829307568438,322,62514.72344689379,60000.0,824.9720865821421,802.0050125313282,499,984,485,0.4928861788617886,0.4790238425692589,0.5209761574307411,0.028001259300903802,0.005090033797397586,0.022911225503506216,0.1970260223048328,-0.04558680892337541
11560,영등포구,2026-03,118645.21072796934,109000.0,1695.9233540461555,1609.424257507881,261,62449.82254697286,60000.0,832.8002055382699,815.705809167215,479,1061,582,0.5485391140433553,0.4910600491180009,0.5089399508819992,-0.01525429166475678,0.009488950091099069,-0.02474324175585585,-0.18944099378881984,0.07825203252032531
11560,영등포구,2026-04,127299.81412639405,115000.0,1687.9241508946309,1593.8606847697756,269,60830.200617283954,60000.0,872.0069529997663,824.8293078537033,324,636,312,0.49056603773584906,0.5166150105368104,0.48338498946318964,-0.00471672445127902,0.04707821540000179,-0.05179493985128081,0.03065134099616862,-0.4005655042412818
11590,동작구,2023-05,103210.4,100000.0,1415.7327316970006,1365.3483992467045,125,53380.71428571428,52000.0,683.3896486769015,652.2770398481974,581,845,264,0.31242603550295855,0.4827109194951937,0.5172890805048063,,,,,
11590,동작구,2023-06,103415.32846715329,99000.0,1323.0450405565919,1316.6882581556943,137,57311.243614931234,56000.0,723.946969542249,685.6602435276037,509,783,274,0.3499361430395913,0.5471824067589504,0.45281759324104964,-0.06546976633739798,0.05934728590617344,-0.12481705224357142,0.09600000000000009,-0.07337278106508871
11590,동작구,2023-07,106247.0,104000.0,1376.217003974315,1355.9206420852315,150,58717.49464668094,57000.0,762.3387608450382,724.8018120045301,467,708,241,0.3403954802259887,0.5539379027024913,0.4460620972975087,0.040189080331954674,0.05303122040425734,-0.012842140072302666,0.0948905109489051,-0.09578544061302685
11590,동작구,2023-08,109508.57857142857,110000.0,1405.9209745805965,1398.9972258095877,140,58283.62328767123,56000.0,739.0242533267951,687.2758588146471,438,697,259,0.3715925394548063,0.5256513464757542,0.4743486535242458,0.021583784040235532,-0.030582870392683925,0.05216665443291946,-0.06666666666666665,-0.015536723163841804
11590,동작구,2023-09,108648.83720930232,105000.0,1377.4742975020072,1299.029945170814,129,58519.582338902146,57000.0,753.7403859924751,718.0356428184665,419,631,212,0.3359746434231379,0.5471901634457733,0.4528098365542267,-0.020233482246095225,0.019912922477758777,-0.040146404723854,-0.07857142857142863,-0.09469153515064566
11590,동작구,2023-10,99971.13402061856,106800.0,1344.2564765355442,1261.3462218554757,97,60052.06387225549,58000.0,767.904202877358,708.9684509039348,501,750,249,0.332,0.5712482820662486,0.42875171793375144,-0.024115020531927267,0.0187913731944096,-0.04290639372633687,-0.24806201550387597,0.18858954041204434
11590,동작구,2023-11,85566.66666666667,84000.0,1279.5712491791553,1223.8325281803543,57,59852.37960954447,60000.0,766.8145450805249,741.5254237288136,461,675,214,0.31703703703703706,0.5992745973094006,0.4007254026905994,-0.04811970668208898,-0.0014190022567269756,-0.046700704425362005,-0.41237113402061853,-0.09999999999999998
11590,동작구,2023-12,99554.26829268293,103150.0,1373.8808040110546,1322.6717511816032,82,61420.54285714286,60000.0,785.9094546533363,770.478507704785,455,813,358,0.4403444034440344,0.5720361274128499,0.4279638725871501,0.07370402772991258,0.024901600648180366,0.048802427081732214,0.4385964912280702,0.20444444444444443
11590,동작구,2024-01,89708.57142857143,90400.0,1314.1491464378378,1327.6896600503142,140,58863.5,58106.0,767.5088657609576,754.9361207897794,500,858,358,0.4172494172494173,0.5840348242369479,0.41596517576305214,-0.04347659374731039,-0.023413115573848287,-0.0200634781734621,0.7073170731707317,0.05535055350553497
11590,동작구,2024-02,106476.14678899082,107000.0,1407.7888946407652,1370.0351935646054,109,59063.26515151515,58000.0,776.5279857818298,770.9066532595945,396,666,270,0.40540540540540543,0.5515940555703712,0.4484059444296288,0.07125503863602511,0.011751160700834484,0.05950387793519063,-0.22142857142857142,-0.22377622377622375
11590,동작구,2024-03,106954.53608247422,105000.0,1404.7485409615826,1420.12999206479,194,58947.50311850312,57100.0,789.4735189388729,768.5410529012426,481,978,497,0.5081799591002045,0.5620034446865915,0.43799655531340853,-0.002159665906413033,0.016671045209026403,-0.018830711115439436,0.7798165137614679,0.46846846846846857
11590,동작구,2024-04,112216.92307692308,108000.0,1495.6365122841153,1500.2586652871184,195,61784.511568123395,61000.0,827.7289411076173,828.653414525584,389,629,240,0.3815580286168522,0.5534292151262884,0.4465707848737116,0.06470052729886988,0.0484568782245709,0.016243649074298983,0.005154639175257714,-0.35685071574642124
11590,동작구,2024-05,113981.52709359606,107000.0,1476.9550813299436,1460.7679465776293,203,60505.85321100918,60000.0,784.5647593629992,774.1014329985878,436,672,236,0.35119047619047616,0.5312042114757665,0.46879578852423354,-0.012490622421113318,-0.052147725663498457,0.03965710324238514,0.0410256410256411,0.06836248012718604
11590,동작구,2024-06,119649.85590778098,118500.0,1540.3845012552795,1535.8159392789375,347,60997.124423963134,60000.0,808.1667643888375,794.0712755424179,434,645,211,0.3271317829457364,0.5246526199986119,0.4753473800013881,0.042946072448066586,0.03008292781975208,0.012863144628314505,0.7093596059113301,-0.0401785714285714
11590,동작구,2024-07,121445.29914529914,116200.0,1550.7042195362114,1518.361581920904,468,63250.717777777776,64000.0,818.9116622054538,828.4924497252211,450,659,209,0.3171471927162367,0.5280901747016437,0.47190982529835634,0.006699443075752987,0.013295396804324122,-0.006595953728571136,0.34870317002881834,0.02170542635658923
11590,동작구,2024-08,119564.62450592885,112700.0,1545.1561158684788,1502.0093770931012,253,65088.29064039409,65000.0,847.7460629903987,840.02632164949,406,650,244,0.37538461538461537,0.5486475148266232,0.4513524851733768,-0.003577796202419603,0.03521063640404076,-0.038788432606460366,-0.45940170940170943,-0.01365705614567525
11590,동작구,2024-09,117205.41666666667,113500.0,1490.9197131189692,1391.7879841489084,120,62413.37014925373,62000.0,797.7730599391796,800.0470615918583,335,638,303,0.47492163009404387,0.5350878742291608,0.4649121257708392,-0.035100920995950746,-0.058948080366119204,0.023847159370168458,-0.5256916996047432,-0.018461538461538418
11590,동작구,2024-10,113038.32335329341,106500.0,1454.1593585517433,1380.8956803598596,167,61162.23170731707,60000.0,814.2037768471607,772.6451832292864,410,657,247,0.3759512937595129,0.5599137206379221,0.4400862793620779,-0.024656159713874914,0.02059572794954212,-0.045251887663417034,0.3916666666666666,0.029780564263322873
11590,동작구,2024-11,111936.76470588235,107750.0,1453.1834674286056,1402.6428529231055,136,63115.94736842105,63000.0,820.2759446118249,800.0501364752191,437,698,261,0.37392550143266473,0.5644682608888302,0.4355317391111698,-0.000671103285481478,0.007457798572462426,-0.008128901857943904,-0.18562874251497008,0.06240487062404876
11590,동작구,2024-12,114546.73913043478,109000.0,1541.631662116927,1494.406411754884,161,63421.816017316014,63000.0,826.0025022063224,814.3254597275575,462,736,274,0.37228260869565216,0.5357975724707665,0.46420242752923346,0.06086512589138482,0.006981257505006333,0.053883868386378486,0.18382352941176472,0.054441260744985565
11590,동작구,2025-01,117804.26829268293,112500.0,1596.3902339768558,1579.520697167756,164,62344.89351851852,60000.0,827.4946325391114,823.6263089775268,432,714,282,0.3949579831932773,0.5183536048561848,0.48164639514381524,0.03551988014097729,0.0018064477151138458,0.03371343242586344,0.01863354037267073,-0.029891304347826053
11590,동작구,2025-02,123366.88102893891,119000.0,1630.4234843480476,1606.2092637678022,311,60742.242105263154,60000.0,781.3683885749554,767.1731989016097,570,969,399,0.4117647058823529,0.4792425992854235,0.5207574007145765,0.02131887908535357,-0.05574204611167177,0.07706092519702534,0.896341463414634,0.3571428571428572
11590,동작구,2025-03,128680.06932409012,125000.0,1661.0705158969324,1619.7441806098252,577,60630.8253968254,60000.0,792.9160105806612,778.6016949152543,693,1014,321,0.3165680473372781,0.47735240797559303,0.5226475920244069,0.018796976272173582,0.014778716639364253,0.004018259632809329,0.855305466237942,0.04643962848297223
11590,동작구,2025-04,113909.10256410256,113000.0,1595.4898130779713,1585.6521658630058,390,61134.5547024952,61000.0,811.744424831697,794.4578619550019,521,800,279,0.34875,0.5087744328907395,0.49122556710926046,-0.03948098662358668,0.023745786438651217,-0.0632267730622379,-0.32409012131715775,-0.2110453648915187
11590,동작구,2025-05,127017.79506641366,124000.0,1602.1352819670235,1557.2672471533824,527,62704.11730769231,62000.0,803.5337445249105,789.8732971121609,520,807,287,0.355638166047088,0.5015392604913931,0.4984607395086069,0.004165159084426717,-0.0101148588836798,0.014280017968106518,0.35128205128205137,0.008750000000000036
11590,동작구,2025-06,136495.99697885197,132500.0,1667.8651293553057,1595.2681045035756,662,64224.285956006766,65000.0,823.8796478263886,806.9522036002484,591,893,302,0.3381858902575588,0.49397258406910266,0.5060274159308973,0.04102640278140712,0.025320533754942254,0.01570586902646487,0.2561669829222011,0.10656753407682773
11590,동작구,2025-07,115629.22297297297,114750.0,1496.511293199163,1415.2020286197353,148,64497.37665198238,64500.0,835.154451482265,815.9051566636033,454,721,267,0.37031900138696255,0.5580675904536048,0.44193240954639523,-0.1027384247924037,0.013685012957441511,-0.1164234377498452,-0.7764350453172205,-0.19260918253079506
11590,동작구,2025-08,128592.52336448598,132250.0,1616.1700020470257,1615.909567239626,214,65649.13176470589,64800.0,837.1312000455049,815.3900458877515,425,703,278,0.39544807965860596,0.5179722423910865,0.4820277576089135,0.07995844026814036,0.0023669257341938366,0.07759151453394653,0.44594594594594605,-0.02496532593619971
11590,동작구,2025-09,136872.03219315896,132000.0,1677.465468359997,1624.2937853107346,497,65518.982795698925,66000.0,840.1766839771805,810.8137326620997,465,695,230,0.33093525179856115,0.5008607925614074,0.49913920743859264,0.037926372990053636,0.003638000747684389,0.03428837224236925,1.3224299065420562,-0.011379800853485111
11590,동작구,2025-10,141919.46386946386,138000.0,1699.4762376078957,1588.8521425965375,429,68322.43914081146,67000.0,862.121090367914,824.1111372733694,419,666,247,0.3708708708708709,0.5072863458105162,0.49271365418948376,0.013121444025561813,0.026118799544465388,-0.012997355518903575,-0.13682092555331993,-0.04172661870503602
11590,동작구,2025-11,118431.32530120482,130000.0,1563.8706966624652,1518.7190958323522,83,67139.40142517815,68000.0,846.2760846510608,823.9268352970256,421,675,254,0.3762962962962963,0.5411419796132385,0.4588580203867615,-0.07979254898927124,-0.01837909534273341,-0.06141345364653783,-0.8065268065268065,0.013513513513513598
11590,동작구,2025-12,132027.39726027398,134500.0,1697.1359077509742,1665.8581602861668,146,66259.57296137339,67000.0,849.0179871268546,829.2166549047283,466,834,368,0.4412470023980815,0.5002651721935245,0.4997348278064755,0.08521498060735899,0.0032399621418159885,0.081975018465543,0.7590361445783131,0.23555555555555552
11590,동작구,2026-01,142612.8712871287,144500.0,1863.9550097874896,1750.8239171374767,202,67913.88718929254,68000.0,866.6646323301023,868.2584738687594,523,947,424,0.4477296726504752,0.4649600595396941,0.5350399404603059,0.0982944861838333,0.02078477190214234,0.07750971428169096,0.3835616438356164,0.13549160671462834
11590,동작구,2026-02,133998.44559585492,135000.0,1731.1611793002685,1661.0433428497274,193,63663.54854368932,64000.0,861.6702456742952,843.8326112728386,412,758,346,0.45646437994722955,0.497741201672845,0.5022587983271549,-0.07124304491789268,-0.005762767360633303,-0.06548027755725938,-0.044554455445544594,-0.1995776135163675
11590,동작구,2026-03,140438.7931034483,143900.0,1845.8353741577012,1888.9419358417217,174,64612.87531806616,63000.0,873.917536215034,840.5884118883218,393,720,327,0.45416666666666666,0.47345367222351753,0.5265463277764825,0.06624120054712845,0.01421343095252725,0.0520277695946012,-0.0984455958549223,-0.05013192612137207
11590,동작구,2026-04,139155.52083333334,141500.0,1825.9997509201658,1716.0940573605278,192,67587.45302013423,67600.0,910.4603630437202,890.7308617628821,298,560,262,0.46785714285714286,0.49860924821315944,0.5013907517868406,-0.01074614969202592,0.04181496000979035,-0.052561109701816267,0.10344827586206895,-0.2222222222222222
11620,관악구,2023-05,71522.96296296296,72950.0,988.3999904373615,973.4405458089668,108,40013.2027027027,40000.0,559.4609819310152,549.3341641585153,296,557,261,0.46858168761220825,0.5660268993764932,0.4339731006235068,,,,,
11620,관악구,2023-06,72356.5,73000.0,1002.6363783798457,1002.0613834173156,100,41224.97666666667,42000.0,571.3147313083114,582.1822537382209,300,591,291,0.49238578680203043,0.5698124899791642,0.4301875100208358,0.014403468312646162,0.021187803546875106,-0.006784335234228944,-0.07407407407407407,0.061041292639138156
11620,관악구,2023-07,74702.85714285714,75000.0,1036.628464569127,1024.0112994350284,105,42325.31578947369,42000.0,591.6879940019048,583.4305717619603,323,690,367,0.5318840579710145,0.5707811566295732,0.4292188433704268,0.03390270582861632,0.035660313969042345,-0.0017576081404260258,0.050000000000000044,0.1675126903553299
11620,관악구,2023-08,75275.83333333333,74600.0,1037.2170918721667,1048.6626605396489,120,43977.86486486487,42000.0,610.7236293552279,591.7159763313609,296,516,220,0.4263565891472868,0.5888098394646367,0.4111901605353633,0.0005678286128141252,0.032171745153344755,-0.03160391654053063,0.1428571428571428,-0.25217391304347825
11620,관악구,2023-09,76751.33035714286,74000.0,1046.125217973317,1041.413397206743,112,38013.25,40000.0,538.968886837653,582.4129602995848,268,479,211,0.4405010438413361,0.5152049463847265,0.48479505361527353,0.008588487570206915,-0.11749134808052208,0.126079835650729,-0.06666666666666665,-0.07170542635658916
11620,관악구,2023-10,74043.5,75750.0,968.7204425794417,952.8669256328811,70,43418.35825545171,42500.0,592.4210718709093,589.3446487505893,321,526,205,0.3897338403041825,0.611550087962892,0.388449912037108,-0.07399188363304465,0.0991748992170618,-0.17316678285010645,-0.375,0.09812108559498967
11620,관악구,2023-11,68600.65217391304,72500.0,996.7132994249175,1000.8247076746309,46,43494.843205574914,43500.0,611.945275296725,601.5037593984962,287,491,204,0.4154786150712831,0.6139631884613203,0.38603681153867975,0.028896733892533888,0.03295663228884971,-0.00405989839631582,-0.34285714285714286,-0.06653992395437258
11620,관악구,2023-12,55428.333333333336,60500.0,948.0569217791975,956.0692606345161,48,42610.03448275862,43000.0,593.2758026402852,604.6653211855962,290,582,292,0.5017182130584192,0.6257807827898113,0.3742192172101887,-0.04881682392900111,-0.030508402319778027,-0.01830842160922308,0.04347826086956519,0.185336048879837
11620,관악구,2024-01,63869.59459459459,68400.0,971.4886267698589,1020.0725227042097,74,42932.514950166114,43000.0,639.0985429637532,634.9206349206349,301,585,284,0.48547008547008547,0.657854889242211,0.342145110757789,0.02471550436727754,0.07723682664882126,-0.052521322281543714,0.5416666666666667,0.005154639175257714
11620,관악구,2024-02,68133.92857142857,69500.0,947.0498266993226,899.1978195196275,84,44645.05839416059,44500.0,611.1284127367146,612.0167148835294,274,507,233,0.45956607495069035,0.6452970007572166,0.35470299924278337,-0.025156033119804855,-0.04376497260865275,0.018608939488847898,0.1351351351351351,-0.1333333333333333
11620,관악구,2024-03,67994.53125,71525.0,968.5686997949541,932.263393910786,128,45059.58255451713,45000.0,630.5850026199298,623.8229755178908,321,566,245,0.43286219081272087,0.6510482970938711,0.34895170290612887,0.02272200732101881,0.03183715480693494,-0.00911514748591613,0.5238095238095237,0.11637080867850091
11620,관악구,2024-04,70819.32773109243,68900.0,970.3978797660445,941.8236372728787,119,43556.91463414634,44000.0,608.1348586149562,614.0405258771113,246,486,240,0.49382716049382713,0.6266860957709149,0.37331390422908506,0.0018885392140770563,-0.035602089982633034,0.03749062919671009,-0.0703125,-0.1413427561837456
11620,관악구,2024-05,75943.38235294117,76500.0,1035.8383886969646,1013.009278138894,136,44937.84668989547,46000.0,633.7736538848526,625.0,287,521,234,0.4491362763915547,0.611846076376943,0.388153923623057,0.06743678061899439,0.0421597198494581,0.025277060769536286,0.1428571428571428,0.07201646090534974
11620,관악구,2024-06,74810.24880382775,76500.0,1042.1673880060196,1002.5062656641604,209,45529.138059701494,45000.0,644.109045773094,648.5748421232291,268,487,219,0.44969199178644764,0.6180475931083094,0.38195240689169063,0.00611002582846587,0.016307702008261593,-0.010197676179795723,0.536764705882353,-0.06525911708253362
11620,관악구,2024-07,78546.90265486726,79250.0,1075.6012045234684,1045.085697411481,226,44617.43410852713,45000.0,640.9188144553559,645.8613216031247,258,545,287,0.5266055045871559,0.5958703018925188,0.40412969810748123,0.032081042740569554,-0.004952936678460973,0.03703397941903053,0.08133971291866038,0.1190965092402465
11620,관악구,2024-08,75965.03067484662,76700.0,1019.2870332008532,1019.0114068441064,163,48263.201550387595,49000.0,694.7255015371751,683.6182170010322,258,516,258,0.5,0.6815798483725807,0.3184201516274193,-0.052355995034018665,0.08395242247263934,-0.136308417506658,-0.27876106194690264,-0.053211009174311874
11620,관악구,2024-09,71637.05882352941,71000.0,1074.1091386091107,1046.324450008943,85,46663.71844660194,48000.0,662.061625217159,677.5958796450282,206,473,267,0.5644820295983086,0.6163820801994835,0.3836179198005165,0.053784757014028184,-0.04701695309549292,0.1008017101095211,-0.4785276073619632,-0.08333333333333337
11620,관악구,2024-10,77102.44680851063,81000.0,1068.5121492278124,1018.3039156207738,94,48316.633466135456,50000.0,703.7730573647742,679.6232264218432,251,701,450,0.6419400855920114,0.6586476886326222,0.34135231136737776,-0.005210819999675209,0.06300234080767586,-0.06821316080735107,0.10588235294117654,0.482029598308668
11620,관악구,2024-11,73950.0,76300.0,1049.9933696579521,1042.4901675031647,92,47349.263392857145,47625.0,654.2574540113594,652.0552264141411,224,497,273,0.5492957746478874,0.6231062718276893,0.3768937281723107,-0.017331370151704273,-0.07035734436726282,0.05302597421555855,-0.021276595744680882,-0.2910128388017118
11620,관악구,2024-12,72774.09090909091,77250.0,1027.026959108818,1034.2404672360924,88,45877.47727272727,47000.0,643.0566322712625,636.213133405292,264,573,309,0.5392670157068062,0.6261341307235616,0.3738658692764384,-0.021872910070485307,-0.017119899317039278,-0.00475301075344603,-0.04347826086956519,0.15291750503018098
11620,관악구,2025-01,70943.54838709677,75500.0,1078.0467409867588,1047.5517890772128,93,44843.59479553904,45000.0,644.2614084084485,618.4474025209095,269,495,226,0.45656565656565656,0.5976191791264472,0.40238082087355276,0.04967715932424244,0.0018735148301491922,0.047803644494093245,0.05681818181818188,-0.1361256544502618
11620,관악구,2025-02,73179.72027972028,77500.0,1047.8332122999793,1048.6626605396489,143,44813.11516853933,45000.0,628.4179367673398,617.6484644413944,356,657,301,0.4581430745814307,0.5997308821582121,0.40026911784178787,-0.028026176916155165,-0.024591681938931576,-0.00343449497722359,0.5376344086021505,0.3272727272727274
11620,관악구,2025-03,79021.9540229885,80000.0,1118.8210747501253,1088.7476459510358,261,46041.70724637681,45000.0,645.0491589288457,637.7979187646862,345,607,262,0.4316309719934102,0.5765436256846604,0.42345637431533956,0.06774729185604689,0.02646522511285876,0.04128206674318813,0.8251748251748252,-0.076103500761035
11620,관악구,2025-04,78664.17112299465,82000.0,1104.783731584144,1073.7463126843659,187,46468.264492753624,45000.0,644.2373717252443,627.4798637268075,276,527,251,0.476280834914611,0.5831343758126085,0.4168656241873915,-0.012546548758134768,-0.0012584888955586848,-0.011288059862576083,-0.28352490421455934,-0.1317957166392092
11620,관악구,2025-05,79928.78787878787,83000.0,1118.1190453281902,1079.331450094162,231,46531.60727272727,46000.0,655.4748682448085,659.1337099811676,275,539,264,0.4897959183673469,0.5862299466086043,0.4137700533913957,0.01207051965267869,0.017443099411433627,-0.005372579758754936,0.23529411764705888,0.022770398481973375
11620,관악구,2025-06,80191.45161290323,81800.0,1106.4215699049919,1071.4711576281343,310,48284.95017793594,48000.0,674.7785583996508,669.6878147029205,281,538,257,0.47769516728624534,0.6098747319772462,0.3901252680227538,-0.010461744187323818,0.029449931782331573,-0.03991167596965539,0.34199134199134207,-0.0018552875695733162
11620,관악구,2025-07,77809.93377483444,80000.0,1084.8194839188302,1076.59724673491,151,46641.546428571426,46000.0,643.6955744983286,647.8317749580752,280,512,232,0.453125,0.5933665315200884,0.40663346847991155,-0.019524281317126357,-0.04606397686233643,0.026539695545210074,-0.5129032258064516,-0.048327137546468446
11620,관악구,2025-08,77992.22972972973,79200.0,1159.0336287442742,1091.3456380691173,148,48263.236514522825,47250.0,660.5336058847076,654.3624161073825,241,500,259,0.518,0.5699002940927143,0.43009970590728575,0.06841151539549317,0.026158376806461492,0.04225313858903168,-0.019867549668874163,-0.0234375
11620,관악구,2025-09,88237.78877887789,90000.0,1211.7708633205475,1178.2726522917403,303,49496.86330935252,50000.0,666.89185055214,660.963871608346,278,482,204,0.42323651452282157,0.5503448471476644,0.4496551528523356,0.045501039200571025,0.009625921544016203,0.03587511765655482,1.0472972972972974,-0.03600000000000003
11620,관악구,2025-10,86342.44966442953,89950.0,1197.314255424952,1166.1105639467082,298,49824.944223107566,50000.0,681.5602584179683,671.615411806292,251,444,193,0.4346846846846847,0.5692409117571795,0.4307590882428205,-0.011930149777640953,0.021995182357804843,-0.033925332135445796,-0.01650165016501648,-0.07883817427385897
11620,관악구,2025-11,82689.70873786407,86750.0,1074.7609429677443,1031.0509554140126,103,49426.40727272727,49000.0,678.0458442711756,660.3656774939122,275,486,211,0.43415637860082307,0.6308806146219672,0.3691193853780328,-0.10235684733721895,-0.005156424693761208,-0.09720042264345774,-0.6543624161073825,0.09459459459459452
11620,관악구,2025-12,82953.47305389222,88500.0,1128.654188133581,1077.3578240904274,167,51692.10332103321,50925.0,695.2673253613088,683.4472412068678,271,552,281,0.5090579710144928,0.6160144822667516,0.3839855177332484,0.05014440236079021,0.025398697205561982,0.024745705155228226,0.6213592233009708,0.1358024691358024
11620,관악구,2026-01,85721.21212121213,87800.0,1159.8526031184751,1165.5953709366245,198,49255.786008230454,49000.0,670.4200447523064,667.3728813559322,243,555,312,0.5621621621621622,0.5780217615150062,0.42197823848499383,0.027642138143735506,-0.03573773669874414,0.06337987484247964,0.18562874251497008,0.005434782608695565
11620,관악구,2026-02,87492.1875,93100.0,1168.5447846286,1126.5086462292961,224,48922.33490566038,50000.0,687.6223298644982,665.1695578924391,212,501,289,0.5768463073852296,0.5884432833980309,0.41155671660196913,0.0074942121841639064,0.025658965967444214,-0.018164753783280307,0.13131313131313127,-0.0972972972972973
11620,관악구,2026-03,85537.56880733946,82500.0,1157.7230993688086,1058.885610039646,218,48937.89592760181,49000.0,675.7532609700227,656.25,221,467,246,0.5267665952890792,0.5836916110065039,0.4163083889934961,-0.009260822008829384,-0.017261028880220297,0.008000206871390914,-0.0267857142857143,-0.06786427145708585
11620,관악구,2026-04,88018.36283185841,87000.0,1228.8899094906096,1121.584755680378,226,49336.52352941177,48912.5,687.1595775700569,686.1286755714366,170,321,151,0.470404984423676,0.559170982089757,0.440829017910243,0.06147135714973739,0.016879410368898284,0.04459194678083911,0.03669724770642202,-0.3126338329764454
11650,서초구,2023-05,212247.4585987261,210000.0,2473.1089619918653,2489.7196261682243,157,87046.9760403531,78000.0,1040.3192406215996,903.4103741624632,793,1356,563,0.41519174041297935,0.4206524082075691,0.5793475917924309,,,,,
11650,서초구,2023-06,215794.79166666666,199000.0,2514.255829897799,2342.2823666391473,192,89114.03699673558,80000.0,1031.7220187868252,908.5270216584582,919,1795,876,0.48802228412256266,0.4103488620840797,0.5896511379159203,0.016637709271326795,-0.00826402271444826,0.024901731985775055,0.22292993630573243,0.3237463126843658
11650,서초구,2023-07,225250.75,206450.0,2356.8213061737556,2203.3723057345105,200,100071.04550499446,88000.0,1149.6624654260831,1007.8254683424235,901,1582,681,0.4304677623261694,0.48780213519561794,0.5121978648043821,-0.06261674800628492,0.11431417037889813,-0.17693091838518304,0.04166666666666674,-0.1186629526462396
11650,서초구,2023-08,240137.1921182266,225000.0,2599.646440801541,2473.789610083638,203,79574.78851963746,68000.0,953.4429550006053,854.6486783468653,993,1672,679,0.4061004784688995,0.36675870227438817,0.6332412977256119,0.1030307787831426,-0.17067575599483087,0.27370653477797346,0.014999999999999902,0.05689001264222493
11650,서초구,2023-09,239222.95597484277,230000.0,2679.738000999694,2657.714365645545,159,103719.30023923445,90000.0,1173.4191639654864,1006.6691833396251,836,1400,564,0.40285714285714286,0.43788577970224496,0.562114220297755,0.0308086357210402,0.2307177454205862,-0.199909109699546,-0.21674876847290636,-0.16267942583732053
11650,서초구,2023-10,209998.94505494504,195000.0,2252.688341700502,2058.1113801452784,91,94667.26935659761,80000.0,1112.3229943217073,982.4810606060605,917,1631,714,0.43776824034334766,0.4937758027735166,0.5062241972264834,-0.15936246720383795,-0.052066790384868944,-0.10729567681896901,-0.4276729559748428,0.16500000000000004
11650,서초구,2023-11,225924.67532467534,197000.0,2243.984032254355,2173.0217302173023,77,96113.57106598985,80000.0,1096.2096170902687,954.3767845115699,788,1306,518,0.39663093415007655,0.48851043560635,0.51148956439365,-0.003863965238784961,-0.01448623944096783,0.010622274202182869,-0.15384615384615385,-0.19926425505824652
11650,서초구,2023-12,221172.60273972602,210000.0,2368.060042284286,2203.6295074239924,73,99764.99053254438,85000.0,1119.4162832039092,993.8476100331283,845,1504,659,0.43816489361702127,0.47271448494358875,0.5272855150564113,0.05529273303486093,0.02116991654866096,0.03412281648619997,-0.051948051948051965,0.15160796324655434
11650,서초구,2024-01,214060.0,230000.0,2552.0399362385083,2389.64096527369,105,85942.28416779432,71000.0,1046.558582088361,959.5126835781041,739,1300,561,0.43153846153846154,0.41008707082809215,0.5899129291719079,0.07769224203316694,-0.0650854398035201,0.14277768183668704,0.4383561643835616,-0.13563829787234039
11650,서초구,2024-02,221190.99099099098,205000.0,2410.9111661908128,2247.72270199929,111,74241.67085076708,65000.0,865.7476239114949,829.9083148909264,717,1155,438,0.37922077922077924,0.35909561333168377,0.6409043866683162,-0.05530037678630817,-0.17276716399006142,0.11746678720375325,0.05714285714285716,-0.11153846153846159
11650,서초구,2024-03,234324.203539823,230000.0,2699.0486236190195,2565.5061180689736,226,95297.9474522293,80000.0,1094.0702991772878,981.3652664831225,628,1048,420,0.40076335877862596,0.4053540531293962,0.5946459468706038,0.11951392546887485,0.263728907778249,-0.14421498230937413,1.0360360360360361,-0.09264069264069263
11650,서초구,2024-04,229817.0132743363,228000.0,2616.89393944793,2580.8615291709552,226,96890.65565217391,81000.0,1150.8661212136224,1000.5002501250625,575,966,391,0.40476190476190477,0.4397832498539905,0.5602167501460096,-0.030438386123230576,0.05191240643224071,-0.08235079255547129,0.0,-0.0782442748091603
11650,서초구,2024-05,251459.38080495357,240000.0,2807.73471663925,2790.3225806451615,323,96440.28338762216,80000.0,1135.2967676167368,1001.7088286619905,614,1061,447,0.4213006597549482,0.4043461659282552,0.5956538340717448,0.07292644700441353,-0.013528379461259288,0.08645482646567282,0.42920353982300874,0.0983436853002071
11650,서초구,2024-06,264600.202020202,250000.0,2988.268039690104,2942.56120527307,495,98286.29585798817,82594.0,1144.850955299075,990.0991337007692,676,1170,494,0.4222222222222222,0.38311521593551584,0.6168847840644842,0.06429856851538496,0.008415586087146876,0.05588298242823808,0.5325077399380804,0.10273327049952874
11650,서초구,2024-07,258283.72093023255,239500.0,2846.268718121347,2709.476672898548,516,93413.14925373135,78000.0,1094.984936456111,981.6270930401166,670,1102,432,0.39201451905626133,0.38470891011964803,0.615291089880352,-0.04751893728498435,-0.043556777947516556,-0.003962159337467797,0.042424242424242475,-0.058119658119658135
11650,서초구,2024-08,266163.4259259259,230000.0,2816.7650087937304,2560.2482835436185,324,92418.99049630412,80000.0,1109.3350867719762,982.2118908082597,947,1335,388,0.2906367041198502,0.3938330259388748,0.6061669740611252,-0.010365749776110378,0.0131053403915391,-0.023471090167649478,-0.37209302325581395,0.21143375680580756
11650,서초구,2024-09,256503.88888888888,233500.0,2789.936555077403,2518.2982986929073,180,101910.14107142857,85000.0,1227.4432620740017,1108.0141421359647,560,964,404,0.4190871369294606,0.43995382613277667,0.5600461738672233,-0.009524562266490344,0.1064675378164639,-0.11599210008295424,-0.4444444444444444,-0.2779026217228464
11650,서초구,2024-10,244731.69014084508,219000.0,2730.1506385220946,2451.9627490274665,213,104849.22397891963,93000.0,1206.0490069984162,1110.0066269052352,759,1194,435,0.36432160804020103,0.44175181764010046,0.5582481823598995,-0.021429131227555853,-0.01742993402353754,-0.003999197204018312,0.18333333333333335,0.2385892116182573
11650,서초구,2024-11,257110.30927835053,218250.0,2639.2907056586764,2246.451358225537,194,110868.8154093098,98000.0,1256.943312617385,1117.9709661271484,623,1151,528,0.4587315377932233,0.4762428443075561,0.5237571556924439,-0.03328019032407792,0.04219920195915838,-0.0754793922832363,-0.08920187793427226,-0.03601340033500833
11650,서초구,2024-12,275705.8011049724,254000.0,3022.907435606296,2801.648028251913,181,107874.12330827067,94500.0,1247.7350113657376,1100.7289271562056,665,1298,633,0.487673343605547,0.41275991340948315,0.5872400865905169,0.14534841846907587,-0.007325947923993881,0.15267436639306975,-0.0670103092783505,0.12771503040834054
11650,서초구,2025-01,268303.77358490566,257000.0,2950.798516171183,2825.2715193126005,212,94785.77238239757,80000.0,1118.76404160977,1026.75891963988,659,1116,457,0.40949820788530467,0.3791394212375521,0.6208605787624479,-0.023854160595774387,-0.10336407056078312,0.07950990996500873,0.1712707182320441,-0.1402157164869029
11650,서초구,2025-02,308875.79439252336,287000.0,3282.3709379728193,3287.173031193174,535,94981.04154727794,80000.0,1154.1253084624839,1024.2810922735832,698,1406,708,0.5035561877667141,0.35161330948636405,0.648386690513636,0.11236701522809112,0.0316074395829109,0.08075957564518021,1.5235849056603774,0.2598566308243728
11650,서초구,2025-03,276817.34992679354,250000.0,2977.6838554688875,2662.4068157614483,683,84262.05582290664,70000.0,980.0972006253813,888.5850991114148,1039,1595,556,0.34858934169279,0.3291475012786568,0.6708524987213432,-0.09282530471467842,-0.15078787941054805,0.05796257469586963,0.2766355140186916,0.1344238975817924
11650,서초구,2025-04,202766.12903225806,172000.0,2453.5622741771435,2154.9641142096457,62,93984.77088607594,80000.0,1117.0702303138726,987.8849779749687,790,1379,589,0.4271211022480058,0.4552850531126245,0.5447149468873755,-0.17601653054239774,0.13975453618385125,-0.315771066726249,-0.9092240117130308,-0.13542319749216303
11650,서초구,2025-05,259266.57142857142,251000.0,2998.3073190171363,2650.0179662235,175,102428.75612745098,88987.5,1224.601307578835,1083.2016283865044,816,1458,642,0.4403292181069959,0.4084308835894337,0.5915691164105663,0.22202209847014576,0.09626169809820162,0.12576040037194414,1.8225806451612905,0.057287889775199385
11650,서초구,2025-06,282039.9214659686,258250.0,3059.5207611956794,2658.7314534274656,382,106119.72262773722,93400.0,1301.2959674644885,1199.8567335243551,959,1636,677,0.41381418092909533,0.425326732202312,0.574673267797688,0.02041599998448773,0.06262826881778105,-0.04221226883329332,1.1828571428571428,0.12208504801097386
11650,서초구,2025-07,282024.03433476394,249000.0,2867.2566449201054,2311.7726229118834,233,112664.63038793103,106750.0,1323.155966339886,1274.497408016184,928,1647,719,0.4365513054037644,0.46147106108694885,0.5385289389130512,-0.06284125236673865,0.016798637221623336,-0.07963988958836199,-0.39005235602094246,0.006723716381417999
11650,서초구,2025-08,231652.09259259258,201000.0,2488.466966138581,1977.5799798986313,108,95833.47290116896,85000.0,1158.7313560955804,1031.8359129231158,941,1776,835,0.47015765765765766,0.4656406421555252,0.5343593578444747,-0.13210874563761943,-0.12426699076083747,-0.007841754876781959,-0.5364806866952789,0.07832422586520948
11650,서초구,2025-09,258399.2,235000.0,2814.40501170298,2184.1794569067297,125,109892.29365079365,95000.0,1285.5187397923344,1118.3048852266038,756,1384,628,0.45375722543352603,0.45676394635698664,0.5432360536430134,0.1309794544189451,0.10941913587630192,0.021560318542643175,0.15740740740740744,-0.2207207207207207
11650,서초구,2025-10,242364.09691629955,210000.0,2669.806236648877,2346.8581901625666,227,107892.92341040462,90500.0,1259.176337777538,1073.4566559264463,692,1397,705,0.5046528274874732,0.471635851505856,0.5283641484941439,-0.05137809748519717,-0.02049165150175236,-0.03088644598344481,0.8160000000000001,0.009393063583815087
11650,서초구,2025-11,243033.7552742616,205000.0,2772.386283039606,2245.597447110271,237,104555.36912751678,90000.0,1196.0209021689325,1062.072220911022,745,1442,697,0.48335644937586686,0.43140485490269836,0.5685951450973017,0.03842228135607573,-0.050156148677377166,0.08857843003345289,0.044052863436123246,0.0322118826055835
11650,서초구,2025-12,218681.84931506848,181500.0,2357.8426738841963,1956.0166968692838,146,107524.04043126684,92700.0,1252.0081155605753,1122.6030004093072,742,1446,704,0.48686030428769017,0.5309973092895454,0.46900269071045464,-0.1495259198515836,0.04681123322352687,-0.19633715307511046,-0.38396624472573837,0.00277392510402219
11650,서초구,2026-01,236826.24203821656,206500.0,2565.323557104859,2128.1493797160765,157,100928.17527386542,89200.0,1193.5579279606582,1075.011944577162,639,1283,644,0.5019485580670304,0.4652660381397148,0.5347339618602852,0.08799606755732725,-0.046685150737818204,0.13468121829514546,0.07534246575342474,-0.11272475795297376
11650,서초구,2026-02,273063.27702702704,224000.0,3053.4464659599894,2595.7171415306584,148,85665.15213675213,72000.0,986.4396333207906,910.0894398242586,585,1051,466,0.4433872502378687,0.3230577789123473,0.6769422210876527,0.19027732681253284,-0.17353015701027175,0.3638074838228046,-0.0573248407643312,-0.18082618862042088
11650,서초구,2026-03,215709.05511811023,182000.0,2566.0195335663125,2247.5433828141336,127,105105.04382470119,87750.0,1241.2530590437898,1123.6241639279774,502,962,460,0.4781704781704782,0.4837270499335085,0.5162729500664915,-0.15963172691171845,0.25831628932546535,-0.4179480162371838,-0.14189189189189189,-0.08468125594671738
11650,서초구,2026-04,232136.84761904762,200000.0,2755.310993848421,2493.7655860349128,105,100736.34625322997,88000.0,1242.898593576493,1120.0188634755955,387,723,336,0.46473029045643155,0.45109194437630484,0.5489080556236952,0.07376851883080815,0.001325704312036935,0.07244281451877121,-0.17322834645669294,-0.24844074844074848
11680,강남구,2023-05,211298.2962962963,190625.0,2531.8783402740532,2670.0684306465546,270,79732.8986599665,70000.0,961.9785863300257,864.8916093705585,1194,2219,1025,0.4619197836863452,0.3799466076343542,0.6200533923656457,,,,,
11680,강남구,2023-06,228844.32234432234,219000.0,2663.4218038225954,2751.59085552675,273,82748.70833333333,70000.0,988.4261791201932,855.1674304856135,1152,2265,1113,0.4913907284768212,0.3711113942604151,0.6288886057395848,0.05195489113995255,0.027492912177043083,0.02446197896290947,0.011111111111111072,0.02073005858494814
11680,강남구,2023-07,231213.47154471546,214000.0,2623.7942485500907,2696.871985484988,246,86057.53900087642,73000.0,1023.5492468890948,887.7284595300262,1141,2045,904,0.44205378973105136,0.3901027100180238,0.6098972899819761,-0.014878437660768018,0.03553433580661025,-0.05041277346737827,-0.09890109890109888,-0.09713024282560712
11680,강남구,2023-08,232705.51601423486,212000.0,2612.9974725301104,2722.987222428979,281,85542.61219081272,73000.0,1034.1612982511563,916.573138795361,1132,2041,909,0.4453699167074963,0.395775850961616,0.604224149038384,-0.004114947666322033,0.010367895237395786,-0.014482842903717819,0.1422764227642277,-0.0019559902200488866
11680,강남구,2023-09,213373.78640776698,200000.0,2538.890571684745,2544.3028572528856,206,90637.70837166514,80000.0,1080.6872770347356,949.7102262105066,1087,1984,897,0.45211693548387094,0.4256533499660123,0.5743466500339878,-0.028360877354239977,0.04498909296089337,-0.07334997031513335,-0.26690391459074736,-0.027927486526212686
11680,강남구,2023-10,252927.24489795917,220000.0,2709.602322018062,2745.6218462451766,147,90321.6753144654,80000.0,1105.4108641739272,965.3873322345185,1272,2244,972,0.43315508021390375,0.40796055391281094,0.5920394460871891,0.06723871924107261,0.022877651717182923,0.044361067523889686,-0.28640776699029125,0.13104838709677424
11680,강남구,2023-11,207916.38655462186,190000.0,2401.8463586448424,2343.106087366066,119,95791.6944,85000.0,1121.9609473320238,988.8170744672183,1250,2366,1116,0.4716821639898563,0.4671243617618618,0.5328756382381382,-0.11357975333590964,0.014971883934273178,-0.12855163727018282,-0.19047619047619047,0.054367201426025025
11680,강남구,2023-12,220948.51485148515,192500.0,2446.4982282640526,2527.075812274368,101,93423.27992277993,85000.0,1097.0361118262097,976.5879425746045,1554,3089,1535,0.496924571058595,0.44841075262279145,0.5515892473772086,0.018590643593207723,-0.02221542163752166,0.04080606523072938,-0.1512605042016807,0.3055790363482671
11680,강남구,2024-01,224470.75392670158,190000.0,2537.5572564750987,2522.635683257445,191,85224.13646368305,75000.0,1046.2994566431414,949.893137022085,1363,2354,991,0.4209855564995752,0.4123254574742278,0.5876745425257722,0.037220148847464385,-0.046248846903141794,0.08346899575060618,0.891089108910891,-0.23794108125606994
11680,강남구,2024-02,242224.0804597701,211000.0,2638.261956660537,2707.581227436823,174,86050.65538461538,75000.0,1072.866916134738,955.253896430367,975,1884,909,0.482484076433121,0.4066567057248375,0.5933432942751625,0.03968568588096666,0.025391831490416017,0.014293854390550642,-0.08900523560209428,-0.199660152931181
11680,강남구,2024-03,230100.91286307055,207000.0,2529.7759363996884,2589.3656868333196,241,84569.90179514255,74000.0,1067.9449855907878,953.6143159877561,947,1872,925,0.49412393162393164,0.4221500292672795,0.5778499707327205,-0.04112026100629085,-0.00458764313628246,-0.03653261787000839,0.38505747126436773,-0.006369426751592355
11680,강남구,2024-04,241885.15358361774,225000.0,2714.1340751185426,2835.505251592018,293,95478.78219013238,84450.0,1133.3116365151543,1035.9627053426077,831,1572,741,0.4713740458015267,0.4175591938897329,0.582440806110267,0.07287528356413575,0.061207882247048095,0.011667401317087656,0.21576763485477168,-0.16025641025641024
11680,강남구,2024-05,237864.17682926828,211000.0,2664.0305414417967,2693.64330112036,328,76741.2239624119,65000.0,931.2559848364382,916.6302924487123,1277,2356,1079,0.4579796264855688,0.34956655727093666,0.6504334427290633,-0.018460227936439533,-0.17828781172672115,0.1598275837902816,0.11945392491467577,0.49872773536895676
11680,강남구,2024-06,230921.25748502993,207000.0,2735.455542160067,2804.314329738059,501,92426.62947368421,82000.0,1106.961730605537,1007.8737398927992,950,1950,1000,0.5128205128205128,0.40467180458411645,0.5953281954158836,0.02681087908234514,0.18867609833397103,-0.1618652192516259,0.5274390243902438,-0.17232597623089985
11680,강남구,2024-07,242758.93959731545,219500.0,2730.912021379559,2620.985662195358,596,98153.06370875996,85000.0,1146.4681088491404,1024.9839846252403,879,1570,691,0.44012738853503186,0.4198114402345286,0.5801885597654715,-0.0016609740902314707,0.03568901900700072,-0.03734999309723219,0.18962075848303384,-0.19487179487179485
11680,강남구,2024-08,269747.37387387385,247500.0,2856.793229929789,2797.239686293257,444,92080.80048076923,84000.0,1142.5247777361847,1018.5700584959372,832,1528,696,0.45549738219895286,0.39993261177122863,0.6000673882287714,0.04609493369421669,-0.003439547147032429,0.04953448084124912,-0.25503355704697983,-0.026751592356687892
11680,강남구,2024-09,252588.54464285713,242500.0,2878.7038650258537,2792.8163824369785,224,87452.90297339593,78000.0,1102.0201210595621,1002.8078620136382,639,1286,647,0.5031104199066874,0.3828181614817351,0.6171818385182649,0.007669660816370438,-0.03545188469074523,0.043121545507115666,-0.49549549549549554,-0.15837696335078533
11680,강남구,2024-10,270089.7573770492,245000.0,3024.1820496963774,3059.071729957806,305,96537.35294117648,86000.0,1163.8464284440997,1053.6963668549272,884,1656,772,0.46618357487922707,0.38484668228255237,0.6151533177174476,0.05053600213553655,0.05610270284819596,-0.0055667007126594115,0.3616071428571428,0.2877138413685847
11680,강남구,2024-11,269868.7626459144,232500.0,3031.684126310657,2917.198703467243,257,94589.20338983051,84000.0,1162.121161256946,1052.3750487171374,826,1617,791,0.48917748917748916,0.3833252782410298,0.6166747217589702,0.0024806960993082328,-0.0014823838824339353,0.003963079981742168,-0.1573770491803279,-0.023550724637681153
11680,강남구,2024-12,300522.0416666667,257500.0,2922.791918438082,2884.3677736515356,192,99131.12026515152,89625.0,1182.2393009341185,1081.4459537210764,1056,2004,948,0.47305389221556887,0.4044897255518273,0.5955102744481727,-0.03591805852316454,0.01731156814614132,-0.05322962666930586,-0.2529182879377432,0.23933209647495368
11680,강남구,2025-01,268796.45248868776,244000.0,3018.7196668550982,3004.3873987881475,221,87245.95066185319,75000.0,1096.5115463239836,1001.5022533800702,831,1591,760,0.4776869893148963,0.36323728843173075,0.6367627115682692,0.03282058767573126,-0.07251303060420955,0.10533361827994081,0.15104166666666674,-0.20608782435129736
11680,강남구,2025-02,270047.3322683706,250000.0,3100.390848175401,3050.9058401883035,626,88977.1017257039,79800.0,1107.3005377094184,1012.4019235636548,1101,2197,1096,0.4988620846609012,0.35714869251438786,0.6428513074856121,0.027054907488441193,0.009839377817410622,0.01721552967103057,1.8325791855203621,0.38089252042740407
11680,강남구,2025-03,266316.39344262297,247000.0,3065.2461649540196,3026.9772711180344,915,89892.87852865698,79000.0,1113.642069519262,1003.684111090119,1169,1964,795,0.40478615071283097,0.3633124419995701,0.6366875580004299,-0.011335565398815528,0.005727019534336852,-0.01706258493315238,0.4616613418530351,-0.10605370960400551
11680,강남구,2025-04,470417.1875,413750.0,3904.951816244225,4020.1458333914024,128,77996.08500477555,70000.0,986.2198493103118,936.0754102350486,1047,1814,767,0.42282249173098124,0.25255621470352896,0.747443785296471,0.2739439529819301,-0.11441936659590801,0.3883633195778381,-0.8601092896174863,-0.07637474541751532
11680,강남구,2025-05,293838.68512110726,270000.0,3305.697317830107,3299.2378660248696,289,89380.56782945736,78750.0,1070.3272595183537,976.7525098637188,1032,1980,948,0.47878787878787876,0.323782596109231,0.676217403890769,-0.15346015177992134,0.08528261752879973,-0.23874276930872107,1.2578125,0.09151047409040802
11680,강남구,2025-06,322708.5460526316,290000.0,3485.0834411897513,3343.6593496732103,608,96538.71083070453,84000.0,1154.7929095811442,1030.3030303030303,951,1790,839,0.46871508379888266,0.33135301609505124,0.6686469839049487,0.05426574368805048,0.07891572349638176,-0.02464997980833128,1.1038062283737022,-0.09595959595959591
11680,강남구,2025-07,300480.9304812834,258250.0,3375.2463257675213,3163.19767237384,374,91668.06783369803,84000.0,1108.773022353244,1007.9657199888056,914,1745,831,0.47621776504297997,0.328501364148915,0.671498635851085,-0.03151635169593914,-0.03985120348945692,0.008334851793517783,-0.3848684210526315,-0.025139664804469275
11680,강남구,2025-08,250291.40625,188250.0,2882.2994528270274,2735.8220341478964,128,85229.81472957422,75000.0,1055.7809076604972,958.1881533101046,869,1776,907,0.5106981981981982,0.3662981327720693,0.6337018672279306,-0.14604767337340907,-0.047793474069451225,-0.09825419930395785,-0.6577540106951871,0.017765042979942747
11680,강남구,2025-09,253150.64377682403,220000.0,3244.4243643891364,3118.6868686868684,233,95421.36191536748,80000.0,1166.3225002218937,1024.5208158190117,898,1701,803,0.4720752498530276,0.35948518727188455,0.6405148127281155,0.12563750487720093,0.10470126117959966,0.020936243697601276,0.8203125,-0.042229729729729715
11680,강남구,2025-10,268760.6451612903,231500.0,3237.755378216187,3093.803580662945,310,100409.99171597633,89250.0,1209.2288173692884,1071.9754977029097,845,1679,834,0.49672424061941634,0.37347751022361125,0.6265224897763888,-0.0020555221586140426,0.036787695632410244,-0.03884321779102429,0.33047210300429186,-0.012933568489124081
11680,강남구,2025-11,271290.1754385965,242000.0,3193.4589412370824,2980.953055299866,285,104769.21621621621,94500.0,1230.9957387181669,1113.3483358995618,1073,2227,1154,0.5181859003143242,0.38547410859815334,0.6145258914018467,-0.013681217944114588,0.018000663758769075,-0.03168188170288366,-0.08064516129032262,0.3263847528290649
11680,강남구,2025-12,242735.83422459892,197000.0,3063.0798405730043,2867.662677901296,187,96503.57947019867,85000.0,1166.5496572034083,1058.684625222127,1208,2369,1161,0.490080202617138,0.38084206678242644,0.6191579332175736,-0.040826922488495176,-0.05235280634022843,0.011525883851733254,-0.343859649122807,0.06376290974405019
11680,강남구,2026-01,267668.07511737087,232000.0,3249.939465388629,3148.6146095717886,213,94408.97511961723,80000.0,1143.374065915443,1035.1317440401506,1045,1973,928,0.4703497212366954,0.35181395779589325,0.6481860422041068,0.06100383749078797,-0.019866785048417546,0.08087062253920552,0.1390374331550801,-0.16715913887716338
11680,강남구,2026-02,261900.62893081762,235000.0,3243.910929444843,3050.7485387356637,159,98900.38532110091,85000.0,1188.1800366281088,1063.570442273918,654,1400,746,0.5328571428571428,0.3662801052405751,0.6337198947594249,-0.0018549686872597615,0.03918749956672474,-0.0410424682539845,-0.2535211267605634,-0.29042067916877856
11680,강남구,2026-03,243211.56647398844,210000.0,3128.6229032341193,3130.671506352087,173,91396.38383838384,80000.0,1147.4072704021132,1073.2414793328498,693,1551,858,0.5531914893617021,0.36674514822991794,0.633254851770082,-0.03553982483435636,-0.0343153099438559,-0.001224514890500461,0.08805031446540879,0.10785714285714287
11680,강남구,2026-04,255578.47533632288,225000.0,3262.4269237316985,3511.252503829386,223,96018.41176470589,84000.0,1201.917208184734,1092.3451810772203,527,1082,555,0.5129390018484289,0.368411993979602,0.631588006020398,0.042767704717389554,0.04750705280394252,-0.004739348086552964,0.2890173410404624,-0.30238555770470665
11710,송파구,2023-05,151758.74587458745,153000.0,1931.8461797824268,1826.6978922716628,303,61953.752104770814,58000.0,762.1254285351627,703.456640388114,1069,2518,1449,0.5754567116759333,0.39450626893130625,0.6054937310686938,,,,,
11710,송파구,2023-06,153426.83333333334,148500.0,1977.5230964112925,1877.684799470031,300,66299.58296943232,60000.0,825.5079345928083,757.5757575757575,916,1501,585,0.38974017321785476,0.4174454073840643,0.5825545926159357,0.02364417887246595,0.08316545241046414,-0.05952127353799819,-0.00990099009900991,-0.4038919777601271
11710,송파구,2023-07,152897.02898550723,145500.0,1923.7920927956718,1834.154303163944,276,65475.35331905782,60000.0,836.1199220921588,763.2448673009515,934,1597,663,0.41515341264871636,0.434620729143918,0.565379270856082,-0.027170860210497194,0.012855100544351572,-0.040025960754848766,-0.07999999999999996,0.06395736175882738
11710,송파구,2023-08,161141.1439114391,164000.0,2040.5815224643661,1917.3057685895299,271,68272.8726042841,60900.0,861.9247119461706,783.7707681194318,887,1385,498,0.3595667870036101,0.42239170670586235,0.5776082932941377,0.060707926862811235,0.030862546355123754,0.02984538050768748,-0.018115942028985477,-0.13274890419536634
11710,송파구,2023-09,157665.16853932585,154000.0,1982.2964298508634,1819.3224592220827,267,68353.64129301356,63000.0,851.7153916979976,778.2101167315175,959,1522,563,0.36990801576872534,0.42966096234258755,0.5703390376574125,-0.028562981665693488,-0.011844793526247899,-0.01671818813944559,-0.014760147601476037,0.09891696750902534
11710,송파구,2023-10,168837.5816993464,167000.0,1990.5364912767263,1859.845456967759,153,68179.91056137012,64000.0,851.7964694788145,781.1717392283309,1051,1779,728,0.4092186621697583,0.4279230615523526,0.5720769384476474,0.004156826043662409,9.519351371034546e-05,0.004061632529952064,-0.4269662921348315,0.16885676741130085
11710,송파구,2023-11,163421.75925925927,145000.0,1955.0733270615985,1906.778595233604,108,72443.02413127413,68000.0,906.9236548731656,824.3780369283497,1036,1696,660,0.3891509433962264,0.46388216867355947,0.5361178313264405,-0.017815882487229207,0.06471872961399039,-0.0825346121012196,-0.2941176470588235,-0.046655424395727896
11710,송파구,2023-12,156372.92857142858,156500.0,1985.3822583295685,1865.2972079570275,140,64319.89199491741,59000.0,818.0487126355144,727.7137659187387,1574,2613,1039,0.39762724837351704,0.4120358732951468,0.5879641267048532,0.015502708184108371,-0.09799605706621506,0.11349876525032343,0.2962962962962963,0.540683962264151
11710,송파구,2024-01,155223.22274881517,145000.0,1947.9919733589177,1868.5352018685353,211,67741.51830282861,61700.0,871.7811306553485,805.065961704142,1202,2117,915,0.4322153991497402,0.44752809178784164,0.5524719082121583,-0.018832788906912867,0.06568364107159819,-0.08451642997851105,0.5071428571428571,-0.18982013011863763
11710,송파구,2024-02,165891.62162162163,168500.0,2055.679320803942,1999.6887643946466,185,64112.05416666667,61000.0,838.4727979690149,789.8109623830312,960,1758,798,0.4539249146757679,0.4078811269265004,0.5921188730734996,0.055281206964800544,-0.03820721912310099,0.09348842608790153,-0.12322274881516593,-0.1695795937647615
11710,송파구,2024-03,158868.5628742515,152750.0,1968.6335756938952,1838.7902350762488,334,66059.5771632471,62000.0,864.4321756128194,788.4208048952694,1121,2065,944,0.45714285714285713,0.4391026274699842,0.5608973725300158,-0.04234402916307234,0.030960309871333136,-0.07330433903440547,0.8054054054054054,0.17463026166097828
11710,송파구,2024-04,158072.19444444444,147500.0,1974.5415412017612,1835.2056299162386,360,68525.0671378092,65000.0,871.6640212075592,790.5511439393046,849,1405,556,0.39572953736654803,0.44145134605628006,0.5585486539437199,0.0030010488395655344,0.008366006956662675,-0.0053649581170971405,0.07784431137724557,-0.3196125907990315
11710,송파구,2024-05,161688.876146789,160250.0,2002.7122236413043,1903.1101892570596,436,69917.41928721174,65000.0,886.6657829163929,800.376647834275,954,1600,646,0.40375,0.4427324966860537,0.5572675033139463,0.01426694847979637,0.017210486315645923,-0.0029435378358495523,0.21111111111111103,0.13879003558718872
11710,송파구,2024-06,161524.66393442624,154100.0,2017.5513628937438,1919.3858099120198,610,71087.07709251101,65000.0,908.4362939310489,825.1941681877746,908,1452,544,0.3746556473829201,0.45026674940661354,0.5497332505933865,0.007409521486546389,0.024553232383738965,-0.017143710897192577,0.3990825688073394,-0.09250000000000003
11710,송파구,2024-07,171028.48021828104,157000.0,2056.9157595002093,1969.621098314138,733,73728.97529538131,68000.0,916.8110850806233,842.7642667950879,931,1575,644,0.4088888888888889,0.44572126050674565,0.5542787394932543,0.01951097619145914,0.009218908585581165,0.010292067605877975,0.20163934426229502,0.084710743801653
11710,송파구,2024-08,169564.5299145299,152000.0,2015.0856964410525,1828.163486486417,468,73480.78034682081,66000.0,900.5269747788323,832.2729559376202,865,1668,803,0.4814148681055156,0.4468926440048181,0.5531073559951819,-0.02033630345139692,-0.017761685658893467,-0.002574617792503453,-0.36152796725784453,0.059047619047619015
11710,송파구,2024-09,169452.79487179487,150000.0,2034.7029841415497,1871.3450292397663,195,70298.26988636363,63750.0,895.0016812937731,809.5645746285195,704,1234,530,0.42949756888168555,0.43986846643928146,0.5601315335607185,0.0097352126190684,-0.006135622407553276,0.015870835026621677,-0.5833333333333333,-0.2601918465227818
11710,송파구,2024-10,172232.9457364341,161500.0,2062.5787963971784,1892.3394000078665,258,70256.04187437687,65000.0,890.9710123591325,808.8830061033899,1003,1740,737,0.4235632183908046,0.43196944229012796,0.5680305577098721,0.013700187434181998,-0.004503532249027775,0.018203719683209774,0.32307692307692304,0.4100486223662885
11710,송파구,2024-11,180953.55172413794,180000.0,2164.6518456735585,2011.6616102360258,290,71546.75734597156,65100.0,896.9477771652603,824.0141259564449,1055,1766,711,0.40260475651189126,0.4143612188528007,0.5856387811471992,0.049488072627662305,0.006708147317051827,0.04277992531061048,0.12403100775193798,0.014942528735632177
11710,송파구,2024-12,184379.3795620438,180600.0,2242.4939933992655,2141.395195115905,274,73886.60506329114,70000.0,927.5059259212471,860.8490566037736,1185,1986,801,0.4033232628398791,0.41360464226496996,0.58639535773503,0.035960585477654794,0.034069038949584796,0.0018915465280699983,-0.05517241379310345,0.1245753114382786
11710,송파구,2025-01,175170.7121661721,177000.0,2181.913394024196,2029.3724966622162,337,63886.1308623298,57100.0,818.1013807847152,741.4381649121827,1322,2002,680,0.33966033966033965,0.37494677058462705,0.625053229415373,-0.027014832393481236,-0.11795562926227743,0.09094079686879619,0.22992700729927007,0.00805639476334341
11710,송파구,2025-02,190039.00403768505,195000.0,2348.7189585617616,2202.9372496662218,743,71545.65511551154,68000.0,913.1753504585422,839.9106917537936,1212,2214,1002,0.45257452574525747,0.38879719820447367,0.6112028017955263,0.07644921425131312,0.11621294366064139,-0.03976372940932826,1.2047477744807122,0.10589410589410586
11710,송파구,2025-03,187129.87394957984,170000.0,2265.009456074376,2026.156338821444,952,70837.3815073815,65500.0,911.2811449932723,832.2091062394604,1287,2049,762,0.3718887262079063,0.40232995166945945,0.5976700483305406,-0.035640493377140814,-0.002074306390682512,-0.0335661869864583,0.28129205921938083,-0.07452574525745259
11710,송파구,2025-04,184611.9708029197,158000.0,2221.890650191837,1906.4991614934245,137,66118.96325459318,64417.0,822.8349257436965,791.120557326721,1143,1863,720,0.3864734299516908,0.3703309727113049,0.6296690272886951,-0.01903692091302389,-0.09705700566231812,0.07802008474929423,-0.85609243697479,-0.0907759882869692
11710,송파구,2025-05,191306.4734299517,175000.0,2300.980845718538,1978.8949659773118,414,72642.5326923077,67000.0,899.6374044566171,827.51617188352,1040,2190,1150,0.5251141552511416,0.3909799623628258,0.6090200376371742,0.03559589915906658,0.09333886580410367,-0.057742966645037086,2.021897810218978,0.1755233494363928
11710,송파구,2025-06,195309.71574344023,170000.0,2371.819419982295,2061.1394525080677,686,75086.11012235818,70000.0,957.3695555936225,876.3144717075614,899,1458,559,0.3834019204389575,0.4036435267912466,0.5963564732087534,0.030786251174392598,0.06417268874216697,-0.033386437567774374,0.6570048309178744,-0.3342465753424657
11710,송파구,2025-07,181667.8859223301,153750.0,2220.754712925103,1940.6307191641577,412,74632.47201946472,70000.0,950.0227057200292,873.379902246284,822,1502,680,0.45272969374167776,0.4277927229832112,0.5722072770167888,-0.06369148754938514,-0.007673995721576787,-0.05601749182780835,-0.3994169096209913,0.030178326474622708
11710,송파구,2025-08,163335.15151515152,136000.0,2038.7382824040437,1757.0028121292378,165,72968.08469539376,69000.0,935.1581905935976,859.0256530948458,673,1193,520,0.4358759430008382,0.45869457529922664,0.5413054247007734,-0.08196151941576357,-0.015646484064994692,-0.06631503535076888,-0.5995145631067962,-0.2057256990679095
11710,송파구,2025-09,183724.74424552429,165000.0,2366.114735544853,2141.940216394645,391,76603.0616966581,73000.0,939.5295584664611,876.4225447219026,778,1373,595,0.43335761107064824,0.3970769229202711,0.6029230770797289,0.16057796921082623,0.004674468893961947,0.15590350031686429,1.3696969696969696,0.1508801341156747
11710,송파구,2025-10,200872.12101910828,180000.0,2403.9196713603646,2068.8550184268147,628,78106.15162454874,75000.0,976.5857263817452,920.0401472064235,831,1510,679,0.44966887417218543,0.40624723779938154,0.5937527622006185,0.01597764269314106,0.03944119435238269,-0.023463551659241633,0.6061381074168799,0.099781500364166
11710,송파구,2025-11,175468.3407572383,153000.0,2248.961142938145,1988.4026838337763,449,82283.85225048923,80000.0,1028.185853925755,974.8902880810352,1022,1779,757,0.4255199550309162,0.4571825783448114,0.5428174216551886,-0.06446077640128867,0.05283727393312265,-0.11729805033441132,-0.28503184713375795,0.1781456953642384
11710,송파구,2025-12,181011.72413793104,155000.0,2333.9646483743027,2038.7700534759358,319,70752.5752895753,64000.0,907.2062539190167,826.6512358435976,1295,2583,1288,0.4986449864498645,0.38869751285689835,0.6113024871431016,0.03779678706458456,-0.11766316327424808,0.15545995033883264,-0.28953229398663693,0.4519392917369309
11710,송파구,2026-01,190908.0316091954,169000.0,2499.0532234760517,2202.4643320363166,348,75442.22532402791,70000.0,975.0736138339388,906.0955518945634,1003,1967,964,0.49008642602948654,0.3901772097825362,0.6098227902174638,0.07073310866843663,0.07480918437427397,-0.004076075705837345,0.09090909090909083,-0.2384823848238482
11710,송파구,2026-02,192564.47811447812,177500.0,2445.1816191481366,2146.464646464646,297,74962.1675,71200.0,949.2730619827958,891.607522829172,800,1443,643,0.4455994455994456,0.38822190325212236,0.6117780967478776,-0.02155680552212591,-0.026460106688454665,0.004903301166328755,-0.14655172413793105,-0.266395526182003
11710,송파구,2026-03,183104.72727272726,155000.0,2485.8725011927154,2288.3820603091995,275,74142.14869466516,70000.0,968.0068354054725,900.6367869690723,881,1727,846,0.4898668210770122,0.38940325175206103,0.610596748247939,0.016641251400685286,0.01973486257320589,-0.003093611172520605,-0.07407407407407407,0.19681219681219675
11710,송파구,2026-04,199758.09451219512,180000.0,2785.292680783105,2682.244562210434,328,79648.12116040956,76300.0,1002.148485439521,923.7085186452275,586,1168,582,0.4982876712328767,0.3598000642279934,0.6401999357720066,0.12044872753800862,0.035270050567098865,0.08517867697090975,0.19272727272727264,-0.32368268674001155
11740,강동구,2023-05,99881.83856502242,104000.0,1389.818718135254,1388.7254325055903,223,41942.720048899755,42069.0,598.7302268950647,588.9975589038148,818,1269,451,0.355397951142632,0.43079735441928163,0.5692026455807184,,,,,
11740,강동구,2023-06,108700.19834710743,113000.0,1511.3470597428,1509.1846821056683,242,43918.740196078434,45000.0,631.5791891905573,629.9608592168631,816,1432,616,0.4301675977653631,0.4178915657519716,0.5821084342480284,0.08744186563453615,0.054864379348012804,0.03257748628652335,0.08520179372197312,0.128447596532703
11740,강동구,2023-07,103876.35514018692,109350.0,1431.255961803699,1438.6629144341596,214,49886.376790830946,50000.0,707.8851236784886,705.9020791415157,698,1216,518,0.42598684210526316,0.4945901659591321,0.5054098340408679,-0.05299318738392944,0.12081768334660681,-0.17381087073053625,-0.11570247933884292,-0.15083798882681565
11740,강동구,2023-08,102046.27705627706,104000.0,1441.236667523268,1457.0552147239264,231,48328.67335243553,49000.0,698.602714941992,695.8930207112605,698,1354,656,0.4844903988183161,0.48472449437643345,0.5152755056235665,0.006973389796044005,-0.013112874428355181,0.020086264224399186,0.07943925233644866,0.11348684210526305
11740,강동구,2023-09,101036.63101604278,101300.0,1403.7463610030086,1411.6166157165978,187,50356.01935483871,50700.0,717.7052724350997,675.9816059426954,775,1527,752,0.49246889325474785,0.5112784562606332,0.4887215437393668,-0.026012595547326378,0.027343949693487746,-0.053356545240814124,-0.19047619047619047,0.12776957163958635
11740,강동구,2023-10,100707.31707317074,99000.0,1366.9139376699632,1346.2404322377306,123,52531.62600690449,51000.0,751.0324885322016,713.7954701441319,869,1455,586,0.4027491408934708,0.5494365576609812,0.4505634423390188,-0.02623865988634,0.04643579666626407,-0.07267445655260407,-0.34224598930481287,-0.047151277013752435
11740,강동구,2023-11,92445.63218390805,87500.0,1279.136280848139,1275.6224157649335,87,52644.76720901126,53000.0,721.16904645617,702.4586051179127,799,1284,485,0.37772585669781933,0.5637937546247962,0.4362062453752038,-0.06421593518275892,-0.03976318272781498,-0.024452752454943938,-0.29268292682926833,-0.11752577319587632
11740,강동구,2023-12,104459.02678571429,108250.0,1412.660792809485,1469.7985625669114,112,53650.17562724014,55000.0,735.7047013058071,720.4116638078902,837,1521,684,0.44970414201183434,0.5207936010191415,0.4792063989808585,0.10438646292857223,0.020155683221659837,0.0842307797069124,0.28735632183908044,0.18457943925233655
11740,강동구,2024-01,101877.14285714286,109750.0,1413.8223051485709,1466.0339366249427,140,52826.969696969696,52000.0,740.1377937904319,718.3598282411087,858,1472,614,0.4171195652173913,0.5235012852005153,0.4764987147994847,0.0008222160231232678,0.006025641098604595,-0.005203425075481327,0.25,-0.032215647600262964
11740,강동구,2024-02,99620.51829268293,100000.0,1388.967551903033,1415.1175257093537,164,53725.63826606876,54000.0,728.0148691291919,710.0591715976332,669,1167,498,0.4267352185089974,0.524141019804051,0.47585898019594897,-0.017579828211103266,-0.016379280673069707,-0.0012005475380335584,0.17142857142857149,-0.20720108695652173
11740,강동구,2024-03,106147.74590163934,108750.0,1480.3593918687593,1453.330127598661,244,52118.544715447155,52000.0,722.2340859587857,706.8803016022621,861,1506,645,0.42828685258964144,0.48787753158174657,0.5121224684182535,0.06579839812709087,-0.007940474041856826,0.0737388721689477,0.4878048780487805,0.2904884318766068
11740,강동구,2024-04,103249.37238493723,105000.0,1464.8666061461881,1452.9058116232463,239,50391.00541271989,50000.0,705.9474603022363,677.2673733804476,739,1155,416,0.3601731601731602,0.48191928011756824,0.5180807198824318,-0.010465557085440946,-0.022550342019552416,0.01208478493411147,-0.020491803278688492,-0.23306772908366535
11740,강동구,2024-05,109012.8125,112000.0,1517.9533473469446,1526.0092238917828,320,51626.689801699715,51000.0,737.0761018830758,727.8362825480867,706,1301,595,0.4573405073020753,0.48557230245008914,0.5144276975499109,0.03623998320257882,0.0440948417995759,-0.007854858596997083,0.33891213389121333,0.1264069264069263
11740,강동구,2024-06,115234.92462311558,119950.0,1571.040508353587,1583.7876664743355,597,50929.4295154185,50000.0,725.6010481162173,713.0124777183601,908,1453,545,0.3750860289057123,0.4618601775434994,0.5381398224565006,0.03497285413904683,-0.015568343265426998,0.050541197404473825,0.8656250000000001,0.11683320522674867
11740,강동구,2024-07,107763.0241935484,108500.0,1499.8853717940112,1467.4506841696095,496,52852.19521410579,50300.0,747.5499925370997,713.9130867321874,794,1211,417,0.34434351775392236,0.4984047491862368,0.5015952508137632,-0.04529172620389321,0.03024932844000916,-0.07554105464390237,-0.16917922948073705,-0.16655196145905027
11740,강동구,2024-08,108962.29261363637,108000.0,1479.3366917831006,1454.6407173949974,352,55236.60551948052,53000.0,778.6168095490225,752.4805535618574,616,1031,415,0.40252182347235693,0.5263283293612667,0.4736716706387333,-0.013700166957647197,0.04155817981682475,-0.055258346774471945,-0.29032258064516125,-0.1486374896779521
11740,강동구,2024-09,100273.31125827815,91000.0,1337.4297256746938,1255.4688986113754,151,53985.55789473684,50000.0,745.0900730559708,695.6104053662486,570,894,324,0.3624161073825503,0.5571059613469372,0.44289403865306276,-0.09592607747554815,-0.04305935356375168,-0.052866723911796476,-0.5710227272727273,-0.13288069835111538
11740,강동구,2024-10,103186.80952380953,98500.0,1382.460098658609,1360.0184397411435,210,58337.38035264484,55550.0,809.7269702216726,776.6012434667756,794,1227,433,0.35289323553382235,0.5857145323813285,0.41428546761867147,0.033669337625346074,0.08675044736617532,-0.053081109740829246,0.39072847682119205,0.37248322147651014
11740,강동구,2024-11,107976.05325443787,103800.0,1506.1225196171229,1463.8828893688503,169,58975.7075,58000.0,802.463848606651,782.2630886865963,800,1257,457,0.3635640413683373,0.5328011753058765,0.46719882469412355,0.08945098746683722,-0.00896984030682979,0.09842082777366701,-0.1952380952380952,0.02444987775061125
11740,강동구,2024-12,91136.53603603604,87500.0,1494.6688429430014,1295.3509414401824,222,60680.02406159769,58000.0,851.4792846428095,804.8289738430583,1039,1738,699,0.40218642117376296,0.569677550089455,0.430322449910545,-0.007604744318565171,0.061081176580435104,-0.06868592089900027,0.31360946745562135,0.38265712012728725
11740,강동구,2025-01,110162.62376237624,111500.0,1540.5180586185493,1534.8430016844516,202,56872.96523754345,53500.0,782.5991179810782,745.975657636435,863,1333,470,0.35258814703675917,0.5080103498967545,0.49198965010324547,0.03067516653740565,-0.08089470631176443,0.11156987284917008,-0.09009009009009006,-0.23302646720368236
11740,강동구,2025-02,121001.51904761905,124250.0,1633.8122010159773,1565.0677559274163,420,48329.40302491103,45147.5,678.1867983978768,628.0843427545984,1124,2549,1425,0.559042761867399,0.415094707932864,0.584905292067136,0.060560239378880665,-0.13341737446952484,0.1939776138484055,1.0792079207920793,0.9122280570142536
11740,강동구,2025-03,120166.86342943854,125100.0,1620.8079103152033,1587.4874539979926,659,42660.48201989289,40000.0,589.1820680887176,565.0449092985203,1307,2099,792,0.37732253454025727,0.36351134785252726,0.6364886521474727,-0.00795947703945854,-0.13123925520139967,0.12327977816194113,0.569047619047619,-0.17653981953707332
11740,강동구,2025-04,114534.20245398773,116800.0,1569.283037573878,1509.1938468280568,326,52336.82763157895,50000.0,727.3920671723832,678.9561459716716,760,1381,621,0.4496741491672701,0.4635187214518907,0.5364812785481092,-0.03178962319557366,0.23457943914011703,-0.2663690623356907,-0.5053110773899848,-0.34206765126250593
11740,강동구,2025-05,126484.54513888889,130000.0,1723.7673525259413,1731.0852241390503,576,49307.70916334661,50000.0,679.0337313323853,687.2437906920666,753,1330,577,0.4338345864661654,0.39392423248842473,0.6060757675115753,0.09844260802748317,-0.06648180262397285,0.16492441065145602,0.7668711656441718,-0.03692976104272272
11740,강동구,2025-06,130154.13807106599,132500.0,1715.8120411348027,1620.9434593509534,985,50632.61538461538,50000.0,719.8494855341786,718.3427998663549,793,1419,626,0.44115574348132486,0.4195386605738499,0.5804613394261501,-0.004615072549947752,0.06010858123602425,-0.064723653785972,0.7100694444444444,0.0669172932330826
11740,강동구,2025-07,111181.17289719626,104500.0,1496.88991322655,1418.2159576921836,214,55084.37925696594,54500.0,767.8283179756768,765.2911076147393,646,1194,548,0.45896147403685095,0.5129490894361235,0.4870509105638765,-0.12759097305521994,0.06665120057131735,-0.19424217362653728,-0.782741116751269,-0.15856236786469347
11740,강동구,2025-08,115188.23955431755,110000.0,1615.1503728706705,1541.549578482537,359,54237.66185897436,54000.0,761.1722314447976,765.4975308413354,624,1135,511,0.4502202643171806,0.47127019516575175,0.5287298048342483,0.07900411286038378,-0.008668717179417751,0.08767283003980153,0.6775700934579438,-0.04941373534338356
11740,강동구,2025-09,140073.66946107784,141000.0,1856.9141625657992,1816.9672678690713,835,57807.02164502165,60000.0,801.492660061788,788.0910683012258,693,1400,707,0.505,0.43162612263903577,0.5683738773609642,0.1496850037965396,0.052971491800820614,0.09671351199571898,1.3259052924791086,0.23348017621145378
11740,강동구,2025-10,132021.92176870749,130000.0,1761.060405859736,1658.7087885404308,588,61317.16124260355,63000.0,852.8239293493983,843.7735993903366,676,1311,635,0.4843630816170862,0.48426727811931947,0.5157327218806805,-0.05161991794688936,0.06404459060629852,-0.11566450855318788,-0.295808383233533,-0.06357142857142861
11740,강동구,2025-11,117839.13043478261,116000.0,1558.1037020410024,1525.254209034839,115,63166.70141570141,64995.0,848.7096489459999,842.4262847514743,777,1321,544,0.4118092354277063,0.5447067790380397,0.45529322096196034,-0.1152468723636153,-0.004824302252561252,-0.11042257011105405,-0.804421768707483,0.0076277650648359785
11740,강동구,2025-12,119645.99069767442,117000.0,1566.653270161749,1430.5898975626985,215,59881.64391691395,60348.5,818.6232469051583,802.7866047302019,674,1359,685,0.5040470934510669,0.522529944880937,0.47747005511906304,0.005487162445957372,-0.03544958170112178,0.04093674414707915,0.8695652173913044,0.02876608629825883
11740,강동구,2026-01,122000.29285714286,125000.0,1666.3404110377446,1641.7688377829127,280,61635.073781291176,60000.0,855.5421032973697,833.6112037345782,759,1400,641,0.45785714285714285,0.5134257668062944,0.48657423319370563,0.06363063402389169,0.04509871486277084,0.018531919161120847,0.30232558139534893,0.030169242089771897
11740,강동구,2026-02,124928.74074074074,127000.0,1698.5022919631988,1717.849158724556,297,62101.24590163935,62000.0,851.5431017493686,828.1439451906438,549,949,400,0.4214963119072708,0.5013493981012649,0.4986506018987351,0.01930090677295926,-0.004674231148401153,0.023975137921360412,0.06071428571428572,-0.3221428571428572
11740,강동구,2026-03,115612.44541484716,110000.0,1714.0731939715133,1710.6057556852486,229,61086.273703041144,60000.0,830.2142150458895,793.6507936507937,559,1146,587,0.512216404886562,0.4843516706088148,0.5156483293911852,0.009167430672299526,-0.025047336605348636,0.03421476727764816,-0.2289562289562289,0.20758693361433078
11740,강동구,2026-04,128284.140969163,130000.0,1876.8177565803205,1770.2791376144191,227,58633.17016806723,57750.0,808.5021224424477,768.9577664734413,476,922,446,0.4837310195227766,0.43078350021346196,0.5692164997865381,0.09494609867372561,-0.026152398031683566,0.12109849670540918,-0.008733624454148492,-0.1954624781849913
